order_id,order_date,region,channel,shipping_cost_inr,fee_rate
O000001,2025-07-12,South,Mobile App,95.11,0.026
O000002,2024-10-14,Central,Mobile App,144.76,0.026
O000003,2024-07-08,North,Marketplace,85.26,0.045
O000004,2024-08-28,North,Website,61.3,0.021
O000005,2025-04-18,West,Mobile App,164.07,0.026
O000006,2024-10-23,North,Website,103.58,0.021
O000007,2025-09-03,East,Website,124.73,0.021
O000008,2024-07-06,Central,Website,142.96,0.021
O000009,2025-07-08,West,Marketplace,174.56,0.045
O000010,2025-06-10,East,Website,117.18,0.021
O000011,2025-02-12,East,Mobile App,79.46,0.026
O000012,2025-10-05,West,Website,166.09,0.021
O000013,2025-08-19,East,Marketplace,174.18,0.045
O000014,2024-05-25,West,Website,83.25,0.021
O000015,2024-10-19,East,Website,99.91,0.021
O000016,2024-04-29,Central,Marketplace,141.27,0.045
O000017,2024-03-15,West,Website,88.5,0.021
O000018,2025-11-30,West,Mobile App,94.21,0.026
O000019,2024-06-21,East,Marketplace,122.57,0.045
O000020,2025-04-19,South,Mobile App,169.49,0.026
O000021,2024-04-30,East,Website,162.55,0.021
O000022,2024-05-06,East,Website,109.01,0.021
O000023,2025-05-21,Central,Marketplace,104.6,0.045
O000024,2025-05-02,West,Website,53.91,0.021
O000025,2025-04-13,Central,Website,131.55,0.021
O000026,2024-08-12,West,Website,137.18,0.021
O000027,2025-06-09,South,Mobile App,168.27,0.026
O000028,2025-01-09,East,Mobile App,110.06,0.026
O000029,2025-02-24,North,Marketplace,133.55,0.045
O000030,2025-06-05,Central,Marketplace,113.09,0.045
O000031,2025-10-07,North,Mobile App,177.32,0.026
O000032,2024-10-04,West,Website,137.88,0.021
O000033,2025-11-03,Central,Website,136.33,0.021
O000034,2025-12-10,East,Website,71.05,0.021
O000035,2024-04-04,West,Marketplace,102.29,0.045
O000036,2025-03-19,South,Mobile App,71.36,0.026
O000037,2025-03-09,West,Mobile App,141.36,0.026
O000038,2025-03-19,South,Mobile App,175.52,0.026
O000039,2024-10-21,East,Marketplace,111.43,0.045
O000040,2025-07-27,South,Mobile App,108.74,0.026
O000041,2025-06-22,Central,Mobile App,155.58,0.026
O000042,2025-01-30,Central,Mobile App,129.35,0.026
O000043,2025-07-01,East,Website,55.05,0.021
O000044,2025-03-04,North,Marketplace,127.04,0.045
O000045,2025-05-25,South,Marketplace,53.46,0.045
O000046,2025-08-17,North,Website,162.91,0.021
O000047,2024-06-23,West,Marketplace,63.55,0.045
O000048,2024-06-22,Central,Website,98.03,0.021
O000049,2025-07-29,North,Mobile App,121.01,0.026
O000050,2024-02-05,South,Marketplace,176.2,0.045
O000051,2025-10-23,North,Marketplace,82.97,0.045
O000052,2024-03-30,South,Website,103.17,0.021
O000053,2025-04-24,North,Website,58.74,0.021
O000054,2024-05-22,North,Mobile App,60.74,0.026
O000055,2024-09-07,East,Marketplace,124.49,0.045
O000056,2024-04-25,North,Website,129.3,0.021
O000057,2025-01-25,North,Marketplace,64.91,0.045
O000058,2025-03-30,East,Website,145.89,0.021
O000059,2024-07-28,South,Mobile App,87.58,0.026
O000060,2024-09-26,East,Mobile App,108.23,0.026
O000061,2025-03-16,Central,Website,178.26,0.021
O000062,2025-07-01,Central,Website,136.09,0.021
O000063,2024-01-30,North,Website,71.9,0.021
O000064,2024-12-21,Central,Mobile App,131.04,0.026
O000065,2025-11-05,South,Marketplace,103.22,0.045
O000066,2024-04-11,Central,Mobile App,104.49,0.026
O000067,2025-03-10,North,Website,71.12,0.021
O000068,2024-03-25,Central,Mobile App,83.61,0.026
O000069,2024-07-04,Central,Marketplace,53.46,0.045
O000070,2025-06-13,East,Mobile App,89.78,0.026
O000071,2025-03-10,Central,Marketplace,98.3,0.045
O000072,2024-11-28,Central,Website,50.89,0.021
O000073,2025-04-22,North,Marketplace,162.14,0.045
O000074,2024-11-03,East,Website,77.6,0.021
O000075,2025-04-12,North,Marketplace,119.29,0.045
O000076,2025-02-01,North,Website,176.09,0.021
O000077,2024-06-02,East,Marketplace,178.05,0.045
O000078,2025-05-04,West,Marketplace,68.25,0.045
O000079,2025-04-18,Central,Marketplace,75.93,0.045
O000080,2024-03-19,East,Marketplace,58.78,0.045
O000081,2024-06-02,South,Marketplace,138.49,0.045
O000082,2025-01-03,West,Website,132.8,0.021
O000083,2024-08-19,East,Marketplace,169.76,0.045
O000084,2024-02-18,North,Website,105.99,0.021
O000085,2025-02-25,East,Marketplace,129.64,0.045
O000086,2025-03-15,North,Marketplace,93.84,0.045
O000087,2025-07-04,North,Marketplace,165.19,0.045
O000088,2024-12-30,North,Website,80.83,0.021
O000089,2025-06-24,West,Website,100.58,0.021
O000090,2024-04-01,West,Website,97.21,0.021
O000091,2024-11-20,South,Marketplace,154.76,0.045
O000092,2025-04-22,West,Website,84.91,0.021
O000093,2025-12-16,East,Website,56.23,0.021
O000094,2024-10-07,West,Website,177.89,0.021
O000095,2025-07-26,North,Marketplace,49.06,0.045
O000096,2024-01-22,West,Website,51.32,0.021
O000097,2025-12-28,West,Mobile App,166.65,0.026
O000098,2024-09-03,North,Website,89.01,0.021
O000099,2025-08-28,South,Mobile App,59.7,0.026
O000100,2025-08-31,Central,Website,163.94,0.021
O000101,2025-06-08,West,Website,122.1,0.021
O000102,2025-05-15,North,Marketplace,110.68,0.045
O000103,2024-08-23,East,Website,114.28,0.021
O000104,2025-12-01,South,Website,78.37,0.021
O000105,2025-10-08,South,Website,87.53,0.021
O000106,2025-11-30,Central,Marketplace,96.79,0.045
O000107,2025-07-22,West,Website,65.0,0.021
O000108,2024-05-26,East,Mobile App,99.32,0.026
O000109,2024-05-23,West,Marketplace,53.3,0.045
O000110,2024-07-13,Central,Mobile App,101.6,0.026
O000111,2025-08-16,West,Marketplace,92.81,0.045
O000112,2024-02-04,North,Website,172.56,0.021
O000113,2025-05-11,North,Marketplace,169.32,0.045
O000114,2025-08-31,Central,Marketplace,177.48,0.045
O000115,2024-05-28,South,Website,69.5,0.021
O000116,2024-05-20,Central,Marketplace,156.57,0.045
O000117,2025-01-18,South,Marketplace,167.48,0.045
O000118,2025-12-09,West,Website,152.89,0.021
O000119,2024-03-13,South,Marketplace,166.64,0.045
O000120,2024-12-14,North,Website,100.62,0.021
O000121,2024-10-15,East,Website,157.57,0.021
O000122,2025-07-06,South,Mobile App,169.28,0.026
O000123,2025-05-26,Central,Marketplace,54.83,0.045
O000124,2025-02-21,North,Website,148.18,0.021
O000125,2024-09-24,East,Website,114.27,0.021
O000126,2024-08-10,North,Mobile App,150.68,0.026
O000127,2025-03-18,West,Mobile App,107.65,0.026
O000128,2024-10-23,East,Marketplace,152.48,0.045
O000129,2024-06-19,West,Mobile App,77.82,0.026
O000130,2024-04-02,East,Marketplace,166.06,0.045
O000131,2024-07-12,West,Website,140.36,0.021
O000132,2024-09-21,East,Website,161.39,0.021
O000133,2025-08-09,West,Mobile App,158.89,0.026
O000134,2025-12-30,Central,Website,167.56,0.021
O000135,2025-03-14,North,Website,138.42,0.021
O000136,2024-01-16,North,Website,124.39,0.021
O000137,2024-02-20,South,Website,123.87,0.021
O000138,2024-10-17,Central,Marketplace,81.7,0.045
O000139,2025-10-23,Central,Mobile App,123.17,0.026
O000140,2024-09-30,Central,Marketplace,144.98,0.045
O000141,2024-12-01,South,Marketplace,91.33,0.045
O000142,2025-02-24,Central,Marketplace,69.65,0.045
O000143,2024-08-15,North,Marketplace,109.29,0.045
O000144,2025-08-03,North,Marketplace,89.39,0.045
O000145,2025-03-12,Central,Marketplace,104.44,0.045
O000146,2024-10-09,West,Mobile App,63.5,0.026
O000147,2025-05-22,South,Mobile App,85.59,0.026
O000148,2024-01-14,South,Marketplace,84.16,0.045
O000149,2025-01-11,West,Mobile App,154.3,0.026
O000150,2025-08-08,Central,Marketplace,101.74,0.045
O000151,2024-10-25,Central,Website,159.67,0.021
O000152,2025-02-05,South,Website,88.83,0.021
O000153,2025-10-10,East,Website,75.18,0.021
O000154,2024-11-30,West,Website,89.98,0.021
O000155,2024-11-05,East,Marketplace,60.45,0.045
O000156,2025-06-27,South,Website,60.65,0.021
O000157,2024-11-23,North,Website,124.33,0.021
O000158,2025-12-14,East,Marketplace,89.2,0.045
O000159,2025-07-17,West,Marketplace,78.65,0.045
O000160,2024-07-29,North,Mobile App,157.68,0.026
O000161,2025-06-05,North,Marketplace,140.15,0.045
O000162,2025-12-27,East,Marketplace,100.8,0.045
O000163,2025-01-02,Central,Mobile App,72.21,0.026
O000164,2025-10-07,Central,Website,51.31,0.021
O000165,2024-09-30,Central,Marketplace,171.69,0.045
O000166,2024-02-04,Central,Marketplace,71.42,0.045
O000167,2025-08-29,North,Marketplace,63.98,0.045
O000168,2025-11-08,East,Website,174.75,0.021
O000169,2024-03-29,West,Website,146.1,0.021
O000170,2024-11-19,West,Marketplace,102.32,0.045
O000171,2025-11-08,West,Marketplace,68.04,0.045
O000172,2024-11-29,South,Marketplace,144.28,0.045
O000173,2025-04-02,West,Website,104.16,0.021
O000174,2024-04-14,West,Website,60.67,0.021
O000175,2025-01-02,South,Mobile App,51.76,0.026
O000176,2025-09-02,North,Mobile App,107.54,0.026
O000177,2024-02-18,North,Marketplace,98.56,0.045
O000178,2025-06-07,South,Marketplace,115.06,0.045
O000179,2025-03-04,West,Website,106.1,0.021
O000180,2024-10-15,West,Marketplace,73.58,0.045
O000181,2024-09-20,West,Website,170.64,0.021
O000182,2024-02-23,East,Website,136.39,0.021
O000183,2025-04-10,South,Marketplace,111.88,0.045
O000184,2025-10-06,East,Marketplace,138.04,0.045
O000185,2024-02-23,North,Website,135.02,0.021
O000186,2025-11-03,West,Marketplace,104.92,0.045
O000187,2025-07-13,Central,Mobile App,123.3,0.026
O000188,2025-09-17,West,Mobile App,66.84,0.026
O000189,2025-07-18,East,Marketplace,146.21,0.045
O000190,2025-01-02,North,Website,127.27,0.021
O000191,2025-03-09,East,Website,63.52,0.021
O000192,2025-12-10,Central,Website,71.06,0.021
O000193,2024-10-31,East,Marketplace,124.06,0.045
O000194,2024-01-26,East,Mobile App,147.39,0.026
O000195,2024-07-31,Central,Website,107.03,0.021
O000196,2024-06-30,North,Mobile App,83.27,0.026
O000197,2025-01-10,South,Website,95.12,0.021
O000198,2025-01-15,West,Website,118.77,0.021
O000199,2024-07-23,South,Website,172.35,0.021
O000200,2025-05-26,North,Website,79.93,0.021
O000201,2024-09-11,South,Mobile App,57.84,0.026
O000202,2025-03-30,West,Mobile App,51.08,0.026
O000203,2024-06-04,Central,Website,178.0,0.021
O000204,2025-03-03,North,Website,165.85,0.021
O000205,2024-05-04,East,Marketplace,141.25,0.045
O000206,2025-05-01,North,Website,152.59,0.021
O000207,2024-11-04,South,Mobile App,163.82,0.026
O000208,2024-01-15,Central,Mobile App,80.94,0.026
O000209,2024-02-24,Central,Mobile App,96.34,0.026
O000210,2024-04-23,North,Mobile App,137.84,0.026
O000211,2024-01-30,Central,Marketplace,146.91,0.045
O000212,2025-07-12,East,Marketplace,124.84,0.045
O000213,2025-08-27,North,Mobile App,52.0,0.026
O000214,2024-10-28,West,Marketplace,69.28,0.045
O000215,2024-03-02,North,Mobile App,51.57,0.026
O000216,2025-09-11,North,Website,108.27,0.021
O000217,2025-01-18,South,Marketplace,81.12,0.045
O000218,2024-06-07,West,Website,84.12,0.021
O000219,2024-09-29,Central,Marketplace,151.7,0.045
O000220,2024-09-06,South,Website,54.28,0.021
O000221,2024-09-10,North,Mobile App,86.94,0.026
O000222,2024-02-13,West,Marketplace,74.65,0.045
O000223,2024-02-06,South,Marketplace,177.05,0.045
O000224,2025-06-24,East,Mobile App,105.49,0.026
O000225,2024-12-10,West,Website,76.34,0.021
O000226,2024-12-13,North,Website,67.94,0.021
O000227,2025-08-11,Central,Marketplace,95.74,0.045
O000228,2025-07-11,South,Website,66.45,0.021
O000229,2024-09-16,Central,Marketplace,162.97,0.045
O000230,2025-01-28,North,Website,112.27,0.021
O000231,2024-05-01,Central,Marketplace,113.05,0.045
O000232,2024-05-20,Central,Website,73.62,0.021
O000233,2025-01-21,Central,Mobile App,62.57,0.026
O000234,2025-02-25,South,Website,164.99,0.021
O000235,2025-09-29,East,Marketplace,99.05,0.045
O000236,2024-04-12,West,Marketplace,73.02,0.045
O000237,2024-01-12,West,Mobile App,149.36,0.026
O000238,2025-07-13,West,Website,146.52,0.021
O000239,2024-09-02,East,Marketplace,89.76,0.045
O000240,2024-03-26,South,Website,105.1,0.021
O000241,2024-10-04,Central,Website,110.36,0.021
O000242,2024-11-28,West,Mobile App,87.67,0.026
O000243,2025-12-09,North,Website,78.78,0.021
O000244,2025-04-25,East,Website,90.76,0.021
O000245,2025-06-30,West,Mobile App,131.41,0.026
O000246,2025-06-30,Central,Marketplace,138.14,0.045
O000247,2024-09-22,North,Marketplace,164.62,0.045
O000248,2024-11-29,Central,Mobile App,154.76,0.026
O000249,2025-02-19,South,Website,102.21,0.021
O000250,2024-03-28,South,Website,156.96,0.021
O000251,2025-12-26,Central,Website,72.64,0.021
O000252,2025-08-21,South,Marketplace,169.03,0.045
O000253,2025-06-15,Central,Marketplace,176.93,0.045
O000254,2024-01-21,Central,Website,168.97,0.021
O000255,2024-03-13,West,Mobile App,148.38,0.026
O000256,2024-05-01,East,Marketplace,141.11,0.045
O000257,2024-01-27,East,Website,91.24,0.021
O000258,2024-10-28,West,Website,71.17,0.021
O000259,2024-10-09,East,Marketplace,97.36,0.045
O000260,2025-04-18,South,Mobile App,72.01,0.026
O000261,2024-11-26,East,Marketplace,142.61,0.045
O000262,2024-06-27,South,Website,170.13,0.021
O000263,2024-09-25,East,Website,81.73,0.021
O000264,2024-10-30,East,Website,100.86,0.021
O000265,2024-06-14,Central,Mobile App,170.59,0.026
O000266,2024-07-02,Central,Website,70.94,0.021
O000267,2025-10-27,East,Website,125.1,0.021
O000268,2024-08-06,Central,Marketplace,127.75,0.045
O000269,2025-03-31,West,Website,81.49,0.021
O000270,2024-04-02,West,Mobile App,83.59,0.026
O000271,2024-07-17,East,Website,152.29,0.021
O000272,2024-08-12,South,Website,63.15,0.021
O000273,2025-09-07,West,Website,58.0,0.021
O000274,2024-07-27,South,Marketplace,115.79,0.045
O000275,2024-01-09,West,Website,172.1,0.021
O000276,2025-01-28,South,Mobile App,179.86,0.026
O000277,2024-01-24,West,Mobile App,170.16,0.026
O000278,2024-09-25,Central,Marketplace,52.55,0.045
O000279,2024-10-18,West,Website,160.53,0.021
O000280,2024-09-24,Central,Mobile App,89.16,0.026
O000281,2025-10-26,South,Website,110.87,0.021
O000282,2024-07-24,North,Marketplace,89.52,0.045
O000283,2024-07-21,West,Mobile App,156.19,0.026
O000284,2025-02-18,South,Mobile App,135.86,0.026
O000285,2025-10-16,West,Marketplace,88.32,0.045
O000286,2024-05-18,Central,Website,171.45,0.021
O000287,2025-11-12,East,Website,174.84,0.021
O000288,2024-11-09,West,Mobile App,134.63,0.026
O000289,2024-01-06,West,Website,113.26,0.021
O000290,2025-01-10,East,Website,133.42,0.021
O000291,2024-07-19,West,Website,155.77,0.021
O000292,2024-12-13,Central,Website,160.23,0.021
O000293,2025-03-11,East,Marketplace,89.5,0.045
O000294,2024-01-13,South,Website,71.1,0.021
O000295,2024-04-02,North,Mobile App,73.92,0.026
O000296,2025-04-20,North,Mobile App,151.85,0.026
O000297,2025-11-21,West,Website,118.59,0.021
O000298,2024-01-09,South,Marketplace,143.61,0.045
O000299,2024-07-17,East,Website,54.99,0.021
O000300,2025-07-27,East,Marketplace,155.53,0.045
O000301,2025-10-10,South,Website,60.3,0.021
O000302,2024-02-23,West,Marketplace,73.68,0.045
O000303,2024-01-21,North,Website,53.34,0.021
O000304,2024-03-12,East,Mobile App,175.84,0.026
O000305,2025-02-22,East,Mobile App,136.69,0.026
O000306,2024-09-22,North,Marketplace,177.21,0.045
O000307,2024-05-26,Central,Website,140.98,0.021
O000308,2025-03-21,East,Website,145.55,0.021
O000309,2025-09-08,West,Website,168.81,0.021
O000310,2024-06-30,West,Marketplace,94.46,0.045
O000311,2024-12-23,North,Marketplace,110.77,0.045
O000312,2024-05-06,South,Marketplace,95.75,0.045
O000313,2025-02-19,East,Marketplace,87.51,0.045
O000314,2025-01-15,North,Mobile App,159.82,0.026
O000315,2024-12-03,North,Website,118.28,0.021
O000316,2024-04-25,Central,Website,179.18,0.021
O000317,2025-06-30,West,Website,144.4,0.021
O000318,2024-09-11,East,Website,59.35,0.021
O000319,2024-05-19,East,Mobile App,55.22,0.026
O000320,2024-11-22,West,Website,125.88,0.021
O000321,2024-10-04,North,Website,173.91,0.021
O000322,2024-03-01,West,Marketplace,116.38,0.045
O000323,2024-07-21,East,Marketplace,124.17,0.045
O000324,2024-10-24,South,Marketplace,171.27,0.045
O000325,2024-06-26,Central,Website,89.79,0.021
O000326,2025-09-06,West,Website,132.38,0.021
O000327,2025-06-17,East,Website,82.95,0.021
O000328,2025-03-11,East,Website,50.14,0.021
O000329,2024-03-14,North,Marketplace,135.53,0.045
O000330,2024-01-28,Central,Website,49.99,0.021
O000331,2024-08-31,East,Mobile App,145.57,0.026
O000332,2024-02-29,West,Website,84.92,0.021
O000333,2025-12-11,East,Marketplace,104.46,0.045
O000334,2025-01-20,South,Marketplace,61.74,0.045
O000335,2025-09-14,East,Marketplace,148.7,0.045
O000336,2024-05-08,Central,Mobile App,165.69,0.026
O000337,2024-02-28,West,Website,93.1,0.021
O000338,2024-06-23,East,Marketplace,80.32,0.045
O000339,2024-07-10,North,Website,118.34,0.021
O000340,2024-09-26,North,Mobile App,119.81,0.026
O000341,2025-11-07,East,Website,134.15,0.021
O000342,2025-09-30,Central,Marketplace,110.03,0.045
O000343,2024-05-08,Central,Mobile App,130.35,0.026
O000344,2024-06-08,Central,Website,147.24,0.021
O000345,2025-04-30,North,Mobile App,177.54,0.026
O000346,2024-04-15,West,Marketplace,132.61,0.045
O000347,2025-01-24,North,Marketplace,50.66,0.045
O000348,2024-09-15,West,Marketplace,116.6,0.045
O000349,2024-12-18,North,Mobile App,136.69,0.026
O000350,2024-04-28,North,Website,96.78,0.021
O000351,2024-09-21,North,Website,138.28,0.021
O000352,2025-10-08,South,Marketplace,175.89,0.045
O000353,2025-09-22,West,Mobile App,110.02,0.026
O000354,2025-01-01,South,Website,54.05,0.021
O000355,2025-02-05,Central,Website,170.35,0.021
O000356,2025-06-04,North,Mobile App,63.97,0.026
O000357,2024-02-07,East,Marketplace,66.59,0.045
O000358,2024-12-16,South,Website,133.5,0.021
O000359,2025-12-09,North,Marketplace,82.34,0.045
O000360,2025-01-12,North,Mobile App,103.37,0.026
O000361,2024-02-25,West,Marketplace,125.73,0.045
O000362,2025-10-26,South,Mobile App,129.98,0.026
O000363,2025-12-26,North,Mobile App,73.25,0.026
O000364,2025-10-18,South,Marketplace,90.46,0.045
O000365,2024-12-02,East,Website,161.66,0.021
O000366,2024-04-22,East,Mobile App,167.22,0.026
O000367,2024-07-29,North,Mobile App,104.91,0.026
O000368,2024-04-14,South,Marketplace,123.95,0.045
O000369,2024-10-09,North,Mobile App,140.65,0.026
O000370,2024-11-20,East,Mobile App,138.73,0.026
O000371,2024-12-27,Central,Marketplace,154.05,0.045
O000372,2024-05-13,East,Marketplace,61.47,0.045
O000373,2024-04-25,West,Marketplace,83.57,0.045
O000374,2025-05-09,West,Mobile App,161.94,0.026
O000375,2025-10-04,North,Marketplace,65.85,0.045
O000376,2024-08-10,West,Website,88.13,0.021
O000377,2024-10-13,Central,Marketplace,125.53,0.045
O000378,2025-10-19,Central,Mobile App,108.13,0.026
O000379,2024-09-30,West,Mobile App,63.18,0.026
O000380,2024-03-30,Central,Marketplace,71.94,0.045
O000381,2024-12-14,East,Mobile App,100.58,0.026
O000382,2025-03-24,North,Mobile App,56.17,0.026
O000383,2024-04-05,Central,Marketplace,66.9,0.045
O000384,2024-08-29,Central,Marketplace,168.73,0.045
O000385,2025-09-29,Central,Marketplace,82.87,0.045
O000386,2024-07-21,West,Website,140.0,0.021
O000387,2025-05-23,Central,Website,96.18,0.021
O000388,2025-09-05,Central,Marketplace,50.88,0.045
O000389,2025-01-28,East,Website,130.69,0.021
O000390,2025-12-17,East,Marketplace,147.9,0.045
O000391,2024-10-03,South,Website,110.02,0.021
O000392,2025-05-04,South,Mobile App,177.8,0.026
O000393,2025-11-30,West,Mobile App,158.97,0.026
O000394,2025-10-20,South,Website,150.62,0.021
O000395,2025-07-26,East,Website,49.83,0.021
O000396,2025-11-13,East,Marketplace,155.27,0.045
O000397,2024-10-15,South,Mobile App,68.21,0.026
O000398,2024-12-11,West,Website,120.98,0.021
O000399,2024-05-08,North,Website,175.13,0.021
O000400,2024-02-12,East,Website,131.88,0.021
O000401,2025-10-01,South,Mobile App,165.62,0.026
O000402,2025-04-09,South,Website,167.68,0.021
O000403,2025-11-18,North,Website,99.46,0.021
O000404,2025-03-05,South,Mobile App,143.76,0.026
O000405,2025-08-06,East,Mobile App,67.24,0.026
O000406,2025-11-18,South,Website,119.72,0.021
O000407,2024-05-19,West,Website,153.87,0.021
O000408,2024-06-09,Central,Marketplace,148.84,0.045
O000409,2025-10-03,North,Marketplace,157.43,0.045
O000410,2024-01-26,Central,Website,86.39,0.021
O000411,2024-10-11,North,Marketplace,56.95,0.045
O000412,2025-03-27,South,Website,147.2,0.021
O000413,2024-12-19,South,Website,134.94,0.021
O000414,2024-05-07,North,Website,112.42,0.021
O000415,2025-12-13,South,Website,103.29,0.021
O000416,2024-09-01,East,Marketplace,74.68,0.045
O000417,2025-05-31,North,Mobile App,126.81,0.026
O000418,2025-02-10,North,Marketplace,149.91,0.045
O000419,2024-08-25,East,Mobile App,154.99,0.026
O000420,2025-12-23,South,Website,99.32,0.021
O000421,2024-04-17,West,Mobile App,131.67,0.026
O000422,2024-08-11,West,Website,100.53,0.021
O000423,2025-05-08,South,Mobile App,159.46,0.026
O000424,2025-01-22,Central,Marketplace,101.72,0.045
O000425,2024-11-04,Central,Marketplace,167.54,0.045
O000426,2025-02-28,South,Marketplace,109.78,0.045
O000427,2025-10-10,Central,Website,161.36,0.021
O000428,2024-12-20,South,Mobile App,117.75,0.026
O000429,2024-01-30,East,Marketplace,126.82,0.045
O000430,2025-12-19,East,Website,169.32,0.021
O000431,2025-03-30,South,Website,107.87,0.021
O000432,2024-08-09,South,Mobile App,137.84,0.026
O000433,2024-05-07,West,Mobile App,103.38,0.026
O000434,2025-07-14,Central,Website,152.9,0.021
O000435,2024-06-07,East,Website,170.39,0.021
O000436,2025-01-04,West,Website,95.44,0.021
O000437,2024-12-08,Central,Marketplace,127.81,0.045
O000438,2025-03-26,East,Website,69.43,0.021
O000439,2025-09-10,East,Mobile App,53.64,0.026
O000440,2024-09-09,East,Mobile App,95.3,0.026
O000441,2025-04-05,South,Marketplace,52.97,0.045
O000442,2025-12-15,East,Marketplace,97.51,0.045
O000443,2025-08-14,North,Mobile App,164.28,0.026
O000444,2025-05-04,West,Marketplace,170.39,0.045
O000445,2024-12-07,South,Website,133.35,0.021
O000446,2024-10-30,Central,Marketplace,114.95,0.045
O000447,2025-10-13,East,Mobile App,114.84,0.026
O000448,2024-07-27,East,Mobile App,96.46,0.026
O000449,2024-06-20,North,Marketplace,139.92,0.045
O000450,2024-06-16,Central,Website,122.27,0.021
O000451,2024-05-24,South,Mobile App,159.76,0.026
O000452,2024-06-28,East,Website,88.01,0.021
O000453,2025-02-26,North,Website,92.33,0.021
O000454,2025-11-23,Central,Website,163.59,0.021
O000455,2025-06-16,West,Website,111.56,0.021
O000456,2025-09-19,East,Website,166.25,0.021
O000457,2024-03-14,East,Marketplace,75.69,0.045
O000458,2025-10-18,East,Website,88.47,0.021
O000459,2025-03-31,Central,Mobile App,88.63,0.026
O000460,2025-05-27,West,Marketplace,99.4,0.045
O000461,2025-11-22,South,Website,165.36,0.021
O000462,2025-01-11,North,Website,176.88,0.021
O000463,2025-05-14,West,Marketplace,97.93,0.045
O000464,2025-07-11,North,Mobile App,65.35,0.026
O000465,2025-03-21,South,Marketplace,137.74,0.045
O000466,2024-04-05,Central,Website,83.6,0.021
O000467,2025-06-04,West,Mobile App,115.76,0.026
O000468,2024-06-09,Central,Mobile App,57.97,0.026
O000469,2024-10-22,West,Website,94.37,0.021
O000470,2025-04-24,South,Mobile App,96.04,0.026
O000471,2024-04-21,North,Website,178.07,0.021
O000472,2025-03-01,South,Website,130.58,0.021
O000473,2024-05-25,North,Marketplace,172.33,0.045
O000474,2024-03-26,North,Mobile App,66.46,0.026
O000475,2025-12-01,East,Website,61.35,0.021
O000476,2024-09-02,North,Marketplace,132.59,0.045
O000477,2024-03-16,South,Mobile App,128.93,0.026
O000478,2024-04-26,North,Mobile App,132.28,0.026
O000479,2024-03-08,South,Mobile App,128.52,0.026
O000480,2024-12-25,North,Website,138.35,0.021
O000481,2025-11-23,East,Marketplace,140.96,0.045
O000482,2025-11-05,East,Mobile App,176.7,0.026
O000483,2025-10-03,Central,Marketplace,60.22,0.045
O000484,2025-07-09,East,Mobile App,136.16,0.026
O000485,2025-07-16,North,Marketplace,66.06,0.045
O000486,2025-06-24,West,Mobile App,59.38,0.026
O000487,2025-05-06,East,Mobile App,170.65,0.026
O000488,2024-11-03,East,Marketplace,178.98,0.045
O000489,2024-07-12,South,Mobile App,85.39,0.026
O000490,2025-02-02,East,Website,58.32,0.021
O000491,2024-02-25,East,Marketplace,98.61,0.045
O000492,2024-12-09,Central,Website,171.99,0.021
O000493,2024-09-21,South,Marketplace,120.5,0.045
O000494,2024-01-19,North,Marketplace,59.23,0.045
O000495,2025-12-17,East,Website,68.51,0.021
O000496,2025-08-06,Central,Mobile App,177.9,0.026
O000497,2024-10-04,North,Website,123.37,0.021
O000498,2025-09-01,East,Marketplace,110.25,0.045
O000499,2024-08-14,South,Mobile App,52.41,0.026
O000500,2025-10-09,North,Website,138.19,0.021
O000501,2024-12-31,South,Mobile App,109.81,0.026
O000502,2025-07-17,Central,Marketplace,176.09,0.045
O000503,2024-04-17,South,Website,128.36,0.021
O000504,2024-01-05,East,Marketplace,176.18,0.045
O000505,2025-08-07,North,Mobile App,143.18,0.026
O000506,2024-06-17,West,Website,174.73,0.021
O000507,2024-04-20,West,Marketplace,87.55,0.045
O000508,2025-08-29,East,Marketplace,92.32,0.045
O000509,2025-03-16,Central,Website,53.89,0.021
O000510,2024-08-27,South,Marketplace,57.76,0.045
O000511,2025-01-03,West,Marketplace,128.23,0.045
O000512,2025-08-10,Central,Marketplace,102.74,0.045
O000513,2025-05-22,South,Website,119.08,0.021
O000514,2025-06-10,Central,Website,149.83,0.021
O000515,2025-12-15,South,Mobile App,66.61,0.026
O000516,2024-09-30,Central,Marketplace,172.37,0.045
O000517,2024-08-30,North,Marketplace,178.65,0.045
O000518,2024-12-19,Central,Marketplace,169.23,0.045
O000519,2025-12-07,North,Website,68.92,0.021
O000520,2024-10-30,Central,Website,178.46,0.021
O000521,2024-10-27,West,Mobile App,154.55,0.026
O000522,2025-02-20,Central,Marketplace,164.69,0.045
O000523,2025-08-03,Central,Mobile App,61.82,0.026
O000524,2024-08-11,North,Website,86.21,0.021
O000525,2024-06-08,West,Marketplace,103.07,0.045
O000526,2025-10-24,West,Marketplace,50.05,0.045
O000527,2024-10-31,East,Website,125.62,0.021
O000528,2024-01-26,Central,Website,145.38,0.021
O000529,2024-04-27,North,Marketplace,89.35,0.045
O000530,2024-05-07,East,Marketplace,74.06,0.045
O000531,2025-04-24,West,Marketplace,150.11,0.045
O000532,2025-11-19,South,Website,171.01,0.021
O000533,2025-11-03,West,Website,104.96,0.021
O000534,2024-10-17,North,Marketplace,159.42,0.045
O000535,2024-10-06,North,Mobile App,86.01,0.026
O000536,2025-07-20,Central,Website,110.13,0.021
O000537,2024-01-30,North,Website,72.75,0.021
O000538,2025-11-20,East,Website,65.84,0.021
O000539,2024-02-12,South,Website,148.48,0.021
O000540,2024-09-24,Central,Website,63.04,0.021
O000541,2024-03-12,Central,Marketplace,70.13,0.045
O000542,2025-01-03,East,Mobile App,118.81,0.026
O000543,2024-12-29,South,Marketplace,103.53,0.045
O000544,2024-10-11,East,Website,103.45,0.021
O000545,2025-11-19,South,Marketplace,157.72,0.045
O000546,2025-08-01,West,Mobile App,122.07,0.026
O000547,2025-08-15,Central,Website,160.29,0.021
O000548,2025-02-10,North,Website,87.86,0.021
O000549,2025-05-11,Central,Website,143.34,0.021
O000550,2024-12-04,South,Mobile App,147.3,0.026
O000551,2024-09-13,West,Marketplace,138.8,0.045
O000552,2024-11-20,Central,Mobile App,72.19,0.026
O000553,2024-02-09,South,Marketplace,111.35,0.045
O000554,2024-08-11,North,Marketplace,95.73,0.045
O000555,2024-03-12,West,Mobile App,53.25,0.026
O000556,2024-08-19,East,Marketplace,64.0,0.045
O000557,2025-05-19,Central,Mobile App,55.19,0.026
O000558,2024-01-12,South,Marketplace,159.47,0.045
O000559,2025-11-05,Central,Marketplace,64.13,0.045
O000560,2025-04-15,West,Mobile App,92.3,0.026
O000561,2024-10-20,South,Marketplace,53.48,0.045
O000562,2024-05-07,South,Marketplace,80.78,0.045
O000563,2024-09-16,North,Website,118.5,0.021
O000564,2025-02-23,Central,Mobile App,154.16,0.026
O000565,2025-11-06,East,Website,147.22,0.021
O000566,2025-05-18,North,Mobile App,110.62,0.026
O000567,2024-11-20,West,Marketplace,53.3,0.045
O000568,2024-09-01,South,Marketplace,169.0,0.045
O000569,2024-07-30,Central,Marketplace,128.74,0.045
O000570,2024-10-31,West,Marketplace,113.64,0.045
O000571,2025-04-08,East,Website,173.63,0.021
O000572,2025-01-29,North,Mobile App,63.12,0.026
O000573,2025-01-19,West,Website,75.99,0.021
O000574,2025-10-23,North,Website,149.57,0.021
O000575,2024-11-02,South,Website,121.6,0.021
O000576,2024-05-20,East,Website,140.56,0.021
O000577,2025-07-06,South,Mobile App,138.93,0.026
O000578,2024-11-24,North,Website,145.38,0.021
O000579,2024-02-15,West,Mobile App,94.35,0.026
O000580,2024-12-29,West,Website,136.23,0.021
O000581,2024-10-28,West,Website,140.29,0.021
O000582,2025-07-21,West,Marketplace,174.73,0.045
O000583,2024-09-17,East,Website,134.32,0.021
O000584,2025-11-13,Central,Website,113.38,0.021
O000585,2024-03-10,Central,Website,178.02,0.021
O000586,2025-05-14,West,Website,108.3,0.021
O000587,2024-11-01,North,Mobile App,67.82,0.026
O000588,2025-06-25,Central,Website,103.3,0.021
O000589,2025-06-21,South,Website,178.54,0.021
O000590,2024-09-14,North,Mobile App,145.18,0.026
O000591,2025-03-29,West,Marketplace,176.2,0.045
O000592,2025-11-11,South,Website,161.66,0.021
O000593,2024-06-13,Central,Marketplace,137.4,0.045
O000594,2024-09-11,South,Mobile App,71.51,0.026
O000595,2025-10-04,Central,Marketplace,61.26,0.045
O000596,2024-12-27,South,Mobile App,80.4,0.026
O000597,2024-07-07,Central,Marketplace,167.82,0.045
O000598,2024-11-20,West,Website,102.43,0.021
O000599,2024-09-27,West,Mobile App,96.07,0.026
O000600,2025-09-22,Central,Website,134.82,0.021
O000601,2025-08-23,North,Marketplace,159.55,0.045
O000602,2025-07-15,North,Marketplace,177.47,0.045
O000603,2025-10-03,South,Mobile App,176.01,0.026
O000604,2024-11-21,West,Website,100.33,0.021
O000605,2024-11-30,West,Website,65.09,0.021
O000606,2025-01-13,South,Marketplace,71.38,0.045
O000607,2025-12-18,North,Website,136.55,0.021
O000608,2024-10-08,East,Website,95.27,0.021
O000609,2025-02-03,West,Marketplace,116.55,0.045
O000610,2024-06-30,East,Marketplace,132.51,0.045
O000611,2025-09-06,North,Marketplace,107.52,0.045
O000612,2024-02-25,North,Marketplace,137.25,0.045
O000613,2025-06-16,West,Mobile App,54.06,0.026
O000614,2024-04-25,East,Marketplace,73.45,0.045
O000615,2025-02-04,East,Mobile App,175.62,0.026
O000616,2025-01-09,East,Mobile App,111.34,0.026
O000617,2024-06-09,East,Marketplace,142.12,0.045
O000618,2025-01-02,West,Website,130.46,0.021
O000619,2024-01-23,South,Mobile App,117.6,0.026
O000620,2025-10-07,East,Marketplace,113.0,0.045
O000621,2025-04-08,Central,Website,51.28,0.021
O000622,2025-05-15,Central,Marketplace,87.47,0.045
O000623,2025-07-02,East,Mobile App,179.17,0.026
O000624,2024-10-30,West,Marketplace,129.25,0.045
O000625,2024-09-28,East,Marketplace,139.99,0.045
O000626,2025-07-03,West,Marketplace,116.39,0.045
O000627,2024-04-06,North,Website,178.62,0.021
O000628,2025-04-12,East,Website,115.65,0.021
O000629,2025-10-28,West,Website,49.25,0.021
O000630,2025-10-16,Central,Mobile App,62.87,0.026
O000631,2024-06-19,North,Marketplace,105.2,0.045
O000632,2025-06-28,East,Website,171.01,0.021
O000633,2024-12-02,Central,Mobile App,76.04,0.026
O000634,2024-03-02,North,Marketplace,130.53,0.045
O000635,2025-04-01,North,Website,55.78,0.021
O000636,2025-11-12,Central,Mobile App,85.72,0.026
O000637,2025-11-29,Central,Marketplace,168.66,0.045
O000638,2024-06-29,North,Mobile App,147.22,0.026
O000639,2024-11-29,South,Marketplace,109.72,0.045
O000640,2025-06-30,West,Marketplace,94.0,0.045
O000641,2025-11-26,East,Mobile App,169.07,0.026
O000642,2024-11-04,Central,Marketplace,93.08,0.045
O000643,2025-03-13,North,Website,105.38,0.021
O000644,2024-12-28,East,Mobile App,93.48,0.026
O000645,2024-03-29,South,Mobile App,153.03,0.026
O000646,2025-09-17,West,Website,75.73,0.021
O000647,2025-09-25,South,Website,176.68,0.021
O000648,2025-03-27,East,Marketplace,169.67,0.045
O000649,2025-04-02,West,Mobile App,58.88,0.026
O000650,2024-08-26,South,Website,106.02,0.021
O000651,2024-01-06,Central,Website,143.12,0.021
O000652,2025-10-03,North,Marketplace,120.65,0.045
O000653,2024-03-19,South,Marketplace,113.99,0.045
O000654,2024-01-31,East,Mobile App,175.28,0.026
O000655,2025-01-15,East,Mobile App,84.99,0.026
O000656,2025-07-21,East,Mobile App,129.88,0.026
O000657,2025-05-17,East,Marketplace,129.53,0.045
O000658,2025-11-03,West,Marketplace,101.52,0.045
O000659,2025-05-07,North,Website,81.52,0.021
O000660,2024-03-30,South,Website,54.48,0.021
O000661,2024-05-20,East,Marketplace,71.54,0.045
O000662,2024-04-16,West,Marketplace,82.08,0.045
O000663,2024-09-06,West,Marketplace,76.58,0.045
O000664,2025-09-04,East,Website,179.44,0.021
O000665,2025-02-24,Central,Mobile App,76.36,0.026
O000666,2025-05-13,South,Website,157.47,0.021
O000667,2024-08-15,South,Marketplace,79.46,0.045
O000668,2025-01-01,South,Website,152.06,0.021
O000669,2025-05-18,South,Marketplace,63.75,0.045
O000670,2024-12-04,Central,Mobile App,143.34,0.026
O000671,2024-12-10,North,Website,86.99,0.021
O000672,2025-12-03,Central,Website,130.79,0.021
O000673,2025-01-13,South,Website,122.21,0.021
O000674,2025-05-30,North,Website,62.38,0.021
O000675,2024-06-21,South,Marketplace,136.28,0.045
O000676,2024-04-23,South,Website,145.71,0.021
O000677,2025-11-11,East,Mobile App,75.44,0.026
O000678,2024-05-31,East,Website,163.41,0.021
O000679,2024-07-28,Central,Marketplace,106.8,0.045
O000680,2024-09-12,North,Website,157.36,0.021
O000681,2024-06-14,East,Marketplace,68.66,0.045
O000682,2025-10-27,South,Mobile App,71.8,0.026
O000683,2024-12-22,East,Website,76.64,0.021
O000684,2024-11-11,South,Website,126.55,0.021
O000685,2025-12-04,Central,Mobile App,163.22,0.026
O000686,2024-04-17,East,Website,143.91,0.021
O000687,2024-03-20,West,Website,147.63,0.021
O000688,2025-11-04,North,Mobile App,85.77,0.026
O000689,2025-02-09,North,Website,51.55,0.021
O000690,2024-07-12,East,Website,142.71,0.021
O000691,2025-02-03,North,Website,81.03,0.021
O000692,2024-06-16,South,Marketplace,52.29,0.045
O000693,2025-01-09,West,Marketplace,159.19,0.045
O000694,2024-06-07,South,Mobile App,170.17,0.026
O000695,2024-11-26,West,Mobile App,109.2,0.026
O000696,2025-04-30,East,Mobile App,152.55,0.026
O000697,2024-01-12,East,Website,147.47,0.021
O000698,2025-09-20,North,Mobile App,179.05,0.026
O000699,2025-01-10,Central,Mobile App,77.42,0.026
O000700,2024-02-07,Central,Marketplace,62.96,0.045
O000701,2024-02-08,East,Marketplace,179.91,0.045
O000702,2024-01-01,North,Marketplace,148.32,0.045
O000703,2025-04-27,North,Website,134.15,0.021
O000704,2024-01-15,North,Mobile App,88.87,0.026
O000705,2025-07-09,West,Marketplace,134.71,0.045
O000706,2025-11-07,North,Mobile App,76.54,0.026
O000707,2025-02-22,East,Website,173.84,0.021
O000708,2025-07-06,Central,Website,158.7,0.021
O000709,2024-04-01,West,Website,178.1,0.021
O000710,2025-09-07,South,Marketplace,134.49,0.045
O000711,2024-09-16,Central,Website,56.15,0.021
O000712,2025-05-21,East,Marketplace,143.51,0.045
O000713,2024-02-18,Central,Mobile App,139.84,0.026
O000714,2024-03-22,East,Website,49.63,0.021
O000715,2025-09-18,North,Marketplace,86.25,0.045
O000716,2025-09-07,North,Marketplace,143.83,0.045
O000717,2025-03-10,West,Marketplace,101.15,0.045
O000718,2025-09-22,East,Website,119.71,0.021
O000719,2024-11-23,Central,Website,159.74,0.021
O000720,2025-03-27,North,Mobile App,75.37,0.026
O000721,2024-01-08,South,Mobile App,67.23,0.026
O000722,2025-10-24,Central,Marketplace,148.93,0.045
O000723,2024-10-11,West,Website,126.14,0.021
O000724,2025-04-24,North,Marketplace,64.04,0.045
O000725,2025-03-10,West,Website,165.68,0.021
O000726,2025-10-27,Central,Mobile App,63.31,0.026
O000727,2024-10-11,Central,Website,63.24,0.021
O000728,2024-03-02,North,Marketplace,71.64,0.045
O000729,2025-05-07,Central,Marketplace,163.51,0.045
O000730,2024-12-17,Central,Website,87.82,0.021
O000731,2025-11-23,East,Website,160.93,0.021
O000732,2025-06-05,North,Marketplace,151.7,0.045
O000733,2024-08-02,Central,Website,159.82,0.021
O000734,2025-01-15,West,Website,111.8,0.021
O000735,2025-03-30,South,Mobile App,67.37,0.026
O000736,2025-08-28,South,Website,71.67,0.021
O000737,2025-12-10,North,Marketplace,112.77,0.045
O000738,2024-06-18,Central,Website,67.78,0.021
O000739,2025-09-18,Central,Mobile App,125.74,0.026
O000740,2025-07-03,East,Marketplace,111.27,0.045
O000741,2025-03-20,Central,Website,84.28,0.021
O000742,2024-03-08,Central,Marketplace,163.43,0.045
O000743,2024-10-24,North,Mobile App,78.06,0.026
O000744,2025-08-01,Central,Marketplace,149.69,0.045
O000745,2024-10-31,North,Marketplace,153.34,0.045
O000746,2024-10-27,South,Website,140.34,0.021
O000747,2024-11-11,West,Website,122.7,0.021
O000748,2024-04-15,Central,Mobile App,166.63,0.026
O000749,2024-07-13,South,Website,85.47,0.021
O000750,2024-05-01,West,Website,125.02,0.021
O000751,2025-11-24,West,Mobile App,131.5,0.026
O000752,2025-09-28,West,Marketplace,179.76,0.045
O000753,2025-10-15,West,Website,72.64,0.021
O000754,2025-03-14,Central,Website,164.66,0.021
O000755,2024-08-23,South,Website,53.59,0.021
O000756,2025-01-06,South,Marketplace,51.45,0.045
O000757,2025-09-01,South,Marketplace,165.3,0.045
O000758,2025-05-23,South,Website,175.67,0.021
O000759,2024-11-28,East,Mobile App,93.25,0.026
O000760,2025-02-03,West,Website,83.62,0.021
O000761,2025-05-23,Central,Mobile App,123.59,0.026
O000762,2025-07-11,Central,Website,140.41,0.021
O000763,2024-11-28,North,Mobile App,60.18,0.026
O000764,2024-03-03,East,Mobile App,112.28,0.026
O000765,2025-07-09,East,Website,101.31,0.021
O000766,2025-05-25,Central,Website,171.95,0.021
O000767,2025-10-16,East,Website,111.87,0.021
O000768,2025-06-17,Central,Mobile App,72.69,0.026
O000769,2025-07-02,West,Mobile App,98.53,0.026
O000770,2025-03-19,North,Website,141.59,0.021
O000771,2024-03-01,North,Website,127.92,0.021
O000772,2025-09-12,West,Mobile App,107.8,0.026
O000773,2025-01-23,West,Marketplace,145.66,0.045
O000774,2024-07-20,Central,Marketplace,65.35,0.045
O000775,2025-06-03,Central,Marketplace,117.62,0.045
O000776,2025-06-22,North,Marketplace,122.48,0.045
O000777,2024-07-08,Central,Marketplace,55.7,0.045
O000778,2025-03-14,East,Mobile App,108.7,0.026
O000779,2025-12-13,Central,Marketplace,147.8,0.045
O000780,2025-10-07,North,Mobile App,58.19,0.026
O000781,2024-01-31,South,Mobile App,131.19,0.026
O000782,2024-03-27,West,Marketplace,138.69,0.045
O000783,2024-03-03,North,Marketplace,107.0,0.045
O000784,2025-11-16,Central,Mobile App,154.78,0.026
O000785,2024-09-28,West,Mobile App,114.17,0.026
O000786,2025-07-05,East,Marketplace,128.86,0.045
O000787,2025-05-23,South,Marketplace,112.65,0.045
O000788,2025-04-19,North,Marketplace,168.61,0.045
O000789,2025-09-22,West,Website,131.63,0.021
O000790,2025-11-05,Central,Marketplace,49.19,0.045
O000791,2025-02-12,Central,Website,137.95,0.021
O000792,2025-02-25,Central,Mobile App,136.71,0.026
O000793,2024-09-07,Central,Website,83.79,0.021
O000794,2025-08-01,Central,Website,163.39,0.021
O000795,2024-09-04,South,Mobile App,147.09,0.026
O000796,2025-02-25,Central,Marketplace,106.73,0.045
O000797,2025-08-08,North,Website,103.71,0.021
O000798,2024-09-11,Central,Website,116.36,0.021
O000799,2025-04-25,South,Mobile App,136.3,0.026
O000800,2025-03-16,North,Website,119.45,0.021
O000801,2024-01-28,Central,Website,101.4,0.021
O000802,2024-11-23,North,Website,119.26,0.021
O000803,2025-09-25,North,Marketplace,123.1,0.045
O000804,2025-02-04,Central,Website,84.93,0.021
O000805,2024-05-09,East,Website,69.98,0.021
O000806,2024-07-26,East,Website,154.45,0.021
O000807,2025-10-23,East,Website,84.24,0.021
O000808,2025-09-30,East,Marketplace,126.57,0.045
O000809,2025-10-24,South,Website,157.5,0.021
O000810,2025-06-20,North,Marketplace,89.22,0.045
O000811,2025-05-28,East,Mobile App,168.13,0.026
O000812,2025-09-01,Central,Marketplace,155.89,0.045
O000813,2024-02-13,South,Mobile App,66.89,0.026
O000814,2024-07-02,South,Website,155.11,0.021
O000815,2024-03-15,West,Website,149.57,0.021
O000816,2024-08-24,East,Marketplace,163.82,0.045
O000817,2025-09-06,Central,Website,122.13,0.021
O000818,2025-09-25,East,Marketplace,56.39,0.045
O000819,2025-04-15,East,Website,109.27,0.021
O000820,2024-10-06,South,Marketplace,101.48,0.045
O000821,2025-01-15,South,Mobile App,65.33,0.026
O000822,2025-10-02,West,Marketplace,170.89,0.045
O000823,2025-07-12,North,Marketplace,87.53,0.045
O000824,2025-12-22,East,Website,138.75,0.021
O000825,2024-03-10,East,Website,94.32,0.021
O000826,2024-10-13,West,Marketplace,175.11,0.045
O000827,2024-09-17,East,Website,168.62,0.021
O000828,2025-03-01,South,Marketplace,88.02,0.045
O000829,2025-12-23,East,Marketplace,128.35,0.045
O000830,2025-09-05,North,Website,122.05,0.021
O000831,2024-11-04,East,Marketplace,61.14,0.045
O000832,2024-08-16,West,Marketplace,138.52,0.045
O000833,2024-02-17,Central,Website,110.44,0.021
O000834,2024-06-11,West,Mobile App,96.21,0.026
O000835,2024-07-13,North,Website,112.1,0.021
O000836,2025-09-26,North,Website,52.8,0.021
O000837,2025-01-19,East,Website,68.86,0.021
O000838,2025-05-08,East,Marketplace,92.71,0.045
O000839,2025-04-02,West,Marketplace,69.1,0.045
O000840,2025-09-10,Central,Website,132.81,0.021
O000841,2024-09-02,East,Website,82.56,0.021
O000842,2025-02-27,West,Website,146.06,0.021
O000843,2024-02-27,Central,Marketplace,75.11,0.045
O000844,2024-05-15,East,Website,99.53,0.021
O000845,2024-03-03,West,Marketplace,96.66,0.045
O000846,2024-12-10,West,Mobile App,89.29,0.026
O000847,2025-10-24,North,Marketplace,159.8,0.045
O000848,2024-04-01,East,Mobile App,162.32,0.026
O000849,2024-10-17,East,Mobile App,153.56,0.026
O000850,2025-10-14,South,Marketplace,99.64,0.045
O000851,2024-08-17,South,Website,90.71,0.021
O000852,2025-06-04,North,Website,165.96,0.021
O000853,2025-06-01,Central,Marketplace,135.88,0.045
O000854,2025-10-26,South,Website,89.8,0.021
O000855,2024-01-15,East,Website,66.49,0.021
O000856,2024-12-28,East,Marketplace,131.9,0.045
O000857,2024-10-02,West,Website,135.94,0.021
O000858,2024-04-04,North,Website,67.13,0.021
O000859,2024-09-26,Central,Website,90.68,0.021
O000860,2024-10-04,North,Website,132.36,0.021
O000861,2025-08-30,East,Marketplace,72.76,0.045
O000862,2025-03-10,South,Website,53.57,0.021
O000863,2024-08-12,Central,Website,169.7,0.021
O000864,2025-11-13,North,Mobile App,102.43,0.026
O000865,2025-09-29,South,Marketplace,98.98,0.045
O000866,2024-09-17,Central,Website,130.56,0.021
O000867,2025-05-08,South,Mobile App,96.22,0.026
O000868,2025-04-26,Central,Mobile App,54.24,0.026
O000869,2025-12-12,East,Website,171.59,0.021
O000870,2024-10-24,Central,Marketplace,143.44,0.045
O000871,2024-04-26,Central,Website,179.46,0.021
O000872,2025-12-12,Central,Website,93.89,0.021
O000873,2024-07-28,East,Marketplace,98.49,0.045
O000874,2024-04-14,West,Marketplace,52.07,0.045
O000875,2024-03-20,West,Mobile App,157.95,0.026
O000876,2024-05-08,East,Website,169.73,0.021
O000877,2024-11-03,South,Marketplace,102.87,0.045
O000878,2024-07-16,West,Website,66.44,0.021
O000879,2025-09-13,East,Marketplace,114.14,0.045
O000880,2025-01-01,Central,Mobile App,161.91,0.026
O000881,2025-01-28,Central,Mobile App,119.93,0.026
O000882,2024-03-26,East,Website,83.58,0.021
O000883,2025-11-11,Central,Mobile App,172.37,0.026
O000884,2024-11-15,North,Mobile App,125.2,0.026
O000885,2024-12-14,North,Marketplace,157.4,0.045
O000886,2024-04-15,West,Marketplace,106.33,0.045
O000887,2025-09-08,North,Website,53.01,0.021
O000888,2025-03-15,North,Marketplace,161.58,0.045
O000889,2025-10-04,East,Website,169.51,0.021
O000890,2025-07-09,West,Website,176.65,0.021
O000891,2025-12-15,West,Website,161.86,0.021
O000892,2025-01-28,South,Marketplace,169.51,0.045
O000893,2024-02-20,West,Website,100.54,0.021
O000894,2024-03-10,Central,Website,101.77,0.021
O000895,2025-06-27,North,Mobile App,57.83,0.026
O000896,2024-12-03,South,Website,69.5,0.021
O000897,2024-07-27,Central,Website,125.66,0.021
O000898,2024-06-14,North,Marketplace,178.31,0.045
O000899,2024-09-03,East,Website,121.86,0.021
O000900,2025-04-19,Central,Website,50.34,0.021
O000901,2025-10-19,Central,Website,121.43,0.021
O000902,2024-08-24,South,Marketplace,163.06,0.045
O000903,2025-02-05,South,Website,168.01,0.021
O000904,2025-03-05,Central,Marketplace,144.08,0.045
O000905,2024-05-14,Central,Marketplace,83.93,0.045
O000906,2024-10-19,South,Mobile App,121.29,0.026
O000907,2025-12-14,North,Mobile App,124.33,0.026
O000908,2025-09-16,East,Website,49.6,0.021
O000909,2024-06-10,West,Mobile App,129.1,0.026
O000910,2025-01-12,North,Mobile App,176.71,0.026
O000911,2024-07-15,East,Marketplace,144.12,0.045
O000912,2024-06-01,East,Website,126.39,0.021
O000913,2024-05-14,West,Website,115.33,0.021
O000914,2024-03-13,East,Marketplace,100.6,0.045
O000915,2025-02-17,South,Mobile App,103.73,0.026
O000916,2024-05-02,Central,Marketplace,53.03,0.045
O000917,2025-11-16,West,Website,145.01,0.021
O000918,2025-07-06,South,Marketplace,107.76,0.045
O000919,2025-10-10,East,Website,153.04,0.021
O000920,2024-02-17,East,Mobile App,126.28,0.026
O000921,2025-12-21,West,Marketplace,154.79,0.045
O000922,2025-06-21,North,Marketplace,81.72,0.045
O000923,2024-01-30,Central,Mobile App,52.53,0.026
O000924,2024-07-21,West,Website,50.82,0.021
O000925,2024-03-22,North,Website,95.65,0.021
O000926,2025-09-03,West,Marketplace,54.38,0.045
O000927,2025-11-15,North,Mobile App,163.96,0.026
O000928,2025-02-20,North,Website,156.97,0.021
O000929,2024-05-07,West,Mobile App,80.82,0.026
O000930,2024-04-29,North,Marketplace,90.61,0.045
O000931,2025-01-30,West,Mobile App,113.77,0.026
O000932,2025-02-06,South,Marketplace,70.98,0.045
O000933,2024-10-03,West,Marketplace,159.75,0.045
O000934,2025-06-16,Central,Mobile App,160.41,0.026
O000935,2024-09-08,Central,Mobile App,101.1,0.026
O000936,2025-08-02,Central,Website,112.99,0.021
O000937,2024-07-26,Central,Website,172.69,0.021
O000938,2025-05-17,Central,Marketplace,154.16,0.045
O000939,2024-09-12,East,Marketplace,177.17,0.045
O000940,2024-09-07,West,Website,108.65,0.021
O000941,2024-11-23,East,Marketplace,96.73,0.045
O000942,2025-09-14,East,Mobile App,109.53,0.026
O000943,2025-03-08,East,Mobile App,133.2,0.026
O000944,2025-01-18,South,Marketplace,125.05,0.045
O000945,2024-09-27,West,Marketplace,73.17,0.045
O000946,2025-03-03,West,Marketplace,144.75,0.045
O000947,2024-06-26,East,Marketplace,101.6,0.045
O000948,2024-04-09,North,Mobile App,137.16,0.026
O000949,2024-09-09,East,Marketplace,55.57,0.045
O000950,2024-02-15,West,Website,157.44,0.021
O000951,2025-06-08,South,Marketplace,70.57,0.045
O000952,2024-10-06,East,Website,170.49,0.021
O000953,2025-04-01,South,Mobile App,149.22,0.026
O000954,2024-03-12,North,Mobile App,56.69,0.026
O000955,2024-11-05,North,Marketplace,148.5,0.045
O000956,2024-10-09,West,Website,63.7,0.021
O000957,2024-06-02,East,Website,175.43,0.021
O000958,2025-05-03,West,Website,119.15,0.021
O000959,2025-01-27,South,Website,166.07,0.021
O000960,2024-03-15,North,Website,129.9,0.021
O000961,2025-05-20,Central,Website,52.53,0.021
O000962,2024-01-22,South,Marketplace,169.2,0.045
O000963,2024-05-15,Central,Marketplace,141.71,0.045
O000964,2024-11-21,West,Website,53.31,0.021
O000965,2024-05-06,North,Website,95.09,0.021
O000966,2025-08-11,South,Website,164.84,0.021
O000967,2025-07-09,East,Mobile App,158.6,0.026
O000968,2025-04-29,West,Marketplace,121.88,0.045
O000969,2025-02-28,North,Website,147.74,0.021
O000970,2024-07-07,South,Mobile App,179.38,0.026
O000971,2024-05-26,Central,Mobile App,164.9,0.026
O000972,2025-02-14,East,Website,98.38,0.021
O000973,2024-11-14,North,Marketplace,138.27,0.045
O000974,2024-03-16,West,Marketplace,120.29,0.045
O000975,2024-03-26,North,Mobile App,74.36,0.026
O000976,2025-02-15,Central,Mobile App,148.63,0.026
O000977,2024-05-13,East,Website,154.12,0.021
O000978,2024-03-21,East,Website,109.58,0.021
O000979,2024-03-27,West,Website,117.29,0.021
O000980,2025-05-08,North,Website,50.87,0.021
O000981,2025-09-10,West,Website,147.67,0.021
O000982,2025-06-08,East,Website,156.33,0.021
O000983,2025-03-15,West,Website,167.3,0.021
O000984,2025-09-07,East,Website,146.79,0.021
O000985,2025-04-11,East,Marketplace,60.93,0.045
O000986,2024-06-06,East,Marketplace,90.44,0.045
O000987,2025-05-16,Central,Website,99.73,0.021
O000988,2024-01-18,East,Mobile App,121.24,0.026
O000989,2024-01-20,West,Marketplace,71.51,0.045
O000990,2025-05-04,North,Mobile App,71.62,0.026
O000991,2025-11-09,North,Mobile App,73.63,0.026
O000992,2024-12-07,East,Website,78.78,0.021
O000993,2024-04-01,East,Marketplace,111.81,0.045
O000994,2025-06-22,West,Website,83.57,0.021
O000995,2024-05-24,Central,Website,173.58,0.021
O000996,2024-04-26,West,Website,89.02,0.021
O000997,2024-11-05,West,Marketplace,139.96,0.045
O000998,2025-04-09,West,Marketplace,130.06,0.045
O000999,2025-12-28,South,Website,153.65,0.021
O001000,2024-05-11,West,Website,167.03,0.021
O001001,2024-07-08,Central,Website,74.53,0.021
O001002,2024-07-01,East,Mobile App,59.36,0.026
O001003,2024-11-18,East,Marketplace,108.76,0.045
O001004,2024-12-14,South,Marketplace,94.66,0.045
O001005,2024-02-13,South,Website,86.76,0.021
O001006,2025-01-22,Central,Marketplace,62.26,0.045
O001007,2025-02-21,East,Website,93.03,0.021
O001008,2024-01-02,Central,Marketplace,128.49,0.045
O001009,2024-01-31,South,Website,176.02,0.021
O001010,2024-08-04,South,Website,150.87,0.021
O001011,2024-11-23,North,Website,173.57,0.021
O001012,2025-10-29,North,Marketplace,149.86,0.045
O001013,2024-04-07,North,Marketplace,173.41,0.045
O001014,2025-02-02,South,Marketplace,112.73,0.045
O001015,2024-06-09,West,Marketplace,109.5,0.045
O001016,2025-02-15,North,Website,73.93,0.021
O001017,2025-02-03,North,Website,94.31,0.021
O001018,2025-08-27,South,Marketplace,88.35,0.045
O001019,2024-05-20,Central,Mobile App,109.73,0.026
O001020,2025-02-21,North,Website,86.45,0.021
O001021,2025-08-09,South,Website,137.33,0.021
O001022,2024-04-29,South,Mobile App,109.69,0.026
O001023,2024-09-11,North,Website,109.39,0.021
O001024,2024-03-15,West,Website,89.96,0.021
O001025,2025-10-23,West,Mobile App,52.76,0.026
O001026,2024-02-07,South,Website,172.04,0.021
O001027,2024-12-16,West,Website,172.32,0.021
O001028,2024-08-24,Central,Website,111.9,0.021
O001029,2024-05-17,West,Mobile App,95.87,0.026
O001030,2025-01-23,Central,Marketplace,70.8,0.045
O001031,2025-03-22,West,Website,65.41,0.021
O001032,2024-05-02,South,Website,96.56,0.021
O001033,2024-10-13,North,Marketplace,80.03,0.045
O001034,2024-04-08,Central,Marketplace,113.6,0.045
O001035,2024-04-12,West,Marketplace,65.28,0.045
O001036,2024-04-28,North,Website,57.18,0.021
O001037,2024-07-19,East,Marketplace,104.52,0.045
O001038,2025-11-10,Central,Mobile App,123.03,0.026
O001039,2025-01-09,East,Marketplace,160.09,0.045
O001040,2024-08-12,North,Marketplace,138.62,0.045
O001041,2025-03-15,West,Mobile App,79.8,0.026
O001042,2025-03-08,East,Mobile App,127.67,0.026
O001043,2025-10-03,East,Marketplace,169.32,0.045
O001044,2024-12-21,South,Website,76.71,0.021
O001045,2025-03-29,North,Mobile App,159.34,0.026
O001046,2025-07-11,East,Website,106.17,0.021
O001047,2024-03-21,West,Website,177.86,0.021
O001048,2024-12-09,South,Marketplace,112.86,0.045
O001049,2025-12-05,Central,Website,139.37,0.021
O001050,2025-09-12,Central,Marketplace,126.87,0.045
O001051,2024-05-09,Central,Website,64.49,0.021
O001052,2024-03-27,South,Website,136.01,0.021
O001053,2025-01-16,South,Marketplace,162.78,0.045
O001054,2025-05-08,Central,Mobile App,92.41,0.026
O001055,2024-12-27,Central,Mobile App,149.35,0.026
O001056,2025-11-04,South,Website,166.6,0.021
O001057,2025-10-24,East,Marketplace,160.1,0.045
O001058,2025-01-18,East,Website,175.14,0.021
O001059,2025-11-17,West,Marketplace,60.0,0.045
O001060,2024-06-10,East,Website,116.8,0.021
O001061,2024-03-05,North,Mobile App,62.31,0.026
O001062,2025-12-28,South,Website,49.42,0.021
O001063,2025-02-15,North,Website,154.97,0.021
O001064,2024-02-15,Central,Mobile App,75.1,0.026
O001065,2024-09-28,South,Website,99.58,0.021
O001066,2025-10-15,Central,Marketplace,64.91,0.045
O001067,2025-09-15,East,Mobile App,63.95,0.026
O001068,2024-11-22,South,Website,79.78,0.021
O001069,2024-01-21,South,Marketplace,143.85,0.045
O001070,2024-12-26,North,Website,140.23,0.021
O001071,2025-07-13,South,Website,176.78,0.021
O001072,2025-10-11,Central,Website,99.02,0.021
O001073,2025-12-20,West,Marketplace,87.78,0.045
O001074,2025-05-06,Central,Mobile App,67.78,0.026
O001075,2025-03-27,South,Website,57.22,0.021
O001076,2024-02-10,Central,Marketplace,110.65,0.045
O001077,2025-11-05,East,Marketplace,93.73,0.045
O001078,2025-11-11,West,Website,178.5,0.021
O001079,2025-02-09,Central,Website,105.39,0.021
O001080,2024-01-15,North,Marketplace,174.25,0.045
O001081,2025-07-23,West,Website,171.62,0.021
O001082,2025-05-29,North,Mobile App,151.04,0.026
O001083,2024-04-01,Central,Website,176.12,0.021
O001084,2024-02-03,West,Website,135.43,0.021
O001085,2025-01-09,North,Website,73.6,0.021
O001086,2025-09-07,Central,Website,97.6,0.021
O001087,2024-12-24,North,Website,138.67,0.021
O001088,2025-12-02,West,Marketplace,111.78,0.045
O001089,2025-09-18,North,Website,95.8,0.021
O001090,2025-07-02,East,Website,178.96,0.021
O001091,2024-09-16,East,Mobile App,103.43,0.026
O001092,2025-12-03,Central,Mobile App,158.85,0.026
O001093,2024-04-19,South,Marketplace,145.3,0.045
O001094,2025-11-11,South,Website,150.28,0.021
O001095,2025-05-17,South,Mobile App,178.6,0.026
O001096,2025-02-25,North,Marketplace,151.53,0.045
O001097,2024-02-02,North,Marketplace,177.53,0.045
O001098,2024-03-01,North,Website,94.34,0.021
O001099,2024-06-18,West,Website,88.49,0.021
O001100,2025-08-26,East,Mobile App,94.67,0.026
O001101,2025-07-16,South,Website,57.98,0.021
O001102,2024-01-14,West,Website,70.48,0.021
O001103,2025-04-20,North,Website,163.9,0.021
O001104,2024-06-14,South,Website,99.32,0.021
O001105,2025-09-30,Central,Website,177.79,0.021
O001106,2024-04-29,West,Marketplace,111.07,0.045
O001107,2024-03-26,North,Mobile App,152.69,0.026
O001108,2024-02-20,South,Website,174.34,0.021
O001109,2024-03-28,West,Website,60.13,0.021
O001110,2025-07-30,North,Marketplace,162.4,0.045
O001111,2024-04-23,South,Website,88.58,0.021
O001112,2025-05-28,West,Marketplace,167.76,0.045
O001113,2025-11-26,West,Mobile App,116.38,0.026
O001114,2024-11-19,West,Marketplace,119.46,0.045
O001115,2025-09-23,West,Website,90.16,0.021
O001116,2024-06-02,East,Mobile App,147.11,0.026
O001117,2024-05-11,South,Website,118.68,0.021
O001118,2025-10-29,Central,Marketplace,126.77,0.045
O001119,2024-07-03,North,Marketplace,142.43,0.045
O001120,2025-12-09,East,Mobile App,89.89,0.026
O001121,2024-06-03,West,Website,160.75,0.021
O001122,2024-09-11,North,Marketplace,97.64,0.045
O001123,2025-08-03,North,Marketplace,178.83,0.045
O001124,2024-09-22,West,Mobile App,162.08,0.026
O001125,2024-01-26,Central,Marketplace,151.72,0.045
O001126,2025-09-14,West,Website,174.81,0.021
O001127,2024-06-29,East,Marketplace,174.48,0.045
O001128,2025-10-11,East,Mobile App,125.62,0.026
O001129,2024-02-08,West,Marketplace,95.4,0.045
O001130,2024-05-10,North,Website,136.22,0.021
O001131,2025-04-27,North,Website,50.26,0.021
O001132,2024-11-02,Central,Website,52.79,0.021
O001133,2024-09-10,North,Mobile App,72.97,0.026
O001134,2025-06-13,North,Mobile App,101.39,0.026
O001135,2024-04-30,South,Marketplace,159.4,0.045
O001136,2025-09-27,South,Website,146.9,0.021
O001137,2024-07-06,East,Website,101.66,0.021
O001138,2025-04-14,South,Marketplace,91.69,0.045
O001139,2025-12-06,South,Marketplace,83.96,0.045
O001140,2024-01-30,Central,Mobile App,109.8,0.026
O001141,2025-09-01,East,Website,164.89,0.021
O001142,2024-04-14,North,Website,122.07,0.021
O001143,2025-01-03,East,Website,89.17,0.021
O001144,2025-07-14,East,Marketplace,112.54,0.045
O001145,2024-01-21,North,Marketplace,114.45,0.045
O001146,2024-05-03,South,Marketplace,144.15,0.045
O001147,2025-08-06,East,Marketplace,128.09,0.045
O001148,2024-10-20,East,Marketplace,132.05,0.045
O001149,2024-07-18,North,Mobile App,118.78,0.026
O001150,2024-11-09,South,Marketplace,128.29,0.045
O001151,2024-02-01,South,Mobile App,112.58,0.026
O001152,2025-04-23,East,Website,175.81,0.021
O001153,2025-03-14,East,Website,83.5,0.021
O001154,2025-02-19,West,Website,99.16,0.021
O001155,2024-02-17,North,Mobile App,74.42,0.026
O001156,2025-11-30,South,Website,93.32,0.021
O001157,2025-06-27,West,Marketplace,172.24,0.045
O001158,2024-10-12,North,Mobile App,140.94,0.026
O001159,2024-12-01,Central,Website,51.21,0.021
O001160,2024-03-08,West,Website,116.86,0.021
O001161,2024-11-25,Central,Website,177.59,0.021
O001162,2025-06-03,North,Marketplace,83.13,0.045
O001163,2024-03-30,South,Mobile App,134.5,0.026
O001164,2025-03-17,South,Website,78.51,0.021
O001165,2024-12-17,Central,Website,91.32,0.021
O001166,2025-09-07,Central,Website,144.91,0.021
O001167,2024-06-13,North,Mobile App,49.41,0.026
O001168,2024-07-05,South,Website,154.9,0.021
O001169,2024-06-25,Central,Website,142.83,0.021
O001170,2024-02-08,West,Marketplace,170.41,0.045
O001171,2025-11-19,North,Mobile App,124.44,0.026
O001172,2024-02-14,East,Marketplace,129.75,0.045
O001173,2025-08-18,North,Marketplace,78.08,0.045
O001174,2025-06-05,South,Mobile App,148.12,0.026
O001175,2024-06-01,Central,Marketplace,173.42,0.045
O001176,2025-06-04,East,Website,130.09,0.021
O001177,2025-08-21,Central,Marketplace,163.7,0.045
O001178,2024-08-17,Central,Website,168.85,0.021
O001179,2024-09-11,North,Website,170.27,0.021
O001180,2025-01-22,Central,Website,111.21,0.021
O001181,2025-09-11,Central,Marketplace,118.71,0.045
O001182,2024-09-30,East,Marketplace,53.54,0.045
O001183,2024-04-30,South,Mobile App,163.29,0.026
O001184,2025-06-24,East,Website,169.0,0.021
O001185,2024-03-05,North,Mobile App,158.54,0.026
O001186,2025-11-01,Central,Website,128.32,0.021
O001187,2024-07-05,Central,Mobile App,150.36,0.026
O001188,2024-02-17,South,Website,140.52,0.021
O001189,2024-11-01,East,Website,151.07,0.021
O001190,2024-12-18,North,Marketplace,117.96,0.045
O001191,2024-12-18,Central,Website,78.42,0.021
O001192,2025-04-09,West,Mobile App,54.48,0.026
O001193,2025-03-17,North,Mobile App,76.83,0.026
O001194,2024-10-05,West,Mobile App,97.12,0.026
O001195,2024-08-31,West,Website,73.09,0.021
O001196,2024-07-14,South,Marketplace,122.25,0.045
O001197,2024-05-14,East,Marketplace,146.88,0.045
O001198,2025-02-22,Central,Website,145.62,0.021
O001199,2024-04-16,South,Mobile App,150.7,0.026
O001200,2025-04-15,North,Mobile App,96.79,0.026
O001201,2024-11-04,East,Website,101.36,0.021
O001202,2025-09-20,West,Marketplace,154.25,0.045
O001203,2025-05-09,Central,Marketplace,98.34,0.045
O001204,2025-12-14,East,Marketplace,126.21,0.045
O001205,2024-10-22,South,Website,106.62,0.021
O001206,2025-03-03,East,Marketplace,71.81,0.045
O001207,2025-04-23,Central,Marketplace,53.33,0.045
O001208,2024-06-01,East,Mobile App,79.65,0.026
O001209,2025-10-31,East,Mobile App,52.17,0.026
O001210,2025-12-21,West,Marketplace,67.76,0.045
O001211,2025-05-12,South,Website,132.94,0.021
O001212,2025-09-18,North,Website,84.64,0.021
O001213,2024-08-30,East,Mobile App,52.74,0.026
O001214,2025-02-06,North,Mobile App,169.74,0.026
O001215,2025-09-08,South,Mobile App,84.75,0.026
O001216,2025-03-24,East,Mobile App,155.58,0.026
O001217,2025-04-15,West,Mobile App,85.19,0.026
O001218,2024-12-09,South,Website,91.9,0.021
O001219,2024-09-21,East,Website,164.6,0.021
O001220,2025-11-06,South,Mobile App,102.78,0.026
O001221,2025-03-31,South,Marketplace,147.2,0.045
O001222,2024-09-01,Central,Website,104.86,0.021
O001223,2025-05-12,Central,Website,109.94,0.021
O001224,2024-02-19,West,Website,137.97,0.021
O001225,2024-02-20,Central,Marketplace,116.28,0.045
O001226,2024-03-28,Central,Marketplace,97.97,0.045
O001227,2024-01-02,West,Marketplace,90.08,0.045
O001228,2024-11-10,North,Mobile App,150.27,0.026
O001229,2024-07-30,West,Marketplace,52.72,0.045
O001230,2024-07-13,North,Marketplace,77.79,0.045
O001231,2024-12-28,Central,Mobile App,53.58,0.026
O001232,2025-02-12,Central,Marketplace,141.28,0.045
O001233,2025-07-15,West,Website,88.45,0.021
O001234,2024-02-17,South,Marketplace,85.16,0.045
O001235,2025-01-11,South,Website,157.73,0.021
O001236,2025-02-21,East,Marketplace,112.75,0.045
O001237,2024-08-22,West,Marketplace,151.97,0.045
O001238,2024-12-07,North,Website,163.35,0.021
O001239,2025-03-01,South,Website,153.45,0.021
O001240,2025-11-04,South,Marketplace,72.92,0.045
O001241,2025-09-23,East,Website,91.65,0.021
O001242,2025-08-31,Central,Website,81.12,0.021
O001243,2025-12-22,North,Mobile App,119.3,0.026
O001244,2024-11-04,West,Website,178.19,0.021
O001245,2025-08-09,North,Marketplace,88.45,0.045
O001246,2025-08-05,South,Website,142.51,0.021
O001247,2024-12-13,North,Mobile App,169.7,0.026
O001248,2025-03-01,West,Marketplace,79.25,0.045
O001249,2025-09-17,West,Website,90.49,0.021
O001250,2025-10-20,East,Mobile App,132.35,0.026
O001251,2025-03-18,East,Marketplace,122.33,0.045
O001252,2024-01-04,East,Marketplace,174.53,0.045
O001253,2024-08-22,Central,Marketplace,125.42,0.045
O001254,2024-01-09,Central,Mobile App,105.95,0.026
O001255,2024-10-07,East,Website,69.92,0.021
O001256,2024-11-25,West,Marketplace,146.49,0.045
O001257,2025-12-07,East,Website,91.6,0.021
O001258,2025-02-27,North,Marketplace,80.55,0.045
O001259,2025-08-12,Central,Mobile App,104.39,0.026
O001260,2025-06-29,Central,Marketplace,92.19,0.045
O001261,2025-05-21,South,Mobile App,107.86,0.026
O001262,2025-04-08,Central,Mobile App,87.27,0.026
O001263,2025-01-21,South,Website,152.38,0.021
O001264,2024-08-19,Central,Marketplace,103.38,0.045
O001265,2025-03-21,South,Website,121.33,0.021
O001266,2025-01-14,East,Marketplace,86.62,0.045
O001267,2024-04-01,North,Website,137.22,0.021
O001268,2025-05-04,West,Marketplace,69.12,0.045
O001269,2024-07-10,West,Website,81.76,0.021
O001270,2025-11-22,West,Website,108.26,0.021
O001271,2025-03-05,North,Mobile App,169.78,0.026
O001272,2024-07-05,Central,Mobile App,55.49,0.026
O001273,2025-12-26,North,Website,105.52,0.021
O001274,2025-08-09,North,Mobile App,134.56,0.026
O001275,2024-12-19,West,Website,165.86,0.021
O001276,2024-12-05,West,Website,140.37,0.021
O001277,2025-03-28,South,Marketplace,113.88,0.045
O001278,2024-05-21,North,Marketplace,178.75,0.045
O001279,2024-05-05,North,Website,134.04,0.021
O001280,2025-11-28,East,Mobile App,56.89,0.026
O001281,2024-11-16,East,Marketplace,115.42,0.045
O001282,2025-09-22,South,Mobile App,103.93,0.026
O001283,2025-12-23,Central,Mobile App,113.83,0.026
O001284,2024-05-18,South,Marketplace,150.63,0.045
O001285,2024-03-31,East,Website,177.25,0.021
O001286,2025-09-17,North,Website,140.72,0.021
O001287,2025-03-11,Central,Marketplace,120.97,0.045
O001288,2025-06-16,West,Mobile App,85.0,0.026
O001289,2024-11-20,Central,Marketplace,65.49,0.045
O001290,2024-08-29,North,Mobile App,171.09,0.026
O001291,2025-12-13,West,Marketplace,146.6,0.045
O001292,2024-11-14,Central,Website,124.71,0.021
O001293,2025-09-17,Central,Website,138.66,0.021
O001294,2024-07-20,North,Website,116.1,0.021
O001295,2024-05-12,South,Marketplace,62.47,0.045
O001296,2024-02-04,West,Marketplace,107.1,0.045
O001297,2024-05-07,South,Marketplace,52.25,0.045
O001298,2024-01-10,East,Website,168.63,0.021
O001299,2024-05-29,Central,Mobile App,87.05,0.026
O001300,2024-06-25,West,Marketplace,175.08,0.045
O001301,2024-03-08,Central,Mobile App,103.53,0.026
O001302,2024-10-02,Central,Website,58.7,0.021
O001303,2024-11-20,South,Mobile App,72.03,0.026
O001304,2025-03-13,South,Marketplace,127.31,0.045
O001305,2024-02-08,Central,Website,120.8,0.021
O001306,2025-02-12,South,Website,59.97,0.021
O001307,2024-03-12,West,Website,179.73,0.021
O001308,2024-02-21,Central,Website,100.6,0.021
O001309,2024-05-05,East,Marketplace,58.15,0.045
O001310,2025-01-26,West,Website,154.07,0.021
O001311,2025-12-19,West,Marketplace,108.87,0.045
O001312,2025-05-16,West,Website,171.14,0.021
O001313,2024-03-10,West,Marketplace,107.58,0.045
O001314,2025-05-06,North,Mobile App,136.98,0.026
O001315,2024-05-22,Central,Website,62.39,0.021
O001316,2024-09-15,Central,Marketplace,132.42,0.045
O001317,2025-08-16,North,Website,66.19,0.021
O001318,2025-12-29,West,Website,147.52,0.021
O001319,2024-04-11,West,Marketplace,130.98,0.045
O001320,2024-06-05,Central,Mobile App,126.28,0.026
O001321,2024-03-15,West,Mobile App,171.79,0.026
O001322,2024-06-28,South,Website,111.32,0.021
O001323,2024-07-27,Central,Website,153.53,0.021
O001324,2025-05-15,East,Marketplace,91.26,0.045
O001325,2025-08-27,South,Mobile App,171.85,0.026
O001326,2024-03-30,West,Marketplace,64.52,0.045
O001327,2025-09-18,Central,Marketplace,98.75,0.045
O001328,2024-01-24,South,Mobile App,93.93,0.026
O001329,2025-02-26,East,Mobile App,97.24,0.026
O001330,2024-09-06,East,Website,175.48,0.021
O001331,2025-09-19,West,Website,167.16,0.021
O001332,2025-03-28,South,Website,59.48,0.021
O001333,2024-02-26,North,Marketplace,72.93,0.045
O001334,2025-08-09,East,Mobile App,116.21,0.026
O001335,2025-05-10,East,Mobile App,83.49,0.026
O001336,2025-04-26,East,Marketplace,119.99,0.045
O001337,2024-05-10,East,Website,77.08,0.021
O001338,2024-01-18,Central,Mobile App,153.12,0.026
O001339,2024-08-21,North,Website,105.17,0.021
O001340,2025-08-14,South,Marketplace,105.75,0.045
O001341,2025-11-11,Central,Marketplace,109.23,0.045
O001342,2025-06-30,South,Mobile App,152.83,0.026
O001343,2025-10-14,North,Website,99.55,0.021
O001344,2025-05-27,South,Website,153.0,0.021
O001345,2024-04-21,Central,Mobile App,89.86,0.026
O001346,2024-04-30,South,Mobile App,101.32,0.026
O001347,2025-03-02,North,Marketplace,174.62,0.045
O001348,2024-01-28,South,Website,124.29,0.021
O001349,2025-10-15,East,Marketplace,175.49,0.045
O001350,2024-10-12,East,Website,99.6,0.021
O001351,2025-10-12,North,Website,116.4,0.021
O001352,2025-05-06,Central,Marketplace,175.38,0.045
O001353,2024-07-20,East,Mobile App,81.48,0.026
O001354,2025-05-28,North,Marketplace,87.06,0.045
O001355,2024-01-16,South,Mobile App,68.43,0.026
O001356,2024-12-10,Central,Marketplace,83.03,0.045
O001357,2024-07-24,West,Website,57.88,0.021
O001358,2025-10-11,North,Website,84.68,0.021
O001359,2024-04-29,North,Mobile App,50.15,0.026
O001360,2025-01-09,West,Website,89.48,0.021
O001361,2024-12-04,South,Mobile App,126.57,0.026
O001362,2024-04-29,Central,Mobile App,91.96,0.026
O001363,2025-03-30,North,Marketplace,60.08,0.045
O001364,2025-09-27,South,Marketplace,152.98,0.045
O001365,2024-04-26,Central,Website,121.22,0.021
O001366,2025-09-10,West,Marketplace,123.94,0.045
O001367,2025-04-17,South,Website,95.33,0.021
O001368,2025-04-15,West,Marketplace,98.26,0.045
O001369,2025-09-17,North,Mobile App,177.52,0.026
O001370,2024-08-13,North,Mobile App,101.35,0.026
O001371,2024-09-19,North,Mobile App,76.54,0.026
O001372,2025-07-09,Central,Marketplace,121.92,0.045
O001373,2024-08-27,West,Marketplace,95.43,0.045
O001374,2025-07-21,West,Mobile App,163.29,0.026
O001375,2025-10-04,East,Marketplace,132.93,0.045
O001376,2024-05-20,Central,Marketplace,141.74,0.045
O001377,2025-06-23,North,Website,162.5,0.021
O001378,2024-12-16,East,Website,177.31,0.021
O001379,2024-05-13,North,Mobile App,169.77,0.026
O001380,2024-01-18,East,Website,139.79,0.021
O001381,2024-10-18,Central,Marketplace,89.7,0.045
O001382,2025-08-22,Central,Marketplace,116.73,0.045
O001383,2025-07-01,North,Website,157.13,0.021
O001384,2025-11-12,West,Mobile App,147.06,0.026
O001385,2025-01-12,North,Mobile App,114.2,0.026
O001386,2024-12-07,West,Mobile App,179.19,0.026
O001387,2024-04-15,North,Marketplace,83.02,0.045
O001388,2024-12-22,North,Mobile App,61.18,0.026
O001389,2025-03-17,Central,Mobile App,73.87,0.026
O001390,2024-01-29,South,Website,68.91,0.021
O001391,2025-06-04,Central,Website,172.01,0.021
O001392,2024-02-28,North,Marketplace,138.39,0.045
O001393,2025-01-10,South,Marketplace,146.88,0.045
O001394,2024-07-15,South,Mobile App,169.73,0.026
O001395,2024-12-20,West,Marketplace,86.73,0.045
O001396,2025-05-19,North,Mobile App,119.49,0.026
O001397,2024-12-14,North,Marketplace,143.73,0.045
O001398,2025-05-17,South,Marketplace,125.06,0.045
O001399,2024-01-02,North,Mobile App,179.56,0.026
O001400,2025-11-08,South,Website,110.9,0.021
O001401,2025-10-30,West,Mobile App,112.04,0.026
O001402,2024-05-12,South,Marketplace,175.19,0.045
O001403,2024-04-25,East,Mobile App,97.63,0.026
O001404,2025-01-01,Central,Marketplace,106.99,0.045
O001405,2024-07-05,South,Mobile App,82.39,0.026
O001406,2025-07-11,South,Website,93.69,0.021
O001407,2025-02-15,Central,Website,108.04,0.021
O001408,2025-08-21,West,Mobile App,84.73,0.026
O001409,2024-12-30,North,Mobile App,117.26,0.026
O001410,2025-03-16,West,Marketplace,78.21,0.045
O001411,2025-01-12,North,Marketplace,149.77,0.045
O001412,2025-02-10,Central,Website,176.57,0.021
O001413,2025-06-06,South,Marketplace,168.5,0.045
O001414,2025-12-27,West,Website,102.93,0.021
O001415,2025-12-28,South,Mobile App,144.58,0.026
O001416,2025-10-24,West,Website,109.84,0.021
O001417,2024-01-21,North,Mobile App,124.09,0.026
O001418,2024-08-09,North,Marketplace,130.08,0.045
O001419,2024-07-20,Central,Marketplace,50.77,0.045
O001420,2025-11-10,South,Website,104.57,0.021
O001421,2025-02-08,South,Website,106.0,0.021
O001422,2025-06-12,South,Marketplace,61.56,0.045
O001423,2024-08-25,North,Marketplace,93.34,0.045
O001424,2024-01-17,East,Marketplace,121.62,0.045
O001425,2024-01-03,West,Mobile App,60.79,0.026
O001426,2024-04-20,West,Website,139.01,0.021
O001427,2025-02-13,South,Mobile App,119.15,0.026
O001428,2024-12-09,East,Website,167.49,0.021
O001429,2025-05-27,North,Marketplace,81.43,0.045
O001430,2025-12-21,Central,Website,105.21,0.021
O001431,2025-12-10,West,Mobile App,135.66,0.026
O001432,2024-12-09,South,Website,64.38,0.021
O001433,2024-10-27,South,Website,147.46,0.021
O001434,2024-05-05,North,Website,88.2,0.021
O001435,2025-07-13,Central,Mobile App,73.29,0.026
O001436,2025-03-22,East,Mobile App,87.03,0.026
O001437,2024-05-10,West,Website,62.75,0.021
O001438,2025-05-05,East,Marketplace,156.84,0.045
O001439,2025-02-21,North,Website,68.8,0.021
O001440,2024-09-22,North,Website,156.47,0.021
O001441,2024-02-28,South,Website,173.21,0.021
O001442,2025-03-22,East,Marketplace,89.13,0.045
O001443,2024-08-12,North,Mobile App,107.79,0.026
O001444,2025-04-19,West,Marketplace,133.71,0.045
O001445,2024-06-24,Central,Mobile App,164.31,0.026
O001446,2025-05-08,Central,Marketplace,151.33,0.045
O001447,2024-10-13,North,Mobile App,116.14,0.026
O001448,2025-05-09,Central,Website,59.48,0.021
O001449,2024-06-06,West,Marketplace,142.41,0.045
O001450,2024-04-18,East,Marketplace,172.87,0.045
O001451,2024-09-25,East,Website,65.82,0.021
O001452,2024-12-26,Central,Marketplace,166.73,0.045
O001453,2025-07-23,North,Website,114.14,0.021
O001454,2025-02-15,South,Marketplace,145.58,0.045
O001455,2025-02-03,South,Marketplace,65.85,0.045
O001456,2025-07-24,North,Mobile App,90.53,0.026
O001457,2025-08-29,Central,Website,97.62,0.021
O001458,2024-05-07,South,Website,79.51,0.021
O001459,2024-10-08,South,Mobile App,142.27,0.026
O001460,2025-08-24,East,Marketplace,110.84,0.045
O001461,2024-08-29,East,Website,81.0,0.021
O001462,2025-02-24,Central,Marketplace,97.64,0.045
O001463,2025-07-05,West,Marketplace,152.59,0.045
O001464,2025-05-12,South,Website,70.12,0.021
O001465,2025-01-23,East,Marketplace,71.73,0.045
O001466,2024-07-29,North,Website,69.95,0.021
O001467,2024-08-05,North,Marketplace,164.09,0.045
O001468,2025-09-09,South,Website,103.66,0.021
O001469,2024-04-17,North,Marketplace,117.95,0.045
O001470,2025-10-12,South,Mobile App,116.5,0.026
O001471,2025-03-17,East,Website,83.84,0.021
O001472,2025-12-01,West,Mobile App,159.34,0.026
O001473,2024-08-07,South,Marketplace,109.07,0.045
O001474,2024-02-29,North,Mobile App,126.78,0.026
O001475,2025-11-03,West,Mobile App,110.73,0.026
O001476,2024-05-19,South,Mobile App,50.09,0.026
O001477,2025-07-03,South,Marketplace,167.88,0.045
O001478,2025-04-26,East,Marketplace,131.41,0.045
O001479,2024-08-18,North,Marketplace,113.61,0.045
O001480,2025-07-03,West,Mobile App,77.89,0.026
O001481,2024-06-09,Central,Marketplace,67.25,0.045
O001482,2024-03-12,East,Website,139.0,0.021
O001483,2025-05-30,West,Website,146.16,0.021
O001484,2025-10-03,West,Website,77.09,0.021
O001485,2025-01-30,East,Marketplace,114.45,0.045
O001486,2024-11-26,West,Marketplace,121.76,0.045
O001487,2024-05-30,North,Marketplace,58.12,0.045
O001488,2024-01-19,West,Marketplace,140.59,0.045
O001489,2024-12-23,Central,Mobile App,86.38,0.026
O001490,2024-05-28,North,Marketplace,71.7,0.045
O001491,2025-05-20,South,Marketplace,91.85,0.045
O001492,2025-04-08,North,Marketplace,80.15,0.045
O001493,2025-07-09,South,Mobile App,54.97,0.026
O001494,2025-07-30,Central,Website,54.62,0.021
O001495,2024-07-16,North,Website,53.88,0.021
O001496,2024-07-28,North,Mobile App,71.41,0.026
O001497,2025-10-20,North,Marketplace,179.05,0.045
O001498,2025-09-18,North,Marketplace,94.54,0.045
O001499,2024-06-21,East,Marketplace,78.32,0.045
O001500,2024-01-01,North,Marketplace,81.93,0.045
O001501,2025-08-06,South,Mobile App,148.18,0.026
O001502,2024-08-06,South,Marketplace,118.45,0.045
O001503,2025-06-25,North,Marketplace,107.04,0.045
O001504,2025-07-06,East,Mobile App,102.87,0.026
O001505,2025-01-29,Central,Mobile App,175.15,0.026
O001506,2024-09-27,North,Marketplace,90.2,0.045
O001507,2025-02-28,West,Website,79.9,0.021
O001508,2024-12-09,North,Marketplace,54.13,0.045
O001509,2025-12-21,North,Marketplace,81.84,0.045
O001510,2025-07-07,West,Mobile App,179.88,0.026
O001511,2024-12-03,Central,Marketplace,132.14,0.045
O001512,2024-04-10,West,Mobile App,101.11,0.026
O001513,2025-09-02,Central,Marketplace,132.01,0.045
O001514,2024-10-13,North,Website,51.55,0.021
O001515,2024-04-11,North,Marketplace,168.32,0.045
O001516,2025-05-14,Central,Marketplace,159.69,0.045
O001517,2025-11-17,Central,Website,154.21,0.021
O001518,2025-07-22,South,Website,168.99,0.021
O001519,2025-02-28,South,Website,139.68,0.021
O001520,2024-04-05,Central,Marketplace,86.53,0.045
O001521,2025-03-06,West,Website,89.4,0.021
O001522,2024-05-21,South,Mobile App,72.8,0.026
O001523,2024-11-13,North,Marketplace,69.45,0.045
O001524,2025-02-11,Central,Mobile App,74.56,0.026
O001525,2025-12-03,West,Mobile App,128.67,0.026
O001526,2024-04-09,South,Mobile App,134.85,0.026
O001527,2024-07-07,South,Marketplace,148.41,0.045
O001528,2025-10-13,West,Mobile App,62.34,0.026
O001529,2024-09-28,North,Website,114.36,0.021
O001530,2025-09-23,East,Marketplace,129.02,0.045
O001531,2024-08-17,North,Mobile App,108.49,0.026
O001532,2024-12-15,Central,Website,128.83,0.021
O001533,2025-10-28,West,Marketplace,114.56,0.045
O001534,2025-09-07,Central,Marketplace,66.56,0.045
O001535,2024-02-26,East,Mobile App,112.58,0.026
O001536,2024-06-15,South,Mobile App,174.65,0.026
O001537,2025-03-06,South,Marketplace,167.48,0.045
O001538,2024-08-26,North,Website,169.41,0.021
O001539,2025-10-16,West,Mobile App,50.72,0.026
O001540,2025-07-16,East,Marketplace,103.62,0.045
O001541,2024-06-11,Central,Website,149.25,0.021
O001542,2025-01-24,South,Marketplace,170.29,0.045
O001543,2024-04-17,North,Website,82.77,0.021
O001544,2025-10-18,East,Marketplace,154.04,0.045
O001545,2024-02-23,North,Mobile App,68.4,0.026
O001546,2025-03-13,West,Marketplace,67.34,0.045
O001547,2025-03-26,Central,Marketplace,92.38,0.045
O001548,2024-11-22,West,Marketplace,167.2,0.045
O001549,2024-05-22,Central,Mobile App,159.57,0.026
O001550,2024-07-03,North,Marketplace,171.99,0.045
O001551,2025-08-16,West,Website,168.51,0.021
O001552,2025-09-25,East,Marketplace,115.14,0.045
O001553,2024-12-19,North,Marketplace,58.51,0.045
O001554,2024-06-14,West,Marketplace,59.98,0.045
O001555,2024-09-17,Central,Website,151.92,0.021
O001556,2025-02-09,Central,Website,151.06,0.021
O001557,2024-02-05,West,Mobile App,104.75,0.026
O001558,2024-08-24,West,Marketplace,156.41,0.045
O001559,2025-11-02,Central,Marketplace,97.92,0.045
O001560,2025-09-11,South,Mobile App,55.19,0.026
O001561,2025-10-11,South,Website,94.45,0.021
O001562,2024-10-17,North,Marketplace,97.55,0.045
O001563,2024-10-05,West,Marketplace,154.8,0.045
O001564,2024-01-13,East,Mobile App,71.0,0.026
O001565,2024-01-06,North,Marketplace,146.33,0.045
O001566,2024-03-09,Central,Website,95.65,0.021
O001567,2024-06-08,South,Marketplace,85.63,0.045
O001568,2025-11-08,East,Website,103.52,0.021
O001569,2024-05-05,South,Marketplace,144.58,0.045
O001570,2024-12-19,West,Marketplace,173.8,0.045
O001571,2025-02-07,West,Mobile App,74.43,0.026
O001572,2024-01-22,Central,Mobile App,113.98,0.026
O001573,2024-09-19,South,Marketplace,107.92,0.045
O001574,2025-11-24,Central,Website,104.78,0.021
O001575,2025-12-21,West,Website,165.65,0.021
O001576,2025-07-28,East,Mobile App,116.3,0.026
O001577,2024-02-14,Central,Marketplace,142.38,0.045
O001578,2024-01-07,South,Marketplace,133.17,0.045
O001579,2024-08-22,East,Website,75.05,0.021
O001580,2024-03-16,West,Website,81.5,0.021
O001581,2025-08-29,South,Marketplace,60.32,0.045
O001582,2024-05-23,West,Mobile App,165.72,0.026
O001583,2024-10-19,Central,Marketplace,124.77,0.045
O001584,2025-12-06,East,Website,143.14,0.021
O001585,2024-11-10,North,Marketplace,151.92,0.045
O001586,2025-04-04,North,Mobile App,59.06,0.026
O001587,2025-09-29,Central,Website,146.86,0.021
O001588,2025-02-27,West,Marketplace,161.27,0.045
O001589,2025-08-11,North,Website,136.69,0.021
O001590,2025-11-20,East,Website,156.17,0.021
O001591,2025-01-31,Central,Website,92.88,0.021
O001592,2024-10-02,Central,Website,66.01,0.021
O001593,2024-05-07,East,Marketplace,70.48,0.045
O001594,2024-07-06,West,Marketplace,128.54,0.045
O001595,2024-02-27,East,Mobile App,140.89,0.026
O001596,2025-01-27,Central,Website,82.89,0.021
O001597,2025-09-26,South,Marketplace,132.64,0.045
O001598,2024-08-02,North,Mobile App,177.87,0.026
O001599,2024-12-22,Central,Mobile App,179.62,0.026
O001600,2024-06-25,East,Mobile App,179.22,0.026
O001601,2024-09-27,Central,Website,89.43,0.021
O001602,2025-10-02,North,Marketplace,153.88,0.045
O001603,2024-11-10,South,Website,49.07,0.021
O001604,2024-09-08,Central,Website,82.36,0.021
O001605,2024-10-09,East,Mobile App,82.71,0.026
O001606,2025-12-20,East,Marketplace,78.66,0.045
O001607,2024-05-09,West,Mobile App,108.64,0.026
O001608,2024-02-19,North,Website,98.22,0.021
O001609,2025-12-30,South,Mobile App,114.72,0.026
O001610,2024-12-25,West,Website,105.39,0.021
O001611,2024-08-31,South,Marketplace,128.76,0.045
O001612,2025-07-25,West,Marketplace,173.41,0.045
O001613,2025-04-05,East,Marketplace,149.05,0.045
O001614,2024-06-24,Central,Marketplace,68.35,0.045
O001615,2024-11-13,West,Website,170.41,0.021
O001616,2024-02-07,East,Website,100.98,0.021
O001617,2024-06-27,Central,Mobile App,160.13,0.026
O001618,2024-01-08,West,Website,161.12,0.021
O001619,2024-08-05,East,Marketplace,164.35,0.045
O001620,2024-04-07,South,Marketplace,135.58,0.045
O001621,2024-07-08,North,Marketplace,145.11,0.045
O001622,2024-12-30,North,Website,142.29,0.021
O001623,2024-04-17,North,Mobile App,71.73,0.026
O001624,2024-09-29,Central,Mobile App,148.78,0.026
O001625,2025-07-15,West,Website,151.0,0.021
O001626,2024-10-16,North,Website,103.85,0.021
O001627,2025-09-08,North,Mobile App,173.33,0.026
O001628,2024-05-13,West,Marketplace,142.86,0.045
O001629,2024-02-05,Central,Website,124.52,0.021
O001630,2024-12-12,East,Mobile App,169.68,0.026
O001631,2024-03-25,East,Marketplace,131.76,0.045
O001632,2024-03-30,Central,Website,123.13,0.021
O001633,2025-10-09,East,Website,158.55,0.021
O001634,2024-08-07,North,Mobile App,139.58,0.026
O001635,2024-05-07,South,Marketplace,76.24,0.045
O001636,2024-05-23,South,Website,146.63,0.021
O001637,2025-05-17,Central,Marketplace,114.82,0.045
O001638,2025-06-04,North,Website,100.51,0.021
O001639,2024-07-28,North,Marketplace,57.72,0.045
O001640,2025-02-06,North,Mobile App,158.9,0.026
O001641,2025-03-31,Central,Mobile App,107.27,0.026
O001642,2025-03-30,Central,Website,138.73,0.021
O001643,2025-09-07,East,Website,90.36,0.021
O001644,2025-09-30,South,Mobile App,113.22,0.026
O001645,2025-06-05,North,Mobile App,104.46,0.026
O001646,2025-08-08,West,Marketplace,174.45,0.045
O001647,2025-12-16,West,Marketplace,149.69,0.045
O001648,2024-12-22,Central,Marketplace,71.63,0.045
O001649,2025-05-12,North,Website,72.84,0.021
O001650,2025-02-18,West,Marketplace,150.72,0.045
O001651,2025-02-04,Central,Marketplace,123.96,0.045
O001652,2024-05-24,North,Marketplace,115.65,0.045
O001653,2025-10-23,West,Website,102.87,0.021
O001654,2025-05-08,Central,Website,74.25,0.021
O001655,2025-07-29,North,Marketplace,113.18,0.045
O001656,2025-01-29,North,Mobile App,135.01,0.026
O001657,2025-01-18,South,Marketplace,86.44,0.045
O001658,2025-12-15,Central,Website,80.21,0.021
O001659,2024-07-12,Central,Marketplace,155.66,0.045
O001660,2025-04-16,West,Mobile App,53.67,0.026
O001661,2024-10-14,North,Website,111.72,0.021
O001662,2025-11-19,Central,Marketplace,57.11,0.045
O001663,2024-11-15,East,Marketplace,146.53,0.045
O001664,2025-07-07,North,Website,168.08,0.021
O001665,2024-10-02,West,Marketplace,52.37,0.045
O001666,2024-12-20,West,Mobile App,124.39,0.026
O001667,2024-09-28,West,Website,60.22,0.021
O001668,2024-01-19,West,Website,114.22,0.021
O001669,2024-10-20,East,Website,87.8,0.021
O001670,2024-07-25,North,Website,155.11,0.021
O001671,2025-01-19,North,Website,100.06,0.021
O001672,2024-09-25,North,Marketplace,114.07,0.045
O001673,2025-09-16,South,Marketplace,167.59,0.045
O001674,2024-02-19,East,Website,87.16,0.021
O001675,2024-08-13,Central,Marketplace,178.13,0.045
O001676,2025-07-03,Central,Website,145.31,0.021
O001677,2025-05-03,East,Marketplace,98.57,0.045
O001678,2024-10-04,East,Mobile App,174.07,0.026
O001679,2024-08-02,West,Website,90.43,0.021
O001680,2024-05-02,South,Marketplace,82.49,0.045
O001681,2025-07-22,East,Marketplace,173.03,0.045
O001682,2024-04-29,East,Website,74.35,0.021
O001683,2025-07-22,West,Mobile App,126.81,0.026
O001684,2025-06-29,South,Marketplace,128.04,0.045
O001685,2025-09-10,South,Mobile App,172.39,0.026
O001686,2024-08-11,South,Mobile App,127.2,0.026
O001687,2024-07-05,North,Website,67.78,0.021
O001688,2024-07-12,West,Website,73.04,0.021
O001689,2024-11-10,North,Website,121.71,0.021
O001690,2025-08-18,East,Mobile App,155.24,0.026
O001691,2024-01-03,North,Website,163.44,0.021
O001692,2024-07-06,North,Marketplace,78.61,0.045
O001693,2025-09-12,East,Marketplace,66.0,0.045
O001694,2025-11-22,East,Website,90.14,0.021
O001695,2025-11-07,East,Mobile App,128.74,0.026
O001696,2024-04-01,Central,Website,51.7,0.021
O001697,2024-05-25,North,Website,146.28,0.021
O001698,2024-08-10,South,Mobile App,67.34,0.026
O001699,2025-07-21,East,Website,81.43,0.021
O001700,2024-06-17,West,Marketplace,141.11,0.045
O001701,2024-11-21,Central,Website,80.18,0.021
O001702,2024-12-21,East,Website,118.91,0.021
O001703,2024-11-25,Central,Marketplace,163.23,0.045
O001704,2024-05-03,East,Mobile App,117.89,0.026
O001705,2024-12-31,Central,Marketplace,150.28,0.045
O001706,2024-01-04,East,Marketplace,146.55,0.045
O001707,2025-10-28,West,Marketplace,105.58,0.045
O001708,2025-01-29,South,Marketplace,51.86,0.045
O001709,2025-01-18,North,Mobile App,100.58,0.026
O001710,2025-10-26,South,Website,137.48,0.021
O001711,2024-04-20,North,Mobile App,78.12,0.026
O001712,2024-01-28,North,Marketplace,108.6,0.045
O001713,2024-10-05,East,Mobile App,83.93,0.026
O001714,2024-12-27,East,Marketplace,163.65,0.045
O001715,2025-06-21,North,Website,60.84,0.021
O001716,2024-09-21,Central,Mobile App,125.82,0.026
O001717,2025-02-20,North,Mobile App,90.48,0.026
O001718,2024-02-18,South,Marketplace,139.31,0.045
O001719,2025-03-22,East,Website,50.05,0.021
O001720,2025-06-13,South,Website,140.08,0.021
O001721,2025-07-31,West,Mobile App,167.06,0.026
O001722,2024-12-23,East,Website,149.34,0.021
O001723,2025-07-19,Central,Marketplace,99.42,0.045
O001724,2024-11-04,North,Marketplace,121.13,0.045
O001725,2024-05-04,West,Website,103.55,0.021
O001726,2024-02-05,North,Website,52.82,0.021
O001727,2024-07-23,Central,Website,168.66,0.021
O001728,2024-09-09,West,Mobile App,63.18,0.026
O001729,2024-12-31,South,Website,138.91,0.021
O001730,2024-09-23,West,Marketplace,156.64,0.045
O001731,2024-06-16,West,Mobile App,128.29,0.026
O001732,2025-04-14,West,Marketplace,163.06,0.045
O001733,2025-10-07,South,Mobile App,75.03,0.026
O001734,2024-04-27,East,Marketplace,51.73,0.045
O001735,2024-10-23,East,Mobile App,107.88,0.026
O001736,2024-08-12,North,Website,172.62,0.021
O001737,2024-07-06,East,Website,91.4,0.021
O001738,2025-07-09,Central,Website,150.68,0.021
O001739,2025-04-22,Central,Mobile App,148.48,0.026
O001740,2024-03-22,East,Website,126.67,0.021
O001741,2025-10-05,South,Marketplace,64.5,0.045
O001742,2024-03-14,South,Website,56.69,0.021
O001743,2024-12-13,West,Website,159.55,0.021
O001744,2025-05-18,Central,Marketplace,70.38,0.045
O001745,2025-02-11,North,Marketplace,158.09,0.045
O001746,2024-10-24,West,Website,80.24,0.021
O001747,2025-09-25,East,Website,101.16,0.021
O001748,2025-07-29,North,Marketplace,134.97,0.045
O001749,2024-11-14,West,Mobile App,82.51,0.026
O001750,2025-03-29,East,Website,54.87,0.021
O001751,2024-09-05,North,Website,144.56,0.021
O001752,2024-09-02,West,Mobile App,78.33,0.026
O001753,2024-06-14,West,Marketplace,129.02,0.045
O001754,2024-03-15,West,Marketplace,110.08,0.045
O001755,2025-08-09,North,Website,128.75,0.021
O001756,2025-04-08,South,Marketplace,69.52,0.045
O001757,2024-05-03,West,Marketplace,63.03,0.045
O001758,2025-05-26,North,Website,99.2,0.021
O001759,2024-10-28,East,Marketplace,56.31,0.045
O001760,2024-03-23,West,Website,160.68,0.021
O001761,2025-10-03,Central,Marketplace,79.14,0.045
O001762,2024-10-26,North,Mobile App,64.77,0.026
O001763,2024-02-25,South,Mobile App,142.1,0.026
O001764,2025-12-06,Central,Mobile App,144.31,0.026
O001765,2025-01-21,East,Mobile App,108.71,0.026
O001766,2025-03-13,South,Marketplace,163.47,0.045
O001767,2024-07-01,West,Mobile App,133.75,0.026
O001768,2024-03-13,Central,Mobile App,98.05,0.026
O001769,2025-08-01,South,Marketplace,179.73,0.045
O001770,2025-01-12,South,Marketplace,163.07,0.045
O001771,2025-08-15,West,Marketplace,59.36,0.045
O001772,2024-11-18,East,Marketplace,145.12,0.045
O001773,2025-09-18,Central,Website,60.98,0.021
O001774,2025-03-22,Central,Marketplace,105.11,0.045
O001775,2025-04-13,East,Website,99.3,0.021
O001776,2025-12-01,South,Website,124.36,0.021
O001777,2024-12-18,South,Website,85.58,0.021
O001778,2024-05-25,South,Mobile App,100.67,0.026
O001779,2025-05-19,South,Marketplace,81.52,0.045
O001780,2025-04-16,North,Mobile App,138.34,0.026
O001781,2024-06-15,North,Website,89.85,0.021
O001782,2025-09-30,West,Marketplace,130.82,0.045
O001783,2025-02-10,Central,Marketplace,84.75,0.045
O001784,2024-02-25,South,Marketplace,107.41,0.045
O001785,2025-05-20,Central,Website,101.56,0.021
O001786,2025-03-15,West,Marketplace,85.94,0.045
O001787,2025-09-20,South,Website,69.7,0.021
O001788,2024-07-02,South,Marketplace,127.11,0.045
O001789,2025-03-24,West,Website,88.51,0.021
O001790,2024-05-29,West,Mobile App,158.67,0.026
O001791,2025-08-24,Central,Website,152.15,0.021
O001792,2025-09-22,North,Mobile App,57.03,0.026
O001793,2024-12-23,West,Mobile App,114.03,0.026
O001794,2025-08-04,Central,Mobile App,66.79,0.026
O001795,2024-06-03,West,Marketplace,159.58,0.045
O001796,2025-10-25,Central,Website,50.53,0.021
O001797,2025-03-03,South,Website,110.18,0.021
O001798,2025-07-30,West,Marketplace,104.07,0.045
O001799,2024-08-11,East,Mobile App,115.58,0.026
O001800,2024-04-16,West,Marketplace,101.25,0.045
O001801,2024-09-08,West,Website,58.99,0.021
O001802,2025-12-09,South,Website,105.24,0.021
O001803,2025-05-05,East,Website,178.63,0.021
O001804,2024-03-02,East,Website,149.33,0.021
O001805,2025-11-09,West,Marketplace,111.62,0.045
O001806,2024-08-13,North,Website,112.29,0.021
O001807,2024-10-12,East,Website,108.65,0.021
O001808,2025-07-06,East,Marketplace,93.17,0.045
O001809,2025-01-14,West,Marketplace,153.66,0.045
O001810,2025-07-08,East,Marketplace,103.27,0.045
O001811,2024-07-31,North,Marketplace,122.72,0.045
O001812,2025-02-18,Central,Mobile App,150.89,0.026
O001813,2024-05-25,East,Website,122.16,0.021
O001814,2025-03-20,South,Website,131.73,0.021
O001815,2025-06-07,Central,Mobile App,178.31,0.026
O001816,2024-12-05,East,Marketplace,149.53,0.045
O001817,2025-05-01,South,Website,106.08,0.021
O001818,2025-02-15,West,Mobile App,117.01,0.026
O001819,2024-08-22,East,Mobile App,85.62,0.026
O001820,2024-07-21,East,Mobile App,80.88,0.026
O001821,2024-12-17,West,Mobile App,169.73,0.026
O001822,2024-01-18,East,Mobile App,97.59,0.026
O001823,2024-05-12,South,Website,59.36,0.021
O001824,2025-05-12,Central,Website,170.65,0.021
O001825,2025-10-27,North,Marketplace,137.34,0.045
O001826,2024-05-24,Central,Website,87.19,0.021
O001827,2025-12-22,East,Mobile App,89.04,0.026
O001828,2025-04-15,South,Marketplace,80.01,0.045
O001829,2025-08-01,Central,Marketplace,158.23,0.045
O001830,2024-09-15,West,Marketplace,148.02,0.045
O001831,2024-03-14,East,Website,114.74,0.021
O001832,2025-03-28,East,Website,178.37,0.021
O001833,2024-09-14,Central,Marketplace,172.43,0.045
O001834,2025-11-08,South,Mobile App,164.13,0.026
O001835,2025-03-24,West,Marketplace,101.64,0.045
O001836,2025-08-02,West,Website,165.2,0.021
O001837,2024-04-02,East,Marketplace,137.34,0.045
O001838,2025-05-30,East,Website,87.93,0.021
O001839,2025-03-20,West,Marketplace,95.21,0.045
O001840,2024-06-06,West,Marketplace,108.74,0.045
O001841,2024-11-19,Central,Marketplace,100.1,0.045
O001842,2025-09-14,Central,Website,131.01,0.021
O001843,2024-05-28,South,Marketplace,63.73,0.045
O001844,2025-08-17,South,Marketplace,125.98,0.045
O001845,2024-12-15,West,Mobile App,150.96,0.026
O001846,2025-02-25,East,Mobile App,142.21,0.026
O001847,2024-02-04,Central,Mobile App,70.0,0.026
O001848,2025-08-23,Central,Mobile App,145.38,0.026
O001849,2025-08-26,Central,Marketplace,133.62,0.045
O001850,2024-02-06,South,Mobile App,151.04,0.026
O001851,2025-11-06,West,Marketplace,70.46,0.045
O001852,2024-03-15,West,Website,105.35,0.021
O001853,2025-10-26,East,Website,115.03,0.021
O001854,2024-01-18,North,Website,160.29,0.021
O001855,2025-12-02,West,Marketplace,136.23,0.045
O001856,2025-06-22,Central,Website,117.88,0.021
O001857,2025-07-01,North,Website,178.7,0.021
O001858,2025-10-14,South,Mobile App,132.07,0.026
O001859,2025-04-09,North,Website,101.98,0.021
O001860,2025-03-20,South,Marketplace,107.75,0.045
O001861,2024-08-17,South,Website,62.78,0.021
O001862,2025-04-05,North,Website,103.91,0.021
O001863,2024-05-26,West,Marketplace,128.16,0.045
O001864,2025-05-09,North,Mobile App,132.34,0.026
O001865,2024-08-02,East,Mobile App,70.1,0.026
O001866,2025-03-25,South,Website,56.63,0.021
O001867,2025-10-06,South,Website,101.04,0.021
O001868,2024-09-21,East,Marketplace,123.19,0.045
O001869,2024-03-20,South,Marketplace,95.34,0.045
O001870,2024-06-15,Central,Marketplace,171.33,0.045
O001871,2025-10-25,North,Website,178.56,0.021
O001872,2025-01-09,West,Marketplace,107.18,0.045
O001873,2025-06-24,West,Website,76.11,0.021
O001874,2024-08-23,East,Marketplace,146.27,0.045
O001875,2025-08-17,East,Mobile App,101.28,0.026
O001876,2024-06-30,East,Marketplace,105.27,0.045
O001877,2025-12-07,North,Website,102.51,0.021
O001878,2025-06-15,East,Website,156.3,0.021
O001879,2024-01-23,South,Mobile App,59.9,0.026
O001880,2024-07-11,North,Marketplace,68.99,0.045
O001881,2024-12-01,East,Mobile App,81.6,0.026
O001882,2024-11-25,South,Mobile App,105.84,0.026
O001883,2025-06-14,West,Mobile App,91.68,0.026
O001884,2024-06-05,South,Marketplace,129.03,0.045
O001885,2024-04-05,North,Website,90.31,0.021
O001886,2024-11-13,East,Marketplace,99.9,0.045
O001887,2025-03-28,South,Website,165.65,0.021
O001888,2024-06-30,West,Website,55.44,0.021
O001889,2024-05-25,South,Marketplace,150.87,0.045
O001890,2024-03-06,East,Mobile App,142.51,0.026
O001891,2024-01-14,Central,Mobile App,171.26,0.026
O001892,2024-08-14,East,Website,65.58,0.021
O001893,2025-10-17,Central,Mobile App,61.09,0.026
O001894,2025-03-19,South,Marketplace,56.47,0.045
O001895,2024-04-25,West,Mobile App,91.28,0.026
O001896,2024-11-26,East,Website,72.78,0.021
O001897,2024-05-22,South,Website,97.4,0.021
O001898,2024-04-10,East,Mobile App,123.03,0.026
O001899,2025-10-11,North,Marketplace,72.07,0.045
O001900,2024-07-07,North,Marketplace,51.67,0.045
O001901,2025-06-02,Central,Website,166.58,0.021
O001902,2024-10-28,South,Marketplace,84.11,0.045
O001903,2024-06-04,South,Marketplace,94.44,0.045
O001904,2024-01-28,South,Website,142.69,0.021
O001905,2025-09-20,East,Mobile App,49.2,0.026
O001906,2024-01-30,West,Website,141.03,0.021
O001907,2025-04-18,South,Website,165.25,0.021
O001908,2024-01-31,North,Website,58.48,0.021
O001909,2024-12-16,North,Marketplace,151.45,0.045
O001910,2025-08-31,Central,Website,132.59,0.021
O001911,2024-04-24,North,Marketplace,150.92,0.045
O001912,2024-09-12,North,Website,100.11,0.021
O001913,2024-05-01,South,Website,71.29,0.021
O001914,2025-08-19,North,Marketplace,160.33,0.045
O001915,2024-12-24,South,Website,91.19,0.021
O001916,2024-10-11,East,Website,158.77,0.021
O001917,2025-05-16,East,Website,126.25,0.021
O001918,2025-03-09,South,Marketplace,87.29,0.045
O001919,2024-10-12,East,Website,131.74,0.021
O001920,2025-06-01,East,Website,162.41,0.021
O001921,2025-03-02,South,Website,133.95,0.021
O001922,2024-09-10,East,Website,110.54,0.021
O001923,2024-03-28,East,Marketplace,82.38,0.045
O001924,2025-05-06,West,Marketplace,159.85,0.045
O001925,2024-06-08,West,Website,157.15,0.021
O001926,2025-11-02,West,Marketplace,109.47,0.045
O001927,2025-10-07,South,Website,157.07,0.021
O001928,2025-11-03,West,Mobile App,162.71,0.026
O001929,2025-03-26,Central,Website,51.82,0.021
O001930,2025-12-31,South,Mobile App,173.7,0.026
O001931,2025-08-11,North,Mobile App,159.8,0.026
O001932,2024-04-05,Central,Marketplace,58.08,0.045
O001933,2025-06-02,Central,Marketplace,170.9,0.045
O001934,2025-10-05,North,Marketplace,67.77,0.045
O001935,2024-01-11,East,Website,81.14,0.021
O001936,2024-09-05,Central,Website,101.61,0.021
O001937,2024-10-14,North,Website,135.93,0.021
O001938,2024-08-05,Central,Marketplace,66.44,0.045
O001939,2025-11-15,East,Mobile App,157.67,0.026
O001940,2025-04-13,South,Website,132.56,0.021
O001941,2025-08-20,East,Website,127.9,0.021
O001942,2025-06-21,East,Website,154.43,0.021
O001943,2024-10-11,North,Website,123.66,0.021
O001944,2024-05-17,Central,Marketplace,165.91,0.045
O001945,2024-03-07,West,Mobile App,161.21,0.026
O001946,2025-10-23,South,Mobile App,173.34,0.026
O001947,2025-08-16,East,Mobile App,147.59,0.026
O001948,2024-03-28,East,Mobile App,163.48,0.026
O001949,2025-05-20,West,Website,137.48,0.021
O001950,2025-12-18,West,Marketplace,76.22,0.045
O001951,2024-01-21,North,Website,108.2,0.021
O001952,2024-08-09,East,Marketplace,91.59,0.045
O001953,2024-12-02,Central,Marketplace,67.35,0.045
O001954,2024-10-25,West,Marketplace,152.21,0.045
O001955,2024-02-09,East,Marketplace,81.44,0.045
O001956,2024-03-21,South,Mobile App,148.08,0.026
O001957,2024-02-11,Central,Website,164.34,0.021
O001958,2025-08-16,West,Website,169.33,0.021
O001959,2024-03-31,Central,Website,152.81,0.021
O001960,2024-05-28,North,Mobile App,113.29,0.026
O001961,2025-01-15,North,Marketplace,173.96,0.045
O001962,2025-10-26,West,Website,51.77,0.021
O001963,2024-05-03,South,Website,86.51,0.021
O001964,2025-05-01,South,Mobile App,97.93,0.026
O001965,2024-05-25,East,Mobile App,153.03,0.026
O001966,2024-03-30,South,Website,94.86,0.021
O001967,2025-12-30,South,Mobile App,121.34,0.026
O001968,2024-07-04,East,Mobile App,177.83,0.026
O001969,2024-06-17,East,Website,159.48,0.021
O001970,2024-08-30,West,Website,117.99,0.021
O001971,2025-12-01,West,Marketplace,128.09,0.045
O001972,2024-08-11,Central,Website,125.91,0.021
O001973,2024-05-04,South,Website,114.01,0.021
O001974,2025-08-04,East,Website,140.8,0.021
O001975,2024-10-31,Central,Website,125.29,0.021
O001976,2025-12-06,West,Marketplace,65.32,0.045
O001977,2025-09-16,West,Marketplace,175.16,0.045
O001978,2024-09-17,South,Marketplace,143.26,0.045
O001979,2024-03-25,South,Marketplace,127.5,0.045
O001980,2024-08-09,South,Website,133.17,0.021
O001981,2025-10-16,South,Mobile App,90.97,0.026
O001982,2024-08-15,North,Marketplace,111.25,0.045
O001983,2025-01-15,North,Website,112.9,0.021
O001984,2024-08-14,South,Marketplace,74.84,0.045
O001985,2025-09-24,Central,Website,57.7,0.021
O001986,2024-07-21,Central,Marketplace,159.04,0.045
O001987,2025-11-04,Central,Mobile App,152.48,0.026
O001988,2025-12-28,East,Mobile App,148.32,0.026
O001989,2024-05-20,West,Website,149.36,0.021
O001990,2024-12-05,Central,Website,60.55,0.021
O001991,2024-02-22,South,Marketplace,175.16,0.045
O001992,2024-06-25,North,Mobile App,96.47,0.026
O001993,2025-09-07,North,Website,57.54,0.021
O001994,2024-05-06,West,Mobile App,62.23,0.026
O001995,2025-03-25,West,Marketplace,141.76,0.045
O001996,2025-03-16,Central,Website,58.99,0.021
O001997,2025-07-16,North,Website,111.46,0.021
O001998,2024-08-23,Central,Mobile App,75.97,0.026
O001999,2025-03-24,West,Mobile App,134.64,0.026
O002000,2025-06-09,North,Marketplace,156.81,0.045
O002001,2025-10-28,East,Website,83.94,0.021
O002002,2024-10-20,East,Marketplace,83.89,0.045
O002003,2024-11-13,South,Mobile App,133.5,0.026
O002004,2025-10-06,West,Website,125.83,0.021
O002005,2024-08-26,West,Marketplace,138.71,0.045
O002006,2025-08-01,South,Marketplace,136.03,0.045
O002007,2024-10-07,West,Marketplace,58.57,0.045
O002008,2025-04-03,North,Website,105.25,0.021
O002009,2024-11-07,East,Mobile App,150.41,0.026
O002010,2025-07-04,South,Website,129.19,0.021
O002011,2025-04-23,North,Website,97.87,0.021
O002012,2024-01-28,South,Mobile App,61.33,0.026
O002013,2024-04-12,North,Marketplace,106.24,0.045
O002014,2024-01-29,West,Website,119.38,0.021
O002015,2024-03-30,North,Marketplace,78.65,0.045
O002016,2025-04-17,North,Mobile App,54.81,0.026
O002017,2024-11-04,North,Mobile App,126.37,0.026
O002018,2024-03-31,West,Website,125.06,0.021
O002019,2025-07-16,West,Marketplace,57.51,0.045
O002020,2024-12-06,East,Mobile App,74.21,0.026
O002021,2025-11-01,Central,Mobile App,85.99,0.026
O002022,2024-05-01,North,Mobile App,160.37,0.026
O002023,2024-07-20,West,Marketplace,150.0,0.045
O002024,2025-10-24,Central,Website,167.25,0.021
O002025,2024-02-13,Central,Marketplace,112.5,0.045
O002026,2024-01-26,North,Marketplace,176.56,0.045
O002027,2024-09-23,North,Mobile App,167.8,0.026
O002028,2024-10-27,East,Marketplace,69.24,0.045
O002029,2024-05-28,South,Marketplace,119.76,0.045
O002030,2025-11-02,West,Marketplace,160.75,0.045
O002031,2025-11-13,East,Marketplace,57.11,0.045
O002032,2024-10-23,Central,Marketplace,117.16,0.045
O002033,2025-05-07,West,Website,129.87,0.021
O002034,2024-08-05,Central,Marketplace,108.31,0.045
O002035,2025-05-12,East,Marketplace,85.6,0.045
O002036,2025-01-24,East,Marketplace,123.45,0.045
O002037,2024-08-29,East,Website,175.92,0.021
O002038,2025-10-06,South,Mobile App,146.37,0.026
O002039,2025-07-24,West,Website,157.28,0.021
O002040,2024-11-24,East,Website,177.37,0.021
O002041,2024-03-21,East,Website,173.12,0.021
O002042,2024-07-16,West,Mobile App,78.01,0.026
O002043,2025-11-30,South,Marketplace,153.66,0.045
O002044,2025-04-20,Central,Mobile App,157.3,0.026
O002045,2025-02-21,East,Mobile App,156.69,0.026
O002046,2025-05-16,North,Marketplace,112.13,0.045
O002047,2024-07-24,North,Marketplace,123.91,0.045
O002048,2025-01-11,West,Mobile App,62.06,0.026
O002049,2024-10-30,South,Marketplace,60.13,0.045
O002050,2025-12-28,South,Website,105.94,0.021
O002051,2025-12-20,East,Website,72.37,0.021
O002052,2025-12-22,North,Website,129.14,0.021
O002053,2024-04-12,East,Mobile App,90.4,0.026
O002054,2024-01-16,South,Marketplace,92.41,0.045
O002055,2025-05-23,Central,Marketplace,90.72,0.045
O002056,2024-09-19,West,Mobile App,54.42,0.026
O002057,2025-01-25,South,Marketplace,147.82,0.045
O002058,2025-04-16,East,Mobile App,80.45,0.026
O002059,2024-01-15,South,Marketplace,115.39,0.045
O002060,2025-08-07,Central,Website,124.56,0.021
O002061,2024-12-03,West,Website,80.14,0.021
O002062,2024-07-31,East,Mobile App,83.77,0.026
O002063,2025-08-21,Central,Marketplace,74.78,0.045
O002064,2025-05-26,South,Website,120.12,0.021
O002065,2025-10-16,North,Website,50.73,0.021
O002066,2025-11-22,East,Marketplace,107.25,0.045
O002067,2025-12-03,North,Website,110.67,0.021
O002068,2024-12-12,East,Marketplace,142.39,0.045
O002069,2025-07-23,Central,Mobile App,139.05,0.026
O002070,2025-06-15,West,Marketplace,112.17,0.045
O002071,2024-05-26,West,Website,154.69,0.021
O002072,2024-08-15,West,Marketplace,132.88,0.045
O002073,2024-11-29,East,Marketplace,51.68,0.045
O002074,2024-10-11,South,Marketplace,99.22,0.045
O002075,2025-05-11,Central,Mobile App,99.44,0.026
O002076,2025-11-07,East,Mobile App,53.54,0.026
O002077,2024-12-10,West,Marketplace,179.89,0.045
O002078,2025-02-20,North,Marketplace,61.47,0.045
O002079,2024-07-20,East,Marketplace,151.51,0.045
O002080,2025-05-16,East,Marketplace,141.44,0.045
O002081,2025-10-02,South,Website,98.28,0.021
O002082,2025-04-23,West,Website,61.91,0.021
O002083,2025-11-02,East,Website,76.43,0.021
O002084,2024-09-03,East,Marketplace,100.73,0.045
O002085,2025-07-10,North,Marketplace,173.77,0.045
O002086,2025-05-21,South,Mobile App,166.48,0.026
O002087,2024-04-02,East,Website,127.21,0.021
O002088,2024-02-20,East,Website,105.42,0.021
O002089,2025-06-01,South,Website,163.74,0.021
O002090,2024-09-30,West,Website,120.16,0.021
O002091,2024-05-17,East,Marketplace,126.82,0.045
O002092,2025-11-28,South,Mobile App,57.98,0.026
O002093,2024-03-10,East,Website,124.37,0.021
O002094,2024-02-23,East,Marketplace,50.29,0.045
O002095,2024-02-01,South,Mobile App,177.69,0.026
O002096,2024-01-10,South,Website,145.92,0.021
O002097,2024-05-17,Central,Mobile App,134.35,0.026
O002098,2025-03-26,West,Marketplace,148.23,0.045
O002099,2024-03-16,Central,Website,132.2,0.021
O002100,2025-02-15,West,Mobile App,60.67,0.026
O002101,2024-02-25,Central,Website,176.47,0.021
O002102,2024-10-15,Central,Marketplace,165.41,0.045
O002103,2025-09-20,South,Marketplace,54.34,0.045
O002104,2025-03-22,North,Marketplace,78.56,0.045
O002105,2025-05-20,East,Marketplace,166.47,0.045
O002106,2024-09-12,South,Marketplace,68.05,0.045
O002107,2024-09-19,Central,Mobile App,58.29,0.026
O002108,2024-03-07,East,Marketplace,142.31,0.045
O002109,2024-09-20,Central,Mobile App,148.06,0.026
O002110,2024-11-24,North,Website,53.64,0.021
O002111,2025-10-08,South,Website,86.24,0.021
O002112,2025-07-30,North,Website,110.18,0.021
O002113,2024-06-18,North,Marketplace,71.27,0.045
O002114,2025-04-27,East,Marketplace,83.12,0.045
O002115,2025-02-16,South,Website,55.44,0.021
O002116,2025-05-26,West,Mobile App,69.74,0.026
O002117,2024-04-23,East,Mobile App,82.67,0.026
O002118,2024-01-20,Central,Marketplace,151.32,0.045
O002119,2025-11-10,North,Website,146.86,0.021
O002120,2025-08-03,East,Marketplace,109.53,0.045
O002121,2025-08-10,North,Marketplace,81.9,0.045
O002122,2025-07-30,East,Mobile App,64.07,0.026
O002123,2024-05-11,Central,Mobile App,77.17,0.026
O002124,2025-02-11,East,Website,141.08,0.021
O002125,2025-02-09,East,Website,69.23,0.021
O002126,2025-08-01,South,Website,178.76,0.021
O002127,2024-05-20,East,Website,124.48,0.021
O002128,2024-07-02,North,Marketplace,67.44,0.045
O002129,2024-07-31,East,Marketplace,175.33,0.045
O002130,2025-07-14,North,Marketplace,116.88,0.045
O002131,2025-11-22,Central,Website,126.65,0.021
O002132,2024-10-31,North,Marketplace,80.73,0.045
O002133,2025-08-01,East,Website,169.5,0.021
O002134,2025-11-28,Central,Mobile App,137.21,0.026
O002135,2024-02-06,Central,Mobile App,139.77,0.026
O002136,2024-04-14,East,Mobile App,158.02,0.026
O002137,2025-07-14,East,Marketplace,75.91,0.045
O002138,2024-08-28,South,Website,61.39,0.021
O002139,2024-04-13,West,Website,153.98,0.021
O002140,2025-12-02,North,Mobile App,155.17,0.026
O002141,2024-09-05,South,Marketplace,57.08,0.045
O002142,2025-12-20,North,Mobile App,51.93,0.026
O002143,2024-03-14,West,Mobile App,100.69,0.026
O002144,2025-03-02,Central,Mobile App,86.36,0.026
O002145,2025-07-31,East,Marketplace,73.01,0.045
O002146,2025-11-17,Central,Website,91.85,0.021
O002147,2024-03-27,West,Marketplace,77.98,0.045
O002148,2025-08-07,East,Marketplace,121.09,0.045
O002149,2025-10-26,West,Marketplace,131.12,0.045
O002150,2024-07-26,Central,Website,72.56,0.021
O002151,2024-03-17,South,Website,51.39,0.021
O002152,2024-03-20,Central,Marketplace,56.04,0.045
O002153,2024-12-04,West,Website,128.61,0.021
O002154,2024-02-28,North,Website,130.74,0.021
O002155,2024-12-15,East,Mobile App,55.17,0.026
O002156,2025-07-10,South,Mobile App,145.54,0.026
O002157,2024-10-10,West,Website,115.58,0.021
O002158,2024-05-10,Central,Website,134.53,0.021
O002159,2024-10-09,West,Website,83.47,0.021
O002160,2024-12-03,North,Marketplace,100.89,0.045
O002161,2024-05-21,East,Website,150.43,0.021
O002162,2025-06-06,Central,Marketplace,161.57,0.045
O002163,2024-02-03,East,Website,114.81,0.021
O002164,2025-02-13,West,Website,81.75,0.021
O002165,2024-05-09,West,Website,80.13,0.021
O002166,2025-10-31,East,Marketplace,125.28,0.045
O002167,2025-02-12,South,Mobile App,74.76,0.026
O002168,2024-08-21,South,Marketplace,120.03,0.045
O002169,2025-01-14,South,Website,115.46,0.021
O002170,2024-06-05,North,Mobile App,158.27,0.026
O002171,2024-04-16,West,Mobile App,50.78,0.026
O002172,2025-07-06,West,Mobile App,53.39,0.026
O002173,2025-10-29,West,Website,71.0,0.021
O002174,2025-01-30,Central,Mobile App,103.58,0.026
O002175,2024-01-26,South,Mobile App,173.15,0.026
O002176,2024-05-05,East,Website,95.02,0.021
O002177,2025-12-10,Central,Mobile App,179.21,0.026
O002178,2024-05-02,West,Mobile App,115.8,0.026
O002179,2024-08-11,Central,Mobile App,82.51,0.026
O002180,2024-11-30,South,Marketplace,91.44,0.045
O002181,2025-05-29,West,Marketplace,118.45,0.045
O002182,2025-10-02,Central,Website,59.59,0.021
O002183,2024-08-25,East,Mobile App,168.88,0.026
O002184,2024-11-21,South,Mobile App,88.75,0.026
O002185,2025-07-18,South,Marketplace,129.49,0.045
O002186,2025-05-01,South,Website,61.63,0.021
O002187,2025-05-23,South,Marketplace,135.41,0.045
O002188,2024-03-30,East,Website,105.34,0.021
O002189,2025-10-13,Central,Website,67.63,0.021
O002190,2024-03-06,East,Marketplace,146.15,0.045
O002191,2024-03-12,South,Website,54.85,0.021
O002192,2025-11-26,North,Mobile App,167.49,0.026
O002193,2024-03-19,South,Marketplace,62.65,0.045
O002194,2024-12-26,West,Website,117.33,0.021
O002195,2025-08-07,North,Mobile App,137.07,0.026
O002196,2025-05-19,South,Marketplace,127.88,0.045
O002197,2024-09-21,South,Mobile App,158.67,0.026
O002198,2025-07-17,West,Website,125.2,0.021
O002199,2025-09-26,East,Mobile App,84.18,0.026
O002200,2024-05-16,South,Marketplace,83.18,0.045
O002201,2024-08-08,Central,Marketplace,81.26,0.045
O002202,2025-03-23,South,Website,143.96,0.021
O002203,2025-05-26,South,Mobile App,89.92,0.026
O002204,2025-10-12,South,Marketplace,88.74,0.045
O002205,2025-12-25,Central,Mobile App,115.95,0.026
O002206,2024-02-18,South,Website,166.4,0.021
O002207,2024-03-29,East,Mobile App,162.54,0.026
O002208,2024-03-17,East,Website,166.71,0.021
O002209,2024-08-16,West,Mobile App,128.44,0.026
O002210,2025-06-07,South,Mobile App,106.56,0.026
O002211,2024-09-01,West,Mobile App,78.71,0.026
O002212,2025-03-07,East,Marketplace,59.95,0.045
O002213,2025-01-14,Central,Mobile App,62.09,0.026
O002214,2025-12-29,Central,Marketplace,157.65,0.045
O002215,2024-06-01,Central,Mobile App,178.51,0.026
O002216,2025-02-07,South,Mobile App,169.05,0.026
O002217,2024-01-16,North,Marketplace,74.53,0.045
O002218,2024-01-07,South,Mobile App,162.39,0.026
O002219,2024-09-28,South,Marketplace,135.83,0.045
O002220,2025-12-21,North,Website,149.74,0.021
O002221,2025-04-22,South,Mobile App,49.33,0.026
O002222,2024-04-03,West,Mobile App,146.2,0.026
O002223,2025-12-28,South,Mobile App,92.93,0.026
O002224,2025-01-20,North,Marketplace,162.43,0.045
O002225,2025-08-18,North,Marketplace,107.73,0.045
O002226,2024-01-29,Central,Website,153.82,0.021
O002227,2024-05-02,South,Mobile App,172.97,0.026
O002228,2025-09-29,North,Mobile App,66.21,0.026
O002229,2024-03-09,South,Mobile App,134.49,0.026
O002230,2025-09-15,South,Website,98.13,0.021
O002231,2024-05-03,East,Website,99.07,0.021
O002232,2024-11-20,West,Mobile App,157.16,0.026
O002233,2024-02-12,North,Marketplace,65.91,0.045
O002234,2025-09-20,Central,Mobile App,129.28,0.026
O002235,2024-04-26,North,Marketplace,87.72,0.045
O002236,2025-04-24,North,Mobile App,139.22,0.026
O002237,2025-11-12,West,Marketplace,169.14,0.045
O002238,2024-08-25,North,Marketplace,163.82,0.045
O002239,2024-09-04,North,Website,55.99,0.021
O002240,2024-12-21,West,Mobile App,143.46,0.026
O002241,2025-07-06,North,Website,147.83,0.021
O002242,2024-05-31,East,Mobile App,78.98,0.026
O002243,2025-12-21,North,Marketplace,73.17,0.045
O002244,2025-10-31,North,Marketplace,77.42,0.045
O002245,2025-09-27,West,Marketplace,164.27,0.045
O002246,2024-02-24,West,Marketplace,168.7,0.045
O002247,2025-06-11,East,Marketplace,128.2,0.045
O002248,2025-07-01,West,Mobile App,63.76,0.026
O002249,2024-02-24,Central,Website,102.85,0.021
O002250,2025-01-21,West,Website,75.93,0.021
O002251,2024-05-06,Central,Website,101.03,0.021
O002252,2024-11-25,East,Mobile App,158.52,0.026
O002253,2024-01-29,West,Website,153.72,0.021
O002254,2025-08-24,North,Mobile App,130.24,0.026
O002255,2025-11-28,West,Website,104.44,0.021
O002256,2025-09-18,Central,Website,77.43,0.021
O002257,2025-11-28,East,Marketplace,139.72,0.045
O002258,2025-05-03,Central,Marketplace,113.75,0.045
O002259,2025-06-27,West,Mobile App,110.95,0.026
O002260,2024-05-12,South,Marketplace,66.08,0.045
O002261,2024-11-19,West,Mobile App,79.94,0.026
O002262,2025-06-16,North,Marketplace,106.83,0.045
O002263,2025-06-06,East,Website,74.64,0.021
O002264,2025-04-04,North,Marketplace,176.77,0.045
O002265,2025-03-11,Central,Marketplace,90.68,0.045
O002266,2024-04-19,South,Website,57.62,0.021
O002267,2025-04-27,West,Marketplace,62.33,0.045
O002268,2024-08-20,South,Marketplace,104.83,0.045
O002269,2024-03-14,West,Website,96.99,0.021
O002270,2025-08-08,West,Website,122.52,0.021
O002271,2024-09-05,West,Marketplace,72.98,0.045
O002272,2025-09-23,North,Website,49.27,0.021
O002273,2024-01-03,Central,Website,101.89,0.021
O002274,2025-06-18,South,Mobile App,148.48,0.026
O002275,2024-06-13,South,Website,112.87,0.021
O002276,2024-02-01,West,Website,74.56,0.021
O002277,2024-06-26,West,Marketplace,110.19,0.045
O002278,2024-08-22,North,Website,144.2,0.021
O002279,2025-07-26,North,Website,163.01,0.021
O002280,2025-04-19,North,Marketplace,171.28,0.045
O002281,2024-10-15,East,Website,156.67,0.021
O002282,2024-11-20,North,Marketplace,99.94,0.045
O002283,2024-05-23,East,Website,65.8,0.021
O002284,2025-12-22,West,Mobile App,87.11,0.026
O002285,2025-02-11,South,Marketplace,72.99,0.045
O002286,2025-06-11,Central,Marketplace,54.38,0.045
O002287,2024-02-18,East,Website,54.15,0.021
O002288,2025-05-21,North,Website,71.01,0.021
O002289,2025-10-15,Central,Website,161.06,0.021
O002290,2024-10-14,Central,Mobile App,120.8,0.026
O002291,2025-08-21,North,Marketplace,129.2,0.045
O002292,2024-05-08,Central,Mobile App,105.94,0.026
O002293,2025-11-12,South,Marketplace,87.17,0.045
O002294,2024-08-22,North,Website,94.11,0.021
O002295,2024-04-07,North,Marketplace,98.82,0.045
O002296,2025-07-04,Central,Marketplace,124.66,0.045
O002297,2024-08-24,Central,Website,153.25,0.021
O002298,2025-05-06,South,Marketplace,99.26,0.045
O002299,2024-08-21,East,Website,163.35,0.021
O002300,2025-06-10,East,Website,152.86,0.021
O002301,2024-10-19,South,Mobile App,79.72,0.026
O002302,2025-08-19,South,Website,129.73,0.021
O002303,2024-09-22,East,Website,73.81,0.021
O002304,2025-12-05,North,Marketplace,95.07,0.045
O002305,2025-09-04,East,Website,56.43,0.021
O002306,2024-07-03,Central,Website,124.6,0.021
O002307,2025-08-04,North,Marketplace,131.47,0.045
O002308,2024-08-23,East,Mobile App,128.93,0.026
O002309,2025-04-13,Central,Marketplace,134.22,0.045
O002310,2025-05-18,Central,Website,168.98,0.021
O002311,2024-03-28,East,Website,115.93,0.021
O002312,2025-08-05,South,Mobile App,136.64,0.026
O002313,2024-03-10,South,Website,70.99,0.021
O002314,2024-01-29,South,Website,153.27,0.021
O002315,2024-07-16,East,Marketplace,164.16,0.045
O002316,2024-12-14,North,Marketplace,141.89,0.045
O002317,2024-02-28,East,Website,100.35,0.021
O002318,2024-09-29,Central,Marketplace,84.53,0.045
O002319,2024-07-19,North,Website,98.49,0.021
O002320,2025-10-28,North,Website,85.16,0.021
O002321,2025-07-04,Central,Marketplace,143.52,0.045
O002322,2024-01-21,East,Website,129.67,0.021
O002323,2025-08-14,West,Marketplace,75.42,0.045
O002324,2025-01-04,West,Mobile App,156.33,0.026
O002325,2025-03-24,South,Marketplace,177.5,0.045
O002326,2025-03-10,Central,Mobile App,131.4,0.026
O002327,2024-12-01,Central,Website,113.32,0.021
O002328,2025-02-08,Central,Mobile App,85.94,0.026
O002329,2025-12-21,North,Marketplace,53.01,0.045
O002330,2024-12-27,Central,Website,50.13,0.021
O002331,2025-10-25,South,Mobile App,126.0,0.026
O002332,2024-10-03,East,Website,83.43,0.021
O002333,2025-07-26,North,Mobile App,105.76,0.026
O002334,2024-11-07,South,Website,109.01,0.021
O002335,2025-09-06,South,Website,144.52,0.021
O002336,2025-01-25,Central,Marketplace,97.74,0.045
O002337,2024-08-05,North,Website,123.86,0.021
O002338,2025-10-19,East,Website,172.25,0.021
O002339,2024-01-21,West,Marketplace,152.23,0.045
O002340,2025-02-09,West,Mobile App,131.5,0.026
O002341,2024-04-30,South,Mobile App,142.22,0.026
O002342,2024-04-05,North,Website,146.44,0.021
O002343,2025-11-16,Central,Mobile App,170.03,0.026
O002344,2024-09-14,Central,Website,111.23,0.021
O002345,2024-09-20,South,Website,134.43,0.021
O002346,2025-03-09,North,Marketplace,153.01,0.045
O002347,2024-09-13,Central,Mobile App,113.94,0.026
O002348,2025-05-14,East,Website,54.03,0.021
O002349,2024-02-23,North,Website,150.39,0.021
O002350,2025-07-11,East,Mobile App,158.97,0.026
O002351,2024-03-02,West,Website,150.03,0.021
O002352,2025-05-22,South,Website,75.6,0.021
O002353,2025-09-13,West,Mobile App,68.41,0.026
O002354,2024-05-01,Central,Website,69.75,0.021
O002355,2025-08-04,East,Website,50.83,0.021
O002356,2025-11-28,Central,Mobile App,55.02,0.026
O002357,2024-03-04,South,Website,159.63,0.021
O002358,2024-07-20,North,Website,100.89,0.021
O002359,2024-10-19,Central,Marketplace,54.32,0.045
O002360,2025-09-04,East,Marketplace,70.98,0.045
O002361,2024-10-09,East,Marketplace,98.88,0.045
O002362,2024-09-22,West,Mobile App,158.89,0.026
O002363,2024-10-26,East,Mobile App,164.64,0.026
O002364,2025-03-10,Central,Marketplace,68.77,0.045
O002365,2025-12-14,South,Marketplace,139.19,0.045
O002366,2024-05-26,Central,Website,75.85,0.021
O002367,2024-12-05,South,Mobile App,102.88,0.026
O002368,2025-03-30,North,Mobile App,95.2,0.026
O002369,2025-01-21,South,Marketplace,146.85,0.045
O002370,2025-09-21,West,Marketplace,126.08,0.045
O002371,2024-04-21,South,Marketplace,75.45,0.045
O002372,2024-03-16,West,Marketplace,124.44,0.045
O002373,2025-04-13,West,Website,68.37,0.021
O002374,2025-12-31,North,Mobile App,131.41,0.026
O002375,2025-03-22,North,Website,78.12,0.021
O002376,2025-07-25,North,Website,142.24,0.021
O002377,2024-09-17,North,Website,160.87,0.021
O002378,2024-08-20,South,Mobile App,169.74,0.026
O002379,2025-10-28,East,Marketplace,141.13,0.045
O002380,2025-03-21,East,Mobile App,116.08,0.026
O002381,2025-01-05,East,Website,119.82,0.021
O002382,2024-10-05,Central,Marketplace,155.68,0.045
O002383,2024-08-12,North,Marketplace,159.76,0.045
O002384,2024-03-10,West,Marketplace,116.56,0.045
O002385,2024-02-24,East,Marketplace,167.57,0.045
O002386,2025-10-03,South,Marketplace,114.57,0.045
O002387,2024-08-31,West,Website,134.55,0.021
O002388,2024-11-07,North,Mobile App,103.4,0.026
O002389,2024-11-27,South,Mobile App,113.75,0.026
O002390,2025-12-02,North,Marketplace,74.23,0.045
O002391,2025-01-01,North,Marketplace,107.44,0.045
O002392,2024-03-27,West,Mobile App,148.29,0.026
O002393,2024-05-12,South,Website,75.57,0.021
O002394,2024-08-14,South,Marketplace,136.29,0.045
O002395,2025-10-11,East,Website,63.32,0.021
O002396,2024-08-19,North,Mobile App,179.17,0.026
O002397,2024-10-26,South,Marketplace,150.28,0.045
O002398,2025-03-04,South,Mobile App,140.03,0.026
O002399,2024-01-09,East,Website,174.56,0.021
O002400,2024-06-21,East,Marketplace,88.33,0.045
O002401,2025-05-22,West,Website,74.38,0.021
O002402,2024-05-30,Central,Marketplace,152.76,0.045
O002403,2025-10-08,South,Mobile App,63.03,0.026
O002404,2024-11-03,East,Website,71.61,0.021
O002405,2024-12-06,East,Website,49.99,0.021
O002406,2024-05-11,North,Marketplace,125.77,0.045
O002407,2025-07-24,West,Marketplace,86.73,0.045
O002408,2024-07-31,Central,Marketplace,116.94,0.045
O002409,2025-04-26,Central,Marketplace,168.63,0.045
O002410,2024-12-03,South,Marketplace,52.44,0.045
O002411,2025-04-23,East,Mobile App,158.84,0.026
O002412,2025-10-17,East,Marketplace,146.12,0.045
O002413,2024-10-19,Central,Mobile App,159.14,0.026
O002414,2025-07-08,East,Marketplace,174.66,0.045
O002415,2024-03-16,South,Mobile App,93.89,0.026
O002416,2024-09-08,Central,Website,82.23,0.021
O002417,2025-03-22,South,Website,148.39,0.021
O002418,2025-09-03,North,Website,92.11,0.021
O002419,2024-04-21,Central,Marketplace,100.91,0.045
O002420,2025-12-07,West,Mobile App,106.87,0.026
O002421,2024-06-29,North,Mobile App,77.88,0.026
O002422,2024-09-24,West,Marketplace,131.17,0.045
O002423,2024-12-12,South,Mobile App,177.32,0.026
O002424,2024-06-06,North,Website,102.87,0.021
O002425,2025-10-16,South,Website,49.11,0.021
O002426,2025-11-23,Central,Website,88.33,0.021
O002427,2025-09-14,East,Website,131.67,0.021
O002428,2025-11-05,East,Marketplace,88.48,0.045
O002429,2024-09-26,East,Mobile App,167.61,0.026
O002430,2024-10-05,East,Marketplace,152.16,0.045
O002431,2025-05-09,Central,Marketplace,173.81,0.045
O002432,2025-07-05,East,Mobile App,91.84,0.026
O002433,2025-07-19,Central,Website,171.5,0.021
O002434,2025-09-03,West,Mobile App,150.19,0.026
O002435,2025-09-01,Central,Website,97.65,0.021
O002436,2024-01-08,West,Mobile App,126.99,0.026
O002437,2025-10-20,Central,Mobile App,103.85,0.026
O002438,2024-08-07,South,Marketplace,88.36,0.045
O002439,2025-01-10,South,Website,146.12,0.021
O002440,2025-01-31,South,Mobile App,143.32,0.026
O002441,2024-09-11,East,Marketplace,85.67,0.045
O002442,2025-11-14,Central,Marketplace,135.7,0.045
O002443,2024-11-10,South,Marketplace,141.1,0.045
O002444,2025-02-10,West,Marketplace,163.76,0.045
O002445,2024-02-02,North,Mobile App,90.69,0.026
O002446,2025-03-10,West,Marketplace,63.66,0.045
O002447,2025-06-09,North,Marketplace,167.63,0.045
O002448,2025-01-03,West,Mobile App,123.42,0.026
O002449,2025-10-28,Central,Mobile App,89.09,0.026
O002450,2025-06-29,South,Mobile App,80.64,0.026
O002451,2025-06-28,East,Mobile App,163.22,0.026
O002452,2024-01-24,South,Website,178.02,0.021
O002453,2024-05-10,West,Mobile App,49.18,0.026
O002454,2025-08-31,West,Mobile App,114.36,0.026
O002455,2024-02-02,East,Website,137.92,0.021
O002456,2025-06-20,North,Marketplace,112.83,0.045
O002457,2024-03-05,West,Marketplace,155.78,0.045
O002458,2024-09-21,East,Website,176.11,0.021
O002459,2024-01-26,Central,Website,60.07,0.021
O002460,2024-07-30,East,Website,70.18,0.021
O002461,2024-12-07,Central,Marketplace,174.35,0.045
O002462,2025-03-07,West,Website,121.45,0.021
O002463,2024-12-21,Central,Mobile App,171.45,0.026
O002464,2024-11-22,West,Website,169.51,0.021
O002465,2025-04-22,North,Website,64.38,0.021
O002466,2025-03-08,North,Website,74.7,0.021
O002467,2025-02-18,South,Website,169.73,0.021
O002468,2024-06-11,East,Marketplace,125.3,0.045
O002469,2025-08-02,North,Marketplace,134.73,0.045
O002470,2024-01-19,South,Mobile App,164.36,0.026
O002471,2025-06-03,Central,Mobile App,173.12,0.026
O002472,2024-01-03,West,Marketplace,134.75,0.045
O002473,2025-07-17,South,Marketplace,139.13,0.045
O002474,2025-08-13,South,Website,143.77,0.021
O002475,2024-10-08,West,Website,57.1,0.021
O002476,2024-01-23,East,Marketplace,86.02,0.045
O002477,2025-11-11,West,Marketplace,104.13,0.045
O002478,2025-07-04,North,Marketplace,94.94,0.045
O002479,2025-02-25,South,Mobile App,149.16,0.026
O002480,2024-12-26,West,Website,49.43,0.021
O002481,2025-05-03,South,Mobile App,85.07,0.026
O002482,2025-08-09,West,Mobile App,80.15,0.026
O002483,2024-02-05,South,Website,146.48,0.021
O002484,2025-05-23,Central,Website,137.57,0.021
O002485,2025-10-06,West,Marketplace,94.51,0.045
O002486,2024-12-27,South,Marketplace,103.4,0.045
O002487,2024-12-04,East,Website,111.96,0.021
O002488,2025-11-06,North,Mobile App,116.27,0.026
O002489,2025-11-03,East,Mobile App,49.14,0.026
O002490,2025-09-03,Central,Mobile App,127.59,0.026
O002491,2025-10-31,North,Website,144.83,0.021
O002492,2024-03-15,Central,Marketplace,131.66,0.045
O002493,2024-01-21,North,Mobile App,99.94,0.026
O002494,2024-02-20,Central,Mobile App,148.72,0.026
O002495,2024-05-08,South,Marketplace,66.29,0.045
O002496,2024-11-01,West,Marketplace,156.18,0.045
O002497,2024-05-16,East,Marketplace,125.96,0.045
O002498,2024-06-25,West,Website,141.5,0.021
O002499,2024-01-11,North,Website,106.65,0.021
O002500,2025-04-07,Central,Marketplace,128.35,0.045
O002501,2024-06-27,East,Website,87.43,0.021
O002502,2024-10-11,South,Marketplace,61.66,0.045
O002503,2024-03-10,South,Mobile App,133.94,0.026
O002504,2025-09-17,East,Mobile App,163.63,0.026
O002505,2024-06-02,West,Website,145.9,0.021
O002506,2025-11-15,Central,Website,170.6,0.021
O002507,2024-05-23,South,Website,114.52,0.021
O002508,2024-07-09,North,Mobile App,114.38,0.026
O002509,2025-06-18,East,Website,79.91,0.021
O002510,2025-04-04,South,Marketplace,61.8,0.045
O002511,2025-11-25,Central,Website,61.21,0.021
O002512,2024-06-08,East,Marketplace,61.35,0.045
O002513,2024-01-17,East,Website,177.38,0.021
O002514,2024-11-18,South,Website,106.9,0.021
O002515,2025-12-09,East,Marketplace,56.53,0.045
O002516,2024-07-22,North,Mobile App,78.79,0.026
O002517,2025-07-30,North,Website,160.14,0.021
O002518,2025-04-20,South,Website,103.42,0.021
O002519,2025-03-23,South,Website,74.67,0.021
O002520,2025-07-08,East,Marketplace,179.57,0.045
O002521,2025-04-19,South,Marketplace,130.76,0.045
O002522,2025-09-08,East,Marketplace,177.68,0.045
O002523,2024-03-04,South,Marketplace,91.0,0.045
O002524,2025-08-07,Central,Website,127.69,0.021
O002525,2025-10-23,South,Website,74.71,0.021
O002526,2024-02-16,South,Website,112.04,0.021
O002527,2025-02-02,North,Website,136.73,0.021
O002528,2025-05-20,East,Website,51.73,0.021
O002529,2025-11-19,East,Website,176.16,0.021
O002530,2025-06-07,Central,Marketplace,146.76,0.045
O002531,2024-05-19,South,Mobile App,51.02,0.026
O002532,2024-02-18,East,Website,63.68,0.021
O002533,2024-07-24,South,Marketplace,80.41,0.045
O002534,2024-08-08,West,Mobile App,171.94,0.026
O002535,2025-11-08,East,Marketplace,158.5,0.045
O002536,2024-09-12,East,Mobile App,154.07,0.026
O002537,2025-09-11,South,Website,134.31,0.021
O002538,2024-04-07,West,Marketplace,88.44,0.045
O002539,2025-12-01,West,Mobile App,50.63,0.026
O002540,2024-05-04,South,Website,85.0,0.021
O002541,2025-05-19,East,Marketplace,52.61,0.045
O002542,2024-09-04,Central,Website,54.16,0.021
O002543,2024-06-27,South,Marketplace,150.79,0.045
O002544,2024-07-17,North,Mobile App,126.33,0.026
O002545,2024-02-27,Central,Mobile App,125.43,0.026
O002546,2024-10-04,West,Website,125.58,0.021
O002547,2024-05-05,Central,Marketplace,136.3,0.045
O002548,2025-02-25,West,Website,70.28,0.021
O002549,2024-09-08,North,Mobile App,99.84,0.026
O002550,2024-02-22,East,Marketplace,159.15,0.045
O002551,2024-09-30,Central,Website,80.65,0.021
O002552,2025-11-17,South,Marketplace,65.12,0.045
O002553,2025-04-21,South,Mobile App,106.41,0.026
O002554,2025-05-25,Central,Marketplace,78.29,0.045
O002555,2024-01-17,West,Mobile App,163.49,0.026
O002556,2025-06-14,West,Marketplace,108.45,0.045
O002557,2025-04-10,West,Mobile App,160.55,0.026
O002558,2025-02-18,North,Marketplace,72.43,0.045
O002559,2024-02-22,South,Marketplace,112.92,0.045
O002560,2024-03-18,Central,Marketplace,83.43,0.045
O002561,2025-04-25,West,Marketplace,80.45,0.045
O002562,2025-09-16,West,Mobile App,144.02,0.026
O002563,2025-11-12,Central,Mobile App,56.95,0.026
O002564,2024-07-16,South,Marketplace,62.69,0.045
O002565,2025-11-10,Central,Marketplace,57.71,0.045
O002566,2025-03-29,East,Marketplace,78.13,0.045
O002567,2025-12-02,South,Marketplace,167.01,0.045
O002568,2024-06-01,West,Marketplace,154.34,0.045
O002569,2024-05-03,North,Website,151.62,0.021
O002570,2025-07-19,South,Marketplace,136.84,0.045
O002571,2024-04-24,South,Website,111.7,0.021
O002572,2025-11-30,West,Website,75.57,0.021
O002573,2024-12-11,West,Website,62.93,0.021
O002574,2025-11-11,Central,Marketplace,153.05,0.045
O002575,2025-04-18,East,Mobile App,70.51,0.026
O002576,2024-06-03,West,Mobile App,111.95,0.026
O002577,2025-05-18,West,Website,54.37,0.021
O002578,2024-03-15,East,Website,147.12,0.021
O002579,2024-03-07,East,Marketplace,174.36,0.045
O002580,2025-12-08,North,Mobile App,83.51,0.026
O002581,2025-06-16,East,Website,127.52,0.021
O002582,2025-06-27,North,Website,141.43,0.021
O002583,2025-06-08,Central,Mobile App,171.48,0.026
O002584,2025-01-26,South,Marketplace,123.96,0.045
O002585,2024-05-16,West,Website,165.71,0.021
O002586,2025-02-27,Central,Mobile App,146.43,0.026
O002587,2025-07-27,Central,Marketplace,142.51,0.045
O002588,2025-09-30,West,Mobile App,69.88,0.026
O002589,2025-12-24,West,Mobile App,56.16,0.026
O002590,2024-07-27,West,Marketplace,118.17,0.045
O002591,2025-04-29,East,Mobile App,76.21,0.026
O002592,2024-11-18,East,Website,148.11,0.021
O002593,2024-11-02,North,Website,139.4,0.021
O002594,2024-04-11,North,Marketplace,178.82,0.045
O002595,2024-10-13,South,Website,118.17,0.021
O002596,2024-04-02,North,Mobile App,59.9,0.026
O002597,2024-08-12,West,Mobile App,137.39,0.026
O002598,2025-11-11,East,Mobile App,133.85,0.026
O002599,2024-09-01,South,Marketplace,175.14,0.045
O002600,2025-01-04,Central,Mobile App,131.78,0.026
O002601,2024-04-20,Central,Website,49.57,0.021
O002602,2025-07-03,East,Website,171.17,0.021
O002603,2024-11-13,East,Mobile App,82.89,0.026
O002604,2025-06-23,South,Marketplace,67.27,0.045
O002605,2024-09-14,South,Website,112.96,0.021
O002606,2025-12-08,West,Marketplace,78.07,0.045
O002607,2024-05-09,East,Website,92.59,0.021
O002608,2024-08-29,North,Website,61.4,0.021
O002609,2025-01-06,North,Website,148.27,0.021
O002610,2024-09-06,South,Mobile App,151.18,0.026
O002611,2024-12-14,North,Marketplace,73.16,0.045
O002612,2025-03-14,West,Mobile App,96.8,0.026
O002613,2024-07-20,Central,Website,117.26,0.021
O002614,2025-03-16,East,Mobile App,106.58,0.026
O002615,2025-05-25,East,Website,163.02,0.021
O002616,2025-04-05,North,Website,95.28,0.021
O002617,2024-04-11,West,Marketplace,116.45,0.045
O002618,2025-11-12,West,Mobile App,125.02,0.026
O002619,2024-11-02,West,Website,174.24,0.021
O002620,2025-02-14,West,Mobile App,126.29,0.026
O002621,2024-11-06,East,Website,82.25,0.021
O002622,2024-08-17,North,Website,50.35,0.021
O002623,2024-06-01,West,Website,63.62,0.021
O002624,2025-06-08,East,Website,155.49,0.021
O002625,2025-05-27,South,Marketplace,150.12,0.045
O002626,2025-06-14,West,Marketplace,86.75,0.045
O002627,2024-12-26,Central,Website,86.98,0.021
O002628,2025-03-26,West,Mobile App,118.75,0.026
O002629,2024-02-23,West,Website,151.12,0.021
O002630,2025-04-28,East,Mobile App,92.16,0.026
O002631,2024-03-01,Central,Website,126.92,0.021
O002632,2024-03-02,West,Marketplace,108.74,0.045
O002633,2025-05-22,West,Mobile App,49.12,0.026
O002634,2024-07-11,West,Marketplace,59.62,0.045
O002635,2025-07-28,North,Mobile App,151.08,0.026
O002636,2024-07-02,West,Marketplace,108.09,0.045
O002637,2024-07-17,South,Marketplace,128.37,0.045
O002638,2024-04-03,East,Website,81.8,0.021
O002639,2025-11-13,West,Website,68.36,0.021
O002640,2024-04-24,Central,Mobile App,167.22,0.026
O002641,2024-11-14,South,Marketplace,114.57,0.045
O002642,2024-04-10,North,Mobile App,92.81,0.026
O002643,2025-05-14,South,Website,180.0,0.021
O002644,2024-01-23,South,Mobile App,70.88,0.026
O002645,2024-01-21,Central,Marketplace,73.69,0.045
O002646,2024-12-13,East,Mobile App,107.77,0.026
O002647,2025-10-24,North,Marketplace,152.55,0.045
O002648,2024-02-05,Central,Marketplace,175.08,0.045
O002649,2024-06-18,North,Mobile App,69.01,0.026
O002650,2025-02-26,Central,Mobile App,103.65,0.026
O002651,2025-03-04,Central,Website,121.71,0.021
O002652,2024-01-19,West,Marketplace,124.91,0.045
O002653,2024-01-04,North,Website,167.41,0.021
O002654,2025-08-22,West,Marketplace,104.87,0.045
O002655,2024-07-31,East,Marketplace,155.53,0.045
O002656,2025-10-29,North,Mobile App,101.63,0.026
O002657,2025-04-09,Central,Marketplace,149.42,0.045
O002658,2025-08-12,Central,Website,146.07,0.021
O002659,2025-10-27,East,Marketplace,55.28,0.045
O002660,2025-01-08,South,Mobile App,55.3,0.026
O002661,2024-05-09,West,Website,66.28,0.021
O002662,2025-11-15,South,Mobile App,168.23,0.026
O002663,2024-11-03,Central,Marketplace,124.7,0.045
O002664,2025-08-28,South,Mobile App,165.81,0.026
O002665,2024-04-13,East,Marketplace,136.18,0.045
O002666,2024-06-28,East,Website,116.1,0.021
O002667,2024-05-18,South,Marketplace,143.13,0.045
O002668,2024-05-01,East,Marketplace,124.28,0.045
O002669,2025-12-25,North,Website,112.99,0.021
O002670,2024-12-08,North,Website,85.22,0.021
O002671,2025-12-10,East,Mobile App,165.46,0.026
O002672,2024-01-04,West,Website,66.55,0.021
O002673,2025-03-20,North,Marketplace,54.61,0.045
O002674,2025-09-06,Central,Website,110.67,0.021
O002675,2025-09-26,Central,Website,95.52,0.021
O002676,2024-07-24,North,Mobile App,122.83,0.026
O002677,2025-07-05,West,Website,121.21,0.021
O002678,2025-12-22,Central,Marketplace,174.0,0.045
O002679,2024-04-05,South,Mobile App,53.97,0.026
O002680,2025-10-27,West,Website,147.2,0.021
O002681,2024-07-25,South,Mobile App,178.22,0.026
O002682,2024-10-05,East,Marketplace,166.4,0.045
O002683,2025-09-22,North,Marketplace,136.48,0.045
O002684,2024-07-07,East,Marketplace,150.98,0.045
O002685,2024-07-16,North,Mobile App,67.6,0.026
O002686,2025-10-01,Central,Website,112.02,0.021
O002687,2024-10-12,South,Mobile App,80.17,0.026
O002688,2024-07-23,East,Marketplace,141.23,0.045
O002689,2024-01-05,West,Mobile App,91.23,0.026
O002690,2024-09-10,North,Website,112.26,0.021
O002691,2025-03-17,South,Marketplace,70.25,0.045
O002692,2024-06-18,North,Marketplace,134.63,0.045
O002693,2024-02-16,West,Website,59.42,0.021
O002694,2025-06-15,North,Website,151.85,0.021
O002695,2024-03-05,East,Marketplace,173.76,0.045
O002696,2025-08-24,South,Website,93.56,0.021
O002697,2025-11-01,East,Mobile App,82.85,0.026
O002698,2025-07-24,Central,Marketplace,161.67,0.045
O002699,2025-10-22,South,Website,137.04,0.021
O002700,2025-04-13,Central,Marketplace,102.25,0.045
O002701,2024-08-25,South,Website,57.11,0.021
O002702,2025-04-18,North,Marketplace,55.91,0.045
O002703,2025-09-08,East,Website,110.49,0.021
O002704,2025-02-06,East,Marketplace,165.34,0.045
O002705,2025-09-26,Central,Website,88.5,0.021
O002706,2025-10-11,West,Website,117.91,0.021
O002707,2024-09-08,East,Marketplace,58.65,0.045
O002708,2024-01-31,South,Marketplace,71.09,0.045
O002709,2024-04-16,East,Website,62.95,0.021
O002710,2024-08-26,Central,Marketplace,60.78,0.045
O002711,2025-12-15,North,Marketplace,52.77,0.045
O002712,2025-08-03,North,Marketplace,148.58,0.045
O002713,2024-05-09,East,Website,114.34,0.021
O002714,2025-07-12,East,Marketplace,108.05,0.045
O002715,2024-07-25,West,Website,84.11,0.021
O002716,2024-09-06,East,Website,158.56,0.021
O002717,2025-01-31,Central,Marketplace,100.01,0.045
O002718,2024-09-25,Central,Mobile App,158.27,0.026
O002719,2024-05-17,East,Marketplace,97.1,0.045
O002720,2024-03-21,South,Website,90.22,0.021
O002721,2024-06-29,North,Marketplace,157.48,0.045
O002722,2024-01-21,West,Website,102.42,0.021
O002723,2024-10-08,Central,Website,64.42,0.021
O002724,2025-04-08,West,Marketplace,164.46,0.045
O002725,2024-05-05,North,Website,109.1,0.021
O002726,2024-02-16,East,Marketplace,144.0,0.045
O002727,2024-10-23,South,Marketplace,128.09,0.045
O002728,2025-09-03,South,Mobile App,68.73,0.026
O002729,2025-05-01,South,Marketplace,175.45,0.045
O002730,2024-12-16,West,Mobile App,127.34,0.026
O002731,2025-07-07,East,Mobile App,156.39,0.026
O002732,2025-03-28,West,Marketplace,148.45,0.045
O002733,2025-03-14,West,Mobile App,114.29,0.026
O002734,2024-09-07,East,Marketplace,73.7,0.045
O002735,2025-01-25,South,Marketplace,127.16,0.045
O002736,2024-09-23,South,Mobile App,150.42,0.026
O002737,2024-03-27,North,Marketplace,79.67,0.045
O002738,2025-06-03,East,Website,118.69,0.021
O002739,2025-08-29,East,Marketplace,103.97,0.045
O002740,2025-05-18,North,Mobile App,90.96,0.026
O002741,2024-05-15,Central,Website,165.89,0.021
O002742,2025-09-30,South,Website,112.47,0.021
O002743,2025-01-06,North,Website,72.21,0.021
O002744,2024-03-21,Central,Mobile App,174.1,0.026
O002745,2025-03-24,South,Marketplace,102.79,0.045
O002746,2024-04-15,East,Website,102.32,0.021
O002747,2024-01-12,North,Website,115.16,0.021
O002748,2025-03-26,South,Website,66.52,0.021
O002749,2024-02-21,West,Website,170.95,0.021
O002750,2025-07-23,Central,Website,51.52,0.021
O002751,2024-04-01,Central,Mobile App,83.18,0.026
O002752,2025-10-07,North,Website,136.33,0.021
O002753,2024-07-12,Central,Website,121.98,0.021
O002754,2025-12-10,North,Mobile App,149.77,0.026
O002755,2025-12-16,Central,Marketplace,166.7,0.045
O002756,2024-04-23,Central,Mobile App,86.05,0.026
O002757,2024-06-18,Central,Website,93.27,0.021
O002758,2024-04-16,West,Website,120.4,0.021
O002759,2024-11-01,North,Website,49.9,0.021
O002760,2024-05-28,North,Mobile App,153.47,0.026
O002761,2025-01-24,East,Marketplace,102.38,0.045
O002762,2024-02-27,South,Marketplace,138.75,0.045
O002763,2024-05-11,East,Website,144.5,0.021
O002764,2024-03-14,East,Marketplace,151.03,0.045
O002765,2025-08-07,South,Website,55.63,0.021
O002766,2025-03-26,Central,Website,108.39,0.021
O002767,2024-12-29,Central,Marketplace,81.67,0.045
O002768,2024-09-04,South,Website,175.89,0.021
O002769,2025-02-10,North,Mobile App,99.11,0.026
O002770,2024-10-02,East,Mobile App,99.91,0.026
O002771,2025-04-03,Central,Marketplace,151.32,0.045
O002772,2025-01-25,North,Marketplace,163.0,0.045
O002773,2024-01-02,East,Marketplace,83.25,0.045
O002774,2024-09-09,West,Website,111.17,0.021
O002775,2024-11-13,East,Website,81.68,0.021
O002776,2024-02-19,Central,Mobile App,116.12,0.026
O002777,2025-05-19,West,Marketplace,65.34,0.045
O002778,2025-08-30,North,Marketplace,105.98,0.045
O002779,2025-07-02,North,Marketplace,153.96,0.045
O002780,2024-06-06,Central,Website,126.02,0.021
O002781,2025-07-10,West,Website,49.64,0.021
O002782,2024-01-18,East,Website,103.22,0.021
O002783,2024-08-07,Central,Mobile App,65.41,0.026
O002784,2025-04-15,South,Website,88.9,0.021
O002785,2025-03-21,East,Marketplace,76.96,0.045
O002786,2025-05-03,East,Website,53.29,0.021
O002787,2025-02-20,Central,Website,168.9,0.021
O002788,2025-06-25,East,Marketplace,118.44,0.045
O002789,2025-07-25,East,Marketplace,120.92,0.045
O002790,2025-11-12,East,Website,138.84,0.021
O002791,2024-06-08,North,Marketplace,52.48,0.045
O002792,2025-08-13,North,Marketplace,132.5,0.045
O002793,2024-01-18,North,Website,155.95,0.021
O002794,2024-03-29,West,Mobile App,162.19,0.026
O002795,2025-09-21,North,Website,151.44,0.021
O002796,2025-11-03,Central,Marketplace,52.52,0.045
O002797,2024-07-05,South,Website,164.32,0.021
O002798,2025-06-16,West,Website,105.03,0.021
O002799,2025-10-28,North,Website,89.63,0.021
O002800,2024-10-14,Central,Marketplace,85.33,0.045
O002801,2024-12-29,Central,Marketplace,94.94,0.045
O002802,2025-03-30,East,Website,127.45,0.021
O002803,2024-03-27,Central,Marketplace,51.04,0.045
O002804,2025-12-25,North,Marketplace,105.34,0.045
O002805,2025-02-08,West,Marketplace,147.38,0.045
O002806,2025-03-22,Central,Mobile App,93.74,0.026
O002807,2024-09-28,West,Marketplace,88.48,0.045
O002808,2025-09-02,South,Mobile App,80.23,0.026
O002809,2024-07-31,North,Mobile App,97.39,0.026
O002810,2024-07-28,Central,Website,111.4,0.021
O002811,2025-04-01,Central,Mobile App,130.09,0.026
O002812,2024-01-12,North,Website,110.57,0.021
O002813,2025-01-17,East,Website,75.3,0.021
O002814,2025-11-12,North,Marketplace,153.37,0.045
O002815,2025-03-03,Central,Marketplace,171.55,0.045
O002816,2025-05-15,South,Website,141.6,0.021
O002817,2024-03-15,Central,Marketplace,179.74,0.045
O002818,2024-04-05,West,Mobile App,89.8,0.026
O002819,2025-03-31,East,Website,148.43,0.021
O002820,2024-03-18,South,Marketplace,116.88,0.045
O002821,2025-08-30,South,Marketplace,102.49,0.045
O002822,2024-03-24,West,Website,124.17,0.021
O002823,2025-11-06,South,Mobile App,147.86,0.026
O002824,2025-09-25,South,Website,169.3,0.021
O002825,2025-09-23,North,Website,107.37,0.021
O002826,2024-09-16,West,Mobile App,152.09,0.026
O002827,2025-03-29,West,Mobile App,165.05,0.026
O002828,2024-01-03,North,Mobile App,130.11,0.026
O002829,2025-07-22,South,Website,86.59,0.021
O002830,2024-11-10,West,Mobile App,174.63,0.026
O002831,2024-11-26,West,Mobile App,157.44,0.026
O002832,2024-04-05,South,Website,169.41,0.021
O002833,2024-09-14,North,Marketplace,69.99,0.045
O002834,2024-12-03,North,Website,121.08,0.021
O002835,2024-09-20,Central,Website,64.86,0.021
O002836,2024-09-24,East,Mobile App,125.6,0.026
O002837,2025-12-22,South,Mobile App,53.46,0.026
O002838,2025-11-24,North,Website,170.77,0.021
O002839,2025-12-01,East,Website,61.78,0.021
O002840,2024-05-11,South,Marketplace,171.97,0.045
O002841,2024-10-02,North,Mobile App,146.09,0.026
O002842,2025-01-16,East,Marketplace,100.44,0.045
O002843,2025-06-05,North,Marketplace,128.1,0.045
O002844,2024-09-27,West,Marketplace,160.42,0.045
O002845,2024-10-31,West,Mobile App,120.69,0.026
O002846,2025-04-05,North,Marketplace,61.89,0.045
O002847,2025-09-12,East,Website,111.74,0.021
O002848,2024-08-16,North,Website,87.11,0.021
O002849,2024-11-25,North,Website,68.02,0.021
O002850,2025-11-18,West,Website,88.56,0.021
O002851,2025-04-14,Central,Website,125.86,0.021
O002852,2025-09-24,North,Marketplace,85.6,0.045
O002853,2024-06-11,East,Marketplace,122.92,0.045
O002854,2024-02-25,West,Marketplace,102.49,0.045
O002855,2024-01-07,East,Website,92.15,0.021
O002856,2024-06-08,East,Website,174.01,0.021
O002857,2025-04-26,West,Mobile App,78.93,0.026
O002858,2024-09-07,North,Marketplace,100.78,0.045
O002859,2025-10-17,West,Website,93.26,0.021
O002860,2024-05-07,North,Website,88.76,0.021
O002861,2024-01-31,North,Website,103.98,0.021
O002862,2024-11-25,West,Marketplace,147.39,0.045
O002863,2025-08-08,East,Marketplace,166.72,0.045
O002864,2024-01-15,East,Marketplace,168.66,0.045
O002865,2024-12-31,East,Marketplace,63.14,0.045
O002866,2025-12-18,Central,Mobile App,169.1,0.026
O002867,2025-03-10,West,Marketplace,69.67,0.045
O002868,2024-04-17,West,Marketplace,94.49,0.045
O002869,2024-01-01,West,Marketplace,176.6,0.045
O002870,2025-09-21,East,Website,99.57,0.021
O002871,2024-05-07,North,Website,116.42,0.021
O002872,2024-05-22,South,Website,95.56,0.021
O002873,2024-12-05,North,Marketplace,111.07,0.045
O002874,2025-12-05,South,Marketplace,55.25,0.045
O002875,2024-08-01,West,Website,59.08,0.021
O002876,2024-09-06,South,Website,100.53,0.021
O002877,2024-06-12,North,Marketplace,99.42,0.045
O002878,2025-04-29,Central,Marketplace,64.87,0.045
O002879,2025-09-23,South,Marketplace,157.28,0.045
O002880,2025-07-21,North,Mobile App,116.74,0.026
O002881,2024-10-31,West,Marketplace,115.43,0.045
O002882,2025-02-17,Central,Website,151.65,0.021
O002883,2025-07-30,Central,Mobile App,157.43,0.026
O002884,2025-05-28,East,Mobile App,154.62,0.026
O002885,2024-09-01,North,Website,96.27,0.021
O002886,2024-02-25,Central,Mobile App,175.05,0.026
O002887,2025-10-07,South,Website,109.54,0.021
O002888,2024-01-18,West,Marketplace,169.28,0.045
O002889,2025-10-24,Central,Website,117.67,0.021
O002890,2024-06-03,North,Website,118.61,0.021
O002891,2024-01-12,North,Website,165.05,0.021
O002892,2025-10-27,North,Website,137.65,0.021
O002893,2024-02-26,North,Marketplace,99.9,0.045
O002894,2025-04-12,Central,Website,145.89,0.021
O002895,2025-04-22,North,Website,79.19,0.021
O002896,2024-12-15,West,Website,141.04,0.021
O002897,2024-08-20,West,Mobile App,54.11,0.026
O002898,2024-01-01,East,Marketplace,156.67,0.045
O002899,2025-01-01,East,Mobile App,52.64,0.026
O002900,2025-09-25,North,Website,174.97,0.021
O002901,2025-01-02,South,Mobile App,148.14,0.026
O002902,2024-03-18,South,Marketplace,84.65,0.045
O002903,2024-04-30,West,Marketplace,105.25,0.045
O002904,2025-07-15,North,Mobile App,179.45,0.026
O002905,2024-12-09,West,Mobile App,104.97,0.026
O002906,2024-04-28,South,Mobile App,53.76,0.026
O002907,2025-11-05,West,Website,133.54,0.021
O002908,2025-11-14,North,Marketplace,149.08,0.045
O002909,2025-08-21,Central,Marketplace,118.63,0.045
O002910,2025-01-04,South,Website,148.15,0.021
O002911,2025-07-15,East,Marketplace,69.89,0.045
O002912,2024-05-01,Central,Marketplace,106.01,0.045
O002913,2024-01-03,North,Marketplace,93.48,0.045
O002914,2024-02-13,East,Mobile App,90.67,0.026
O002915,2025-05-26,East,Website,99.0,0.021
O002916,2024-03-28,South,Website,126.47,0.021
O002917,2025-01-13,East,Marketplace,120.63,0.045
O002918,2025-07-03,South,Website,102.41,0.021
O002919,2024-11-22,South,Marketplace,124.22,0.045
O002920,2024-06-04,North,Marketplace,110.41,0.045
O002921,2025-10-23,North,Website,73.6,0.021
O002922,2024-08-22,Central,Marketplace,154.55,0.045
O002923,2024-08-04,North,Marketplace,96.85,0.045
O002924,2025-10-17,North,Mobile App,156.53,0.026
O002925,2024-02-27,North,Mobile App,104.81,0.026
O002926,2025-11-19,East,Website,113.21,0.021
O002927,2025-12-30,West,Website,135.74,0.021
O002928,2025-05-08,South,Marketplace,93.86,0.045
O002929,2024-10-13,South,Website,93.09,0.021
O002930,2024-10-31,South,Mobile App,155.14,0.026
O002931,2025-09-05,North,Marketplace,58.29,0.045
O002932,2025-05-15,Central,Marketplace,56.06,0.045
O002933,2025-06-02,West,Marketplace,67.94,0.045
O002934,2024-06-21,Central,Website,49.33,0.021
O002935,2025-08-31,Central,Website,130.49,0.021
O002936,2025-03-30,East,Website,130.08,0.021
O002937,2025-10-12,East,Website,160.39,0.021
O002938,2024-09-12,North,Marketplace,146.3,0.045
O002939,2025-11-10,North,Website,52.62,0.021
O002940,2025-01-24,West,Marketplace,109.48,0.045
O002941,2024-11-24,South,Marketplace,122.98,0.045
O002942,2024-03-28,Central,Marketplace,56.78,0.045
O002943,2025-05-16,North,Website,124.77,0.021
O002944,2025-01-03,East,Website,55.74,0.021
O002945,2025-10-13,East,Website,118.37,0.021
O002946,2024-08-22,East,Mobile App,99.78,0.026
O002947,2025-02-28,East,Website,89.68,0.021
O002948,2025-10-22,Central,Website,73.28,0.021
O002949,2025-12-08,West,Website,117.47,0.021
O002950,2025-11-09,West,Marketplace,71.74,0.045
O002951,2025-05-01,South,Marketplace,132.66,0.045
O002952,2025-06-29,South,Website,58.12,0.021
O002953,2025-01-30,Central,Website,170.21,0.021
O002954,2025-06-04,Central,Website,104.46,0.021
O002955,2025-01-20,West,Mobile App,109.53,0.026
O002956,2025-03-25,North,Website,51.82,0.021
O002957,2024-01-08,West,Mobile App,112.74,0.026
O002958,2025-12-08,East,Website,151.01,0.021
O002959,2025-06-29,East,Website,145.06,0.021
O002960,2024-04-28,West,Website,163.01,0.021
O002961,2024-02-07,East,Marketplace,151.78,0.045
O002962,2025-06-03,South,Marketplace,64.2,0.045
O002963,2024-02-14,Central,Mobile App,57.45,0.026
O002964,2024-09-20,West,Mobile App,96.79,0.026
O002965,2025-08-14,West,Marketplace,131.11,0.045
O002966,2025-08-11,Central,Marketplace,160.01,0.045
O002967,2024-03-28,Central,Website,150.15,0.021
O002968,2025-02-28,West,Mobile App,161.76,0.026
O002969,2024-04-02,West,Marketplace,62.09,0.045
O002970,2024-04-30,West,Website,128.16,0.021
O002971,2024-03-21,Central,Website,70.42,0.021
O002972,2024-12-06,South,Marketplace,175.83,0.045
O002973,2024-05-02,Central,Website,85.72,0.021
O002974,2025-11-24,East,Mobile App,65.4,0.026
O002975,2024-01-28,North,Website,156.41,0.021
O002976,2024-09-25,West,Website,90.45,0.021
O002977,2025-09-24,East,Website,173.01,0.021
O002978,2025-08-19,North,Website,137.83,0.021
O002979,2024-02-10,North,Website,176.32,0.021
O002980,2024-07-01,East,Marketplace,49.6,0.045
O002981,2025-05-19,Central,Website,49.96,0.021
O002982,2025-01-18,Central,Website,72.29,0.021
O002983,2025-01-19,Central,Marketplace,154.87,0.045
O002984,2025-01-04,Central,Website,169.47,0.021
O002985,2025-08-31,East,Marketplace,172.55,0.045
O002986,2024-11-06,South,Website,170.8,0.021
O002987,2024-07-06,Central,Marketplace,170.97,0.045
O002988,2025-12-16,South,Marketplace,130.28,0.045
O002989,2024-10-27,North,Mobile App,166.44,0.026
O002990,2024-01-07,Central,Mobile App,50.89,0.026
O002991,2025-05-16,West,Website,122.34,0.021
O002992,2025-08-29,South,Marketplace,165.72,0.045
O002993,2024-04-06,Central,Website,92.15,0.021
O002994,2025-11-27,North,Marketplace,120.99,0.045
O002995,2024-01-02,West,Website,150.03,0.021
O002996,2025-02-12,West,Website,120.75,0.021
O002997,2024-01-04,North,Marketplace,139.29,0.045
O002998,2024-04-24,North,Mobile App,143.82,0.026
O002999,2025-07-16,South,Website,49.11,0.021
O003000,2024-02-10,East,Marketplace,130.49,0.045
O003001,2025-07-16,North,Website,71.91,0.021
O003002,2025-06-09,East,Marketplace,173.3,0.045
O003003,2024-01-26,Central,Mobile App,80.94,0.026
O003004,2025-04-17,South,Website,71.92,0.021
O003005,2024-06-27,South,Marketplace,148.08,0.045
O003006,2025-03-13,South,Marketplace,104.36,0.045
O003007,2025-12-03,South,Website,120.12,0.021
O003008,2025-11-13,East,Marketplace,114.79,0.045
O003009,2025-04-05,Central,Marketplace,50.38,0.045
O003010,2025-09-06,Central,Marketplace,55.57,0.045
O003011,2024-02-01,West,Website,86.57,0.021
O003012,2024-12-26,South,Marketplace,166.65,0.045
O003013,2024-02-07,South,Website,152.55,0.021
O003014,2025-10-07,East,Marketplace,62.57,0.045
O003015,2024-11-13,Central,Mobile App,160.06,0.026
O003016,2024-03-02,South,Mobile App,75.41,0.026
O003017,2025-04-16,North,Website,54.16,0.021
O003018,2025-04-16,North,Marketplace,161.78,0.045
O003019,2025-06-16,Central,Marketplace,66.56,0.045
O003020,2025-05-02,North,Website,177.27,0.021
O003021,2024-08-23,East,Website,153.2,0.021
O003022,2025-03-06,South,Website,55.7,0.021
O003023,2024-10-21,West,Marketplace,67.58,0.045
O003024,2025-04-20,North,Mobile App,176.62,0.026
O003025,2025-02-28,South,Marketplace,139.14,0.045
O003026,2025-10-29,East,Mobile App,155.56,0.026
O003027,2024-11-16,North,Marketplace,132.77,0.045
O003028,2025-05-10,South,Website,101.94,0.021
O003029,2025-08-13,South,Mobile App,138.91,0.026
O003030,2025-06-07,North,Website,96.21,0.021
O003031,2024-11-11,East,Website,168.68,0.021
O003032,2025-05-30,East,Mobile App,113.47,0.026
O003033,2025-01-30,North,Website,125.48,0.021
O003034,2025-05-26,West,Website,79.57,0.021
O003035,2025-02-13,East,Mobile App,96.2,0.026
O003036,2024-04-05,South,Website,137.43,0.021
O003037,2025-01-29,South,Website,152.91,0.021
O003038,2025-03-31,East,Website,132.38,0.021
O003039,2024-06-20,South,Website,162.61,0.021
O003040,2025-03-05,South,Marketplace,119.99,0.045
O003041,2025-12-20,South,Mobile App,63.6,0.026
O003042,2025-11-26,North,Marketplace,133.73,0.045
O003043,2025-08-11,South,Marketplace,119.71,0.045
O003044,2024-02-09,South,Marketplace,79.88,0.045
O003045,2024-01-14,East,Mobile App,174.27,0.026
O003046,2024-10-07,East,Website,112.96,0.021
O003047,2025-03-16,West,Marketplace,49.4,0.045
O003048,2025-11-13,West,Marketplace,174.06,0.045
O003049,2025-05-09,North,Marketplace,177.06,0.045
O003050,2024-03-06,North,Marketplace,169.61,0.045
O003051,2024-10-30,North,Website,72.88,0.021
O003052,2025-07-18,South,Marketplace,95.64,0.045
O003053,2025-03-11,East,Website,147.79,0.021
O003054,2024-04-10,Central,Mobile App,169.43,0.026
O003055,2024-10-25,South,Mobile App,65.97,0.026
O003056,2025-02-16,South,Marketplace,170.19,0.045
O003057,2025-09-04,South,Mobile App,87.21,0.026
O003058,2025-02-09,East,Marketplace,163.44,0.045
O003059,2024-12-11,West,Marketplace,121.3,0.045
O003060,2024-02-21,Central,Website,151.98,0.021
O003061,2024-09-22,South,Marketplace,50.04,0.045
O003062,2024-10-16,West,Marketplace,55.69,0.045
O003063,2025-07-22,South,Mobile App,124.79,0.026
O003064,2024-05-19,Central,Website,65.77,0.021
O003065,2025-05-21,Central,Marketplace,141.01,0.045
O003066,2025-09-11,Central,Website,138.57,0.021
O003067,2024-03-27,Central,Mobile App,176.35,0.026
O003068,2025-03-22,Central,Website,113.63,0.021
O003069,2024-02-27,South,Mobile App,119.49,0.026
O003070,2025-02-14,South,Marketplace,123.11,0.045
O003071,2024-04-14,South,Marketplace,83.3,0.045
O003072,2024-06-10,Central,Marketplace,92.19,0.045
O003073,2025-08-19,West,Marketplace,139.91,0.045
O003074,2025-08-23,West,Website,179.14,0.021
O003075,2024-07-26,South,Website,64.97,0.021
O003076,2024-08-03,East,Website,132.31,0.021
O003077,2024-06-16,West,Marketplace,174.61,0.045
O003078,2024-10-09,West,Website,172.03,0.021
O003079,2025-12-01,West,Website,163.54,0.021
O003080,2024-09-10,East,Website,179.29,0.021
O003081,2024-05-25,North,Website,133.29,0.021
O003082,2024-03-06,North,Marketplace,160.02,0.045
O003083,2024-05-17,North,Website,156.45,0.021
O003084,2025-04-06,West,Website,92.44,0.021
O003085,2024-04-08,Central,Marketplace,50.79,0.045
O003086,2025-04-18,East,Website,159.48,0.021
O003087,2025-05-23,East,Marketplace,159.84,0.045
O003088,2025-05-28,West,Marketplace,68.74,0.045
O003089,2024-05-24,West,Marketplace,134.48,0.045
O003090,2025-10-17,West,Marketplace,146.98,0.045
O003091,2025-10-22,Central,Website,179.5,0.021
O003092,2024-07-04,East,Website,166.67,0.021
O003093,2025-01-19,Central,Marketplace,148.95,0.045
O003094,2024-03-21,East,Mobile App,142.84,0.026
O003095,2024-01-06,West,Marketplace,149.29,0.045
O003096,2025-01-09,East,Marketplace,164.7,0.045
O003097,2024-06-02,South,Marketplace,99.94,0.045
O003098,2025-02-21,South,Website,57.26,0.021
O003099,2024-10-21,North,Mobile App,49.86,0.026
O003100,2024-11-23,North,Website,54.62,0.021
O003101,2025-06-07,North,Marketplace,156.25,0.045
O003102,2025-06-24,North,Marketplace,85.81,0.045
O003103,2025-12-16,North,Website,88.52,0.021
O003104,2025-08-13,South,Marketplace,64.32,0.045
O003105,2025-04-11,East,Marketplace,124.22,0.045
O003106,2025-01-31,West,Marketplace,166.85,0.045
O003107,2025-03-07,East,Website,54.38,0.021
O003108,2025-04-28,South,Marketplace,57.22,0.045
O003109,2024-12-25,West,Marketplace,137.72,0.045
O003110,2024-07-24,West,Website,76.01,0.021
O003111,2025-04-21,North,Website,88.08,0.021
O003112,2024-12-31,Central,Mobile App,167.4,0.026
O003113,2025-04-24,West,Website,65.62,0.021
O003114,2025-04-24,West,Mobile App,143.77,0.026
O003115,2024-01-01,South,Marketplace,60.89,0.045
O003116,2025-09-30,East,Marketplace,134.51,0.045
O003117,2025-09-16,East,Website,85.17,0.021
O003118,2025-07-03,South,Marketplace,51.44,0.045
O003119,2025-12-16,South,Website,116.46,0.021
O003120,2025-03-04,West,Marketplace,171.33,0.045
O003121,2025-12-15,Central,Marketplace,166.02,0.045
O003122,2025-08-25,South,Mobile App,97.08,0.026
O003123,2024-02-12,South,Mobile App,58.72,0.026
O003124,2025-07-23,West,Website,139.55,0.021
O003125,2024-02-29,East,Marketplace,141.84,0.045
O003126,2024-12-23,North,Website,110.26,0.021
O003127,2025-02-02,North,Website,123.3,0.021
O003128,2025-10-03,North,Marketplace,88.22,0.045
O003129,2024-08-19,East,Marketplace,58.9,0.045
O003130,2024-01-18,North,Mobile App,57.16,0.026
O003131,2025-12-07,North,Marketplace,129.83,0.045
O003132,2025-05-03,East,Marketplace,163.05,0.045
O003133,2025-12-17,East,Marketplace,162.0,0.045
O003134,2024-12-15,Central,Website,62.93,0.021
O003135,2024-11-22,South,Website,86.05,0.021
O003136,2024-07-13,South,Website,130.76,0.021
O003137,2025-02-13,Central,Mobile App,82.55,0.026
O003138,2025-05-18,North,Mobile App,97.06,0.026
O003139,2025-10-14,East,Marketplace,82.48,0.045
O003140,2025-05-20,East,Mobile App,139.74,0.026
O003141,2025-10-17,North,Marketplace,84.8,0.045
O003142,2024-08-31,West,Marketplace,113.05,0.045
O003143,2025-08-21,Central,Website,150.97,0.021
O003144,2024-05-18,South,Website,177.78,0.021
O003145,2025-06-16,West,Marketplace,54.19,0.045
O003146,2025-05-10,South,Mobile App,132.95,0.026
O003147,2025-12-29,Central,Marketplace,66.01,0.045
O003148,2024-12-29,Central,Website,179.12,0.021
O003149,2025-04-11,North,Website,69.67,0.021
O003150,2024-03-13,North,Website,116.26,0.021
O003151,2025-07-27,North,Marketplace,165.22,0.045
O003152,2025-03-12,South,Website,100.42,0.021
O003153,2025-12-05,South,Marketplace,126.57,0.045
O003154,2024-07-08,West,Mobile App,129.95,0.026
O003155,2024-11-11,West,Marketplace,99.12,0.045
O003156,2024-01-16,West,Marketplace,154.75,0.045
O003157,2024-04-25,South,Marketplace,140.96,0.045
O003158,2024-11-21,North,Mobile App,145.77,0.026
O003159,2024-04-17,South,Mobile App,52.83,0.026
O003160,2024-01-27,Central,Website,148.6,0.021
O003161,2025-01-15,Central,Website,124.5,0.021
O003162,2024-10-14,Central,Mobile App,91.15,0.026
O003163,2024-10-01,East,Marketplace,141.7,0.045
O003164,2024-08-16,East,Mobile App,72.97,0.026
O003165,2024-07-21,North,Marketplace,56.29,0.045
O003166,2025-05-08,North,Marketplace,170.65,0.045
O003167,2025-12-11,West,Marketplace,159.37,0.045
O003168,2024-12-30,Central,Marketplace,121.57,0.045
O003169,2024-06-05,North,Mobile App,134.42,0.026
O003170,2025-11-02,West,Website,74.62,0.021
O003171,2025-03-04,West,Mobile App,155.65,0.026
O003172,2025-12-17,South,Marketplace,131.75,0.045
O003173,2024-02-04,North,Website,157.11,0.021
O003174,2025-10-27,Central,Mobile App,95.62,0.026
O003175,2025-09-02,Central,Website,77.56,0.021
O003176,2024-03-01,West,Marketplace,141.81,0.045
O003177,2024-03-27,Central,Marketplace,110.92,0.045
O003178,2025-02-18,North,Marketplace,74.89,0.045
O003179,2025-09-17,West,Marketplace,72.93,0.045
O003180,2025-08-11,East,Website,84.79,0.021
O003181,2024-05-18,North,Mobile App,121.53,0.026
O003182,2024-12-29,West,Website,132.63,0.021
O003183,2025-02-14,North,Website,96.57,0.021
O003184,2024-06-04,East,Mobile App,115.39,0.026
O003185,2024-01-08,North,Marketplace,68.44,0.045
O003186,2024-03-12,Central,Website,113.24,0.021
O003187,2024-08-06,Central,Marketplace,106.39,0.045
O003188,2024-05-25,South,Website,52.07,0.021
O003189,2024-03-23,North,Website,57.9,0.021
O003190,2024-01-13,South,Website,161.9,0.021
O003191,2025-07-21,South,Website,77.06,0.021
O003192,2025-07-14,Central,Mobile App,113.96,0.026
O003193,2024-06-03,North,Mobile App,105.49,0.026
O003194,2025-01-09,North,Marketplace,58.75,0.045
O003195,2024-02-10,Central,Mobile App,97.13,0.026
O003196,2024-09-17,West,Mobile App,177.44,0.026
O003197,2025-04-25,South,Marketplace,179.19,0.045
O003198,2025-03-13,West,Marketplace,169.68,0.045
O003199,2025-10-31,West,Marketplace,112.9,0.045
O003200,2025-04-23,South,Marketplace,71.4,0.045
O003201,2025-06-21,South,Marketplace,91.11,0.045
O003202,2024-01-27,South,Website,106.6,0.021
O003203,2024-07-14,North,Marketplace,113.88,0.045
O003204,2024-12-04,West,Mobile App,114.96,0.026
O003205,2024-08-20,North,Website,100.01,0.021
O003206,2025-01-20,Central,Website,135.13,0.021
O003207,2024-11-24,West,Marketplace,161.18,0.045
O003208,2025-03-07,South,Website,163.46,0.021
O003209,2025-10-11,East,Website,90.13,0.021
O003210,2025-10-18,West,Mobile App,50.35,0.026
O003211,2025-01-11,Central,Marketplace,86.79,0.045
O003212,2024-11-28,North,Website,137.82,0.021
O003213,2025-07-20,North,Mobile App,124.32,0.026
O003214,2024-01-14,West,Mobile App,57.13,0.026
O003215,2025-07-08,West,Marketplace,128.87,0.045
O003216,2024-02-13,East,Website,60.23,0.021
O003217,2024-09-17,West,Mobile App,178.75,0.026
O003218,2024-06-29,East,Marketplace,86.23,0.045
O003219,2024-01-04,North,Mobile App,120.17,0.026
O003220,2024-01-31,North,Mobile App,95.03,0.026
O003221,2025-09-14,East,Marketplace,68.97,0.045
O003222,2024-01-01,Central,Website,124.18,0.021
O003223,2025-10-08,South,Marketplace,49.89,0.045
O003224,2025-07-28,South,Website,159.99,0.021
O003225,2024-02-22,North,Website,104.71,0.021
O003226,2025-02-17,West,Marketplace,124.25,0.045
O003227,2024-09-27,South,Marketplace,118.35,0.045
O003228,2024-10-20,South,Website,158.67,0.021
O003229,2024-01-19,East,Marketplace,164.59,0.045
O003230,2025-11-01,North,Website,53.46,0.021
O003231,2025-12-08,West,Website,133.57,0.021
O003232,2025-02-26,Central,Marketplace,163.58,0.045
O003233,2025-01-12,South,Mobile App,59.97,0.026
O003234,2024-02-05,South,Marketplace,112.21,0.045
O003235,2025-06-11,West,Marketplace,101.25,0.045
O003236,2024-11-11,North,Website,174.73,0.021
O003237,2024-06-16,North,Marketplace,175.38,0.045
O003238,2024-09-02,East,Marketplace,127.33,0.045
O003239,2024-11-24,Central,Website,49.27,0.021
O003240,2024-05-09,South,Mobile App,66.38,0.026
O003241,2025-01-03,West,Website,105.23,0.021
O003242,2024-05-28,West,Marketplace,105.89,0.045
O003243,2025-08-17,North,Marketplace,125.98,0.045
O003244,2025-10-25,North,Mobile App,168.02,0.026
O003245,2024-03-15,North,Marketplace,156.47,0.045
O003246,2024-12-01,West,Website,94.08,0.021
O003247,2025-03-01,South,Marketplace,172.45,0.045
O003248,2024-08-11,West,Mobile App,64.26,0.026
O003249,2025-06-15,North,Marketplace,174.19,0.045
O003250,2024-12-27,Central,Website,166.19,0.021
O003251,2025-04-03,West,Website,70.4,0.021
O003252,2024-11-07,Central,Website,147.52,0.021
O003253,2024-07-25,East,Website,137.64,0.021
O003254,2024-09-09,Central,Website,156.41,0.021
O003255,2024-06-20,West,Marketplace,137.01,0.045
O003256,2024-04-13,Central,Marketplace,54.37,0.045
O003257,2024-12-21,East,Mobile App,103.65,0.026
O003258,2025-01-19,South,Marketplace,85.78,0.045
O003259,2025-08-03,West,Website,51.64,0.021
O003260,2025-05-17,West,Mobile App,103.58,0.026
O003261,2025-07-09,West,Website,54.61,0.021
O003262,2025-04-14,East,Marketplace,103.0,0.045
O003263,2024-12-09,East,Marketplace,143.87,0.045
O003264,2025-09-29,East,Website,140.48,0.021
O003265,2025-07-14,West,Website,172.45,0.021
O003266,2024-01-19,South,Mobile App,81.82,0.026
O003267,2024-08-22,Central,Website,135.55,0.021
O003268,2024-12-26,East,Mobile App,161.02,0.026
O003269,2025-06-29,Central,Marketplace,74.73,0.045
O003270,2024-03-06,South,Mobile App,123.04,0.026
O003271,2024-09-25,Central,Mobile App,140.92,0.026
O003272,2024-01-23,Central,Marketplace,53.88,0.045
O003273,2024-11-28,North,Website,57.48,0.021
O003274,2024-02-24,Central,Marketplace,85.86,0.045
O003275,2024-06-11,North,Mobile App,111.76,0.026
O003276,2025-05-04,East,Marketplace,116.27,0.045
O003277,2024-09-24,Central,Marketplace,153.38,0.045
O003278,2025-12-18,West,Mobile App,101.62,0.026
O003279,2024-01-23,East,Mobile App,138.15,0.026
O003280,2025-03-28,East,Website,91.94,0.021
O003281,2024-05-02,Central,Marketplace,80.09,0.045
O003282,2024-04-03,South,Marketplace,175.61,0.045
O003283,2025-09-25,Central,Marketplace,176.83,0.045
O003284,2025-04-24,East,Website,138.31,0.021
O003285,2025-11-05,South,Marketplace,127.07,0.045
O003286,2025-04-22,Central,Mobile App,127.66,0.026
O003287,2024-10-03,South,Mobile App,111.46,0.026
O003288,2024-12-16,East,Mobile App,127.36,0.026
O003289,2025-04-28,East,Marketplace,114.38,0.045
O003290,2025-03-05,Central,Marketplace,146.79,0.045
O003291,2024-08-24,East,Website,97.84,0.021
O003292,2025-04-01,North,Marketplace,114.2,0.045
O003293,2025-03-28,South,Marketplace,55.71,0.045
O003294,2024-08-08,West,Marketplace,73.35,0.045
O003295,2025-09-14,West,Marketplace,72.77,0.045
O003296,2024-04-17,Central,Marketplace,77.51,0.045
O003297,2025-11-13,West,Website,176.05,0.021
O003298,2025-07-17,North,Website,69.33,0.021
O003299,2025-05-15,South,Website,148.3,0.021
O003300,2025-09-25,North,Mobile App,95.57,0.026
O003301,2024-01-11,North,Mobile App,169.41,0.026
O003302,2024-08-15,Central,Marketplace,75.49,0.045
O003303,2025-04-04,Central,Website,166.58,0.021
O003304,2025-09-08,East,Mobile App,97.05,0.026
O003305,2024-10-03,West,Marketplace,168.1,0.045
O003306,2025-04-20,North,Website,57.33,0.021
O003307,2025-01-27,North,Website,112.24,0.021
O003308,2024-03-07,North,Marketplace,57.85,0.045
O003309,2024-03-01,East,Website,124.76,0.021
O003310,2025-04-02,North,Mobile App,72.52,0.026
O003311,2024-08-11,North,Marketplace,178.14,0.045
O003312,2025-10-19,West,Website,122.06,0.021
O003313,2025-02-01,North,Marketplace,179.75,0.045
O003314,2025-08-26,Central,Website,98.66,0.021
O003315,2025-01-01,North,Marketplace,141.46,0.045
O003316,2024-07-14,Central,Mobile App,62.43,0.026
O003317,2025-05-10,North,Marketplace,167.35,0.045
O003318,2024-03-14,North,Marketplace,147.7,0.045
O003319,2025-08-09,North,Marketplace,53.75,0.045
O003320,2025-08-08,East,Website,129.79,0.021
O003321,2024-09-11,East,Marketplace,77.81,0.045
O003322,2025-02-04,Central,Marketplace,156.92,0.045
O003323,2024-03-29,West,Website,153.57,0.021
O003324,2024-11-02,Central,Marketplace,174.09,0.045
O003325,2024-07-18,Central,Website,83.88,0.021
O003326,2025-06-12,Central,Marketplace,143.24,0.045
O003327,2025-07-22,North,Marketplace,133.26,0.045
O003328,2025-02-25,Central,Marketplace,80.19,0.045
O003329,2024-06-13,West,Marketplace,80.27,0.045
O003330,2024-01-19,West,Mobile App,114.35,0.026
O003331,2024-07-28,Central,Marketplace,115.67,0.045
O003332,2024-08-04,West,Marketplace,73.42,0.045
O003333,2024-09-02,North,Mobile App,157.16,0.026
O003334,2024-08-04,West,Mobile App,93.33,0.026
O003335,2025-01-11,South,Mobile App,88.04,0.026
O003336,2025-01-28,Central,Marketplace,94.6,0.045
O003337,2024-09-20,North,Website,130.3,0.021
O003338,2024-05-15,North,Mobile App,173.03,0.026
O003339,2024-01-23,East,Marketplace,155.91,0.045
O003340,2025-10-17,East,Marketplace,92.67,0.045
O003341,2024-04-22,Central,Website,102.85,0.021
O003342,2024-09-25,West,Mobile App,102.66,0.026
O003343,2025-02-28,East,Mobile App,107.4,0.026
O003344,2025-03-29,Central,Website,163.68,0.021
O003345,2025-08-08,North,Marketplace,55.01,0.045
O003346,2025-06-10,Central,Marketplace,52.65,0.045
O003347,2024-12-01,South,Website,73.81,0.021
O003348,2024-05-20,West,Website,175.82,0.021
O003349,2024-12-10,South,Mobile App,113.09,0.026
O003350,2025-08-25,South,Marketplace,143.17,0.045
O003351,2025-06-16,West,Mobile App,143.59,0.026
O003352,2024-05-06,South,Mobile App,154.0,0.026
O003353,2025-06-07,North,Website,70.66,0.021
O003354,2025-10-02,North,Mobile App,113.89,0.026
O003355,2024-09-15,North,Website,130.28,0.021
O003356,2024-01-04,South,Website,137.74,0.021
O003357,2025-10-30,South,Website,78.49,0.021
O003358,2024-03-10,East,Website,54.65,0.021
O003359,2024-01-15,Central,Marketplace,135.41,0.045
O003360,2024-07-08,Central,Website,49.79,0.021
O003361,2024-05-03,South,Website,93.49,0.021
O003362,2025-02-14,East,Marketplace,84.68,0.045
O003363,2025-10-02,South,Website,163.41,0.021
O003364,2025-01-20,Central,Marketplace,100.34,0.045
O003365,2025-03-06,West,Website,102.22,0.021
O003366,2024-01-12,West,Mobile App,71.84,0.026
O003367,2024-04-06,West,Website,155.55,0.021
O003368,2024-07-01,East,Website,81.25,0.021
O003369,2024-07-16,North,Marketplace,60.03,0.045
O003370,2025-05-15,South,Marketplace,89.27,0.045
O003371,2025-05-11,East,Website,162.7,0.021
O003372,2024-12-13,Central,Marketplace,100.43,0.045
O003373,2024-04-07,South,Mobile App,147.33,0.026
O003374,2025-09-15,South,Marketplace,178.28,0.045
O003375,2025-11-24,South,Website,81.17,0.021
O003376,2025-06-29,East,Marketplace,106.53,0.045
O003377,2025-05-14,Central,Mobile App,67.78,0.026
O003378,2025-10-29,West,Website,140.74,0.021
O003379,2025-09-22,West,Marketplace,78.79,0.045
O003380,2024-06-26,South,Website,145.9,0.021
O003381,2024-09-10,South,Mobile App,67.06,0.026
O003382,2024-07-02,North,Website,67.21,0.021
O003383,2024-10-07,South,Mobile App,87.13,0.026
O003384,2024-08-19,South,Mobile App,68.67,0.026
O003385,2024-01-12,South,Marketplace,119.75,0.045
O003386,2025-09-26,South,Website,104.04,0.021
O003387,2024-01-19,Central,Website,115.75,0.021
O003388,2025-12-15,North,Website,79.62,0.021
O003389,2024-09-01,South,Marketplace,72.97,0.045
O003390,2025-02-26,North,Website,90.41,0.021
O003391,2024-08-28,East,Website,85.86,0.021
O003392,2024-05-06,North,Mobile App,109.75,0.026
O003393,2025-11-09,Central,Website,176.55,0.021
O003394,2025-09-19,South,Marketplace,152.83,0.045
O003395,2024-10-12,West,Marketplace,58.96,0.045
O003396,2024-07-05,North,Mobile App,130.78,0.026
O003397,2024-08-22,East,Website,103.36,0.021
O003398,2025-10-29,Central,Mobile App,116.78,0.026
O003399,2024-02-24,North,Website,116.29,0.021
O003400,2025-03-23,Central,Mobile App,154.94,0.026
O003401,2025-06-14,North,Marketplace,124.02,0.045
O003402,2025-09-09,East,Mobile App,159.25,0.026
O003403,2025-02-04,East,Website,57.58,0.021
O003404,2024-10-29,Central,Website,169.55,0.021
O003405,2024-07-18,Central,Mobile App,62.17,0.026
O003406,2025-11-10,North,Website,147.94,0.021
O003407,2024-01-06,South,Website,126.63,0.021
O003408,2024-07-26,East,Marketplace,157.77,0.045
O003409,2024-01-30,South,Marketplace,179.25,0.045
O003410,2024-12-05,Central,Website,150.75,0.021
O003411,2024-01-09,South,Website,54.92,0.021
O003412,2025-09-10,West,Mobile App,117.12,0.026
O003413,2024-06-09,Central,Website,102.89,0.021
O003414,2025-03-17,North,Marketplace,170.23,0.045
O003415,2024-03-16,North,Marketplace,123.14,0.045
O003416,2024-07-11,West,Marketplace,89.15,0.045
O003417,2025-09-18,East,Marketplace,124.57,0.045
O003418,2024-08-21,Central,Website,162.63,0.021
O003419,2025-05-09,North,Website,165.24,0.021
O003420,2024-07-05,East,Mobile App,123.01,0.026
O003421,2025-07-09,East,Website,78.86,0.021
O003422,2025-12-02,Central,Marketplace,128.25,0.045
O003423,2025-06-05,East,Website,135.75,0.021
O003424,2024-06-01,East,Website,69.33,0.021
O003425,2024-09-22,South,Mobile App,65.58,0.026
O003426,2025-02-16,East,Marketplace,157.43,0.045
O003427,2024-01-26,West,Website,55.25,0.021
O003428,2025-05-20,East,Marketplace,54.97,0.045
O003429,2025-12-07,Central,Marketplace,162.32,0.045
O003430,2024-07-11,North,Website,173.13,0.021
O003431,2025-05-02,South,Website,106.41,0.021
O003432,2025-09-11,North,Website,164.88,0.021
O003433,2024-10-16,Central,Website,152.41,0.021
O003434,2025-07-09,South,Marketplace,59.72,0.045
O003435,2025-06-21,South,Website,59.87,0.021
O003436,2024-06-04,East,Website,117.6,0.021
O003437,2025-05-15,West,Marketplace,159.23,0.045
O003438,2025-04-13,East,Marketplace,121.98,0.045
O003439,2024-12-18,North,Website,150.01,0.021
O003440,2025-01-13,East,Website,111.91,0.021
O003441,2025-08-25,North,Website,66.24,0.021
O003442,2025-07-20,South,Marketplace,132.48,0.045
O003443,2024-11-22,South,Website,73.74,0.021
O003444,2025-06-29,Central,Website,170.25,0.021
O003445,2025-02-06,North,Marketplace,81.54,0.045
O003446,2024-08-30,West,Website,86.18,0.021
O003447,2024-06-18,Central,Website,159.24,0.021
O003448,2025-11-11,South,Marketplace,124.08,0.045
O003449,2024-01-28,North,Website,65.09,0.021
O003450,2025-11-09,North,Website,139.03,0.021
O003451,2024-09-17,West,Website,134.73,0.021
O003452,2025-12-19,West,Marketplace,105.36,0.045
O003453,2025-03-28,East,Website,70.86,0.021
O003454,2025-03-31,East,Website,86.01,0.021
O003455,2024-11-05,West,Marketplace,157.92,0.045
O003456,2025-05-28,Central,Marketplace,176.68,0.045
O003457,2024-06-13,East,Marketplace,169.42,0.045
O003458,2025-06-04,West,Website,60.55,0.021
O003459,2025-07-27,North,Mobile App,150.52,0.026
O003460,2025-12-08,South,Website,132.78,0.021
O003461,2025-07-15,Central,Marketplace,159.08,0.045
O003462,2024-11-02,North,Marketplace,57.7,0.045
O003463,2024-09-06,East,Website,67.79,0.021
O003464,2025-07-13,West,Website,56.78,0.021
O003465,2024-06-12,South,Website,103.36,0.021
O003466,2024-12-13,West,Marketplace,71.48,0.045
O003467,2025-09-19,Central,Mobile App,169.18,0.026
O003468,2025-08-03,North,Website,101.19,0.021
O003469,2024-05-29,North,Website,49.95,0.021
O003470,2025-06-19,East,Mobile App,161.82,0.026
O003471,2024-02-02,Central,Marketplace,170.82,0.045
O003472,2024-07-25,North,Marketplace,81.47,0.045
O003473,2025-06-06,East,Marketplace,119.34,0.045
O003474,2025-01-24,West,Website,49.19,0.021
O003475,2025-10-21,East,Mobile App,167.8,0.026
O003476,2024-10-23,Central,Mobile App,103.98,0.026
O003477,2025-09-04,South,Website,174.4,0.021
O003478,2025-03-08,West,Marketplace,111.19,0.045
O003479,2025-02-11,South,Marketplace,67.76,0.045
O003480,2024-04-05,North,Website,135.47,0.021
O003481,2024-09-12,Central,Marketplace,141.64,0.045
O003482,2024-07-22,North,Mobile App,84.12,0.026
O003483,2025-02-06,West,Mobile App,90.8,0.026
O003484,2024-01-13,East,Marketplace,89.46,0.045
O003485,2024-01-21,South,Website,120.6,0.021
O003486,2024-02-14,South,Marketplace,125.15,0.045
O003487,2024-12-03,East,Marketplace,78.58,0.045
O003488,2024-03-06,West,Marketplace,126.21,0.045
O003489,2024-08-30,North,Mobile App,125.41,0.026
O003490,2025-07-07,Central,Website,63.68,0.021
O003491,2025-02-02,Central,Website,107.39,0.021
O003492,2025-02-12,Central,Website,108.13,0.021
O003493,2025-01-11,North,Website,143.66,0.021
O003494,2024-05-01,South,Website,134.1,0.021
O003495,2025-02-16,West,Mobile App,86.18,0.026
O003496,2025-10-04,Central,Website,131.74,0.021
O003497,2025-03-29,East,Mobile App,105.28,0.026
O003498,2025-01-17,Central,Mobile App,119.47,0.026
O003499,2024-09-10,West,Mobile App,101.73,0.026
O003500,2025-10-18,North,Website,72.93,0.021
O003501,2025-04-05,South,Website,66.26,0.021
O003502,2025-10-15,West,Website,111.22,0.021
O003503,2025-08-02,North,Marketplace,96.42,0.045
O003504,2024-08-03,Central,Mobile App,170.05,0.026
O003505,2024-09-25,North,Website,108.31,0.021
O003506,2025-07-04,North,Marketplace,123.18,0.045
O003507,2024-10-07,South,Mobile App,95.77,0.026
O003508,2025-11-15,West,Website,109.94,0.021
O003509,2024-01-27,Central,Marketplace,97.07,0.045
O003510,2025-08-11,North,Mobile App,136.08,0.026
O003511,2024-10-18,North,Marketplace,155.44,0.045
O003512,2024-07-13,West,Marketplace,175.86,0.045
O003513,2024-07-13,Central,Marketplace,106.93,0.045
O003514,2024-02-16,North,Mobile App,53.47,0.026
O003515,2025-03-05,West,Website,145.27,0.021
O003516,2024-02-22,South,Website,67.5,0.021
O003517,2024-06-20,East,Marketplace,176.24,0.045
O003518,2025-04-25,South,Website,89.0,0.021
O003519,2024-05-18,Central,Mobile App,117.47,0.026
O003520,2024-11-08,South,Marketplace,88.27,0.045
O003521,2024-10-27,North,Marketplace,84.35,0.045
O003522,2024-11-16,South,Marketplace,55.66,0.045
O003523,2024-09-13,Central,Marketplace,67.94,0.045
O003524,2025-01-13,South,Marketplace,173.88,0.045
O003525,2025-04-22,Central,Mobile App,56.31,0.026
O003526,2024-07-16,Central,Mobile App,107.5,0.026
O003527,2024-02-24,Central,Marketplace,175.41,0.045
O003528,2025-12-05,Central,Marketplace,144.03,0.045
O003529,2025-12-07,West,Website,62.95,0.021
O003530,2025-09-01,South,Marketplace,120.98,0.045
O003531,2025-02-22,North,Website,86.76,0.021
O003532,2024-11-02,North,Website,121.65,0.021
O003533,2025-10-14,North,Website,104.29,0.021
O003534,2025-04-02,West,Marketplace,156.05,0.045
O003535,2025-09-21,South,Mobile App,115.09,0.026
O003536,2024-01-31,Central,Marketplace,142.93,0.045
O003537,2024-04-22,Central,Website,133.4,0.021
O003538,2024-10-30,Central,Website,67.37,0.021
O003539,2025-01-11,South,Website,159.08,0.021
O003540,2025-11-05,South,Marketplace,161.97,0.045
O003541,2025-01-17,West,Mobile App,141.53,0.026
O003542,2024-10-12,East,Marketplace,54.88,0.045
O003543,2024-03-18,East,Website,109.76,0.021
O003544,2025-10-10,North,Website,170.24,0.021
O003545,2025-10-08,East,Marketplace,97.18,0.045
O003546,2024-08-23,South,Mobile App,65.64,0.026
O003547,2024-09-17,Central,Marketplace,179.98,0.045
O003548,2024-07-28,East,Marketplace,113.4,0.045
O003549,2025-10-17,Central,Website,77.76,0.021
O003550,2024-08-06,North,Mobile App,152.48,0.026
O003551,2025-07-09,Central,Website,98.21,0.021
O003552,2025-09-08,East,Mobile App,141.14,0.026
O003553,2025-08-20,South,Website,133.96,0.021
O003554,2024-12-18,South,Website,111.5,0.021
O003555,2025-12-25,Central,Mobile App,161.66,0.026
O003556,2024-09-14,Central,Marketplace,99.87,0.045
O003557,2025-02-23,West,Marketplace,83.92,0.045
O003558,2025-10-02,South,Website,163.01,0.021
O003559,2025-05-19,East,Mobile App,136.1,0.026
O003560,2025-02-01,Central,Marketplace,107.03,0.045
O003561,2024-08-24,West,Mobile App,86.88,0.026
O003562,2024-04-29,South,Mobile App,166.32,0.026
O003563,2024-10-28,Central,Website,67.03,0.021
O003564,2025-03-26,West,Website,147.98,0.021
O003565,2024-05-27,Central,Marketplace,49.13,0.045
O003566,2024-03-08,South,Mobile App,88.7,0.026
O003567,2024-09-30,South,Website,53.79,0.021
O003568,2024-09-29,West,Mobile App,128.29,0.026
O003569,2025-10-16,Central,Mobile App,63.46,0.026
O003570,2024-09-23,North,Marketplace,139.08,0.045
O003571,2025-09-05,East,Marketplace,111.33,0.045
O003572,2024-03-19,North,Marketplace,82.51,0.045
O003573,2024-11-10,South,Website,111.48,0.021
O003574,2025-03-30,West,Mobile App,113.44,0.026
O003575,2025-01-23,Central,Mobile App,91.99,0.026
O003576,2024-10-28,Central,Website,83.02,0.021
O003577,2024-02-24,Central,Website,90.81,0.021
O003578,2024-05-15,North,Website,173.74,0.021
O003579,2024-11-20,Central,Marketplace,136.74,0.045
O003580,2025-06-18,East,Website,109.51,0.021
O003581,2024-08-24,East,Marketplace,86.82,0.045
O003582,2025-05-27,South,Marketplace,58.11,0.045
O003583,2024-06-04,Central,Mobile App,105.12,0.026
O003584,2024-04-22,South,Marketplace,108.2,0.045
O003585,2025-06-15,South,Marketplace,51.53,0.045
O003586,2025-09-13,North,Website,164.45,0.021
O003587,2024-12-30,South,Marketplace,178.63,0.045
O003588,2025-03-19,Central,Marketplace,135.94,0.045
O003589,2025-07-27,West,Website,84.93,0.021
O003590,2024-09-16,Central,Marketplace,87.67,0.045
O003591,2025-07-13,North,Website,79.58,0.021
O003592,2025-08-06,West,Marketplace,179.26,0.045
O003593,2024-07-03,East,Mobile App,127.28,0.026
O003594,2024-06-26,South,Website,160.96,0.021
O003595,2024-03-15,West,Website,55.65,0.021
O003596,2024-01-25,Central,Marketplace,130.37,0.045
O003597,2025-10-21,North,Website,101.46,0.021
O003598,2024-12-30,North,Website,159.25,0.021
O003599,2024-12-19,West,Website,56.33,0.021
O003600,2024-10-18,Central,Marketplace,177.06,0.045
O003601,2025-12-01,Central,Marketplace,145.94,0.045
O003602,2025-12-08,West,Marketplace,175.44,0.045
O003603,2024-05-20,North,Mobile App,119.85,0.026
O003604,2024-01-26,Central,Marketplace,128.8,0.045
O003605,2025-02-18,Central,Marketplace,130.83,0.045
O003606,2025-11-20,East,Mobile App,98.4,0.026
O003607,2024-03-03,East,Marketplace,123.36,0.045
O003608,2024-07-27,South,Website,104.15,0.021
O003609,2024-12-27,West,Website,126.78,0.021
O003610,2024-03-18,West,Marketplace,65.57,0.045
O003611,2024-01-02,Central,Marketplace,162.69,0.045
O003612,2024-11-22,East,Marketplace,106.14,0.045
O003613,2025-04-06,North,Website,91.91,0.021
O003614,2025-02-15,East,Website,103.24,0.021
O003615,2024-05-03,Central,Website,80.51,0.021
O003616,2024-11-17,West,Website,58.37,0.021
O003617,2024-03-05,East,Website,113.06,0.021
O003618,2025-10-22,South,Mobile App,176.5,0.026
O003619,2024-11-26,West,Marketplace,118.23,0.045
O003620,2024-04-22,Central,Website,96.35,0.021
O003621,2025-04-05,South,Marketplace,176.0,0.045
O003622,2024-02-16,North,Website,107.53,0.021
O003623,2024-12-13,Central,Marketplace,61.69,0.045
O003624,2025-06-07,Central,Marketplace,152.78,0.045
O003625,2024-02-22,East,Mobile App,117.36,0.026
O003626,2025-02-24,East,Mobile App,65.69,0.026
O003627,2025-02-03,North,Website,63.38,0.021
O003628,2025-03-06,South,Marketplace,117.82,0.045
O003629,2024-07-20,East,Marketplace,162.3,0.045
O003630,2024-04-14,Central,Marketplace,104.47,0.045
O003631,2024-09-15,East,Marketplace,82.63,0.045
O003632,2024-08-28,South,Website,104.58,0.021
O003633,2025-02-21,East,Marketplace,74.79,0.045
O003634,2025-09-11,North,Mobile App,90.0,0.026
O003635,2024-10-31,North,Marketplace,68.35,0.045
O003636,2025-04-14,South,Website,87.16,0.021
O003637,2024-12-17,Central,Mobile App,160.26,0.026
O003638,2024-05-08,North,Marketplace,102.53,0.045
O003639,2025-08-18,Central,Website,120.7,0.021
O003640,2024-04-16,South,Mobile App,107.26,0.026
O003641,2024-05-24,East,Website,101.5,0.021
O003642,2025-05-17,East,Website,63.06,0.021
O003643,2024-08-05,South,Marketplace,79.88,0.045
O003644,2025-01-01,Central,Marketplace,121.23,0.045
O003645,2024-08-19,South,Mobile App,161.39,0.026
O003646,2025-02-01,North,Website,93.12,0.021
O003647,2024-09-24,East,Mobile App,179.38,0.026
O003648,2024-08-21,West,Mobile App,163.18,0.026
O003649,2025-10-15,West,Marketplace,164.64,0.045
O003650,2024-06-09,West,Website,118.82,0.021
O003651,2024-12-07,East,Marketplace,176.25,0.045
O003652,2025-08-15,Central,Website,92.92,0.021
O003653,2024-01-30,North,Mobile App,142.53,0.026
O003654,2024-01-09,East,Mobile App,89.26,0.026
O003655,2025-09-29,South,Website,111.59,0.021
O003656,2024-07-31,North,Marketplace,131.25,0.045
O003657,2024-05-12,South,Website,114.51,0.021
O003658,2025-11-16,West,Marketplace,141.92,0.045
O003659,2024-07-30,North,Website,165.28,0.021
O003660,2024-10-12,North,Mobile App,63.47,0.026
O003661,2025-09-25,South,Mobile App,76.29,0.026
O003662,2024-12-12,South,Marketplace,171.79,0.045
O003663,2025-07-11,North,Marketplace,159.19,0.045
O003664,2025-03-17,North,Marketplace,105.48,0.045
O003665,2025-05-25,South,Marketplace,134.22,0.045
O003666,2025-08-07,North,Marketplace,107.21,0.045
O003667,2024-03-25,North,Website,163.35,0.021
O003668,2024-02-06,North,Marketplace,174.17,0.045
O003669,2025-04-13,Central,Mobile App,155.72,0.026
O003670,2025-05-25,East,Mobile App,50.3,0.026
O003671,2024-03-18,Central,Mobile App,152.09,0.026
O003672,2025-02-16,West,Marketplace,167.98,0.045
O003673,2024-06-04,East,Marketplace,178.88,0.045
O003674,2025-03-03,North,Marketplace,107.06,0.045
O003675,2024-09-12,East,Website,121.17,0.021
O003676,2025-12-11,South,Marketplace,76.42,0.045
O003677,2025-07-10,East,Mobile App,92.67,0.026
O003678,2025-06-18,South,Marketplace,152.32,0.045
O003679,2025-08-25,North,Website,134.33,0.021
O003680,2025-01-11,South,Website,67.76,0.021
O003681,2024-09-22,Central,Website,79.77,0.021
O003682,2025-05-08,Central,Marketplace,116.34,0.045
O003683,2024-10-02,North,Website,112.75,0.021
O003684,2025-07-17,South,Marketplace,90.9,0.045
O003685,2024-10-13,Central,Website,102.73,0.021
O003686,2025-08-19,West,Marketplace,157.33,0.045
O003687,2024-04-27,East,Marketplace,169.14,0.045
O003688,2025-11-24,North,Mobile App,62.19,0.026
O003689,2024-01-24,West,Mobile App,70.89,0.026
O003690,2025-03-03,Central,Website,72.04,0.021
O003691,2025-04-21,South,Website,131.06,0.021
O003692,2024-09-27,West,Website,71.68,0.021
O003693,2024-05-06,South,Website,71.78,0.021
O003694,2024-09-24,North,Marketplace,59.19,0.045
O003695,2025-12-18,East,Marketplace,135.61,0.045
O003696,2025-06-15,North,Website,85.66,0.021
O003697,2025-06-15,East,Marketplace,140.12,0.045
O003698,2025-12-04,Central,Mobile App,113.86,0.026
O003699,2024-10-27,North,Marketplace,110.86,0.045
O003700,2025-01-24,West,Website,178.9,0.021
O003701,2024-03-10,East,Marketplace,85.19,0.045
O003702,2025-02-22,South,Mobile App,118.61,0.026
O003703,2024-10-07,South,Website,162.26,0.021
O003704,2024-08-03,West,Website,176.18,0.021
O003705,2025-09-16,North,Website,163.93,0.021
O003706,2024-06-06,North,Website,99.64,0.021
O003707,2024-05-29,North,Website,113.89,0.021
O003708,2024-02-14,North,Marketplace,102.44,0.045
O003709,2025-08-22,South,Marketplace,130.91,0.045
O003710,2025-11-20,East,Website,55.87,0.021
O003711,2025-07-23,East,Website,149.62,0.021
O003712,2024-06-13,West,Marketplace,55.42,0.045
O003713,2024-10-13,Central,Marketplace,157.74,0.045
O003714,2024-09-24,West,Website,124.53,0.021
O003715,2025-02-24,South,Marketplace,54.85,0.045
O003716,2025-05-02,West,Mobile App,110.45,0.026
O003717,2025-11-17,South,Marketplace,60.87,0.045
O003718,2024-06-09,North,Website,179.33,0.021
O003719,2025-05-29,North,Marketplace,115.74,0.045
O003720,2025-12-03,North,Mobile App,68.69,0.026
O003721,2025-09-03,North,Mobile App,143.54,0.026
O003722,2024-02-28,East,Website,91.47,0.021
O003723,2025-06-07,East,Website,96.9,0.021
O003724,2024-02-26,North,Mobile App,65.69,0.026
O003725,2025-11-06,West,Marketplace,77.58,0.045
O003726,2024-12-20,North,Website,159.29,0.021
O003727,2024-06-26,North,Marketplace,134.78,0.045
O003728,2025-03-02,North,Website,162.7,0.021
O003729,2025-07-15,South,Mobile App,78.78,0.026
O003730,2024-01-25,West,Marketplace,79.31,0.045
O003731,2025-11-30,West,Marketplace,113.46,0.045
O003732,2024-07-25,West,Website,120.22,0.021
O003733,2025-02-19,North,Marketplace,105.5,0.045
O003734,2024-10-03,South,Marketplace,62.9,0.045
O003735,2024-01-02,North,Mobile App,66.59,0.026
O003736,2025-10-31,North,Website,118.01,0.021
O003737,2024-06-26,Central,Mobile App,136.68,0.026
O003738,2024-06-06,Central,Marketplace,139.73,0.045
O003739,2024-05-09,West,Mobile App,76.84,0.026
O003740,2024-05-22,South,Mobile App,147.38,0.026
O003741,2024-09-26,East,Marketplace,59.29,0.045
O003742,2025-02-27,West,Website,77.2,0.021
O003743,2024-02-21,West,Website,174.19,0.021
O003744,2024-01-10,East,Website,105.04,0.021
O003745,2024-12-02,West,Website,107.27,0.021
O003746,2025-05-02,North,Website,87.86,0.021
O003747,2025-10-25,East,Website,83.66,0.021
O003748,2024-03-18,East,Marketplace,177.32,0.045
O003749,2025-06-18,South,Marketplace,51.07,0.045
O003750,2024-08-15,East,Marketplace,132.39,0.045
O003751,2024-12-05,South,Marketplace,147.26,0.045
O003752,2024-12-31,West,Website,124.68,0.021
O003753,2024-12-30,East,Website,70.32,0.021
O003754,2025-12-05,South,Marketplace,159.99,0.045
O003755,2025-09-17,North,Marketplace,108.83,0.045
O003756,2024-09-01,East,Website,107.62,0.021
O003757,2024-08-23,South,Website,120.52,0.021
O003758,2025-07-04,South,Marketplace,103.28,0.045
O003759,2024-08-03,North,Marketplace,53.82,0.045
O003760,2025-04-21,East,Website,140.91,0.021
O003761,2024-07-19,West,Mobile App,101.42,0.026
O003762,2024-08-22,North,Mobile App,109.36,0.026
O003763,2025-02-19,North,Website,87.62,0.021
O003764,2024-12-21,Central,Marketplace,53.57,0.045
O003765,2024-08-28,Central,Marketplace,72.27,0.045
O003766,2025-08-30,South,Website,56.61,0.021
O003767,2025-05-01,Central,Website,125.35,0.021
O003768,2025-05-12,Central,Mobile App,122.59,0.026
O003769,2025-08-05,Central,Mobile App,76.58,0.026
O003770,2024-06-20,East,Marketplace,63.82,0.045
O003771,2025-05-11,West,Mobile App,146.33,0.026
O003772,2024-03-16,South,Mobile App,120.13,0.026
O003773,2025-05-02,South,Mobile App,164.8,0.026
O003774,2025-11-16,North,Website,77.95,0.021
O003775,2024-01-27,South,Website,89.82,0.021
O003776,2025-02-28,East,Website,72.2,0.021
O003777,2024-09-02,South,Mobile App,121.95,0.026
O003778,2025-05-26,North,Website,133.87,0.021
O003779,2025-10-25,West,Mobile App,128.78,0.026
O003780,2025-11-16,West,Mobile App,100.75,0.026
O003781,2025-11-14,South,Mobile App,80.68,0.026
O003782,2025-01-31,West,Marketplace,144.58,0.045
O003783,2024-09-05,East,Marketplace,153.08,0.045
O003784,2025-12-09,East,Website,162.39,0.021
O003785,2025-03-21,North,Website,129.66,0.021
O003786,2025-10-29,South,Website,113.47,0.021
O003787,2024-09-30,West,Marketplace,81.96,0.045
O003788,2024-07-06,East,Mobile App,98.71,0.026
O003789,2025-03-26,North,Website,136.71,0.021
O003790,2025-10-06,North,Marketplace,74.63,0.045
O003791,2024-07-16,North,Website,161.56,0.021
O003792,2024-11-08,East,Marketplace,52.34,0.045
O003793,2024-11-22,West,Website,92.03,0.021
O003794,2025-09-04,West,Marketplace,165.94,0.045
O003795,2024-04-29,Central,Website,156.9,0.021
O003796,2025-09-06,Central,Website,162.5,0.021
O003797,2024-08-07,West,Website,92.46,0.021
O003798,2025-08-25,West,Website,166.15,0.021
O003799,2024-12-18,South,Website,163.36,0.021
O003800,2025-09-20,South,Website,53.39,0.021
O003801,2024-01-29,Central,Marketplace,67.45,0.045
O003802,2025-11-07,East,Website,145.01,0.021
O003803,2024-08-24,East,Website,76.0,0.021
O003804,2024-08-07,North,Marketplace,79.7,0.045
O003805,2024-05-20,North,Marketplace,123.62,0.045
O003806,2025-06-19,West,Marketplace,148.62,0.045
O003807,2024-05-25,East,Marketplace,98.98,0.045
O003808,2024-01-31,South,Marketplace,107.73,0.045
O003809,2024-01-11,Central,Marketplace,69.16,0.045
O003810,2025-01-14,West,Mobile App,78.28,0.026
O003811,2025-10-29,North,Marketplace,140.75,0.045
O003812,2024-04-09,West,Marketplace,138.74,0.045
O003813,2025-10-06,North,Website,139.88,0.021
O003814,2024-05-15,South,Website,120.84,0.021
O003815,2025-05-06,East,Marketplace,159.21,0.045
O003816,2024-12-08,Central,Website,141.78,0.021
O003817,2025-03-28,West,Marketplace,49.47,0.045
O003818,2024-01-13,North,Marketplace,64.15,0.045
O003819,2025-01-25,East,Website,86.33,0.021
O003820,2024-12-07,West,Website,74.39,0.021
O003821,2025-03-21,South,Website,141.1,0.021
O003822,2025-07-23,Central,Website,145.2,0.021
O003823,2025-10-10,West,Marketplace,139.9,0.045
O003824,2024-11-18,West,Marketplace,130.54,0.045
O003825,2025-02-08,East,Marketplace,151.27,0.045
O003826,2025-12-13,East,Website,65.96,0.021
O003827,2024-12-26,West,Website,95.2,0.021
O003828,2025-08-05,South,Website,76.93,0.021
O003829,2025-03-12,North,Marketplace,146.86,0.045
O003830,2025-04-16,Central,Mobile App,151.01,0.026
O003831,2025-06-15,Central,Mobile App,58.89,0.026
O003832,2024-08-18,East,Website,57.94,0.021
O003833,2024-02-21,North,Mobile App,107.59,0.026
O003834,2025-07-14,West,Marketplace,73.08,0.045
O003835,2024-08-16,West,Marketplace,104.54,0.045
O003836,2024-11-16,West,Mobile App,146.96,0.026
O003837,2024-10-14,West,Marketplace,59.68,0.045
O003838,2025-10-17,East,Website,170.65,0.021
O003839,2025-02-12,West,Marketplace,109.18,0.045
O003840,2025-08-30,Central,Mobile App,161.56,0.026
O003841,2025-06-04,East,Mobile App,139.15,0.026
O003842,2025-04-15,West,Mobile App,99.33,0.026
O003843,2025-02-13,South,Marketplace,104.66,0.045
O003844,2025-10-04,North,Website,143.07,0.021
O003845,2024-07-19,South,Website,56.31,0.021
O003846,2024-05-10,East,Marketplace,179.66,0.045
O003847,2025-10-21,Central,Marketplace,114.85,0.045
O003848,2024-09-16,South,Website,144.91,0.021
O003849,2024-05-01,Central,Mobile App,83.76,0.026
O003850,2025-12-30,East,Marketplace,101.21,0.045
O003851,2024-08-20,North,Website,98.15,0.021
O003852,2024-11-18,Central,Marketplace,154.67,0.045
O003853,2025-01-22,Central,Marketplace,52.21,0.045
O003854,2024-01-19,Central,Website,129.6,0.021
O003855,2024-10-28,South,Marketplace,85.25,0.045
O003856,2025-11-09,Central,Marketplace,107.29,0.045
O003857,2024-03-20,East,Marketplace,50.15,0.045
O003858,2024-09-26,East,Website,101.71,0.021
O003859,2024-07-02,Central,Mobile App,61.88,0.026
O003860,2025-11-06,North,Mobile App,83.69,0.026
O003861,2024-09-24,South,Mobile App,151.42,0.026
O003862,2024-09-02,North,Mobile App,135.4,0.026
O003863,2024-12-02,Central,Marketplace,170.39,0.045
O003864,2025-10-15,Central,Marketplace,89.37,0.045
O003865,2025-04-10,South,Website,179.13,0.021
O003866,2024-04-02,Central,Website,110.77,0.021
O003867,2025-10-14,South,Mobile App,90.37,0.026
O003868,2025-05-12,West,Mobile App,159.59,0.026
O003869,2025-01-14,Central,Website,66.72,0.021
O003870,2025-04-14,West,Website,126.18,0.021
O003871,2024-04-21,North,Marketplace,90.31,0.045
O003872,2024-07-22,Central,Website,54.8,0.021
O003873,2025-03-20,West,Website,112.0,0.021
O003874,2024-04-15,West,Website,175.01,0.021
O003875,2025-12-13,North,Mobile App,167.76,0.026
O003876,2024-08-04,East,Website,123.09,0.021
O003877,2025-06-29,East,Website,175.38,0.021
O003878,2024-02-25,West,Marketplace,149.6,0.045
O003879,2025-09-23,East,Website,86.04,0.021
O003880,2024-02-02,West,Mobile App,97.76,0.026
O003881,2025-06-15,West,Website,144.84,0.021
O003882,2024-02-19,West,Website,140.89,0.021
O003883,2024-02-22,North,Marketplace,100.88,0.045
O003884,2025-11-19,West,Marketplace,73.16,0.045
O003885,2024-01-20,South,Website,81.62,0.021
O003886,2025-09-10,Central,Marketplace,116.34,0.045
O003887,2025-09-02,Central,Mobile App,143.22,0.026
O003888,2024-03-19,Central,Website,161.66,0.021
O003889,2025-01-29,East,Mobile App,165.37,0.026
O003890,2024-11-13,Central,Mobile App,131.68,0.026
O003891,2024-04-15,South,Website,106.22,0.021
O003892,2024-01-18,East,Website,79.86,0.021
O003893,2024-12-16,East,Mobile App,174.34,0.026
O003894,2025-04-01,South,Website,94.93,0.021
O003895,2025-07-21,Central,Website,138.39,0.021
O003896,2024-04-10,East,Mobile App,106.64,0.026
O003897,2025-09-19,North,Website,60.13,0.021
O003898,2025-01-20,South,Website,54.2,0.021
O003899,2025-06-29,West,Marketplace,81.26,0.045
O003900,2025-05-11,East,Mobile App,141.91,0.026
O003901,2025-06-25,West,Website,85.05,0.021
O003902,2025-03-27,South,Website,159.02,0.021
O003903,2024-01-26,South,Marketplace,119.3,0.045
O003904,2025-01-04,South,Marketplace,145.93,0.045
O003905,2024-07-12,West,Website,106.81,0.021
O003906,2025-05-24,West,Marketplace,106.46,0.045
O003907,2025-07-19,West,Mobile App,164.45,0.026
O003908,2024-04-21,Central,Mobile App,82.07,0.026
O003909,2025-09-17,East,Marketplace,85.79,0.045
O003910,2025-10-28,East,Website,141.54,0.021
O003911,2025-11-07,West,Mobile App,142.32,0.026
O003912,2024-02-11,Central,Marketplace,49.26,0.045
O003913,2024-02-09,West,Mobile App,61.03,0.026
O003914,2024-02-14,Central,Marketplace,75.5,0.045
O003915,2024-12-02,Central,Mobile App,85.61,0.026
O003916,2025-11-06,West,Website,179.43,0.021
O003917,2025-01-22,East,Website,164.83,0.021
O003918,2024-07-06,Central,Website,53.35,0.021
O003919,2024-12-15,North,Mobile App,91.38,0.026
O003920,2024-03-04,Central,Marketplace,101.63,0.045
O003921,2025-03-26,East,Marketplace,64.68,0.045
O003922,2025-06-09,East,Marketplace,130.72,0.045
O003923,2024-10-22,West,Marketplace,159.19,0.045
O003924,2024-03-18,East,Website,131.41,0.021
O003925,2024-08-29,West,Website,117.87,0.021
O003926,2024-12-06,West,Marketplace,158.77,0.045
O003927,2025-12-20,South,Marketplace,117.73,0.045
O003928,2024-07-23,West,Marketplace,177.04,0.045
O003929,2024-06-06,Central,Mobile App,128.6,0.026
O003930,2024-12-07,West,Marketplace,118.29,0.045
O003931,2025-09-13,North,Website,136.22,0.021
O003932,2024-03-01,North,Mobile App,63.25,0.026
O003933,2024-06-30,North,Mobile App,84.03,0.026
O003934,2025-10-04,East,Marketplace,177.56,0.045
O003935,2025-02-09,North,Website,74.9,0.021
O003936,2024-02-13,Central,Website,77.88,0.021
O003937,2024-11-19,West,Mobile App,175.26,0.026
O003938,2025-05-02,East,Marketplace,62.13,0.045
O003939,2024-04-30,West,Marketplace,173.06,0.045
O003940,2025-06-27,Central,Marketplace,117.16,0.045
O003941,2024-11-06,East,Website,61.43,0.021
O003942,2024-03-29,East,Marketplace,62.23,0.045
O003943,2025-06-13,Central,Mobile App,92.31,0.026
O003944,2024-12-09,North,Mobile App,88.78,0.026
O003945,2024-03-03,South,Website,145.26,0.021
O003946,2024-04-14,South,Website,128.59,0.021
O003947,2024-04-17,North,Marketplace,74.01,0.045
O003948,2024-10-08,South,Marketplace,128.15,0.045
O003949,2025-04-18,West,Mobile App,87.32,0.026
O003950,2025-04-23,West,Website,157.28,0.021
O003951,2024-07-22,East,Mobile App,134.28,0.026
O003952,2024-07-26,West,Website,68.59,0.021
O003953,2025-01-16,West,Mobile App,106.42,0.026
O003954,2024-03-03,Central,Website,118.27,0.021
O003955,2024-07-19,North,Marketplace,107.67,0.045
O003956,2024-08-23,South,Website,138.03,0.021
O003957,2024-11-12,East,Website,110.02,0.021
O003958,2025-09-03,Central,Website,132.29,0.021
O003959,2024-08-01,South,Marketplace,165.01,0.045
O003960,2024-07-14,South,Marketplace,154.23,0.045
O003961,2025-02-19,East,Marketplace,160.07,0.045
O003962,2025-01-01,Central,Marketplace,167.49,0.045
O003963,2025-09-18,South,Website,95.97,0.021
O003964,2025-12-15,East,Website,75.29,0.021
O003965,2024-03-18,West,Website,81.19,0.021
O003966,2024-09-26,South,Mobile App,99.35,0.026
O003967,2025-12-13,South,Website,113.74,0.021
O003968,2025-11-30,South,Marketplace,80.59,0.045
O003969,2024-01-12,North,Website,179.68,0.021
O003970,2024-07-22,East,Mobile App,124.19,0.026
O003971,2024-08-18,Central,Marketplace,97.52,0.045
O003972,2024-12-11,Central,Website,97.38,0.021
O003973,2024-08-28,South,Mobile App,81.27,0.026
O003974,2025-01-07,North,Website,157.2,0.021
O003975,2025-08-06,Central,Marketplace,102.67,0.045
O003976,2024-09-28,East,Marketplace,146.93,0.045
O003977,2024-06-11,Central,Marketplace,93.57,0.045
O003978,2025-01-29,West,Marketplace,50.35,0.045
O003979,2024-08-13,South,Mobile App,132.53,0.026
O003980,2025-11-17,South,Marketplace,135.14,0.045
O003981,2024-11-07,Central,Mobile App,108.59,0.026
O003982,2024-01-14,South,Mobile App,61.31,0.026
O003983,2024-10-27,North,Marketplace,168.31,0.045
O003984,2024-07-21,East,Marketplace,119.35,0.045
O003985,2024-12-18,Central,Website,116.28,0.021
O003986,2025-08-25,South,Website,103.53,0.021
O003987,2024-04-22,North,Mobile App,148.83,0.026
O003988,2025-06-30,West,Marketplace,166.55,0.045
O003989,2024-11-27,North,Website,166.94,0.021
O003990,2024-04-07,North,Marketplace,88.36,0.045
O003991,2025-12-13,West,Website,139.52,0.021
O003992,2025-05-14,South,Website,172.82,0.021
O003993,2024-12-10,East,Marketplace,81.76,0.045
O003994,2024-03-19,Central,Website,119.19,0.021
O003995,2025-04-10,West,Website,175.43,0.021
O003996,2024-08-16,North,Mobile App,175.35,0.026
O003997,2025-03-02,North,Website,130.89,0.021
O003998,2024-02-23,East,Mobile App,163.99,0.026
O003999,2024-04-26,East,Mobile App,90.76,0.026
O004000,2025-04-17,Central,Website,85.82,0.021
O004001,2025-02-04,East,Website,115.58,0.021
O004002,2025-04-15,North,Mobile App,98.82,0.026
O004003,2024-02-15,East,Website,50.75,0.021
O004004,2024-06-07,North,Marketplace,119.85,0.045
O004005,2024-06-12,Central,Marketplace,167.46,0.045
O004006,2025-07-15,West,Marketplace,113.6,0.045
O004007,2025-10-03,West,Website,118.44,0.021
O004008,2024-04-05,West,Website,62.32,0.021
O004009,2024-11-16,East,Website,101.37,0.021
O004010,2024-06-10,Central,Website,145.55,0.021
O004011,2024-10-14,East,Mobile App,54.73,0.026
O004012,2025-05-05,South,Mobile App,166.06,0.026
O004013,2024-10-23,North,Website,119.37,0.021
O004014,2024-06-08,North,Mobile App,86.42,0.026
O004015,2024-11-17,South,Marketplace,172.07,0.045
O004016,2024-09-07,West,Marketplace,147.34,0.045
O004017,2025-04-27,West,Marketplace,160.86,0.045
O004018,2025-12-26,Central,Mobile App,80.62,0.026
O004019,2024-12-08,West,Marketplace,166.01,0.045
O004020,2024-03-17,Central,Marketplace,99.83,0.045
O004021,2025-07-12,West,Mobile App,178.97,0.026
O004022,2024-04-10,Central,Website,108.83,0.021
O004023,2024-03-22,West,Website,69.37,0.021
O004024,2024-05-14,North,Marketplace,125.73,0.045
O004025,2024-06-14,East,Website,167.11,0.021
O004026,2024-06-03,West,Website,138.8,0.021
O004027,2024-11-18,North,Website,111.18,0.021
O004028,2024-01-05,East,Website,55.97,0.021
O004029,2025-02-10,North,Website,112.14,0.021
O004030,2024-01-19,North,Website,75.67,0.021
O004031,2025-09-11,Central,Mobile App,147.37,0.026
O004032,2024-05-20,East,Website,171.22,0.021
O004033,2024-08-30,Central,Website,56.9,0.021
O004034,2025-11-13,North,Mobile App,60.84,0.026
O004035,2025-02-22,Central,Mobile App,53.43,0.026
O004036,2025-07-26,South,Website,79.79,0.021
O004037,2024-04-01,West,Marketplace,132.51,0.045
O004038,2025-06-12,North,Marketplace,49.58,0.045
O004039,2025-03-13,West,Mobile App,62.95,0.026
O004040,2025-08-01,Central,Website,54.69,0.021
O004041,2024-11-08,West,Mobile App,131.68,0.026
O004042,2024-11-15,Central,Marketplace,111.18,0.045
O004043,2024-09-27,Central,Mobile App,178.49,0.026
O004044,2024-05-16,Central,Marketplace,118.67,0.045
O004045,2025-07-04,South,Website,51.11,0.021
O004046,2025-09-22,North,Mobile App,76.6,0.026
O004047,2024-07-02,West,Website,164.9,0.021
O004048,2024-04-27,Central,Marketplace,166.78,0.045
O004049,2025-04-23,East,Marketplace,77.23,0.045
O004050,2024-12-17,South,Mobile App,174.32,0.026
O004051,2025-04-06,West,Website,169.45,0.021
O004052,2025-09-28,East,Website,94.43,0.021
O004053,2025-02-16,West,Mobile App,99.24,0.026
O004054,2025-09-11,West,Marketplace,145.62,0.045
O004055,2025-07-27,North,Website,157.9,0.021
O004056,2025-05-29,South,Mobile App,158.73,0.026
O004057,2025-09-04,North,Website,152.62,0.021
O004058,2024-02-05,South,Mobile App,177.33,0.026
O004059,2024-01-05,Central,Marketplace,69.75,0.045
O004060,2024-05-10,South,Marketplace,162.48,0.045
O004061,2025-10-15,Central,Website,141.87,0.021
O004062,2024-03-07,South,Website,118.25,0.021
O004063,2025-04-19,East,Website,55.25,0.021
O004064,2025-03-13,Central,Mobile App,149.78,0.026
O004065,2024-07-20,West,Website,150.63,0.021
O004066,2024-11-30,West,Mobile App,118.57,0.026
O004067,2024-09-16,South,Website,126.15,0.021
O004068,2025-04-08,North,Marketplace,71.1,0.045
O004069,2025-09-27,Central,Website,166.4,0.021
O004070,2024-02-02,North,Website,168.33,0.021
O004071,2024-10-19,North,Website,125.91,0.021
O004072,2024-07-15,West,Marketplace,148.55,0.045
O004073,2025-11-14,West,Website,85.02,0.021
O004074,2025-06-29,North,Website,171.97,0.021
O004075,2024-10-28,West,Website,136.47,0.021
O004076,2024-08-21,South,Website,167.3,0.021
O004077,2025-08-15,South,Website,166.86,0.021
O004078,2025-10-25,Central,Website,141.3,0.021
O004079,2025-02-03,South,Website,162.86,0.021
O004080,2024-12-24,Central,Website,49.01,0.021
O004081,2025-06-08,East,Marketplace,109.01,0.045
O004082,2025-03-25,South,Mobile App,135.77,0.026
O004083,2024-03-10,South,Marketplace,94.26,0.045
O004084,2025-06-06,West,Marketplace,168.6,0.045
O004085,2024-01-01,South,Website,133.16,0.021
O004086,2025-02-02,North,Website,122.85,0.021
O004087,2025-10-04,South,Marketplace,128.99,0.045
O004088,2024-08-16,South,Website,115.01,0.021
O004089,2025-01-04,South,Marketplace,162.13,0.045
O004090,2024-09-03,East,Website,136.73,0.021
O004091,2024-01-07,West,Website,163.09,0.021
O004092,2024-08-09,West,Mobile App,172.18,0.026
O004093,2025-12-12,South,Website,178.97,0.021
O004094,2024-11-18,Central,Mobile App,108.59,0.026
O004095,2025-10-31,North,Mobile App,59.59,0.026
O004096,2025-05-23,North,Marketplace,63.65,0.045
O004097,2024-01-25,Central,Website,106.75,0.021
O004098,2025-12-25,North,Website,130.63,0.021
O004099,2024-12-10,West,Marketplace,126.8,0.045
O004100,2024-11-10,North,Mobile App,134.97,0.026
O004101,2024-12-22,West,Website,142.62,0.021
O004102,2025-06-25,Central,Website,135.08,0.021
O004103,2024-12-19,Central,Marketplace,78.14,0.045
O004104,2025-02-01,East,Mobile App,168.28,0.026
O004105,2024-09-16,East,Website,131.1,0.021
O004106,2024-09-23,West,Mobile App,77.51,0.026
O004107,2024-12-18,North,Website,174.85,0.021
O004108,2024-10-11,Central,Marketplace,150.3,0.045
O004109,2024-10-01,East,Mobile App,173.86,0.026
O004110,2024-08-17,South,Website,89.84,0.021
O004111,2024-08-06,South,Marketplace,171.16,0.045
O004112,2025-12-15,East,Mobile App,90.8,0.026
O004113,2024-01-05,West,Website,128.51,0.021
O004114,2025-09-21,East,Website,76.81,0.021
O004115,2024-11-17,West,Website,89.89,0.021
O004116,2024-10-26,East,Website,146.86,0.021
O004117,2024-11-18,North,Website,90.67,0.021
O004118,2024-11-22,Central,Website,152.57,0.021
O004119,2024-04-12,West,Marketplace,160.38,0.045
O004120,2025-01-09,North,Website,115.03,0.021
O004121,2025-09-06,South,Website,78.03,0.021
O004122,2024-11-21,South,Mobile App,136.81,0.026
O004123,2024-03-09,East,Mobile App,161.26,0.026
O004124,2024-07-05,South,Website,68.29,0.021
O004125,2024-06-07,North,Website,61.29,0.021
O004126,2024-11-22,North,Marketplace,148.81,0.045
O004127,2025-01-13,West,Mobile App,76.52,0.026
O004128,2024-07-03,North,Marketplace,156.05,0.045
O004129,2024-11-20,North,Website,111.1,0.021
O004130,2025-10-09,South,Mobile App,80.51,0.026
O004131,2024-01-06,North,Marketplace,126.16,0.045
O004132,2024-08-05,East,Website,139.8,0.021
O004133,2024-10-26,Central,Website,49.52,0.021
O004134,2024-06-28,West,Marketplace,92.02,0.045
O004135,2025-12-06,Central,Mobile App,61.16,0.026
O004136,2024-03-06,Central,Mobile App,55.66,0.026
O004137,2025-07-27,West,Website,168.87,0.021
O004138,2025-10-17,Central,Website,156.51,0.021
O004139,2024-05-20,South,Website,176.41,0.021
O004140,2024-06-18,South,Marketplace,120.56,0.045
O004141,2025-10-19,North,Website,150.19,0.021
O004142,2025-05-20,East,Mobile App,97.72,0.026
O004143,2025-06-28,West,Website,136.0,0.021
O004144,2024-11-05,South,Marketplace,141.9,0.045
O004145,2024-07-11,East,Website,152.88,0.021
O004146,2024-01-22,Central,Mobile App,142.02,0.026
O004147,2025-08-06,Central,Website,129.5,0.021
O004148,2025-05-06,Central,Website,103.43,0.021
O004149,2024-03-13,South,Marketplace,124.33,0.045
O004150,2024-06-13,East,Website,75.98,0.021
O004151,2025-05-12,Central,Mobile App,69.66,0.026
O004152,2025-10-09,West,Marketplace,81.86,0.045
O004153,2024-07-14,North,Website,121.34,0.021
O004154,2025-11-09,South,Marketplace,78.77,0.045
O004155,2024-11-10,North,Website,59.54,0.021
O004156,2024-04-06,South,Mobile App,100.79,0.026
O004157,2024-09-01,Central,Website,98.25,0.021
O004158,2025-05-25,Central,Website,64.06,0.021
O004159,2024-08-10,North,Website,63.76,0.021
O004160,2024-04-08,North,Website,118.1,0.021
O004161,2025-09-09,Central,Marketplace,119.95,0.045
O004162,2025-07-23,West,Website,95.76,0.021
O004163,2025-08-03,North,Website,167.26,0.021
O004164,2025-06-18,East,Mobile App,121.19,0.026
O004165,2024-11-22,Central,Marketplace,151.73,0.045
O004166,2024-02-12,South,Mobile App,171.17,0.026
O004167,2024-07-09,North,Website,68.04,0.021
O004168,2025-09-23,South,Website,172.58,0.021
O004169,2025-07-14,East,Website,85.26,0.021
O004170,2025-03-11,West,Website,170.56,0.021
O004171,2025-01-07,Central,Website,96.5,0.021
O004172,2024-05-14,North,Website,108.33,0.021
O004173,2025-10-18,South,Mobile App,173.23,0.026
O004174,2024-03-06,East,Marketplace,81.72,0.045
O004175,2025-05-26,East,Website,117.08,0.021
O004176,2025-01-04,East,Website,71.99,0.021
O004177,2024-07-16,North,Mobile App,113.76,0.026
O004178,2024-11-29,South,Marketplace,168.42,0.045
O004179,2025-08-21,South,Mobile App,88.08,0.026
O004180,2025-06-19,East,Mobile App,94.72,0.026
O004181,2025-12-22,East,Website,116.38,0.021
O004182,2025-11-30,Central,Website,85.78,0.021
O004183,2025-07-07,West,Website,177.77,0.021
O004184,2025-04-01,North,Website,117.69,0.021
O004185,2025-02-01,North,Website,107.28,0.021
O004186,2024-04-05,East,Marketplace,168.79,0.045
O004187,2025-09-25,North,Marketplace,153.75,0.045
O004188,2025-07-15,South,Website,99.93,0.021
O004189,2024-11-15,East,Marketplace,54.37,0.045
O004190,2025-05-19,South,Website,128.76,0.021
O004191,2024-12-10,South,Marketplace,119.3,0.045
O004192,2024-12-03,East,Mobile App,107.19,0.026
O004193,2025-05-22,Central,Website,170.54,0.021
O004194,2025-06-15,Central,Website,79.52,0.021
O004195,2024-06-10,West,Website,89.69,0.021
O004196,2024-07-05,Central,Mobile App,141.81,0.026
O004197,2024-01-04,South,Mobile App,80.19,0.026
O004198,2025-04-15,West,Website,78.05,0.021
O004199,2024-02-05,West,Marketplace,175.47,0.045
O004200,2025-12-29,South,Website,100.66,0.021
O004201,2025-12-30,Central,Website,168.58,0.021
O004202,2025-12-04,North,Website,99.2,0.021
O004203,2024-03-16,Central,Marketplace,119.79,0.045
O004204,2024-09-09,East,Mobile App,131.36,0.026
O004205,2024-12-09,East,Mobile App,71.4,0.026
O004206,2024-11-28,East,Website,166.58,0.021
O004207,2025-11-07,East,Website,119.54,0.021
O004208,2025-08-15,West,Mobile App,111.18,0.026
O004209,2024-11-29,North,Website,81.91,0.021
O004210,2025-08-27,Central,Mobile App,72.34,0.026
O004211,2024-06-29,North,Mobile App,154.13,0.026
O004212,2025-10-20,South,Website,174.64,0.021
O004213,2025-08-16,Central,Marketplace,147.15,0.045
O004214,2025-03-02,North,Marketplace,82.3,0.045
O004215,2025-08-19,East,Marketplace,72.89,0.045
O004216,2025-08-16,West,Website,88.39,0.021
O004217,2025-04-03,West,Website,74.23,0.021
O004218,2024-08-07,South,Marketplace,95.23,0.045
O004219,2024-11-04,West,Marketplace,108.95,0.045
O004220,2025-11-06,West,Marketplace,89.55,0.045
O004221,2024-06-02,South,Mobile App,145.01,0.026
O004222,2025-05-08,Central,Mobile App,82.77,0.026
O004223,2024-06-13,East,Marketplace,133.95,0.045
O004224,2025-09-03,Central,Marketplace,104.19,0.045
O004225,2024-06-23,North,Website,118.78,0.021
O004226,2025-12-27,South,Website,134.43,0.021
O004227,2024-12-30,South,Website,59.47,0.021
O004228,2025-08-19,East,Mobile App,113.3,0.026
O004229,2025-07-03,Central,Marketplace,49.24,0.045
O004230,2025-07-07,East,Marketplace,146.39,0.045
O004231,2025-06-25,West,Website,90.56,0.021
O004232,2024-06-13,Central,Mobile App,71.24,0.026
O004233,2025-01-28,South,Marketplace,57.81,0.045
O004234,2024-08-20,North,Website,89.15,0.021
O004235,2024-04-18,West,Mobile App,137.73,0.026
O004236,2024-09-19,East,Marketplace,115.25,0.045
O004237,2025-05-22,East,Website,64.31,0.021
O004238,2025-01-21,West,Website,166.73,0.021
O004239,2025-02-09,West,Website,119.03,0.021
O004240,2024-10-14,South,Website,73.25,0.021
O004241,2024-12-24,East,Marketplace,169.13,0.045
O004242,2024-02-10,East,Marketplace,125.2,0.045
O004243,2024-03-27,West,Website,143.98,0.021
O004244,2024-07-03,South,Website,145.51,0.021
O004245,2024-01-07,North,Website,102.13,0.021
O004246,2024-08-04,South,Mobile App,161.9,0.026
O004247,2025-05-07,Central,Marketplace,95.09,0.045
O004248,2024-07-20,South,Website,147.96,0.021
O004249,2025-05-07,Central,Website,104.49,0.021
O004250,2025-02-17,South,Website,121.39,0.021
O004251,2024-10-23,East,Mobile App,52.2,0.026
O004252,2024-04-13,South,Website,111.6,0.021
O004253,2025-03-28,North,Marketplace,103.26,0.045
O004254,2024-12-13,West,Mobile App,57.76,0.026
O004255,2025-03-19,West,Marketplace,70.11,0.045
O004256,2024-07-16,South,Website,68.44,0.021
O004257,2025-12-23,South,Marketplace,175.38,0.045
O004258,2025-03-10,South,Website,96.73,0.021
O004259,2024-08-29,West,Marketplace,167.83,0.045
O004260,2025-06-11,East,Marketplace,157.62,0.045
O004261,2024-08-29,West,Marketplace,148.61,0.045
O004262,2025-01-01,East,Website,174.75,0.021
O004263,2024-05-28,West,Website,163.05,0.021
O004264,2024-02-13,Central,Website,108.64,0.021
O004265,2025-07-21,Central,Website,63.59,0.021
O004266,2024-03-19,East,Website,83.12,0.021
O004267,2024-06-13,West,Marketplace,137.05,0.045
O004268,2025-03-01,Central,Marketplace,89.61,0.045
O004269,2025-08-09,North,Marketplace,121.16,0.045
O004270,2025-09-24,East,Marketplace,172.48,0.045
O004271,2024-06-04,South,Mobile App,116.88,0.026
O004272,2024-12-12,West,Marketplace,88.2,0.045
O004273,2025-11-30,South,Mobile App,176.71,0.026
O004274,2025-04-24,North,Mobile App,139.75,0.026
O004275,2025-01-04,South,Marketplace,143.69,0.045
O004276,2025-10-13,North,Website,91.93,0.021
O004277,2025-05-23,North,Marketplace,117.82,0.045
O004278,2024-12-09,North,Mobile App,106.5,0.026
O004279,2024-12-15,West,Marketplace,153.81,0.045
O004280,2024-02-10,West,Website,144.41,0.021
O004281,2025-12-27,Central,Mobile App,99.59,0.026
O004282,2025-01-14,Central,Marketplace,52.71,0.045
O004283,2025-08-03,North,Marketplace,87.9,0.045
O004284,2024-12-25,East,Marketplace,149.01,0.045
O004285,2025-04-17,South,Marketplace,130.6,0.045
O004286,2024-03-31,West,Website,105.66,0.021
O004287,2024-07-24,Central,Mobile App,82.61,0.026
O004288,2024-09-14,North,Marketplace,95.34,0.045
O004289,2024-05-09,North,Website,103.24,0.021
O004290,2025-12-19,East,Marketplace,88.33,0.045
O004291,2024-09-26,North,Marketplace,74.11,0.045
O004292,2025-04-19,West,Website,147.31,0.021
O004293,2024-01-18,West,Mobile App,155.82,0.026
O004294,2025-07-15,West,Website,58.91,0.021
O004295,2024-11-22,West,Marketplace,100.32,0.045
O004296,2025-10-02,West,Marketplace,112.21,0.045
O004297,2024-09-07,Central,Mobile App,104.32,0.026
O004298,2025-10-11,West,Website,150.91,0.021
O004299,2025-11-10,South,Website,147.11,0.021
O004300,2024-02-26,Central,Mobile App,77.34,0.026
O004301,2025-11-03,North,Website,129.91,0.021
O004302,2025-10-07,North,Marketplace,176.79,0.045
O004303,2025-10-26,North,Marketplace,118.86,0.045
O004304,2024-12-17,North,Mobile App,139.11,0.026
O004305,2024-09-10,Central,Marketplace,123.43,0.045
O004306,2025-09-12,South,Website,158.82,0.021
O004307,2025-08-11,South,Marketplace,49.1,0.045
O004308,2024-04-05,West,Website,130.68,0.021
O004309,2024-11-16,West,Mobile App,51.39,0.026
O004310,2024-04-01,North,Marketplace,75.14,0.045
O004311,2025-07-02,South,Website,166.32,0.021
O004312,2025-09-28,West,Marketplace,147.58,0.045
O004313,2024-07-16,Central,Marketplace,91.47,0.045
O004314,2025-11-28,South,Mobile App,78.56,0.026
O004315,2025-06-18,Central,Website,156.83,0.021
O004316,2025-04-07,South,Website,179.24,0.021
O004317,2024-07-22,South,Marketplace,67.55,0.045
O004318,2024-08-07,North,Website,144.32,0.021
O004319,2024-05-12,East,Marketplace,111.36,0.045
O004320,2025-01-11,East,Marketplace,155.94,0.045
O004321,2024-01-07,South,Website,131.05,0.021
O004322,2024-07-25,South,Website,167.51,0.021
O004323,2025-02-20,North,Mobile App,141.59,0.026
O004324,2024-12-19,South,Mobile App,176.36,0.026
O004325,2025-07-24,Central,Website,106.27,0.021
O004326,2025-02-17,West,Marketplace,69.51,0.045
O004327,2025-08-06,East,Mobile App,115.43,0.026
O004328,2024-05-14,South,Website,132.38,0.021
O004329,2025-05-14,Central,Website,178.22,0.021
O004330,2024-03-25,North,Marketplace,63.88,0.045
O004331,2024-04-03,South,Website,138.21,0.021
O004332,2025-04-25,East,Mobile App,69.29,0.026
O004333,2024-12-09,West,Marketplace,157.03,0.045
O004334,2024-04-20,East,Mobile App,51.11,0.026
O004335,2025-04-19,South,Marketplace,147.47,0.045
O004336,2025-02-09,South,Website,173.73,0.021
O004337,2025-08-24,North,Marketplace,175.58,0.045
O004338,2024-12-13,Central,Marketplace,78.99,0.045
O004339,2025-03-06,West,Mobile App,122.01,0.026
O004340,2025-10-10,South,Website,179.65,0.021
O004341,2025-07-07,North,Marketplace,60.25,0.045
O004342,2025-01-16,West,Marketplace,119.06,0.045
O004343,2025-08-08,West,Marketplace,101.75,0.045
O004344,2025-08-07,South,Mobile App,142.09,0.026
O004345,2024-01-31,West,Website,119.03,0.021
O004346,2025-03-27,North,Marketplace,94.11,0.045
O004347,2025-11-05,North,Marketplace,91.66,0.045
O004348,2024-01-09,North,Website,152.67,0.021
O004349,2024-07-28,West,Marketplace,81.65,0.045
O004350,2025-05-27,South,Mobile App,70.37,0.026
O004351,2025-04-07,West,Marketplace,112.67,0.045
O004352,2025-09-05,East,Marketplace,173.35,0.045
O004353,2025-10-28,South,Website,128.97,0.021
O004354,2025-09-06,South,Marketplace,173.53,0.045
O004355,2025-07-01,East,Marketplace,170.0,0.045
O004356,2024-03-20,North,Website,164.22,0.021
O004357,2025-09-20,South,Mobile App,131.43,0.026
O004358,2024-08-14,East,Mobile App,113.46,0.026
O004359,2024-12-04,East,Marketplace,169.35,0.045
O004360,2024-07-13,East,Website,123.79,0.021
O004361,2025-02-28,West,Mobile App,168.56,0.026
O004362,2025-05-24,North,Website,104.07,0.021
O004363,2025-01-30,South,Website,139.7,0.021
O004364,2024-09-05,West,Mobile App,156.85,0.026
O004365,2025-11-22,East,Website,124.72,0.021
O004366,2025-02-07,North,Marketplace,119.7,0.045
O004367,2025-10-10,North,Website,103.1,0.021
O004368,2024-09-07,West,Marketplace,129.23,0.045
O004369,2025-11-06,East,Website,130.05,0.021
O004370,2024-05-25,South,Mobile App,80.34,0.026
O004371,2024-08-28,East,Mobile App,97.45,0.026
O004372,2024-10-25,North,Marketplace,152.53,0.045
O004373,2025-01-31,Central,Website,140.17,0.021
O004374,2024-08-06,East,Marketplace,55.47,0.045
O004375,2024-07-11,South,Marketplace,97.45,0.045
O004376,2025-12-25,South,Website,74.08,0.021
O004377,2024-11-02,Central,Marketplace,165.08,0.045
O004378,2025-08-04,South,Website,124.84,0.021
O004379,2025-01-11,West,Website,95.2,0.021
O004380,2024-08-19,South,Marketplace,150.42,0.045
O004381,2025-08-12,Central,Mobile App,103.31,0.026
O004382,2024-08-25,North,Mobile App,65.66,0.026
O004383,2025-08-02,West,Mobile App,92.81,0.026
O004384,2024-01-13,East,Marketplace,179.79,0.045
O004385,2025-12-24,South,Mobile App,79.18,0.026
O004386,2025-02-28,West,Marketplace,114.73,0.045
O004387,2025-06-21,West,Mobile App,119.05,0.026
O004388,2025-09-29,Central,Website,62.07,0.021
O004389,2025-01-11,North,Website,53.9,0.021
O004390,2024-01-23,North,Marketplace,53.45,0.045
O004391,2024-06-28,North,Marketplace,134.49,0.045
O004392,2025-02-05,South,Marketplace,141.48,0.045
O004393,2024-05-26,South,Marketplace,124.11,0.045
O004394,2024-08-30,South,Mobile App,120.25,0.026
O004395,2025-10-23,West,Website,173.24,0.021
O004396,2024-11-30,Central,Marketplace,51.81,0.045
O004397,2025-12-05,Central,Website,161.58,0.021
O004398,2025-12-29,North,Website,109.64,0.021
O004399,2024-06-23,West,Mobile App,59.11,0.026
O004400,2025-10-17,East,Marketplace,78.05,0.045
O004401,2025-02-28,South,Mobile App,103.16,0.026
O004402,2025-08-15,West,Website,49.07,0.021
O004403,2025-11-19,North,Website,144.8,0.021
O004404,2024-05-31,South,Mobile App,66.95,0.026
O004405,2024-09-04,South,Mobile App,51.09,0.026
O004406,2024-01-21,East,Marketplace,111.36,0.045
O004407,2025-10-15,South,Marketplace,66.31,0.045
O004408,2025-03-05,South,Mobile App,120.43,0.026
O004409,2025-10-12,Central,Website,84.47,0.021
O004410,2024-10-08,East,Website,161.36,0.021
O004411,2024-09-22,North,Marketplace,145.41,0.045
O004412,2024-05-29,East,Marketplace,74.52,0.045
O004413,2025-03-20,South,Marketplace,91.28,0.045
O004414,2025-05-01,South,Mobile App,149.43,0.026
O004415,2024-12-23,Central,Marketplace,61.31,0.045
O004416,2025-09-09,Central,Marketplace,135.2,0.045
O004417,2025-10-20,East,Website,120.61,0.021
O004418,2024-01-15,East,Mobile App,95.97,0.026
O004419,2025-09-13,South,Marketplace,117.86,0.045
O004420,2024-06-21,East,Marketplace,52.18,0.045
O004421,2024-06-06,East,Website,125.38,0.021
O004422,2024-02-02,North,Mobile App,122.78,0.026
O004423,2024-08-22,North,Mobile App,63.5,0.026
O004424,2024-09-04,North,Marketplace,140.85,0.045
O004425,2024-01-09,North,Marketplace,75.68,0.045
O004426,2025-02-09,South,Website,158.25,0.021
O004427,2024-02-12,North,Website,112.86,0.021
O004428,2025-04-25,Central,Mobile App,151.14,0.026
O004429,2024-11-25,West,Mobile App,97.7,0.026
O004430,2024-03-27,East,Mobile App,147.27,0.026
O004431,2025-01-15,East,Mobile App,108.53,0.026
O004432,2024-07-14,South,Mobile App,172.38,0.026
O004433,2024-11-26,South,Website,129.26,0.021
O004434,2024-03-30,West,Website,59.0,0.021
O004435,2025-08-29,Central,Marketplace,166.9,0.045
O004436,2024-06-08,North,Marketplace,143.45,0.045
O004437,2024-04-17,East,Website,131.37,0.021
O004438,2025-04-10,South,Website,67.84,0.021
O004439,2024-04-01,North,Website,55.27,0.021
O004440,2025-09-08,North,Website,150.91,0.021
O004441,2025-07-18,North,Mobile App,55.77,0.026
O004442,2025-06-04,West,Marketplace,105.31,0.045
O004443,2024-07-06,South,Marketplace,128.13,0.045
O004444,2025-05-10,East,Website,88.38,0.021
O004445,2025-09-23,North,Mobile App,58.73,0.026
O004446,2025-06-02,East,Website,156.31,0.021
O004447,2025-07-24,East,Mobile App,137.91,0.026
O004448,2025-04-11,North,Website,110.45,0.021
O004449,2024-12-09,North,Mobile App,167.34,0.026
O004450,2025-07-01,East,Mobile App,52.13,0.026
O004451,2024-04-12,West,Mobile App,64.6,0.026
O004452,2024-12-21,North,Marketplace,90.84,0.045
O004453,2025-01-29,South,Website,165.76,0.021
O004454,2024-09-03,East,Website,146.35,0.021
O004455,2024-07-03,West,Website,177.98,0.021
O004456,2024-09-01,East,Marketplace,160.43,0.045
O004457,2025-09-19,Central,Marketplace,79.52,0.045
O004458,2025-01-01,North,Mobile App,116.08,0.026
O004459,2024-06-02,West,Mobile App,93.02,0.026
O004460,2025-10-11,Central,Website,104.85,0.021
O004461,2025-10-26,Central,Website,111.22,0.021
O004462,2025-02-23,Central,Mobile App,88.86,0.026
O004463,2024-01-30,South,Website,140.45,0.021
O004464,2024-02-01,East,Website,65.07,0.021
O004465,2025-08-28,West,Website,151.22,0.021
O004466,2024-06-16,West,Mobile App,77.4,0.026
O004467,2025-07-31,East,Website,158.62,0.021
O004468,2025-01-12,Central,Website,170.11,0.021
O004469,2024-06-16,East,Website,111.92,0.021
O004470,2025-01-05,South,Marketplace,160.27,0.045
O004471,2024-08-31,North,Mobile App,175.0,0.026
O004472,2024-01-10,East,Mobile App,55.1,0.026
O004473,2024-01-07,West,Marketplace,178.45,0.045
O004474,2024-08-05,North,Marketplace,116.72,0.045
O004475,2024-05-03,Central,Mobile App,143.8,0.026
O004476,2025-11-12,South,Mobile App,88.6,0.026
O004477,2025-05-18,North,Website,145.87,0.021
O004478,2025-10-07,South,Marketplace,130.91,0.045
O004479,2024-03-14,West,Mobile App,162.6,0.026
O004480,2025-03-20,Central,Mobile App,169.14,0.026
O004481,2024-12-08,West,Marketplace,88.52,0.045
O004482,2024-07-21,West,Marketplace,121.22,0.045
O004483,2025-09-04,North,Mobile App,137.62,0.026
O004484,2024-09-29,North,Marketplace,109.83,0.045
O004485,2025-06-16,East,Marketplace,136.52,0.045
O004486,2024-12-29,East,Mobile App,94.55,0.026
O004487,2025-08-14,North,Marketplace,101.62,0.045
O004488,2025-08-05,North,Website,129.87,0.021
O004489,2025-04-03,East,Marketplace,178.02,0.045
O004490,2025-03-05,North,Website,158.72,0.021
O004491,2025-05-27,Central,Marketplace,130.0,0.045
O004492,2025-07-16,South,Marketplace,138.23,0.045
O004493,2025-03-20,North,Website,119.72,0.021
O004494,2024-08-12,North,Mobile App,172.78,0.026
O004495,2025-02-28,Central,Mobile App,163.25,0.026
O004496,2025-08-29,Central,Marketplace,89.78,0.045
O004497,2025-06-19,South,Marketplace,135.13,0.045
O004498,2025-09-13,West,Website,87.14,0.021
O004499,2024-09-01,South,Marketplace,49.23,0.045
O004500,2025-03-26,West,Website,61.11,0.021
O004501,2024-12-14,West,Mobile App,113.82,0.026
O004502,2024-01-18,West,Marketplace,159.43,0.045
O004503,2024-04-30,West,Marketplace,140.27,0.045
O004504,2025-05-02,West,Mobile App,82.16,0.026
O004505,2025-02-04,East,Marketplace,96.48,0.045
O004506,2024-02-02,West,Marketplace,141.85,0.045
O004507,2024-06-21,South,Website,162.21,0.021
O004508,2025-09-24,North,Marketplace,73.63,0.045
O004509,2025-02-01,West,Mobile App,144.08,0.026
O004510,2024-05-09,West,Marketplace,155.78,0.045
O004511,2024-12-24,South,Marketplace,122.64,0.045
O004512,2024-08-02,West,Website,145.13,0.021
O004513,2025-05-20,North,Website,145.99,0.021
O004514,2024-09-02,North,Website,80.36,0.021
O004515,2025-06-09,Central,Marketplace,51.05,0.045
O004516,2025-01-26,South,Website,117.43,0.021
O004517,2024-02-22,South,Mobile App,160.55,0.026
O004518,2025-11-13,Central,Mobile App,101.91,0.026
O004519,2024-10-09,South,Marketplace,57.15,0.045
O004520,2025-03-24,West,Marketplace,159.4,0.045
O004521,2025-09-04,West,Mobile App,110.83,0.026
O004522,2024-12-26,East,Marketplace,133.46,0.045
O004523,2024-06-06,North,Website,63.81,0.021
O004524,2024-04-20,North,Mobile App,129.52,0.026
O004525,2024-06-02,South,Website,152.44,0.021
O004526,2025-09-17,East,Website,154.52,0.021
O004527,2024-09-06,South,Website,70.38,0.021
O004528,2025-02-25,West,Marketplace,144.39,0.045
O004529,2025-06-21,East,Website,91.07,0.021
O004530,2025-07-12,West,Website,169.17,0.021
O004531,2025-07-31,West,Mobile App,136.65,0.026
O004532,2025-10-21,Central,Website,53.14,0.021
O004533,2025-02-27,Central,Marketplace,108.87,0.045
O004534,2025-10-02,South,Mobile App,114.3,0.026
O004535,2025-09-04,West,Mobile App,179.3,0.026
O004536,2024-11-30,North,Marketplace,113.05,0.045
O004537,2025-09-23,North,Website,162.93,0.021
O004538,2024-12-10,West,Mobile App,144.26,0.026
O004539,2025-07-09,East,Mobile App,119.71,0.026
O004540,2024-07-09,West,Mobile App,145.41,0.026
O004541,2024-09-21,East,Mobile App,68.27,0.026
O004542,2025-08-30,West,Mobile App,71.73,0.026
O004543,2024-07-01,Central,Mobile App,113.22,0.026
O004544,2024-07-01,East,Website,69.87,0.021
O004545,2025-01-20,North,Marketplace,93.61,0.045
O004546,2025-07-06,Central,Marketplace,163.15,0.045
O004547,2025-06-29,East,Marketplace,124.4,0.045
O004548,2024-05-15,Central,Website,179.04,0.021
O004549,2024-01-05,South,Website,97.88,0.021
O004550,2024-02-01,South,Marketplace,168.25,0.045
O004551,2024-10-04,East,Mobile App,97.13,0.026
O004552,2025-08-31,South,Mobile App,92.66,0.026
O004553,2024-10-30,North,Mobile App,52.67,0.026
O004554,2025-01-02,West,Mobile App,132.27,0.026
O004555,2024-11-25,Central,Mobile App,140.49,0.026
O004556,2025-04-20,West,Marketplace,81.47,0.045
O004557,2025-05-12,West,Website,115.42,0.021
O004558,2025-01-04,West,Marketplace,133.06,0.045
O004559,2025-08-27,North,Marketplace,176.66,0.045
O004560,2025-03-17,South,Website,101.48,0.021
O004561,2024-09-03,Central,Website,158.42,0.021
O004562,2024-04-10,South,Marketplace,86.93,0.045
O004563,2024-08-25,South,Mobile App,147.41,0.026
O004564,2025-05-28,West,Website,91.9,0.021
O004565,2024-04-19,South,Marketplace,125.56,0.045
O004566,2025-07-07,South,Mobile App,112.73,0.026
O004567,2025-12-29,North,Mobile App,101.26,0.026
O004568,2024-06-20,North,Website,169.8,0.021
O004569,2025-04-24,South,Website,112.58,0.021
O004570,2024-07-31,South,Mobile App,105.48,0.026
O004571,2024-05-02,West,Website,147.56,0.021
O004572,2024-04-22,North,Marketplace,165.72,0.045
O004573,2025-09-16,Central,Mobile App,74.77,0.026
O004574,2025-04-21,North,Marketplace,134.41,0.045
O004575,2024-01-14,West,Marketplace,130.49,0.045
O004576,2024-06-26,South,Website,138.31,0.021
O004577,2025-10-06,East,Website,105.71,0.021
O004578,2024-06-02,North,Mobile App,116.44,0.026
O004579,2024-07-06,North,Website,125.12,0.021
O004580,2024-08-25,West,Marketplace,152.69,0.045
O004581,2025-08-30,East,Website,125.31,0.021
O004582,2025-09-08,East,Marketplace,171.22,0.045
O004583,2024-02-26,South,Marketplace,96.06,0.045
O004584,2025-01-13,East,Website,132.84,0.021
O004585,2024-08-30,West,Website,92.64,0.021
O004586,2024-10-18,East,Marketplace,124.7,0.045
O004587,2024-12-22,North,Mobile App,73.94,0.026
O004588,2025-03-02,South,Marketplace,151.68,0.045
O004589,2024-11-30,Central,Mobile App,144.84,0.026
O004590,2025-07-23,West,Marketplace,152.72,0.045
O004591,2024-05-22,North,Mobile App,173.54,0.026
O004592,2025-01-21,West,Website,145.41,0.021
O004593,2025-11-10,Central,Mobile App,140.78,0.026
O004594,2025-12-29,East,Website,152.97,0.021
O004595,2024-11-20,South,Mobile App,134.25,0.026
O004596,2024-01-30,Central,Marketplace,144.11,0.045
O004597,2024-07-03,West,Website,78.5,0.021
O004598,2025-10-11,Central,Mobile App,82.85,0.026
O004599,2024-09-19,Central,Mobile App,173.88,0.026
O004600,2025-12-14,Central,Mobile App,66.83,0.026
O004601,2024-06-27,Central,Marketplace,98.38,0.045
O004602,2024-07-30,East,Mobile App,59.41,0.026
O004603,2025-10-24,West,Website,79.37,0.021
O004604,2025-10-20,North,Website,94.88,0.021
O004605,2025-12-04,East,Website,55.84,0.021
O004606,2024-11-22,West,Marketplace,83.24,0.045
O004607,2025-07-29,East,Mobile App,143.18,0.026
O004608,2024-08-04,East,Mobile App,108.65,0.026
O004609,2024-07-01,South,Website,95.0,0.021
O004610,2024-08-14,West,Website,126.48,0.021
O004611,2024-07-05,South,Website,94.22,0.021
O004612,2024-12-13,West,Mobile App,168.88,0.026
O004613,2025-09-24,South,Marketplace,146.57,0.045
O004614,2025-10-21,South,Website,141.63,0.021
O004615,2024-11-29,Central,Marketplace,137.06,0.045
O004616,2024-07-04,North,Marketplace,138.81,0.045
O004617,2024-11-09,Central,Marketplace,159.06,0.045
O004618,2025-11-04,North,Website,125.99,0.021
O004619,2024-01-13,South,Mobile App,162.23,0.026
O004620,2024-06-13,Central,Marketplace,76.35,0.045
O004621,2024-11-23,West,Mobile App,131.39,0.026
O004622,2024-12-21,Central,Mobile App,172.48,0.026
O004623,2025-09-04,East,Mobile App,117.22,0.026
O004624,2024-05-06,West,Marketplace,72.27,0.045
O004625,2024-04-23,West,Marketplace,122.68,0.045
O004626,2025-06-01,West,Marketplace,129.96,0.045
O004627,2024-03-28,Central,Mobile App,177.41,0.026
O004628,2024-11-16,East,Website,138.9,0.021
O004629,2025-01-18,North,Website,76.92,0.021
O004630,2024-11-07,Central,Marketplace,88.92,0.045
O004631,2025-08-08,West,Mobile App,157.89,0.026
O004632,2025-06-30,South,Mobile App,137.08,0.026
O004633,2024-06-05,West,Marketplace,174.53,0.045
O004634,2025-11-09,Central,Website,156.84,0.021
O004635,2025-12-30,South,Website,83.04,0.021
O004636,2024-02-01,North,Marketplace,55.01,0.045
O004637,2024-11-23,South,Marketplace,144.61,0.045
O004638,2025-02-23,South,Mobile App,123.12,0.026
O004639,2025-12-04,South,Marketplace,170.28,0.045
O004640,2025-04-07,East,Website,107.78,0.021
O004641,2024-11-14,West,Mobile App,169.23,0.026
O004642,2024-07-29,Central,Website,117.41,0.021
O004643,2024-01-01,West,Marketplace,120.38,0.045
O004644,2025-11-19,Central,Marketplace,116.03,0.045
O004645,2025-02-10,West,Website,170.29,0.021
O004646,2024-02-04,West,Marketplace,128.65,0.045
O004647,2025-02-27,East,Mobile App,127.85,0.026
O004648,2025-01-05,West,Mobile App,105.7,0.026
O004649,2024-12-30,North,Marketplace,103.14,0.045
O004650,2025-01-02,West,Website,98.55,0.021
O004651,2024-10-06,East,Marketplace,106.64,0.045
O004652,2025-01-30,East,Marketplace,96.03,0.045
O004653,2025-12-29,South,Mobile App,78.76,0.026
O004654,2025-11-26,East,Website,59.93,0.021
O004655,2024-12-13,North,Website,148.23,0.021
O004656,2025-01-15,West,Website,112.95,0.021
O004657,2024-08-28,North,Mobile App,134.39,0.026
O004658,2025-12-13,West,Marketplace,176.02,0.045
O004659,2024-09-11,West,Website,171.58,0.021
O004660,2024-05-12,North,Website,106.89,0.021
O004661,2024-11-04,North,Marketplace,95.44,0.045
O004662,2025-08-07,East,Marketplace,90.48,0.045
O004663,2025-05-01,East,Marketplace,79.64,0.045
O004664,2025-02-02,South,Website,78.6,0.021
O004665,2025-07-20,West,Website,138.37,0.021
O004666,2024-07-30,Central,Marketplace,144.4,0.045
O004667,2025-03-16,South,Website,74.09,0.021
O004668,2024-02-27,North,Website,58.07,0.021
O004669,2025-01-11,South,Website,175.75,0.021
O004670,2024-06-11,North,Website,146.75,0.021
O004671,2024-09-03,South,Marketplace,95.51,0.045
O004672,2025-02-05,East,Website,143.88,0.021
O004673,2024-12-26,North,Mobile App,176.13,0.026
O004674,2024-04-02,North,Mobile App,143.41,0.026
O004675,2025-09-05,North,Marketplace,109.15,0.045
O004676,2025-10-19,West,Marketplace,164.8,0.045
O004677,2025-01-12,West,Marketplace,137.8,0.045
O004678,2025-12-12,West,Website,147.19,0.021
O004679,2024-04-26,West,Mobile App,54.78,0.026
O004680,2025-02-22,Central,Website,76.86,0.021
O004681,2025-07-28,East,Marketplace,143.12,0.045
O004682,2024-12-18,North,Marketplace,152.77,0.045
O004683,2025-07-24,West,Website,111.55,0.021
O004684,2024-07-09,North,Marketplace,152.07,0.045
O004685,2024-07-24,West,Marketplace,106.99,0.045
O004686,2025-11-18,East,Marketplace,75.64,0.045
O004687,2025-03-19,West,Website,177.4,0.021
O004688,2024-09-28,South,Website,176.87,0.021
O004689,2025-10-26,Central,Mobile App,68.79,0.026
O004690,2025-06-23,South,Website,49.08,0.021
O004691,2024-10-28,South,Mobile App,156.44,0.026
O004692,2025-12-22,East,Mobile App,178.73,0.026
O004693,2024-05-11,South,Mobile App,116.8,0.026
O004694,2024-09-24,South,Website,90.6,0.021
O004695,2024-10-04,South,Marketplace,157.01,0.045
O004696,2025-01-19,East,Website,81.17,0.021
O004697,2025-06-10,West,Marketplace,160.74,0.045
O004698,2025-09-01,North,Website,162.93,0.021
O004699,2025-10-09,South,Marketplace,144.47,0.045
O004700,2024-05-30,South,Marketplace,173.27,0.045
O004701,2025-01-18,Central,Marketplace,162.33,0.045
O004702,2024-12-21,East,Marketplace,167.37,0.045
O004703,2025-02-20,Central,Marketplace,78.21,0.045
O004704,2025-05-06,East,Mobile App,126.72,0.026
O004705,2024-08-27,West,Marketplace,137.97,0.045
O004706,2024-11-22,North,Marketplace,103.61,0.045
O004707,2024-01-22,Central,Marketplace,108.39,0.045
O004708,2025-03-13,Central,Marketplace,160.12,0.045
O004709,2025-09-25,South,Marketplace,147.66,0.045
O004710,2025-09-16,North,Mobile App,160.41,0.026
O004711,2024-03-05,South,Mobile App,99.74,0.026
O004712,2024-12-06,Central,Website,71.05,0.021
O004713,2024-01-27,West,Website,71.61,0.021
O004714,2024-04-02,West,Website,73.91,0.021
O004715,2024-08-25,South,Website,120.27,0.021
O004716,2024-06-06,West,Website,63.36,0.021
O004717,2025-07-09,North,Mobile App,116.48,0.026
O004718,2025-01-23,North,Website,51.86,0.021
O004719,2024-07-14,South,Marketplace,99.25,0.045
O004720,2024-09-14,Central,Marketplace,75.3,0.045
O004721,2025-07-07,Central,Website,50.64,0.021
O004722,2025-04-25,South,Website,168.97,0.021
O004723,2024-11-23,West,Website,123.8,0.021
O004724,2025-01-10,East,Website,65.09,0.021
O004725,2025-11-24,West,Mobile App,62.76,0.026
O004726,2025-05-28,South,Marketplace,175.76,0.045
O004727,2024-07-19,West,Mobile App,137.58,0.026
O004728,2025-05-20,Central,Website,139.07,0.021
O004729,2025-04-25,East,Marketplace,83.86,0.045
O004730,2025-04-09,Central,Website,62.89,0.021
O004731,2025-06-21,North,Website,152.01,0.021
O004732,2025-02-04,Central,Marketplace,78.32,0.045
O004733,2024-04-03,South,Mobile App,79.5,0.026
O004734,2024-10-22,Central,Website,166.14,0.021
O004735,2025-02-12,Central,Marketplace,120.63,0.045
O004736,2024-11-09,North,Mobile App,131.78,0.026
O004737,2024-04-07,West,Website,49.39,0.021
O004738,2025-05-07,Central,Website,133.16,0.021
O004739,2024-09-13,North,Website,69.41,0.021
O004740,2024-11-17,East,Marketplace,150.47,0.045
O004741,2024-02-26,West,Mobile App,75.94,0.026
O004742,2024-01-04,West,Mobile App,88.84,0.026
O004743,2025-03-16,Central,Mobile App,55.08,0.026
O004744,2024-05-16,West,Website,86.01,0.021
O004745,2025-09-09,North,Marketplace,112.69,0.045
O004746,2024-11-06,North,Marketplace,157.94,0.045
O004747,2024-10-20,East,Website,99.37,0.021
O004748,2025-07-05,East,Marketplace,72.27,0.045
O004749,2025-11-22,North,Marketplace,78.53,0.045
O004750,2025-12-12,West,Website,123.75,0.021
O004751,2025-03-18,West,Mobile App,171.1,0.026
O004752,2025-10-12,East,Website,84.28,0.021
O004753,2025-12-23,North,Mobile App,134.87,0.026
O004754,2024-11-03,South,Mobile App,87.07,0.026
O004755,2024-06-20,South,Mobile App,143.58,0.026
O004756,2025-10-27,South,Mobile App,60.48,0.026
O004757,2024-03-03,West,Mobile App,127.53,0.026
O004758,2024-08-04,East,Website,63.62,0.021
O004759,2025-04-14,Central,Mobile App,55.83,0.026
O004760,2024-06-22,South,Website,75.97,0.021
O004761,2024-06-12,North,Marketplace,64.87,0.045
O004762,2024-09-09,South,Marketplace,77.75,0.045
O004763,2024-08-28,East,Website,172.49,0.021
O004764,2025-02-25,South,Website,130.35,0.021
O004765,2024-10-12,South,Marketplace,96.43,0.045
O004766,2024-08-20,Central,Marketplace,130.93,0.045
O004767,2025-06-11,Central,Mobile App,93.98,0.026
O004768,2025-10-10,Central,Marketplace,162.1,0.045
O004769,2025-10-16,North,Website,112.48,0.021
O004770,2025-04-21,West,Website,125.5,0.021
O004771,2025-05-05,Central,Website,166.88,0.021
O004772,2024-08-25,North,Marketplace,56.72,0.045
O004773,2025-01-12,Central,Website,144.73,0.021
O004774,2024-06-02,South,Marketplace,132.72,0.045
O004775,2024-12-14,Central,Marketplace,91.04,0.045
O004776,2025-12-07,South,Mobile App,171.82,0.026
O004777,2025-03-15,South,Website,78.25,0.021
O004778,2024-03-22,North,Mobile App,175.89,0.026
O004779,2025-03-27,Central,Mobile App,135.42,0.026
O004780,2024-01-16,South,Website,73.29,0.021
O004781,2024-04-17,West,Marketplace,64.15,0.045
O004782,2025-12-30,North,Marketplace,118.87,0.045
O004783,2024-04-14,South,Website,94.26,0.021
O004784,2024-09-03,Central,Marketplace,120.31,0.045
O004785,2024-08-20,North,Website,159.3,0.021
O004786,2025-11-23,South,Website,130.45,0.021
O004787,2025-10-03,Central,Marketplace,63.19,0.045
O004788,2025-07-15,West,Marketplace,106.55,0.045
O004789,2024-11-03,East,Website,51.17,0.021
O004790,2024-02-25,East,Mobile App,76.92,0.026
O004791,2025-11-04,North,Marketplace,50.61,0.045
O004792,2025-09-30,West,Website,132.08,0.021
O004793,2024-04-13,East,Website,75.49,0.021
O004794,2024-12-18,North,Website,111.65,0.021
O004795,2024-11-10,North,Website,154.91,0.021
O004796,2025-07-02,North,Marketplace,145.64,0.045
O004797,2024-07-21,North,Website,102.29,0.021
O004798,2025-11-10,West,Marketplace,143.61,0.045
O004799,2024-10-18,East,Marketplace,65.1,0.045
O004800,2024-02-07,West,Mobile App,156.25,0.026
O004801,2025-04-28,South,Website,134.2,0.021
O004802,2025-10-06,West,Marketplace,59.2,0.045
O004803,2025-09-28,North,Mobile App,151.9,0.026
O004804,2024-04-18,North,Website,57.66,0.021
O004805,2025-02-21,Central,Marketplace,119.16,0.045
O004806,2025-11-08,Central,Mobile App,75.41,0.026
O004807,2025-07-25,South,Website,102.12,0.021
O004808,2024-10-07,West,Mobile App,67.69,0.026
O004809,2025-10-14,West,Website,88.47,0.021
O004810,2025-08-27,North,Marketplace,129.61,0.045
O004811,2025-08-11,North,Mobile App,91.86,0.026
O004812,2025-09-03,West,Website,61.53,0.021
O004813,2025-06-12,North,Mobile App,142.11,0.026
O004814,2025-05-07,North,Website,121.2,0.021
O004815,2024-09-06,Central,Marketplace,96.58,0.045
O004816,2025-06-10,North,Mobile App,175.56,0.026
O004817,2024-08-20,West,Website,106.43,0.021
O004818,2025-11-01,Central,Website,161.52,0.021
O004819,2025-06-24,North,Marketplace,64.95,0.045
O004820,2025-10-22,East,Website,60.36,0.021
O004821,2024-10-03,North,Mobile App,151.92,0.026
O004822,2024-01-27,West,Marketplace,73.43,0.045
O004823,2024-09-27,North,Website,64.87,0.021
O004824,2025-10-25,South,Website,68.42,0.021
O004825,2024-06-19,East,Website,54.62,0.021
O004826,2024-09-17,South,Website,99.53,0.021
O004827,2025-08-25,North,Website,123.24,0.021
O004828,2024-10-06,South,Mobile App,128.6,0.026
O004829,2024-02-16,South,Mobile App,91.26,0.026
O004830,2024-12-30,East,Website,91.79,0.021
O004831,2025-05-03,North,Website,99.63,0.021
O004832,2025-04-11,East,Website,125.25,0.021
O004833,2024-01-14,West,Website,64.5,0.021
O004834,2025-12-07,East,Marketplace,178.11,0.045
O004835,2025-06-06,South,Mobile App,133.24,0.026
O004836,2025-10-07,North,Marketplace,91.94,0.045
O004837,2024-08-03,Central,Marketplace,165.57,0.045
O004838,2024-09-19,East,Marketplace,128.31,0.045
O004839,2024-11-13,East,Mobile App,131.16,0.026
O004840,2024-08-24,North,Website,159.96,0.021
O004841,2025-04-11,Central,Marketplace,111.32,0.045
O004842,2024-02-28,North,Website,66.87,0.021
O004843,2024-09-05,South,Website,148.96,0.021
O004844,2024-09-10,East,Mobile App,114.0,0.026
O004845,2024-09-04,South,Marketplace,74.08,0.045
O004846,2024-06-16,East,Marketplace,72.43,0.045
O004847,2025-03-20,North,Website,124.61,0.021
O004848,2025-12-10,East,Website,101.19,0.021
O004849,2025-04-15,East,Marketplace,54.73,0.045
O004850,2025-06-28,Central,Mobile App,52.77,0.026
O004851,2024-02-28,North,Marketplace,92.52,0.045
O004852,2025-11-30,South,Website,70.19,0.021
O004853,2024-11-17,East,Marketplace,85.19,0.045
O004854,2025-10-24,West,Marketplace,111.23,0.045
O004855,2025-10-31,South,Marketplace,62.11,0.045
O004856,2024-07-27,South,Mobile App,170.28,0.026
O004857,2025-01-25,North,Mobile App,63.37,0.026
O004858,2025-05-19,Central,Website,164.87,0.021
O004859,2024-03-24,East,Marketplace,159.46,0.045
O004860,2025-04-28,Central,Marketplace,117.67,0.045
O004861,2024-06-13,East,Website,174.56,0.021
O004862,2024-02-22,North,Mobile App,68.06,0.026
O004863,2024-09-21,West,Website,108.8,0.021
O004864,2025-02-06,South,Marketplace,117.21,0.045
O004865,2025-04-05,East,Website,86.42,0.021
O004866,2025-10-08,Central,Marketplace,49.28,0.045
O004867,2024-04-29,West,Website,160.26,0.021
O004868,2025-01-30,East,Website,78.97,0.021
O004869,2025-02-21,Central,Marketplace,164.08,0.045
O004870,2024-11-23,North,Mobile App,176.3,0.026
O004871,2025-04-09,East,Website,142.99,0.021
O004872,2025-04-22,West,Mobile App,115.31,0.026
O004873,2024-12-28,South,Marketplace,75.54,0.045
O004874,2024-03-11,West,Website,136.87,0.021
O004875,2025-03-25,South,Marketplace,109.23,0.045
O004876,2025-10-21,South,Marketplace,66.78,0.045
O004877,2024-01-30,North,Mobile App,136.97,0.026
O004878,2025-02-21,Central,Mobile App,173.91,0.026
O004879,2025-03-12,West,Mobile App,131.58,0.026
O004880,2024-01-17,Central,Website,143.52,0.021
O004881,2025-08-18,South,Mobile App,154.82,0.026
O004882,2024-11-13,North,Marketplace,107.74,0.045
O004883,2024-01-09,East,Mobile App,162.93,0.026
O004884,2025-12-10,South,Marketplace,131.46,0.045
O004885,2024-03-17,East,Website,162.04,0.021
O004886,2025-11-17,East,Marketplace,131.54,0.045
O004887,2024-08-30,Central,Marketplace,177.9,0.045
O004888,2024-09-15,West,Website,70.35,0.021
O004889,2024-12-26,South,Marketplace,170.37,0.045
O004890,2025-08-06,Central,Marketplace,77.74,0.045
O004891,2024-08-01,West,Website,127.26,0.021
O004892,2024-11-10,East,Mobile App,88.89,0.026
O004893,2025-12-15,North,Mobile App,57.52,0.026
O004894,2024-06-30,South,Website,174.23,0.021
O004895,2024-06-17,South,Mobile App,65.83,0.026
O004896,2024-02-09,West,Marketplace,140.74,0.045
O004897,2024-09-17,Central,Website,107.67,0.021
O004898,2025-03-25,East,Marketplace,56.63,0.045
O004899,2025-08-16,East,Marketplace,152.84,0.045
O004900,2024-12-19,East,Marketplace,56.01,0.045
O004901,2024-03-23,South,Marketplace,107.75,0.045
O004902,2025-08-22,North,Mobile App,139.42,0.026
O004903,2024-09-18,South,Website,114.22,0.021
O004904,2025-04-22,South,Website,137.34,0.021
O004905,2024-08-26,North,Website,122.49,0.021
O004906,2025-04-25,West,Marketplace,143.21,0.045
O004907,2025-02-14,South,Marketplace,105.23,0.045
O004908,2024-02-18,West,Marketplace,86.38,0.045
O004909,2025-02-24,West,Marketplace,159.28,0.045
O004910,2024-04-04,South,Website,62.26,0.021
O004911,2025-02-24,West,Marketplace,158.61,0.045
O004912,2025-07-02,Central,Marketplace,154.48,0.045
O004913,2025-08-02,South,Website,177.64,0.021
O004914,2024-08-16,North,Website,106.55,0.021
O004915,2024-10-19,North,Mobile App,104.37,0.026
O004916,2024-04-19,East,Marketplace,109.04,0.045
O004917,2025-10-14,Central,Mobile App,132.39,0.026
O004918,2025-07-28,North,Mobile App,55.07,0.026
O004919,2025-12-14,North,Marketplace,134.04,0.045
O004920,2025-01-20,Central,Mobile App,70.33,0.026
O004921,2025-11-15,Central,Website,99.26,0.021
O004922,2025-07-16,North,Marketplace,176.46,0.045
O004923,2025-03-23,West,Mobile App,139.63,0.026
O004924,2025-02-08,East,Website,166.17,0.021
O004925,2025-12-23,South,Website,165.28,0.021
O004926,2025-03-03,North,Mobile App,81.63,0.026
O004927,2025-11-26,North,Mobile App,61.12,0.026
O004928,2024-08-30,North,Website,64.32,0.021
O004929,2024-01-29,West,Mobile App,85.97,0.026
O004930,2024-11-08,North,Marketplace,107.17,0.045
O004931,2024-05-29,East,Website,87.1,0.021
O004932,2024-08-01,East,Mobile App,50.05,0.026
O004933,2024-08-31,West,Mobile App,110.61,0.026
O004934,2024-09-28,West,Marketplace,179.29,0.045
O004935,2024-12-04,North,Website,123.52,0.021
O004936,2024-04-13,North,Website,174.45,0.021
O004937,2024-05-24,East,Marketplace,108.3,0.045
O004938,2025-01-29,Central,Marketplace,155.68,0.045
O004939,2025-09-13,North,Website,66.82,0.021
O004940,2024-08-11,North,Website,62.35,0.021
O004941,2024-01-15,East,Website,144.05,0.021
O004942,2025-02-19,East,Website,109.05,0.021
O004943,2025-05-04,West,Website,106.66,0.021
O004944,2024-01-06,Central,Marketplace,125.31,0.045
O004945,2024-04-10,North,Mobile App,66.3,0.026
O004946,2024-08-06,Central,Website,65.13,0.021
O004947,2024-09-18,North,Website,100.63,0.021
O004948,2025-05-22,North,Mobile App,71.06,0.026
O004949,2024-12-20,North,Website,139.55,0.021
O004950,2025-09-28,Central,Marketplace,61.57,0.045
O004951,2024-12-06,North,Mobile App,101.78,0.026
O004952,2025-11-27,Central,Website,121.95,0.021
O004953,2024-10-23,East,Marketplace,149.29,0.045
O004954,2025-08-25,East,Mobile App,172.52,0.026
O004955,2025-08-18,East,Website,107.45,0.021
O004956,2024-09-09,Central,Website,100.0,0.021
O004957,2024-10-29,Central,Website,130.66,0.021
O004958,2024-12-16,South,Marketplace,67.45,0.045
O004959,2024-07-19,Central,Mobile App,147.52,0.026
O004960,2024-09-12,West,Website,49.47,0.021
O004961,2024-06-20,North,Marketplace,80.61,0.045
O004962,2025-05-09,North,Website,156.55,0.021
O004963,2025-08-24,North,Mobile App,146.9,0.026
O004964,2024-03-02,East,Marketplace,127.33,0.045
O004965,2025-03-21,East,Marketplace,101.17,0.045
O004966,2025-11-11,Central,Mobile App,107.95,0.026
O004967,2025-06-25,West,Mobile App,128.03,0.026
O004968,2024-05-23,West,Marketplace,143.85,0.045
O004969,2025-01-10,West,Mobile App,81.44,0.026
O004970,2024-10-28,South,Website,116.5,0.021
O004971,2024-08-14,East,Marketplace,72.9,0.045
O004972,2024-03-29,East,Marketplace,169.28,0.045
O004973,2024-08-15,South,Website,85.38,0.021
O004974,2024-10-23,West,Website,100.11,0.021
O004975,2024-04-14,North,Marketplace,75.68,0.045
O004976,2025-04-28,North,Mobile App,170.25,0.026
O004977,2024-11-23,North,Website,136.82,0.021
O004978,2025-10-16,South,Website,128.41,0.021
O004979,2024-03-01,North,Mobile App,83.61,0.026
O004980,2025-10-07,Central,Website,87.88,0.021
O004981,2024-08-30,West,Website,156.67,0.021
O004982,2025-08-29,Central,Website,84.3,0.021
O004983,2025-03-06,West,Mobile App,128.01,0.026
O004984,2025-08-07,West,Website,105.0,0.021
O004985,2025-07-24,Central,Marketplace,156.59,0.045
O004986,2025-03-05,West,Marketplace,150.13,0.045
O004987,2025-05-22,West,Marketplace,89.15,0.045
O004988,2024-04-01,North,Marketplace,125.25,0.045
O004989,2025-01-29,Central,Website,151.55,0.021
O004990,2024-07-04,South,Website,175.71,0.021
O004991,2024-01-13,West,Website,55.08,0.021
O004992,2024-05-25,East,Website,97.89,0.021
O004993,2025-03-15,East,Marketplace,73.84,0.045
O004994,2024-07-01,East,Mobile App,98.86,0.026
O004995,2024-04-23,Central,Mobile App,133.6,0.026
O004996,2024-09-28,North,Mobile App,102.55,0.026
O004997,2024-10-18,East,Website,74.08,0.021
O004998,2025-03-26,South,Mobile App,172.29,0.026
O004999,2025-09-05,Central,Marketplace,63.78,0.045
O005000,2025-11-09,South,Marketplace,114.54,0.045
O005001,2025-09-21,South,Mobile App,121.05,0.026
O005002,2025-11-20,East,Marketplace,144.14,0.045
O005003,2024-05-28,North,Website,50.44,0.021
O005004,2025-03-19,South,Mobile App,126.79,0.026
O005005,2025-02-02,North,Mobile App,145.1,0.026
O005006,2024-03-23,North,Marketplace,90.53,0.045
O005007,2025-10-31,North,Mobile App,175.45,0.026
O005008,2024-03-15,South,Marketplace,67.73,0.045
O005009,2024-06-02,Central,Marketplace,123.36,0.045
O005010,2025-07-02,West,Mobile App,178.71,0.026
O005011,2025-05-12,South,Marketplace,51.88,0.045
O005012,2024-09-30,North,Website,122.1,0.021
O005013,2024-12-06,North,Marketplace,75.95,0.045
O005014,2024-08-28,Central,Website,104.03,0.021
O005015,2025-10-31,Central,Marketplace,115.08,0.045
O005016,2025-10-27,South,Mobile App,99.76,0.026
O005017,2024-11-03,East,Marketplace,161.62,0.045
O005018,2025-12-08,West,Website,165.81,0.021
O005019,2024-05-19,South,Mobile App,172.34,0.026
O005020,2024-10-25,South,Marketplace,145.52,0.045
O005021,2025-03-03,West,Website,167.53,0.021
O005022,2025-04-23,East,Website,135.12,0.021
O005023,2024-06-18,South,Mobile App,143.85,0.026
O005024,2025-03-17,North,Marketplace,144.38,0.045
O005025,2025-05-25,Central,Marketplace,171.1,0.045
O005026,2024-12-02,North,Mobile App,158.89,0.026
O005027,2024-08-09,East,Website,158.05,0.021
O005028,2024-10-04,East,Marketplace,88.12,0.045
O005029,2025-05-26,North,Marketplace,114.07,0.045
O005030,2025-09-09,West,Mobile App,145.83,0.026
O005031,2025-12-26,North,Marketplace,82.52,0.045
O005032,2025-01-07,East,Marketplace,141.18,0.045
O005033,2025-10-13,South,Mobile App,89.85,0.026
O005034,2024-04-28,East,Website,79.05,0.021
O005035,2025-05-15,South,Website,166.47,0.021
O005036,2024-12-14,Central,Website,129.5,0.021
O005037,2024-07-30,North,Website,59.41,0.021
O005038,2024-12-01,South,Mobile App,139.57,0.026
O005039,2025-04-21,South,Website,174.75,0.021
O005040,2025-04-03,West,Marketplace,115.56,0.045
O005041,2025-10-10,North,Marketplace,178.73,0.045
O005042,2024-10-14,East,Website,162.78,0.021
O005043,2024-10-05,West,Mobile App,51.34,0.026
O005044,2025-08-09,Central,Marketplace,163.6,0.045
O005045,2025-02-11,East,Mobile App,108.42,0.026
O005046,2024-04-28,South,Marketplace,158.58,0.045
O005047,2024-09-09,South,Marketplace,95.75,0.045
O005048,2025-11-25,Central,Mobile App,115.99,0.026
O005049,2024-12-23,East,Website,115.71,0.021
O005050,2024-10-03,Central,Marketplace,103.97,0.045
O005051,2025-12-17,East,Mobile App,107.88,0.026
O005052,2025-08-24,East,Website,99.49,0.021
O005053,2024-12-27,South,Website,173.18,0.021
O005054,2025-03-17,West,Marketplace,120.96,0.045
O005055,2024-03-22,East,Mobile App,57.26,0.026
O005056,2024-05-24,East,Marketplace,172.0,0.045
O005057,2024-12-09,East,Mobile App,73.34,0.026
O005058,2024-08-23,Central,Website,155.73,0.021
O005059,2024-10-23,East,Marketplace,158.94,0.045
O005060,2024-04-24,South,Website,110.88,0.021
O005061,2025-04-27,East,Website,145.95,0.021
O005062,2025-04-30,East,Mobile App,83.28,0.026
O005063,2024-03-04,West,Marketplace,137.52,0.045
O005064,2024-07-11,West,Marketplace,92.11,0.045
O005065,2024-11-06,North,Mobile App,131.91,0.026
O005066,2024-12-23,East,Marketplace,62.37,0.045
O005067,2025-05-26,North,Marketplace,83.1,0.045
O005068,2024-12-26,South,Marketplace,90.14,0.045
O005069,2024-06-19,East,Website,165.75,0.021
O005070,2025-02-22,West,Website,109.11,0.021
O005071,2025-12-16,Central,Mobile App,123.25,0.026
O005072,2024-12-05,West,Marketplace,89.8,0.045
O005073,2024-04-22,East,Website,111.42,0.021
O005074,2025-07-10,East,Website,78.18,0.021
O005075,2025-10-14,East,Website,164.56,0.021
O005076,2024-12-21,South,Marketplace,119.4,0.045
O005077,2024-03-27,East,Marketplace,50.64,0.045
O005078,2025-03-20,North,Website,146.87,0.021
O005079,2024-08-23,West,Website,110.13,0.021
O005080,2024-06-27,North,Mobile App,77.38,0.026
O005081,2025-02-09,North,Marketplace,110.66,0.045
O005082,2024-05-27,West,Website,167.0,0.021
O005083,2024-01-19,West,Marketplace,89.48,0.045
O005084,2025-05-14,East,Website,76.34,0.021
O005085,2025-11-26,West,Marketplace,155.88,0.045
O005086,2025-03-13,Central,Marketplace,150.21,0.045
O005087,2024-06-21,West,Mobile App,145.47,0.026
O005088,2024-05-04,South,Marketplace,153.41,0.045
O005089,2025-03-14,North,Mobile App,166.11,0.026
O005090,2025-01-24,South,Marketplace,138.57,0.045
O005091,2024-10-26,North,Mobile App,174.17,0.026
O005092,2024-11-12,South,Mobile App,96.58,0.026
O005093,2024-09-19,Central,Marketplace,50.87,0.045
O005094,2024-06-05,East,Website,172.74,0.021
O005095,2025-11-12,North,Marketplace,172.48,0.045
O005096,2024-02-08,East,Mobile App,91.25,0.026
O005097,2025-02-25,Central,Marketplace,129.29,0.045
O005098,2025-09-15,East,Marketplace,89.05,0.045
O005099,2025-10-12,South,Marketplace,157.09,0.045
O005100,2024-04-25,Central,Marketplace,71.03,0.045
O005101,2025-10-14,Central,Website,102.58,0.021
O005102,2025-07-04,Central,Website,145.06,0.021
O005103,2024-03-08,West,Mobile App,160.15,0.026
O005104,2025-01-22,North,Marketplace,61.92,0.045
O005105,2024-07-22,North,Marketplace,120.58,0.045
O005106,2024-03-19,East,Marketplace,176.87,0.045
O005107,2025-09-30,North,Mobile App,73.54,0.026
O005108,2025-11-10,North,Website,133.36,0.021
O005109,2025-02-07,Central,Marketplace,52.56,0.045
O005110,2024-03-06,West,Mobile App,139.04,0.026
O005111,2025-06-21,South,Mobile App,112.72,0.026
O005112,2024-05-24,East,Website,88.4,0.021
O005113,2024-07-23,Central,Website,60.43,0.021
O005114,2024-10-24,South,Website,90.11,0.021
O005115,2024-05-14,North,Mobile App,72.35,0.026
O005116,2024-09-02,East,Website,69.41,0.021
O005117,2024-08-13,South,Marketplace,135.76,0.045
O005118,2025-08-19,South,Mobile App,82.96,0.026
O005119,2025-01-20,West,Marketplace,146.64,0.045
O005120,2025-07-26,East,Marketplace,145.85,0.045
O005121,2025-08-22,North,Mobile App,151.57,0.026
O005122,2025-10-12,South,Marketplace,85.35,0.045
O005123,2024-08-10,South,Website,56.49,0.021
O005124,2025-12-01,South,Marketplace,101.91,0.045
O005125,2024-08-17,West,Website,134.17,0.021
O005126,2025-07-30,Central,Marketplace,67.87,0.045
O005127,2025-12-04,South,Mobile App,79.46,0.026
O005128,2024-08-19,East,Mobile App,105.52,0.026
O005129,2025-10-22,East,Mobile App,145.82,0.026
O005130,2024-07-08,West,Marketplace,159.16,0.045
O005131,2025-12-16,East,Mobile App,113.75,0.026
O005132,2025-06-27,East,Website,125.72,0.021
O005133,2024-06-03,West,Mobile App,92.78,0.026
O005134,2025-08-20,West,Website,72.77,0.021
O005135,2025-02-05,Central,Website,142.29,0.021
O005136,2024-12-01,West,Marketplace,138.0,0.045
O005137,2024-08-27,East,Website,71.51,0.021
O005138,2025-07-20,North,Website,150.53,0.021
O005139,2024-01-03,South,Website,150.59,0.021
O005140,2024-05-13,Central,Website,149.94,0.021
O005141,2025-08-01,Central,Website,75.42,0.021
O005142,2025-11-28,Central,Marketplace,66.08,0.045
O005143,2025-02-10,West,Mobile App,126.39,0.026
O005144,2024-03-19,South,Mobile App,120.36,0.026
O005145,2025-12-07,North,Website,63.57,0.021
O005146,2025-04-11,Central,Marketplace,49.36,0.045
O005147,2025-12-14,North,Website,126.1,0.021
O005148,2025-08-23,Central,Marketplace,96.55,0.045
O005149,2024-12-19,Central,Website,151.68,0.021
O005150,2024-08-20,East,Mobile App,151.9,0.026
O005151,2025-07-10,East,Marketplace,117.12,0.045
O005152,2025-05-11,South,Website,127.3,0.021
O005153,2025-11-20,Central,Marketplace,87.71,0.045
O005154,2025-07-03,West,Marketplace,115.29,0.045
O005155,2024-11-16,South,Marketplace,124.9,0.045
O005156,2025-03-20,North,Website,154.46,0.021
O005157,2025-02-20,East,Website,66.76,0.021
O005158,2025-03-25,Central,Marketplace,130.94,0.045
O005159,2024-11-19,North,Website,161.07,0.021
O005160,2025-08-02,South,Website,103.53,0.021
O005161,2025-10-28,Central,Website,93.79,0.021
O005162,2024-04-04,North,Mobile App,67.14,0.026
O005163,2024-07-30,West,Website,131.59,0.021
O005164,2025-02-07,South,Website,89.65,0.021
O005165,2024-09-06,South,Website,121.27,0.021
O005166,2024-10-28,South,Website,68.79,0.021
O005167,2025-09-21,North,Mobile App,141.16,0.026
O005168,2024-06-11,West,Website,49.95,0.021
O005169,2025-01-18,South,Marketplace,98.74,0.045
O005170,2025-10-19,West,Website,119.53,0.021
O005171,2024-06-29,West,Marketplace,153.91,0.045
O005172,2025-12-16,West,Mobile App,90.32,0.026
O005173,2025-11-18,North,Website,77.89,0.021
O005174,2024-03-28,North,Mobile App,55.23,0.026
O005175,2025-02-15,West,Mobile App,127.8,0.026
O005176,2025-01-15,South,Website,139.29,0.021
O005177,2025-09-05,East,Website,112.57,0.021
O005178,2025-08-20,West,Website,175.55,0.021
O005179,2024-10-18,East,Marketplace,94.86,0.045
O005180,2025-06-23,Central,Marketplace,95.51,0.045
O005181,2024-02-15,East,Marketplace,148.76,0.045
O005182,2025-07-14,South,Website,118.21,0.021
O005183,2025-08-10,South,Mobile App,129.92,0.026
O005184,2025-08-08,West,Website,73.2,0.021
O005185,2024-10-01,Central,Marketplace,153.12,0.045
O005186,2024-06-17,South,Marketplace,94.27,0.045
O005187,2024-12-20,West,Marketplace,148.08,0.045
O005188,2025-09-23,East,Marketplace,136.84,0.045
O005189,2025-01-06,South,Website,85.2,0.021
O005190,2025-06-11,East,Website,139.07,0.021
O005191,2024-05-20,West,Marketplace,150.4,0.045
O005192,2024-04-14,East,Marketplace,129.84,0.045
O005193,2025-03-23,West,Website,61.85,0.021
O005194,2025-03-22,South,Website,112.19,0.021
O005195,2024-12-21,Central,Marketplace,68.54,0.045
O005196,2024-01-17,Central,Website,158.74,0.021
O005197,2025-06-13,East,Marketplace,83.87,0.045
O005198,2024-03-21,West,Marketplace,132.84,0.045
O005199,2025-08-23,North,Website,165.27,0.021
O005200,2024-02-28,South,Mobile App,99.98,0.026
O005201,2025-05-17,East,Marketplace,50.71,0.045
O005202,2024-12-04,East,Marketplace,146.53,0.045
O005203,2024-05-12,North,Marketplace,58.78,0.045
O005204,2024-12-05,West,Website,84.11,0.021
O005205,2025-05-04,Central,Marketplace,137.28,0.045
O005206,2025-05-20,North,Mobile App,92.56,0.026
O005207,2024-05-29,West,Website,87.16,0.021
O005208,2025-04-24,South,Marketplace,144.08,0.045
O005209,2025-11-04,North,Marketplace,103.25,0.045
O005210,2024-08-21,South,Marketplace,127.65,0.045
O005211,2024-11-22,South,Marketplace,107.38,0.045
O005212,2024-09-05,Central,Mobile App,119.57,0.026
O005213,2025-03-21,Central,Mobile App,161.21,0.026
O005214,2024-04-09,North,Website,136.01,0.021
O005215,2024-11-16,North,Mobile App,75.09,0.026
O005216,2024-10-19,East,Marketplace,112.74,0.045
O005217,2025-10-23,North,Mobile App,153.26,0.026
O005218,2025-03-16,South,Mobile App,92.89,0.026
O005219,2025-07-08,West,Marketplace,110.57,0.045
O005220,2024-08-23,South,Website,72.47,0.021
O005221,2024-04-27,North,Website,89.12,0.021
O005222,2025-10-21,West,Mobile App,66.88,0.026
O005223,2025-11-18,Central,Mobile App,88.44,0.026
O005224,2024-02-01,Central,Marketplace,67.44,0.045
O005225,2024-06-20,West,Website,124.23,0.021
O005226,2025-03-10,Central,Website,163.72,0.021
O005227,2024-09-13,West,Mobile App,99.91,0.026
O005228,2025-06-15,South,Website,177.95,0.021
O005229,2024-01-19,Central,Website,113.01,0.021
O005230,2025-07-06,East,Mobile App,95.6,0.026
O005231,2025-08-31,West,Mobile App,146.73,0.026
O005232,2025-01-14,Central,Mobile App,80.83,0.026
O005233,2024-01-05,Central,Marketplace,134.72,0.045
O005234,2025-08-18,Central,Marketplace,178.42,0.045
O005235,2025-09-14,West,Marketplace,50.62,0.045
O005236,2025-09-12,South,Website,87.88,0.021
O005237,2024-08-13,North,Marketplace,94.82,0.045
O005238,2024-02-09,Central,Website,123.21,0.021
O005239,2025-05-03,East,Marketplace,137.77,0.045
O005240,2024-09-22,Central,Website,92.1,0.021
O005241,2025-10-26,East,Marketplace,101.09,0.045
O005242,2024-10-03,South,Website,137.99,0.021
O005243,2024-06-08,West,Website,58.09,0.021
O005244,2025-07-22,South,Marketplace,151.38,0.045
O005245,2024-08-15,Central,Website,107.47,0.021
O005246,2025-05-14,South,Website,158.54,0.021
O005247,2025-10-20,Central,Website,145.79,0.021
O005248,2025-02-09,North,Mobile App,102.98,0.026
O005249,2025-12-03,East,Mobile App,56.3,0.026
O005250,2024-07-30,South,Mobile App,178.31,0.026
O005251,2025-09-19,North,Marketplace,93.29,0.045
O005252,2025-09-28,West,Marketplace,159.06,0.045
O005253,2024-02-08,Central,Marketplace,119.58,0.045
O005254,2024-06-17,West,Marketplace,156.81,0.045
O005255,2025-12-20,Central,Website,170.43,0.021
O005256,2025-10-28,East,Mobile App,79.55,0.026
O005257,2024-05-06,Central,Marketplace,105.65,0.045
O005258,2025-10-24,North,Website,155.63,0.021
O005259,2024-07-17,East,Website,107.33,0.021
O005260,2024-09-24,North,Marketplace,169.4,0.045
O005261,2024-09-14,South,Mobile App,129.11,0.026
O005262,2025-05-02,North,Website,162.2,0.021
O005263,2025-08-15,East,Website,118.35,0.021
O005264,2024-04-13,Central,Website,145.1,0.021
O005265,2024-10-02,West,Mobile App,62.48,0.026
O005266,2025-04-09,South,Website,61.54,0.021
O005267,2024-07-27,North,Marketplace,177.73,0.045
O005268,2024-03-12,Central,Marketplace,65.88,0.045
O005269,2024-10-12,West,Marketplace,86.08,0.045
O005270,2025-08-19,North,Marketplace,135.21,0.045
O005271,2025-08-06,East,Mobile App,79.22,0.026
O005272,2025-01-27,Central,Marketplace,95.79,0.045
O005273,2024-02-01,Central,Website,131.91,0.021
O005274,2024-12-17,South,Mobile App,135.13,0.026
O005275,2025-10-06,Central,Marketplace,66.77,0.045
O005276,2025-07-06,South,Mobile App,106.6,0.026
O005277,2024-07-16,West,Marketplace,83.31,0.045
O005278,2025-04-23,Central,Marketplace,54.27,0.045
O005279,2025-03-22,Central,Website,55.77,0.021
O005280,2024-10-20,East,Website,160.36,0.021
O005281,2024-12-19,South,Mobile App,164.67,0.026
O005282,2025-11-30,West,Marketplace,72.18,0.045
O005283,2025-05-22,West,Marketplace,126.55,0.045
O005284,2025-09-06,East,Marketplace,106.8,0.045
O005285,2025-09-25,Central,Marketplace,145.54,0.045
O005286,2024-04-09,North,Marketplace,118.87,0.045
O005287,2025-09-19,East,Marketplace,87.41,0.045
O005288,2025-02-18,South,Website,93.58,0.021
O005289,2024-12-14,North,Website,69.24,0.021
O005290,2024-07-08,Central,Website,88.46,0.021
O005291,2025-10-16,South,Marketplace,176.25,0.045
O005292,2024-12-20,North,Marketplace,108.73,0.045
O005293,2025-06-20,West,Marketplace,119.97,0.045
O005294,2025-04-20,North,Mobile App,143.43,0.026
O005295,2024-02-16,South,Marketplace,164.47,0.045
O005296,2025-10-23,South,Website,73.01,0.021
O005297,2024-01-30,East,Marketplace,172.2,0.045
O005298,2025-12-14,West,Mobile App,153.0,0.026
O005299,2025-09-09,West,Marketplace,75.76,0.045
O005300,2024-02-11,East,Website,95.92,0.021
O005301,2025-11-05,South,Mobile App,105.97,0.026
O005302,2025-02-02,East,Website,167.48,0.021
O005303,2024-04-24,North,Website,105.02,0.021
O005304,2025-01-04,Central,Marketplace,137.14,0.045
O005305,2024-04-04,North,Mobile App,51.95,0.026
O005306,2024-06-13,East,Mobile App,143.61,0.026
O005307,2024-07-23,North,Mobile App,144.13,0.026
O005308,2025-07-08,East,Marketplace,166.62,0.045
O005309,2025-01-03,North,Marketplace,136.07,0.045
O005310,2025-12-14,South,Mobile App,112.86,0.026
O005311,2024-11-10,North,Mobile App,58.32,0.026
O005312,2024-12-14,Central,Website,151.22,0.021
O005313,2024-07-29,Central,Marketplace,100.29,0.045
O005314,2024-01-02,North,Mobile App,104.78,0.026
O005315,2024-06-02,South,Marketplace,127.11,0.045
O005316,2025-12-25,South,Mobile App,179.31,0.026
O005317,2024-01-05,North,Mobile App,63.84,0.026
O005318,2025-10-09,South,Website,73.07,0.021
O005319,2025-05-17,South,Mobile App,132.57,0.026
O005320,2024-12-15,North,Website,146.43,0.021
O005321,2024-07-13,West,Mobile App,80.61,0.026
O005322,2024-04-14,Central,Marketplace,151.77,0.045
O005323,2024-02-15,East,Marketplace,69.19,0.045
O005324,2025-05-08,South,Mobile App,150.34,0.026
O005325,2024-12-26,East,Website,78.88,0.021
O005326,2024-12-21,Central,Website,82.9,0.021
O005327,2024-12-10,Central,Marketplace,133.26,0.045
O005328,2025-03-15,Central,Marketplace,175.5,0.045
O005329,2025-07-13,Central,Website,131.69,0.021
O005330,2025-11-04,North,Website,159.95,0.021
O005331,2024-12-25,North,Marketplace,159.34,0.045
O005332,2025-04-13,North,Marketplace,118.38,0.045
O005333,2024-07-05,South,Website,108.12,0.021
O005334,2025-05-16,North,Website,138.95,0.021
O005335,2024-10-08,North,Marketplace,112.87,0.045
O005336,2024-11-11,South,Website,91.92,0.021
O005337,2024-03-02,Central,Website,51.19,0.021
O005338,2024-12-25,West,Marketplace,109.52,0.045
O005339,2025-08-28,Central,Mobile App,57.53,0.026
O005340,2024-01-26,North,Mobile App,92.35,0.026
O005341,2025-09-14,East,Mobile App,132.47,0.026
O005342,2025-10-16,North,Marketplace,95.07,0.045
O005343,2024-04-20,South,Marketplace,103.64,0.045
O005344,2024-03-06,West,Marketplace,136.05,0.045
O005345,2025-10-03,Central,Mobile App,81.47,0.026
O005346,2024-09-22,Central,Website,133.9,0.021
O005347,2025-03-24,West,Marketplace,53.03,0.045
O005348,2024-09-11,South,Website,92.7,0.021
O005349,2025-07-24,Central,Marketplace,149.84,0.045
O005350,2024-03-13,East,Marketplace,116.53,0.045
O005351,2025-11-23,South,Marketplace,78.97,0.045
O005352,2025-11-26,Central,Mobile App,111.65,0.026
O005353,2024-10-20,West,Marketplace,178.46,0.045
O005354,2024-01-04,South,Website,82.47,0.021
O005355,2025-08-21,South,Marketplace,174.31,0.045
O005356,2024-06-08,South,Marketplace,111.17,0.045
O005357,2025-08-10,West,Marketplace,172.95,0.045
O005358,2024-02-07,East,Website,140.66,0.021
O005359,2025-03-27,North,Website,145.12,0.021
O005360,2025-01-24,East,Mobile App,102.45,0.026
O005361,2025-08-04,North,Website,179.85,0.021
O005362,2024-10-22,North,Website,121.12,0.021
O005363,2024-06-28,South,Marketplace,159.51,0.045
O005364,2025-04-23,East,Marketplace,95.19,0.045
O005365,2025-07-30,North,Mobile App,139.88,0.026
O005366,2024-01-17,North,Website,156.08,0.021
O005367,2024-03-21,North,Marketplace,78.3,0.045
O005368,2025-06-18,South,Marketplace,61.24,0.045
O005369,2024-10-21,North,Website,61.37,0.021
O005370,2024-11-02,South,Marketplace,118.34,0.045
O005371,2024-04-19,Central,Marketplace,163.32,0.045
O005372,2024-10-21,East,Marketplace,74.85,0.045
O005373,2025-10-04,South,Website,87.88,0.021
O005374,2025-10-13,Central,Website,102.46,0.021
O005375,2025-04-16,North,Marketplace,119.83,0.045
O005376,2024-02-14,West,Marketplace,149.45,0.045
O005377,2024-08-09,North,Marketplace,66.98,0.045
O005378,2025-08-03,West,Website,162.56,0.021
O005379,2024-08-24,Central,Website,75.68,0.021
O005380,2024-01-31,Central,Mobile App,166.48,0.026
O005381,2025-01-29,West,Mobile App,157.27,0.026
O005382,2024-08-14,South,Marketplace,92.94,0.045
O005383,2024-08-22,North,Mobile App,161.05,0.026
O005384,2024-07-20,South,Website,174.53,0.021
O005385,2024-02-09,Central,Marketplace,120.01,0.045
O005386,2024-01-17,North,Mobile App,138.58,0.026
O005387,2025-01-19,Central,Mobile App,69.21,0.026
O005388,2024-10-15,North,Website,87.33,0.021
O005389,2024-11-24,Central,Website,106.9,0.021
O005390,2025-11-30,North,Marketplace,108.07,0.045
O005391,2025-05-25,East,Website,68.35,0.021
O005392,2025-02-21,South,Marketplace,120.86,0.045
O005393,2024-06-02,Central,Mobile App,104.62,0.026
O005394,2024-07-12,East,Website,151.11,0.021
O005395,2025-01-08,East,Marketplace,153.91,0.045
O005396,2024-05-18,South,Website,127.75,0.021
O005397,2025-02-17,Central,Website,149.82,0.021
O005398,2024-06-18,East,Website,133.66,0.021
O005399,2025-11-26,West,Marketplace,99.81,0.045
O005400,2025-04-29,North,Marketplace,161.34,0.045
O005401,2025-04-14,West,Marketplace,92.71,0.045
O005402,2024-12-01,North,Marketplace,169.72,0.045
O005403,2025-08-09,East,Mobile App,147.71,0.026
O005404,2024-03-28,East,Mobile App,68.48,0.026
O005405,2024-07-08,West,Mobile App,142.03,0.026
O005406,2024-07-20,South,Mobile App,55.13,0.026
O005407,2025-11-20,West,Website,66.83,0.021
O005408,2025-08-23,South,Website,128.3,0.021
O005409,2024-06-22,West,Marketplace,98.66,0.045
O005410,2025-10-02,Central,Mobile App,88.19,0.026
O005411,2024-05-16,East,Website,159.89,0.021
O005412,2025-01-13,East,Marketplace,132.44,0.045
O005413,2024-09-11,North,Marketplace,64.57,0.045
O005414,2024-08-25,West,Mobile App,168.59,0.026
O005415,2024-10-23,West,Website,118.32,0.021
O005416,2024-06-01,Central,Marketplace,176.49,0.045
O005417,2024-05-04,West,Marketplace,69.95,0.045
O005418,2025-07-02,South,Mobile App,170.8,0.026
O005419,2024-06-25,East,Website,95.63,0.021
O005420,2024-03-06,East,Website,69.38,0.021
O005421,2024-08-24,West,Mobile App,61.0,0.026
O005422,2025-02-10,North,Mobile App,124.33,0.026
O005423,2024-09-06,East,Marketplace,61.34,0.045
O005424,2025-09-19,South,Website,60.58,0.021
O005425,2025-12-11,South,Mobile App,126.15,0.026
O005426,2025-01-04,East,Marketplace,121.98,0.045
O005427,2025-06-26,Central,Website,55.32,0.021
O005428,2024-10-06,North,Marketplace,159.4,0.045
O005429,2024-07-26,East,Mobile App,153.11,0.026
O005430,2025-02-05,North,Marketplace,78.9,0.045
O005431,2024-06-05,South,Mobile App,51.63,0.026
O005432,2024-08-31,East,Mobile App,90.5,0.026
O005433,2025-11-02,West,Website,127.45,0.021
O005434,2024-11-25,South,Website,74.73,0.021
O005435,2025-01-11,Central,Mobile App,128.73,0.026
O005436,2025-01-11,Central,Mobile App,88.06,0.026
O005437,2024-07-01,South,Mobile App,133.53,0.026
O005438,2024-08-24,West,Website,77.13,0.021
O005439,2025-05-02,East,Website,99.56,0.021
O005440,2024-01-06,North,Mobile App,150.14,0.026
O005441,2024-10-04,South,Website,87.26,0.021
O005442,2024-05-07,East,Marketplace,58.57,0.045
O005443,2025-07-02,North,Website,110.1,0.021
O005444,2024-02-15,South,Marketplace,76.15,0.045
O005445,2025-03-23,South,Marketplace,132.02,0.045
O005446,2024-07-12,East,Mobile App,151.53,0.026
O005447,2024-09-26,North,Marketplace,91.34,0.045
O005448,2025-03-15,West,Website,154.28,0.021
O005449,2025-04-18,West,Website,159.29,0.021
O005450,2025-02-27,East,Website,124.48,0.021
O005451,2024-09-13,North,Mobile App,156.7,0.026
O005452,2024-11-23,North,Website,144.6,0.021
O005453,2025-11-14,East,Website,137.62,0.021
O005454,2025-11-30,North,Marketplace,111.2,0.045
O005455,2025-11-30,Central,Marketplace,171.67,0.045
O005456,2025-07-06,West,Website,100.33,0.021
O005457,2025-11-11,North,Website,152.75,0.021
O005458,2025-07-30,South,Website,179.98,0.021
O005459,2024-06-01,East,Marketplace,169.91,0.045
O005460,2024-12-30,Central,Website,80.89,0.021
O005461,2025-03-11,East,Marketplace,96.08,0.045
O005462,2024-12-13,South,Marketplace,113.54,0.045
O005463,2024-09-16,Central,Marketplace,73.37,0.045
O005464,2025-06-04,North,Website,116.67,0.021
O005465,2024-09-01,Central,Marketplace,98.81,0.045
O005466,2024-11-22,North,Mobile App,124.59,0.026
O005467,2025-04-10,South,Mobile App,80.76,0.026
O005468,2025-05-27,East,Mobile App,94.58,0.026
O005469,2025-03-03,South,Marketplace,138.84,0.045
O005470,2024-11-21,Central,Mobile App,114.24,0.026
O005471,2025-04-14,North,Marketplace,64.73,0.045
O005472,2024-12-02,South,Marketplace,154.33,0.045
O005473,2025-12-31,South,Mobile App,136.67,0.026
O005474,2025-11-14,West,Website,63.68,0.021
O005475,2024-07-24,Central,Website,67.85,0.021
O005476,2024-10-10,West,Marketplace,109.33,0.045
O005477,2025-05-16,East,Website,143.42,0.021
O005478,2024-04-21,East,Mobile App,145.49,0.026
O005479,2025-04-07,Central,Marketplace,104.28,0.045
O005480,2025-09-17,West,Marketplace,111.3,0.045
O005481,2024-03-21,North,Website,70.13,0.021
O005482,2025-12-13,West,Marketplace,121.45,0.045
O005483,2024-06-06,South,Marketplace,82.5,0.045
O005484,2024-06-15,North,Website,65.26,0.021
O005485,2025-08-12,East,Website,165.94,0.021
O005486,2025-04-02,East,Marketplace,142.8,0.045
O005487,2024-02-08,North,Marketplace,122.63,0.045
O005488,2025-04-17,West,Marketplace,138.32,0.045
O005489,2025-03-20,North,Website,60.86,0.021
O005490,2025-01-04,South,Marketplace,65.47,0.045
O005491,2024-10-19,West,Mobile App,160.29,0.026
O005492,2024-11-11,North,Marketplace,119.39,0.045
O005493,2024-04-22,East,Website,171.13,0.021
O005494,2024-05-12,Central,Mobile App,81.41,0.026
O005495,2024-01-06,East,Mobile App,130.66,0.026
O005496,2025-10-23,South,Marketplace,171.91,0.045
O005497,2024-11-21,North,Website,73.01,0.021
O005498,2025-01-25,West,Website,88.43,0.021
O005499,2025-04-16,North,Mobile App,49.84,0.026
O005500,2025-11-09,Central,Website,106.33,0.021
O005501,2024-05-06,East,Marketplace,126.21,0.045
O005502,2025-06-19,North,Mobile App,115.06,0.026
O005503,2025-01-17,West,Website,160.0,0.021
O005504,2024-11-16,Central,Website,179.09,0.021
O005505,2025-08-25,East,Website,78.53,0.021
O005506,2025-07-01,South,Mobile App,174.4,0.026
O005507,2025-07-30,West,Website,109.49,0.021
O005508,2025-10-17,East,Marketplace,92.77,0.045
O005509,2024-08-09,North,Marketplace,105.94,0.045
O005510,2025-12-08,East,Mobile App,169.5,0.026
O005511,2025-10-27,North,Website,174.31,0.021
O005512,2025-04-29,Central,Marketplace,162.82,0.045
O005513,2025-07-08,East,Marketplace,138.08,0.045
O005514,2024-03-24,South,Marketplace,119.76,0.045
O005515,2025-04-23,Central,Website,161.49,0.021
O005516,2024-08-01,South,Website,96.46,0.021
O005517,2025-01-12,West,Marketplace,167.86,0.045
O005518,2025-06-26,East,Marketplace,76.47,0.045
O005519,2025-04-20,South,Mobile App,97.07,0.026
O005520,2024-08-04,Central,Marketplace,169.44,0.045
O005521,2025-01-20,North,Website,134.58,0.021
O005522,2024-03-17,South,Website,65.03,0.021
O005523,2025-02-02,West,Website,154.52,0.021
O005524,2024-05-24,South,Marketplace,132.25,0.045
O005525,2024-11-25,South,Marketplace,71.96,0.045
O005526,2024-10-20,North,Marketplace,56.59,0.045
O005527,2024-01-24,South,Mobile App,93.93,0.026
O005528,2024-08-15,Central,Website,160.25,0.021
O005529,2024-09-22,South,Marketplace,140.17,0.045
O005530,2024-02-27,West,Website,117.75,0.021
O005531,2024-11-22,West,Marketplace,101.57,0.045
O005532,2024-03-30,West,Marketplace,129.87,0.045
O005533,2024-04-22,North,Website,160.38,0.021
O005534,2025-03-03,North,Marketplace,137.98,0.045
O005535,2024-12-18,East,Marketplace,143.15,0.045
O005536,2024-07-30,North,Marketplace,99.62,0.045
O005537,2024-02-20,North,Mobile App,139.1,0.026
O005538,2024-07-23,West,Marketplace,141.91,0.045
O005539,2024-07-13,Central,Website,81.33,0.021
O005540,2024-10-27,East,Mobile App,65.78,0.026
O005541,2025-09-01,Central,Mobile App,82.07,0.026
O005542,2025-08-12,East,Mobile App,118.49,0.026
O005543,2024-08-06,West,Website,170.51,0.021
O005544,2024-01-20,South,Mobile App,124.14,0.026
O005545,2025-04-02,South,Website,52.58,0.021
O005546,2024-09-08,West,Marketplace,52.45,0.045
O005547,2025-12-23,Central,Website,50.28,0.021
O005548,2025-08-17,North,Website,159.53,0.021
O005549,2025-01-03,Central,Website,53.25,0.021
O005550,2024-10-12,East,Website,87.52,0.021
O005551,2024-09-28,West,Website,87.77,0.021
O005552,2024-08-18,North,Marketplace,153.36,0.045
O005553,2025-06-16,Central,Marketplace,172.7,0.045
O005554,2024-11-05,Central,Mobile App,171.91,0.026
O005555,2025-06-05,Central,Website,51.17,0.021
O005556,2025-03-10,West,Website,52.09,0.021
O005557,2024-06-06,Central,Mobile App,113.43,0.026
O005558,2025-09-13,South,Marketplace,124.12,0.045
O005559,2025-02-22,South,Marketplace,62.84,0.045
O005560,2024-09-12,East,Website,166.9,0.021
O005561,2025-07-19,East,Website,96.26,0.021
O005562,2025-05-04,Central,Website,150.22,0.021
O005563,2025-07-19,South,Marketplace,134.81,0.045
O005564,2025-11-01,Central,Website,128.71,0.021
O005565,2024-09-12,West,Mobile App,49.73,0.026
O005566,2025-05-20,West,Mobile App,146.87,0.026
O005567,2025-07-26,Central,Marketplace,158.96,0.045
O005568,2024-12-31,West,Mobile App,100.11,0.026
O005569,2025-09-07,Central,Website,50.52,0.021
O005570,2024-05-11,Central,Marketplace,155.69,0.045
O005571,2024-03-24,Central,Mobile App,156.04,0.026
O005572,2024-08-26,East,Website,139.7,0.021
O005573,2025-04-14,Central,Website,138.83,0.021
O005574,2025-07-25,East,Mobile App,72.11,0.026
O005575,2025-07-03,Central,Website,111.07,0.021
O005576,2025-10-22,North,Website,95.86,0.021
O005577,2025-04-10,East,Marketplace,56.54,0.045
O005578,2025-05-14,South,Marketplace,65.64,0.045
O005579,2024-09-19,Central,Website,127.74,0.021
O005580,2025-01-17,East,Marketplace,114.56,0.045
O005581,2024-02-11,West,Website,162.3,0.021
O005582,2025-09-19,North,Mobile App,153.34,0.026
O005583,2025-09-20,Central,Website,129.19,0.021
O005584,2025-08-08,South,Marketplace,57.37,0.045
O005585,2025-08-16,Central,Mobile App,68.91,0.026
O005586,2025-03-12,Central,Mobile App,107.9,0.026
O005587,2025-04-03,East,Website,124.7,0.021
O005588,2025-10-30,Central,Marketplace,109.84,0.045
O005589,2024-09-07,West,Mobile App,49.41,0.026
O005590,2024-07-16,West,Website,136.31,0.021
O005591,2024-02-05,South,Mobile App,62.45,0.026
O005592,2024-05-17,Central,Website,71.17,0.021
O005593,2024-03-11,West,Website,175.41,0.021
O005594,2024-12-12,North,Marketplace,162.88,0.045
O005595,2025-09-14,West,Marketplace,103.79,0.045
O005596,2025-05-21,North,Marketplace,169.82,0.045
O005597,2024-02-19,West,Marketplace,95.19,0.045
O005598,2024-07-25,North,Mobile App,57.31,0.026
O005599,2025-07-14,Central,Marketplace,60.05,0.045
O005600,2025-08-26,West,Mobile App,63.79,0.026
O005601,2024-03-02,West,Marketplace,54.1,0.045
O005602,2025-10-03,Central,Marketplace,76.53,0.045
O005603,2025-01-31,East,Mobile App,54.19,0.026
O005604,2025-05-09,North,Mobile App,75.38,0.026
O005605,2025-02-28,Central,Mobile App,52.21,0.026
O005606,2025-03-05,North,Marketplace,173.21,0.045
O005607,2024-08-03,East,Marketplace,69.79,0.045
O005608,2025-05-16,Central,Marketplace,175.36,0.045
O005609,2025-05-25,Central,Mobile App,95.12,0.026
O005610,2025-01-22,North,Marketplace,132.75,0.045
O005611,2024-06-09,North,Mobile App,151.61,0.026
O005612,2024-11-11,South,Mobile App,133.32,0.026
O005613,2024-09-23,South,Marketplace,125.5,0.045
O005614,2024-07-17,West,Marketplace,151.91,0.045
O005615,2025-08-24,West,Marketplace,52.72,0.045
O005616,2024-03-24,Central,Mobile App,150.18,0.026
O005617,2024-03-24,Central,Mobile App,65.22,0.026
O005618,2024-09-22,East,Mobile App,158.43,0.026
O005619,2025-09-10,East,Mobile App,52.62,0.026
O005620,2024-02-03,South,Marketplace,156.64,0.045
O005621,2025-10-10,South,Mobile App,83.58,0.026
O005622,2025-02-16,Central,Mobile App,156.28,0.026
O005623,2025-07-11,West,Marketplace,141.66,0.045
O005624,2025-06-11,West,Website,132.66,0.021
O005625,2025-02-11,West,Website,154.05,0.021
O005626,2025-06-26,North,Website,82.97,0.021
O005627,2024-07-30,East,Marketplace,117.98,0.045
O005628,2024-04-11,North,Website,169.03,0.021
O005629,2025-03-06,North,Mobile App,103.85,0.026
O005630,2024-11-28,North,Marketplace,58.89,0.045
O005631,2025-11-27,West,Mobile App,122.82,0.026
O005632,2024-12-02,Central,Website,74.43,0.021
O005633,2025-11-21,North,Marketplace,121.27,0.045
O005634,2024-01-19,West,Mobile App,61.39,0.026
O005635,2024-11-11,North,Mobile App,118.24,0.026
O005636,2024-03-23,West,Mobile App,92.46,0.026
O005637,2024-03-15,North,Mobile App,121.22,0.026
O005638,2025-11-15,West,Mobile App,134.91,0.026
O005639,2025-09-24,Central,Website,152.74,0.021
O005640,2025-08-18,Central,Website,95.18,0.021
O005641,2025-10-30,South,Marketplace,56.66,0.045
O005642,2025-11-24,North,Website,122.57,0.021
O005643,2025-11-14,East,Marketplace,140.33,0.045
O005644,2025-12-22,South,Marketplace,99.45,0.045
O005645,2024-10-24,West,Mobile App,107.57,0.026
O005646,2025-01-03,South,Marketplace,89.84,0.045
O005647,2025-06-03,West,Marketplace,128.05,0.045
O005648,2025-12-14,North,Website,157.98,0.021
O005649,2025-10-07,West,Marketplace,64.93,0.045
O005650,2024-09-10,West,Website,159.92,0.021
O005651,2025-02-26,North,Mobile App,87.5,0.026
O005652,2024-12-12,South,Mobile App,63.41,0.026
O005653,2024-12-15,South,Marketplace,74.43,0.045
O005654,2024-05-16,South,Marketplace,124.73,0.045
O005655,2025-08-30,North,Website,59.72,0.021
O005656,2024-01-02,North,Marketplace,70.06,0.045
O005657,2024-10-25,Central,Marketplace,172.93,0.045
O005658,2024-11-30,East,Marketplace,163.67,0.045
O005659,2025-01-30,West,Mobile App,81.9,0.026
O005660,2024-08-07,South,Website,96.06,0.021
O005661,2024-05-05,North,Marketplace,94.65,0.045
O005662,2024-07-12,South,Mobile App,136.62,0.026
O005663,2024-08-18,South,Marketplace,137.36,0.045
O005664,2025-03-18,East,Marketplace,173.95,0.045
O005665,2025-11-14,South,Marketplace,74.29,0.045
O005666,2024-05-17,East,Website,89.69,0.021
O005667,2025-07-07,East,Marketplace,115.39,0.045
O005668,2025-12-22,Central,Mobile App,92.33,0.026
O005669,2025-05-30,South,Marketplace,139.0,0.045
O005670,2024-02-20,West,Website,146.66,0.021
O005671,2025-08-17,East,Website,162.86,0.021
O005672,2025-11-07,North,Mobile App,76.38,0.026
O005673,2024-05-28,West,Website,152.42,0.021
O005674,2024-08-28,West,Website,82.97,0.021
O005675,2024-02-21,East,Marketplace,160.97,0.045
O005676,2025-12-01,Central,Website,168.89,0.021
O005677,2024-09-11,Central,Mobile App,121.37,0.026
O005678,2025-12-11,Central,Mobile App,158.41,0.026
O005679,2024-04-30,East,Marketplace,122.49,0.045
O005680,2024-10-23,Central,Website,108.84,0.021
O005681,2025-02-08,North,Website,164.95,0.021
O005682,2025-05-08,North,Marketplace,90.16,0.045
O005683,2025-07-20,Central,Website,122.62,0.021
O005684,2025-09-15,North,Marketplace,104.08,0.045
O005685,2025-01-14,North,Mobile App,96.49,0.026
O005686,2024-07-17,North,Mobile App,144.77,0.026
O005687,2025-03-16,East,Website,148.63,0.021
O005688,2024-04-05,East,Marketplace,113.35,0.045
O005689,2024-06-20,South,Website,162.37,0.021
O005690,2024-07-24,South,Website,156.31,0.021
O005691,2024-03-02,North,Website,64.67,0.021
O005692,2024-07-21,North,Mobile App,126.8,0.026
O005693,2024-07-17,East,Mobile App,108.3,0.026
O005694,2025-09-15,Central,Marketplace,74.07,0.045
O005695,2024-10-14,South,Website,79.97,0.021
O005696,2024-12-20,South,Marketplace,60.67,0.045
O005697,2024-08-21,North,Mobile App,158.1,0.026
O005698,2024-02-05,Central,Marketplace,56.77,0.045
O005699,2025-09-20,North,Marketplace,98.51,0.045
O005700,2024-09-18,North,Marketplace,49.73,0.045
O005701,2024-04-06,Central,Marketplace,93.5,0.045
O005702,2024-01-04,East,Marketplace,116.56,0.045
O005703,2024-11-02,West,Mobile App,49.32,0.026
O005704,2025-11-24,North,Marketplace,125.96,0.045
O005705,2025-04-23,North,Mobile App,160.13,0.026
O005706,2024-01-09,Central,Marketplace,132.22,0.045
O005707,2025-05-01,South,Website,68.25,0.021
O005708,2024-11-14,East,Mobile App,78.32,0.026
O005709,2025-03-16,East,Mobile App,162.85,0.026
O005710,2024-05-17,Central,Website,147.43,0.021
O005711,2025-02-04,West,Mobile App,136.71,0.026
O005712,2025-07-17,East,Marketplace,50.26,0.045
O005713,2025-10-25,West,Mobile App,130.67,0.026
O005714,2025-06-23,South,Website,128.78,0.021
O005715,2024-10-28,South,Marketplace,66.15,0.045
O005716,2024-08-11,South,Website,52.95,0.021
O005717,2024-10-23,South,Mobile App,132.02,0.026
O005718,2024-06-26,Central,Website,63.92,0.021
O005719,2025-11-19,East,Mobile App,123.37,0.026
O005720,2025-03-06,West,Marketplace,101.89,0.045
O005721,2025-02-27,North,Marketplace,59.51,0.045
O005722,2024-05-16,North,Mobile App,142.04,0.026
O005723,2024-11-25,Central,Website,156.66,0.021
O005724,2025-01-26,East,Website,125.06,0.021
O005725,2025-01-04,North,Website,125.55,0.021
O005726,2024-03-25,West,Mobile App,128.96,0.026
O005727,2024-06-25,Central,Marketplace,92.05,0.045
O005728,2024-09-07,South,Website,147.68,0.021
O005729,2025-02-07,South,Marketplace,114.03,0.045
O005730,2024-06-23,Central,Marketplace,96.21,0.045
O005731,2024-07-30,West,Mobile App,61.81,0.026
O005732,2024-06-01,West,Website,102.99,0.021
O005733,2024-08-22,East,Website,55.11,0.021
O005734,2024-05-16,Central,Marketplace,166.44,0.045
O005735,2024-11-20,West,Website,90.02,0.021
O005736,2025-10-19,North,Marketplace,75.29,0.045
O005737,2025-12-31,East,Mobile App,73.58,0.026
O005738,2024-11-07,North,Marketplace,135.27,0.045
O005739,2025-09-23,Central,Mobile App,134.24,0.026
O005740,2024-03-19,Central,Website,123.34,0.021
O005741,2025-05-10,South,Website,175.17,0.021
O005742,2025-09-19,Central,Mobile App,148.93,0.026
O005743,2025-05-04,North,Website,140.28,0.021
O005744,2024-06-10,North,Website,152.47,0.021
O005745,2024-01-15,North,Mobile App,172.01,0.026
O005746,2024-01-16,West,Website,101.01,0.021
O005747,2024-07-20,West,Marketplace,67.99,0.045
O005748,2025-09-18,Central,Marketplace,103.73,0.045
O005749,2024-03-13,North,Website,93.33,0.021
O005750,2025-04-22,West,Marketplace,139.15,0.045
O005751,2024-08-28,North,Website,150.95,0.021
O005752,2025-02-01,East,Mobile App,179.7,0.026
O005753,2024-11-13,South,Website,166.25,0.021
O005754,2025-09-19,Central,Mobile App,111.98,0.026
O005755,2025-07-24,Central,Mobile App,177.89,0.026
O005756,2025-06-08,North,Marketplace,131.9,0.045
O005757,2024-03-07,West,Marketplace,81.52,0.045
O005758,2025-05-14,Central,Marketplace,93.1,0.045
O005759,2024-05-31,North,Website,173.68,0.021
O005760,2024-03-04,Central,Marketplace,79.71,0.045
O005761,2025-11-28,East,Website,78.83,0.021
O005762,2024-10-04,Central,Website,155.76,0.021
O005763,2025-10-20,North,Marketplace,159.8,0.045
O005764,2025-08-02,West,Website,122.15,0.021
O005765,2024-10-22,East,Website,155.18,0.021
O005766,2025-01-21,South,Website,125.08,0.021
O005767,2025-01-03,West,Marketplace,76.3,0.045
O005768,2025-05-26,South,Marketplace,175.04,0.045
O005769,2025-10-08,South,Website,159.09,0.021
O005770,2025-05-14,Central,Marketplace,136.36,0.045
O005771,2025-11-21,East,Website,173.13,0.021
O005772,2025-08-07,East,Marketplace,173.81,0.045
O005773,2025-07-01,East,Marketplace,129.07,0.045
O005774,2024-06-18,Central,Marketplace,127.47,0.045
O005775,2024-05-25,South,Marketplace,138.67,0.045
O005776,2024-07-18,North,Mobile App,117.9,0.026
O005777,2024-04-18,South,Website,154.03,0.021
O005778,2024-04-23,West,Mobile App,161.06,0.026
O005779,2024-01-31,East,Marketplace,56.4,0.045
O005780,2025-10-29,East,Marketplace,70.1,0.045
O005781,2024-12-21,Central,Marketplace,49.36,0.045
O005782,2025-05-21,West,Marketplace,122.51,0.045
O005783,2024-08-09,East,Marketplace,119.9,0.045
O005784,2025-05-23,North,Mobile App,82.93,0.026
O005785,2025-09-25,North,Mobile App,85.68,0.026
O005786,2025-12-10,West,Marketplace,129.97,0.045
O005787,2024-08-02,East,Website,79.54,0.021
O005788,2025-04-13,North,Mobile App,55.24,0.026
O005789,2025-09-02,South,Website,56.33,0.021
O005790,2024-08-04,North,Website,105.17,0.021
O005791,2025-06-05,West,Marketplace,50.13,0.045
O005792,2025-03-29,South,Mobile App,78.83,0.026
O005793,2024-09-30,North,Mobile App,55.13,0.026
O005794,2024-02-08,East,Mobile App,132.77,0.026
O005795,2024-12-17,West,Mobile App,132.06,0.026
O005796,2025-11-24,North,Mobile App,55.44,0.026
O005797,2024-06-10,North,Website,154.64,0.021
O005798,2024-10-29,South,Marketplace,110.06,0.045
O005799,2024-08-30,East,Website,146.86,0.021
O005800,2025-01-30,East,Marketplace,99.9,0.045
O005801,2024-04-16,West,Marketplace,73.59,0.045
O005802,2025-03-25,West,Website,148.54,0.021
O005803,2024-04-30,North,Website,108.91,0.021
O005804,2025-01-18,East,Marketplace,117.16,0.045
O005805,2024-03-05,East,Mobile App,89.1,0.026
O005806,2025-01-07,Central,Mobile App,102.31,0.026
O005807,2025-11-21,Central,Website,78.05,0.021
O005808,2025-06-10,Central,Mobile App,54.99,0.026
O005809,2025-04-15,South,Website,76.53,0.021
O005810,2024-02-16,East,Mobile App,112.34,0.026
O005811,2025-10-23,South,Marketplace,69.92,0.045
O005812,2025-04-06,Central,Marketplace,143.22,0.045
O005813,2024-01-22,East,Mobile App,145.39,0.026
O005814,2024-11-17,Central,Marketplace,159.59,0.045
O005815,2024-10-12,North,Website,59.69,0.021
O005816,2024-04-12,North,Mobile App,159.54,0.026
O005817,2024-12-30,Central,Website,166.34,0.021
O005818,2024-09-06,North,Marketplace,97.05,0.045
O005819,2025-04-16,Central,Marketplace,98.09,0.045
O005820,2025-01-18,South,Marketplace,75.15,0.045
O005821,2025-08-20,West,Website,58.1,0.021
O005822,2024-03-09,Central,Marketplace,143.13,0.045
O005823,2024-08-09,East,Marketplace,122.72,0.045
O005824,2024-02-20,South,Mobile App,132.51,0.026
O005825,2025-07-17,North,Marketplace,127.97,0.045
O005826,2025-09-04,West,Marketplace,134.84,0.045
O005827,2025-07-12,West,Website,70.41,0.021
O005828,2024-10-05,North,Mobile App,123.43,0.026
O005829,2025-05-26,North,Marketplace,76.52,0.045
O005830,2025-04-02,North,Mobile App,116.41,0.026
O005831,2024-12-12,North,Marketplace,86.48,0.045
O005832,2025-10-23,South,Website,52.38,0.021
O005833,2024-03-12,East,Website,53.83,0.021
O005834,2025-11-18,Central,Marketplace,98.14,0.045
O005835,2025-06-28,East,Marketplace,150.39,0.045
O005836,2025-01-10,South,Marketplace,86.92,0.045
O005837,2024-05-19,North,Website,106.58,0.021
O005838,2025-12-26,South,Marketplace,68.49,0.045
O005839,2024-09-15,West,Website,120.74,0.021
O005840,2025-04-24,West,Mobile App,138.84,0.026
O005841,2025-02-23,East,Mobile App,128.43,0.026
O005842,2025-02-08,Central,Marketplace,120.25,0.045
O005843,2025-01-27,East,Marketplace,101.17,0.045
O005844,2024-06-06,East,Marketplace,161.93,0.045
O005845,2025-03-11,Central,Mobile App,117.97,0.026
O005846,2024-12-15,North,Marketplace,76.99,0.045
O005847,2024-01-22,North,Mobile App,81.86,0.026
O005848,2024-05-14,North,Marketplace,141.0,0.045
O005849,2025-02-02,East,Mobile App,67.38,0.026
O005850,2024-03-27,Central,Marketplace,146.1,0.045
O005851,2025-10-16,West,Marketplace,117.98,0.045
O005852,2024-04-11,East,Mobile App,136.4,0.026
O005853,2024-02-01,West,Website,168.39,0.021
O005854,2024-12-19,North,Marketplace,52.46,0.045
O005855,2024-05-28,Central,Marketplace,178.34,0.045
O005856,2024-08-28,South,Marketplace,142.83,0.045
O005857,2024-05-06,Central,Mobile App,50.24,0.026
O005858,2024-08-09,East,Website,175.67,0.021
O005859,2024-07-10,East,Website,113.89,0.021
O005860,2025-08-31,North,Marketplace,138.71,0.045
O005861,2024-01-20,North,Marketplace,177.56,0.045
O005862,2025-06-03,West,Marketplace,105.29,0.045
O005863,2024-03-03,Central,Marketplace,105.38,0.045
O005864,2024-01-15,East,Website,112.92,0.021
O005865,2024-10-27,East,Mobile App,92.38,0.026
O005866,2024-02-18,North,Website,102.44,0.021
O005867,2025-02-13,South,Marketplace,69.94,0.045
O005868,2025-02-16,North,Marketplace,172.24,0.045
O005869,2025-10-06,Central,Website,112.12,0.021
O005870,2025-11-26,West,Website,146.91,0.021
O005871,2024-03-13,South,Website,133.24,0.021
O005872,2025-08-21,North,Mobile App,87.72,0.026
O005873,2025-07-31,West,Mobile App,127.05,0.026
O005874,2024-12-19,South,Marketplace,66.07,0.045
O005875,2025-10-07,North,Marketplace,98.74,0.045
O005876,2024-04-20,Central,Marketplace,60.64,0.045
O005877,2024-05-25,West,Website,61.18,0.021
O005878,2025-09-11,West,Mobile App,138.66,0.026
O005879,2025-10-27,West,Website,167.85,0.021
O005880,2024-07-09,East,Marketplace,176.38,0.045
O005881,2024-07-19,Central,Marketplace,77.19,0.045
O005882,2024-05-26,East,Marketplace,154.32,0.045
O005883,2025-06-15,South,Marketplace,110.15,0.045
O005884,2024-08-13,West,Marketplace,96.2,0.045
O005885,2025-04-23,North,Marketplace,121.04,0.045
O005886,2024-06-21,Central,Website,137.11,0.021
O005887,2024-02-25,North,Marketplace,118.16,0.045
O005888,2025-12-09,West,Marketplace,93.26,0.045
O005889,2025-10-20,South,Website,177.62,0.021
O005890,2024-10-25,West,Marketplace,134.91,0.045
O005891,2025-01-09,North,Mobile App,101.54,0.026
O005892,2025-05-03,North,Website,145.94,0.021
O005893,2025-08-22,Central,Mobile App,97.32,0.026
O005894,2024-12-18,West,Marketplace,121.33,0.045
O005895,2024-07-27,South,Website,148.75,0.021
O005896,2024-08-16,South,Website,56.0,0.021
O005897,2025-03-13,East,Mobile App,68.7,0.026
O005898,2025-01-01,Central,Marketplace,86.0,0.045
O005899,2024-03-11,West,Mobile App,86.23,0.026
O005900,2024-05-11,South,Marketplace,66.04,0.045
O005901,2024-01-18,West,Mobile App,119.35,0.026
O005902,2024-04-30,North,Website,137.07,0.021
O005903,2024-10-01,South,Mobile App,103.74,0.026
O005904,2024-04-29,South,Mobile App,152.8,0.026
O005905,2025-09-05,East,Marketplace,101.43,0.045
O005906,2024-07-06,East,Marketplace,176.91,0.045
O005907,2025-10-06,South,Marketplace,167.4,0.045
O005908,2025-10-14,North,Website,131.57,0.021
O005909,2025-05-31,East,Website,168.65,0.021
O005910,2025-09-13,West,Website,142.2,0.021
O005911,2025-10-18,North,Marketplace,150.81,0.045
O005912,2025-12-11,North,Website,151.47,0.021
O005913,2024-05-02,West,Marketplace,52.63,0.045
O005914,2024-10-06,South,Website,111.92,0.021
O005915,2024-09-08,West,Marketplace,166.96,0.045
O005916,2024-11-17,North,Marketplace,171.01,0.045
O005917,2024-02-22,Central,Website,163.14,0.021
O005918,2025-09-20,East,Mobile App,137.76,0.026
O005919,2024-08-01,South,Mobile App,107.61,0.026
O005920,2024-12-30,South,Marketplace,65.62,0.045
O005921,2024-12-26,Central,Marketplace,139.47,0.045
O005922,2025-09-25,South,Marketplace,178.06,0.045
O005923,2024-04-23,North,Website,64.65,0.021
O005924,2024-11-07,East,Website,77.15,0.021
O005925,2024-11-17,North,Website,164.06,0.021
O005926,2025-02-05,North,Website,109.32,0.021
O005927,2024-03-09,West,Marketplace,168.45,0.045
O005928,2024-08-28,North,Mobile App,175.07,0.026
O005929,2025-12-08,North,Website,165.16,0.021
O005930,2024-03-18,Central,Marketplace,124.02,0.045
O005931,2025-01-18,South,Website,151.75,0.021
O005932,2024-03-15,West,Marketplace,117.3,0.045
O005933,2024-02-23,Central,Website,167.67,0.021
O005934,2025-08-09,North,Website,126.12,0.021
O005935,2024-07-22,Central,Marketplace,177.64,0.045
O005936,2024-08-19,Central,Marketplace,49.77,0.045
O005937,2024-04-29,North,Website,67.29,0.021
O005938,2024-03-04,South,Website,56.66,0.021
O005939,2025-02-21,North,Mobile App,131.45,0.026
O005940,2025-01-28,South,Marketplace,152.45,0.045
O005941,2024-07-13,East,Website,178.86,0.021
O005942,2024-09-07,South,Mobile App,53.09,0.026
O005943,2025-08-17,West,Website,144.61,0.021
O005944,2025-09-07,North,Website,116.61,0.021
O005945,2024-05-25,East,Marketplace,147.05,0.045
O005946,2024-04-25,South,Website,60.78,0.021
O005947,2025-06-18,South,Mobile App,178.78,0.026
O005948,2024-05-01,West,Website,84.78,0.021
O005949,2024-02-22,West,Marketplace,134.42,0.045
O005950,2024-11-30,West,Marketplace,156.86,0.045
O005951,2024-12-27,South,Marketplace,64.0,0.045
O005952,2024-01-26,Central,Marketplace,149.2,0.045
O005953,2025-04-17,South,Mobile App,129.65,0.026
O005954,2025-06-07,Central,Marketplace,111.37,0.045
O005955,2025-08-21,West,Mobile App,79.71,0.026
O005956,2025-09-23,South,Mobile App,96.38,0.026
O005957,2025-10-12,West,Website,82.98,0.021
O005958,2024-02-21,East,Marketplace,170.19,0.045
O005959,2025-07-26,North,Website,139.79,0.021
O005960,2024-12-20,North,Website,146.62,0.021
O005961,2025-03-19,North,Website,154.52,0.021
O005962,2025-05-10,East,Website,112.52,0.021
O005963,2024-05-17,West,Mobile App,93.45,0.026
O005964,2025-05-01,West,Marketplace,137.31,0.045
O005965,2025-04-04,South,Website,114.26,0.021
O005966,2024-01-31,North,Website,102.59,0.021
O005967,2025-02-03,West,Marketplace,165.93,0.045
O005968,2025-12-06,West,Mobile App,166.27,0.026
O005969,2024-07-06,West,Mobile App,154.57,0.026
O005970,2025-08-29,South,Website,136.81,0.021
O005971,2025-06-02,West,Marketplace,114.49,0.045
O005972,2024-04-06,South,Mobile App,147.9,0.026
O005973,2024-07-14,North,Marketplace,133.57,0.045
O005974,2025-09-14,East,Website,100.08,0.021
O005975,2024-11-27,East,Mobile App,84.85,0.026
O005976,2025-12-01,South,Marketplace,146.79,0.045
O005977,2024-01-22,East,Marketplace,119.03,0.045
O005978,2024-02-29,West,Website,137.11,0.021
O005979,2025-10-30,East,Website,140.53,0.021
O005980,2025-09-13,North,Mobile App,74.65,0.026
O005981,2025-04-28,West,Website,136.84,0.021
O005982,2024-02-27,North,Marketplace,125.71,0.045
O005983,2025-03-08,West,Website,141.85,0.021
O005984,2024-08-27,West,Website,145.67,0.021
O005985,2024-02-24,East,Mobile App,110.95,0.026
O005986,2024-11-07,West,Website,59.94,0.021
O005987,2024-11-10,Central,Marketplace,118.2,0.045
O005988,2025-09-10,East,Marketplace,110.56,0.045
O005989,2025-07-14,Central,Marketplace,149.12,0.045
O005990,2024-08-27,East,Marketplace,154.35,0.045
O005991,2025-03-29,Central,Website,68.46,0.021
O005992,2024-07-29,Central,Marketplace,148.49,0.045
O005993,2024-09-19,East,Marketplace,167.82,0.045
O005994,2025-04-28,North,Mobile App,64.28,0.026
O005995,2025-06-24,East,Mobile App,109.06,0.026
O005996,2025-06-02,East,Website,99.02,0.021
O005997,2025-07-21,North,Mobile App,152.4,0.026
O005998,2025-03-24,South,Website,135.87,0.021
O005999,2025-03-17,East,Marketplace,147.08,0.045
O006000,2025-07-06,Central,Website,141.53,0.021
O006001,2025-08-12,East,Marketplace,62.29,0.045
O006002,2024-03-20,North,Mobile App,51.44,0.026
O006003,2025-03-16,West,Website,99.96,0.021
O006004,2025-02-05,East,Marketplace,92.57,0.045
O006005,2025-05-13,Central,Mobile App,59.73,0.026
O006006,2025-02-27,North,Mobile App,112.45,0.026
O006007,2025-10-04,North,Website,82.9,0.021
O006008,2025-06-24,North,Mobile App,113.34,0.026
O006009,2025-10-27,Central,Website,63.73,0.021
O006010,2024-10-04,South,Website,85.17,0.021
O006011,2025-04-15,West,Marketplace,69.85,0.045
O006012,2024-05-14,South,Mobile App,121.31,0.026
O006013,2025-06-03,East,Website,170.25,0.021
O006014,2024-03-11,South,Marketplace,138.8,0.045
O006015,2024-01-06,North,Marketplace,100.06,0.045
O006016,2025-02-21,South,Mobile App,164.4,0.026
O006017,2024-09-24,South,Marketplace,115.86,0.045
O006018,2025-05-09,South,Mobile App,148.86,0.026
O006019,2025-11-27,West,Website,73.65,0.021
O006020,2025-09-09,South,Marketplace,88.62,0.045
O006021,2024-03-07,South,Marketplace,90.0,0.045
O006022,2025-02-28,South,Marketplace,82.54,0.045
O006023,2025-01-11,North,Website,78.36,0.021
O006024,2025-03-11,East,Mobile App,155.86,0.026
O006025,2024-05-30,Central,Website,177.88,0.021
O006026,2025-02-22,North,Mobile App,174.6,0.026
O006027,2025-12-14,North,Mobile App,99.25,0.026
O006028,2025-06-17,North,Mobile App,138.08,0.026
O006029,2025-05-17,South,Website,160.72,0.021
O006030,2025-01-17,North,Marketplace,170.47,0.045
O006031,2024-01-17,South,Marketplace,51.38,0.045
O006032,2024-01-11,Central,Marketplace,115.32,0.045
O006033,2024-07-17,West,Website,77.2,0.021
O006034,2024-03-15,South,Marketplace,163.51,0.045
O006035,2025-10-23,West,Mobile App,162.85,0.026
O006036,2025-05-05,West,Marketplace,127.7,0.045
O006037,2024-03-05,North,Website,134.47,0.021
O006038,2025-04-25,North,Website,113.34,0.021
O006039,2024-03-25,South,Website,69.26,0.021
O006040,2025-10-14,North,Website,136.07,0.021
O006041,2024-09-20,South,Marketplace,173.32,0.045
O006042,2025-08-28,East,Marketplace,64.29,0.045
O006043,2024-10-02,Central,Website,131.79,0.021
O006044,2024-02-27,South,Website,96.28,0.021
O006045,2025-05-27,West,Marketplace,68.75,0.045
O006046,2025-10-19,North,Website,65.65,0.021
O006047,2025-02-13,North,Website,178.6,0.021
O006048,2024-10-01,North,Mobile App,85.69,0.026
O006049,2024-04-03,Central,Website,152.66,0.021
O006050,2025-09-14,South,Website,164.29,0.021
O006051,2025-04-20,Central,Marketplace,75.18,0.045
O006052,2024-05-30,East,Website,176.69,0.021
O006053,2025-06-11,West,Website,115.95,0.021
O006054,2025-02-09,South,Marketplace,125.38,0.045
O006055,2024-04-04,North,Marketplace,49.29,0.045
O006056,2024-07-21,West,Website,169.89,0.021
O006057,2025-02-25,East,Website,72.74,0.021
O006058,2024-06-09,South,Marketplace,59.49,0.045
O006059,2025-03-27,Central,Website,161.01,0.021
O006060,2024-06-01,South,Mobile App,74.32,0.026
O006061,2024-01-09,South,Marketplace,70.11,0.045
O006062,2024-08-10,North,Website,122.98,0.021
O006063,2025-02-19,South,Website,57.19,0.021
O006064,2025-08-29,West,Mobile App,84.39,0.026
O006065,2024-10-03,North,Website,177.93,0.021
O006066,2025-07-31,South,Website,141.31,0.021
O006067,2024-01-15,South,Website,59.77,0.021
O006068,2024-12-03,West,Website,114.64,0.021
O006069,2024-01-01,Central,Mobile App,140.27,0.026
O006070,2025-04-30,West,Website,158.12,0.021
O006071,2025-03-20,South,Website,123.13,0.021
O006072,2024-12-11,North,Mobile App,87.37,0.026
O006073,2025-06-22,East,Marketplace,95.52,0.045
O006074,2025-02-17,West,Mobile App,160.38,0.026
O006075,2025-09-07,East,Marketplace,50.3,0.045
O006076,2025-07-22,East,Mobile App,159.94,0.026
O006077,2025-08-17,West,Website,118.91,0.021
O006078,2024-08-14,East,Website,109.75,0.021
O006079,2024-10-10,North,Website,50.65,0.021
O006080,2025-12-19,South,Marketplace,84.68,0.045
O006081,2025-07-23,Central,Marketplace,154.62,0.045
O006082,2025-09-03,Central,Website,118.84,0.021
O006083,2024-03-22,East,Mobile App,73.08,0.026
O006084,2025-10-09,North,Marketplace,146.28,0.045
O006085,2025-11-29,Central,Marketplace,177.67,0.045
O006086,2025-03-10,South,Marketplace,172.55,0.045
O006087,2025-08-11,West,Marketplace,174.7,0.045
O006088,2024-03-31,Central,Website,116.92,0.021
O006089,2024-09-08,East,Marketplace,50.76,0.045
O006090,2024-12-31,North,Marketplace,162.96,0.045
O006091,2025-03-07,East,Mobile App,166.26,0.026
O006092,2024-05-19,South,Marketplace,163.24,0.045
O006093,2025-09-24,South,Website,129.73,0.021
O006094,2025-11-09,North,Marketplace,83.67,0.045
O006095,2024-12-28,North,Website,66.45,0.021
O006096,2024-03-05,East,Website,79.73,0.021
O006097,2024-03-12,West,Mobile App,155.16,0.026
O006098,2025-09-30,North,Mobile App,174.73,0.026
O006099,2024-01-10,South,Website,51.18,0.021
O006100,2024-03-18,North,Mobile App,85.63,0.026
O006101,2024-10-28,Central,Website,154.26,0.021
O006102,2024-09-11,Central,Mobile App,111.54,0.026
O006103,2024-07-04,West,Marketplace,65.89,0.045
O006104,2025-06-29,North,Marketplace,69.32,0.045
O006105,2024-07-28,West,Mobile App,63.05,0.026
O006106,2025-07-29,West,Mobile App,140.58,0.026
O006107,2024-06-26,West,Mobile App,130.07,0.026
O006108,2024-11-19,East,Website,110.74,0.021
O006109,2025-02-10,North,Marketplace,132.72,0.045
O006110,2024-01-30,West,Website,71.05,0.021
O006111,2025-07-01,West,Marketplace,90.88,0.045
O006112,2025-04-11,Central,Website,72.0,0.021
O006113,2024-04-19,West,Website,63.84,0.021
O006114,2025-12-16,South,Marketplace,79.64,0.045
O006115,2025-12-18,South,Website,115.27,0.021
O006116,2024-08-28,Central,Website,134.78,0.021
O006117,2024-09-26,South,Website,102.25,0.021
O006118,2025-10-20,West,Marketplace,76.14,0.045
O006119,2025-09-09,South,Marketplace,178.89,0.045
O006120,2024-02-14,East,Website,61.25,0.021
O006121,2025-10-25,Central,Website,121.75,0.021
O006122,2024-07-27,West,Mobile App,162.69,0.026
O006123,2024-10-18,South,Marketplace,60.45,0.045
O006124,2025-05-21,North,Marketplace,155.55,0.045
O006125,2024-03-13,North,Marketplace,142.69,0.045
O006126,2024-01-27,South,Mobile App,109.73,0.026
O006127,2025-06-29,South,Website,151.66,0.021
O006128,2024-11-18,South,Mobile App,109.0,0.026
O006129,2025-09-09,East,Marketplace,141.5,0.045
O006130,2024-09-07,Central,Marketplace,96.2,0.045
O006131,2025-12-03,West,Mobile App,159.56,0.026
O006132,2025-09-23,North,Marketplace,150.89,0.045
O006133,2025-06-05,West,Mobile App,59.46,0.026
O006134,2025-01-17,North,Website,87.18,0.021
O006135,2025-08-20,South,Marketplace,142.55,0.045
O006136,2024-08-31,East,Marketplace,49.09,0.045
O006137,2025-01-31,South,Website,68.79,0.021
O006138,2024-03-08,West,Marketplace,74.55,0.045
O006139,2024-03-19,East,Website,176.4,0.021
O006140,2024-08-20,West,Mobile App,62.31,0.026
O006141,2024-03-26,North,Website,151.76,0.021
O006142,2025-08-05,West,Marketplace,139.23,0.045
O006143,2024-10-30,North,Marketplace,87.13,0.045
O006144,2024-03-10,North,Marketplace,94.14,0.045
O006145,2025-11-06,South,Website,148.37,0.021
O006146,2025-03-31,Central,Mobile App,68.15,0.026
O006147,2025-11-03,West,Marketplace,150.47,0.045
O006148,2024-12-27,Central,Marketplace,96.3,0.045
O006149,2024-05-27,East,Marketplace,163.07,0.045
O006150,2024-05-12,West,Mobile App,156.04,0.026
O006151,2025-04-10,Central,Website,127.85,0.021
O006152,2024-07-27,North,Website,155.41,0.021
O006153,2024-01-26,West,Website,123.93,0.021
O006154,2025-06-05,North,Marketplace,71.97,0.045
O006155,2024-01-29,North,Website,154.27,0.021
O006156,2025-07-20,East,Mobile App,169.29,0.026
O006157,2024-05-17,Central,Marketplace,159.79,0.045
O006158,2025-02-25,Central,Mobile App,131.99,0.026
O006159,2024-01-08,South,Mobile App,154.02,0.026
O006160,2025-05-04,South,Website,96.21,0.021
O006161,2025-04-23,South,Website,57.84,0.021
O006162,2025-02-20,South,Website,87.34,0.021
O006163,2025-06-16,South,Marketplace,151.45,0.045
O006164,2024-07-02,East,Mobile App,173.69,0.026
O006165,2025-10-07,Central,Website,86.01,0.021
O006166,2024-04-24,East,Website,157.92,0.021
O006167,2024-03-13,West,Website,114.85,0.021
O006168,2024-12-26,East,Website,98.39,0.021
O006169,2025-08-13,East,Marketplace,75.62,0.045
O006170,2025-06-05,West,Marketplace,92.16,0.045
O006171,2024-06-13,Central,Marketplace,158.0,0.045
O006172,2025-02-01,North,Marketplace,95.44,0.045
O006173,2024-10-17,East,Marketplace,103.79,0.045
O006174,2025-09-16,East,Marketplace,136.73,0.045
O006175,2024-05-04,North,Marketplace,81.83,0.045
O006176,2025-07-30,South,Marketplace,75.46,0.045
O006177,2024-02-04,South,Mobile App,81.79,0.026
O006178,2024-03-12,South,Mobile App,95.45,0.026
O006179,2024-02-09,West,Marketplace,89.96,0.045
O006180,2025-02-28,North,Website,59.88,0.021
O006181,2025-02-25,Central,Website,121.84,0.021
O006182,2024-04-04,North,Mobile App,154.51,0.026
O006183,2025-11-27,Central,Mobile App,74.09,0.026
O006184,2024-05-24,East,Website,150.28,0.021
O006185,2025-09-02,South,Marketplace,101.27,0.045
O006186,2024-09-06,East,Marketplace,78.97,0.045
O006187,2025-07-06,West,Mobile App,160.04,0.026
O006188,2024-06-16,Central,Marketplace,177.55,0.045
O006189,2024-06-11,East,Website,164.41,0.021
O006190,2025-03-14,East,Mobile App,109.3,0.026
O006191,2024-04-18,East,Marketplace,59.52,0.045
O006192,2024-12-19,North,Website,146.35,0.021
O006193,2024-12-12,North,Mobile App,152.34,0.026
O006194,2024-06-14,South,Mobile App,80.97,0.026
O006195,2024-10-09,West,Website,76.87,0.021
O006196,2025-08-21,East,Marketplace,158.21,0.045
O006197,2024-02-12,West,Marketplace,142.11,0.045
O006198,2025-06-01,South,Website,69.9,0.021
O006199,2025-11-08,East,Marketplace,170.79,0.045
O006200,2024-10-03,West,Website,145.65,0.021
O006201,2024-06-11,Central,Website,60.15,0.021
O006202,2025-02-26,East,Marketplace,144.05,0.045
O006203,2024-12-30,South,Mobile App,150.52,0.026
O006204,2024-07-13,East,Marketplace,136.31,0.045
O006205,2024-02-15,South,Marketplace,69.11,0.045
O006206,2025-09-13,West,Mobile App,111.22,0.026
O006207,2025-01-27,Central,Mobile App,125.0,0.026
O006208,2024-01-24,Central,Mobile App,133.11,0.026
O006209,2025-02-21,Central,Website,99.07,0.021
O006210,2024-08-03,East,Marketplace,67.74,0.045
O006211,2025-05-20,North,Marketplace,137.77,0.045
O006212,2025-09-15,West,Mobile App,103.39,0.026
O006213,2024-01-15,East,Website,152.95,0.021
O006214,2024-02-14,North,Marketplace,105.03,0.045
O006215,2024-04-01,West,Website,155.1,0.021
O006216,2025-05-27,East,Marketplace,86.87,0.045
O006217,2025-03-16,South,Website,88.05,0.021
O006218,2025-09-20,North,Website,77.1,0.021
O006219,2025-07-22,South,Marketplace,70.63,0.045
O006220,2024-03-09,North,Website,68.87,0.021
O006221,2025-11-20,South,Mobile App,161.28,0.026
O006222,2025-05-28,South,Website,75.46,0.021
O006223,2024-12-18,North,Marketplace,123.1,0.045
O006224,2024-12-31,North,Marketplace,118.15,0.045
O006225,2025-06-14,North,Marketplace,49.35,0.045
O006226,2025-02-23,East,Website,105.43,0.021
O006227,2025-05-09,East,Website,116.61,0.021
O006228,2025-07-04,North,Website,125.26,0.021
O006229,2025-08-22,South,Mobile App,145.1,0.026
O006230,2025-11-13,South,Marketplace,160.58,0.045
O006231,2025-02-15,East,Marketplace,124.88,0.045
O006232,2024-06-15,South,Mobile App,151.41,0.026
O006233,2024-04-26,Central,Website,58.36,0.021
O006234,2025-02-02,South,Marketplace,95.48,0.045
O006235,2025-02-04,South,Marketplace,179.75,0.045
O006236,2024-10-15,East,Website,171.14,0.021
O006237,2025-08-26,East,Mobile App,122.09,0.026
O006238,2024-08-11,Central,Marketplace,153.17,0.045
O006239,2024-05-08,South,Website,86.17,0.021
O006240,2024-10-27,East,Website,92.54,0.021
O006241,2024-04-18,East,Marketplace,85.61,0.045
O006242,2025-07-20,Central,Mobile App,62.59,0.026
O006243,2025-10-18,Central,Marketplace,147.35,0.045
O006244,2024-07-28,East,Marketplace,128.32,0.045
O006245,2025-09-19,South,Marketplace,67.37,0.045
O006246,2024-12-19,East,Marketplace,161.87,0.045
O006247,2025-10-18,South,Mobile App,77.72,0.026
O006248,2024-10-05,North,Marketplace,146.37,0.045
O006249,2025-10-07,South,Mobile App,127.42,0.026
O006250,2024-01-21,Central,Mobile App,127.95,0.026
O006251,2025-02-28,East,Marketplace,174.21,0.045
O006252,2025-07-16,Central,Marketplace,118.61,0.045
O006253,2024-11-07,Central,Website,145.96,0.021
O006254,2025-07-05,East,Website,86.52,0.021
O006255,2024-05-13,East,Website,158.91,0.021
O006256,2024-07-04,South,Website,143.93,0.021
O006257,2025-12-28,East,Mobile App,143.48,0.026
O006258,2024-12-20,East,Mobile App,131.71,0.026
O006259,2024-09-22,East,Website,139.59,0.021
O006260,2025-10-23,North,Mobile App,120.69,0.026
O006261,2024-08-23,South,Mobile App,148.83,0.026
O006262,2025-07-20,North,Marketplace,132.45,0.045
O006263,2024-07-18,South,Mobile App,68.03,0.026
O006264,2024-11-04,East,Marketplace,165.15,0.045
O006265,2025-08-14,East,Marketplace,165.07,0.045
O006266,2025-02-10,North,Website,177.03,0.021
O006267,2024-06-03,South,Mobile App,133.64,0.026
O006268,2024-01-24,South,Website,164.51,0.021
O006269,2024-03-07,North,Marketplace,77.5,0.045
O006270,2025-02-06,South,Marketplace,109.58,0.045
O006271,2024-12-17,West,Marketplace,170.29,0.045
O006272,2025-02-16,West,Mobile App,145.92,0.026
O006273,2024-06-18,South,Mobile App,141.73,0.026
O006274,2025-07-30,Central,Mobile App,84.72,0.026
O006275,2024-11-28,Central,Marketplace,71.34,0.045
O006276,2025-01-24,West,Mobile App,61.41,0.026
O006277,2025-05-21,East,Website,139.27,0.021
O006278,2024-07-13,South,Mobile App,103.13,0.026
O006279,2025-12-18,East,Mobile App,164.95,0.026
O006280,2025-05-09,Central,Marketplace,58.78,0.045
O006281,2024-11-07,North,Website,71.89,0.021
O006282,2024-01-18,East,Mobile App,97.56,0.026
O006283,2024-01-12,North,Mobile App,95.02,0.026
O006284,2024-12-29,East,Website,95.1,0.021
O006285,2025-10-31,East,Mobile App,77.32,0.026
O006286,2024-02-04,West,Marketplace,80.12,0.045
O006287,2024-03-17,Central,Mobile App,136.85,0.026
O006288,2025-04-06,North,Mobile App,85.74,0.026
O006289,2024-03-27,North,Mobile App,90.69,0.026
O006290,2024-07-20,North,Website,143.35,0.021
O006291,2024-06-26,Central,Mobile App,106.79,0.026
O006292,2024-03-06,Central,Mobile App,81.75,0.026
O006293,2024-04-14,North,Marketplace,144.21,0.045
O006294,2025-04-02,East,Marketplace,72.17,0.045
O006295,2024-09-01,West,Website,70.94,0.021
O006296,2024-09-07,North,Marketplace,108.85,0.045
O006297,2024-07-05,West,Marketplace,157.91,0.045
O006298,2025-09-30,West,Website,133.71,0.021
O006299,2024-08-19,South,Marketplace,174.79,0.045
O006300,2024-09-01,North,Website,63.78,0.021
O006301,2024-06-07,West,Website,74.36,0.021
O006302,2024-04-09,North,Mobile App,92.57,0.026
O006303,2025-08-08,South,Website,71.58,0.021
O006304,2025-07-03,Central,Mobile App,155.6,0.026
O006305,2025-07-16,East,Website,122.64,0.021
O006306,2025-05-10,North,Marketplace,67.02,0.045
O006307,2024-11-02,South,Marketplace,61.94,0.045
O006308,2024-01-25,East,Marketplace,173.64,0.045
O006309,2025-04-12,South,Website,62.8,0.021
O006310,2024-12-05,South,Website,61.96,0.021
O006311,2024-11-07,North,Website,55.33,0.021
O006312,2024-05-24,East,Website,143.49,0.021
O006313,2025-12-20,West,Marketplace,139.74,0.045
O006314,2025-07-16,East,Website,87.92,0.021
O006315,2025-09-17,East,Marketplace,137.87,0.045
O006316,2025-08-31,Central,Marketplace,103.87,0.045
O006317,2025-07-09,South,Website,148.63,0.021
O006318,2025-05-29,East,Website,56.02,0.021
O006319,2024-02-15,South,Mobile App,148.11,0.026
O006320,2024-04-26,North,Mobile App,145.56,0.026
O006321,2024-07-07,East,Marketplace,120.93,0.045
O006322,2024-12-01,Central,Mobile App,169.42,0.026
O006323,2025-03-27,East,Marketplace,122.01,0.045
O006324,2025-11-06,South,Mobile App,86.83,0.026
O006325,2025-08-04,Central,Website,137.96,0.021
O006326,2024-11-30,Central,Marketplace,139.77,0.045
O006327,2025-08-26,East,Marketplace,156.49,0.045
O006328,2024-05-16,East,Website,91.7,0.021
O006329,2024-03-14,South,Marketplace,87.5,0.045
O006330,2024-05-09,Central,Mobile App,78.71,0.026
O006331,2024-08-27,West,Marketplace,118.54,0.045
O006332,2025-10-15,Central,Website,120.79,0.021
O006333,2024-04-27,Central,Website,149.57,0.021
O006334,2025-09-26,Central,Mobile App,77.02,0.026
O006335,2024-08-11,North,Mobile App,160.03,0.026
O006336,2024-09-04,Central,Mobile App,103.58,0.026
O006337,2024-10-08,North,Website,141.84,0.021
O006338,2024-01-22,East,Mobile App,95.63,0.026
O006339,2025-04-16,Central,Marketplace,156.05,0.045
O006340,2024-12-19,North,Marketplace,66.43,0.045
O006341,2024-04-19,East,Marketplace,141.36,0.045
O006342,2025-02-09,Central,Mobile App,93.83,0.026
O006343,2024-04-06,Central,Mobile App,80.94,0.026
O006344,2025-02-06,North,Mobile App,178.6,0.026
O006345,2024-06-25,South,Mobile App,155.24,0.026
O006346,2024-06-16,South,Marketplace,83.8,0.045
O006347,2024-09-14,South,Marketplace,165.53,0.045
O006348,2025-02-27,Central,Mobile App,105.59,0.026
O006349,2024-04-26,East,Marketplace,69.1,0.045
O006350,2025-08-18,East,Marketplace,100.31,0.045
O006351,2024-06-20,Central,Marketplace,124.21,0.045
O006352,2024-12-14,North,Website,61.5,0.021
O006353,2025-02-18,North,Marketplace,83.03,0.045
O006354,2024-11-04,West,Marketplace,99.41,0.045
O006355,2024-11-01,West,Marketplace,168.64,0.045
O006356,2024-01-12,South,Website,59.57,0.021
O006357,2025-11-02,North,Website,72.95,0.021
O006358,2024-09-20,Central,Marketplace,119.32,0.045
O006359,2024-02-29,East,Website,164.45,0.021
O006360,2025-12-16,West,Website,146.18,0.021
O006361,2024-10-23,East,Marketplace,126.99,0.045
O006362,2025-10-29,South,Website,91.54,0.021
O006363,2025-01-09,South,Mobile App,125.55,0.026
O006364,2025-01-23,Central,Website,105.13,0.021
O006365,2024-12-13,East,Mobile App,107.14,0.026
O006366,2024-09-06,West,Marketplace,54.14,0.045
O006367,2024-07-24,Central,Website,175.75,0.021
O006368,2024-10-05,East,Website,161.5,0.021
O006369,2024-12-22,East,Marketplace,60.32,0.045
O006370,2025-07-01,West,Marketplace,125.26,0.045
O006371,2024-06-06,West,Mobile App,60.63,0.026
O006372,2025-09-29,South,Website,104.26,0.021
O006373,2024-03-24,East,Mobile App,114.36,0.026
O006374,2025-11-08,South,Marketplace,168.44,0.045
O006375,2025-06-25,North,Website,149.15,0.021
O006376,2025-03-14,East,Website,157.26,0.021
O006377,2025-11-18,Central,Website,63.6,0.021
O006378,2025-02-03,East,Marketplace,96.19,0.045
O006379,2025-01-14,North,Mobile App,175.55,0.026
O006380,2024-08-14,North,Marketplace,85.43,0.045
O006381,2025-02-12,West,Marketplace,179.87,0.045
O006382,2024-07-19,Central,Mobile App,91.28,0.026
O006383,2025-12-13,East,Mobile App,85.32,0.026
O006384,2025-10-12,South,Mobile App,170.81,0.026
O006385,2024-02-07,North,Website,158.18,0.021
O006386,2025-12-28,West,Marketplace,106.22,0.045
O006387,2025-03-18,East,Website,173.58,0.021
O006388,2025-07-25,East,Marketplace,68.76,0.045
O006389,2025-01-01,North,Marketplace,109.14,0.045
O006390,2025-04-20,North,Website,147.08,0.021
O006391,2025-09-27,South,Marketplace,178.94,0.045
O006392,2025-02-22,West,Mobile App,92.95,0.026
O006393,2025-12-29,West,Marketplace,71.31,0.045
O006394,2025-02-08,North,Marketplace,149.69,0.045
O006395,2024-02-21,West,Mobile App,59.28,0.026
O006396,2025-12-17,West,Website,152.95,0.021
O006397,2024-08-01,North,Website,68.46,0.021
O006398,2025-04-27,Central,Mobile App,95.93,0.026
O006399,2024-10-22,North,Mobile App,72.91,0.026
O006400,2024-06-12,North,Website,55.46,0.021
O006401,2025-08-25,West,Website,156.71,0.021
O006402,2024-06-26,East,Marketplace,172.94,0.045
O006403,2024-01-24,Central,Mobile App,173.05,0.026
O006404,2025-11-30,Central,Website,154.62,0.021
O006405,2025-04-15,North,Mobile App,173.83,0.026
O006406,2025-01-08,South,Marketplace,135.83,0.045
O006407,2024-10-21,North,Website,76.14,0.021
O006408,2025-12-04,Central,Website,72.05,0.021
O006409,2024-11-16,North,Marketplace,87.01,0.045
O006410,2024-07-28,North,Marketplace,167.95,0.045
O006411,2025-12-29,Central,Website,81.22,0.021
O006412,2025-07-16,North,Mobile App,87.34,0.026
O006413,2025-05-18,West,Website,115.24,0.021
O006414,2025-08-22,South,Mobile App,73.91,0.026
O006415,2024-12-17,North,Marketplace,86.6,0.045
O006416,2024-06-19,East,Mobile App,100.14,0.026
O006417,2024-11-18,East,Website,99.41,0.021
O006418,2024-11-14,East,Mobile App,70.76,0.026
O006419,2024-11-08,Central,Mobile App,122.35,0.026
O006420,2025-05-15,South,Marketplace,166.55,0.045
O006421,2024-09-15,East,Marketplace,92.12,0.045
O006422,2025-10-28,West,Mobile App,119.69,0.026
O006423,2025-04-30,South,Mobile App,150.77,0.026
O006424,2024-11-02,East,Marketplace,101.51,0.045
O006425,2025-04-27,Central,Website,78.99,0.021
O006426,2024-10-10,South,Mobile App,154.58,0.026
O006427,2024-07-26,West,Marketplace,139.75,0.045
O006428,2024-07-28,North,Marketplace,90.82,0.045
O006429,2025-09-24,North,Mobile App,97.61,0.026
O006430,2025-01-16,South,Website,140.71,0.021
O006431,2024-05-05,West,Website,116.84,0.021
O006432,2024-04-12,West,Website,166.14,0.021
O006433,2024-06-16,Central,Marketplace,52.41,0.045
O006434,2025-09-05,East,Website,87.74,0.021
O006435,2025-09-03,South,Marketplace,105.11,0.045
O006436,2025-08-20,West,Mobile App,77.22,0.026
O006437,2025-09-18,West,Website,60.6,0.021
O006438,2024-09-26,Central,Website,120.95,0.021
O006439,2024-02-05,East,Website,112.0,0.021
O006440,2025-02-25,East,Marketplace,100.94,0.045
O006441,2024-08-23,South,Website,106.5,0.021
O006442,2024-08-01,South,Marketplace,117.05,0.045
O006443,2024-10-25,East,Website,169.04,0.021
O006444,2025-04-08,South,Website,61.83,0.021
O006445,2024-08-05,South,Marketplace,81.83,0.045
O006446,2025-05-18,West,Marketplace,136.74,0.045
O006447,2024-03-17,West,Website,171.62,0.021
O006448,2024-08-09,South,Mobile App,115.25,0.026
O006449,2024-11-16,West,Website,101.78,0.021
O006450,2025-09-07,West,Mobile App,122.31,0.026
O006451,2025-06-09,East,Marketplace,141.16,0.045
O006452,2025-05-18,North,Website,151.32,0.021
O006453,2024-06-16,West,Marketplace,111.49,0.045
O006454,2024-03-31,East,Website,141.53,0.021
O006455,2024-12-08,North,Marketplace,148.23,0.045
O006456,2024-04-19,West,Mobile App,177.62,0.026
O006457,2024-12-01,West,Mobile App,171.14,0.026
O006458,2025-07-11,West,Website,150.28,0.021
O006459,2025-09-15,Central,Website,157.49,0.021
O006460,2024-06-06,East,Marketplace,133.93,0.045
O006461,2025-07-03,South,Website,121.09,0.021
O006462,2024-02-19,East,Website,109.0,0.021
O006463,2024-03-22,South,Mobile App,151.8,0.026
O006464,2024-07-09,East,Mobile App,110.23,0.026
O006465,2024-02-18,East,Mobile App,135.51,0.026
O006466,2025-09-14,Central,Marketplace,107.88,0.045
O006467,2024-11-24,East,Marketplace,86.67,0.045
O006468,2024-02-01,East,Mobile App,176.78,0.026
O006469,2024-08-31,Central,Mobile App,96.19,0.026
O006470,2025-08-13,Central,Website,147.29,0.021
O006471,2024-02-29,East,Marketplace,109.64,0.045
O006472,2024-02-20,Central,Mobile App,97.84,0.026
O006473,2024-05-17,East,Website,67.41,0.021
O006474,2024-04-10,North,Mobile App,160.7,0.026
O006475,2024-09-09,North,Mobile App,161.96,0.026
O006476,2025-04-05,South,Marketplace,170.74,0.045
O006477,2024-08-09,East,Website,96.95,0.021
O006478,2024-08-19,South,Website,138.71,0.021
O006479,2024-05-08,Central,Marketplace,91.49,0.045
O006480,2025-03-21,North,Marketplace,152.81,0.045
O006481,2024-10-20,North,Marketplace,137.82,0.045
O006482,2024-08-12,West,Website,61.25,0.021
O006483,2024-09-11,West,Mobile App,94.0,0.026
O006484,2025-07-10,West,Website,116.15,0.021
O006485,2025-07-18,South,Website,60.71,0.021
O006486,2025-06-11,West,Website,108.29,0.021
O006487,2024-11-29,East,Mobile App,51.54,0.026
O006488,2024-02-04,South,Marketplace,161.12,0.045
O006489,2025-06-22,South,Website,64.68,0.021
O006490,2024-10-27,East,Marketplace,162.12,0.045
O006491,2024-06-07,Central,Marketplace,148.06,0.045
O006492,2024-05-05,South,Marketplace,165.2,0.045
O006493,2024-03-03,East,Marketplace,174.54,0.045
O006494,2025-12-17,East,Marketplace,51.74,0.045
O006495,2025-01-03,South,Marketplace,91.41,0.045
O006496,2024-07-20,South,Mobile App,123.52,0.026
O006497,2025-04-08,North,Website,179.76,0.021
O006498,2024-01-25,South,Website,135.22,0.021
O006499,2024-02-19,South,Marketplace,133.31,0.045
O006500,2025-07-06,West,Marketplace,84.65,0.045
O006501,2025-02-01,South,Website,139.65,0.021
O006502,2025-06-10,West,Marketplace,77.64,0.045
O006503,2024-06-11,Central,Marketplace,69.16,0.045
O006504,2025-01-03,Central,Marketplace,140.51,0.045
O006505,2025-02-05,West,Mobile App,123.12,0.026
O006506,2024-03-13,Central,Marketplace,165.0,0.045
O006507,2024-12-16,Central,Website,72.14,0.021
O006508,2024-03-19,North,Mobile App,123.82,0.026
O006509,2025-01-09,West,Marketplace,120.81,0.045
O006510,2025-09-26,East,Marketplace,93.66,0.045
O006511,2024-02-29,Central,Website,119.23,0.021
O006512,2024-03-31,Central,Marketplace,95.99,0.045
O006513,2025-04-02,Central,Marketplace,176.27,0.045
O006514,2025-10-20,Central,Website,169.4,0.021
O006515,2025-04-03,South,Website,74.98,0.021
O006516,2025-09-13,West,Marketplace,129.25,0.045
O006517,2024-11-22,East,Website,150.96,0.021
O006518,2024-06-16,East,Website,121.74,0.021
O006519,2025-10-11,Central,Marketplace,88.5,0.045
O006520,2025-12-14,North,Marketplace,111.86,0.045
O006521,2024-06-20,West,Marketplace,167.75,0.045
O006522,2025-11-27,North,Website,111.09,0.021
O006523,2025-01-07,East,Marketplace,165.17,0.045
O006524,2025-12-04,Central,Mobile App,173.18,0.026
O006525,2025-01-12,Central,Website,162.46,0.021
O006526,2025-10-11,West,Marketplace,90.42,0.045
O006527,2024-11-25,South,Marketplace,96.23,0.045
O006528,2024-04-13,South,Website,52.49,0.021
O006529,2025-06-04,West,Website,71.09,0.021
O006530,2025-12-23,South,Website,179.85,0.021
O006531,2024-08-28,Central,Website,89.14,0.021
O006532,2024-02-15,South,Mobile App,163.83,0.026
O006533,2024-10-17,South,Marketplace,70.35,0.045
O006534,2025-12-22,West,Mobile App,168.98,0.026
O006535,2024-08-02,Central,Mobile App,166.41,0.026
O006536,2025-03-19,East,Marketplace,136.67,0.045
O006537,2025-03-02,West,Website,90.03,0.021
O006538,2024-11-30,East,Website,167.22,0.021
O006539,2025-07-27,North,Website,75.22,0.021
O006540,2024-07-25,North,Mobile App,57.84,0.026
O006541,2024-05-26,West,Mobile App,165.86,0.026
O006542,2024-10-22,South,Marketplace,143.58,0.045
O006543,2024-04-08,North,Website,156.81,0.021
O006544,2025-02-28,South,Mobile App,126.65,0.026
O006545,2025-01-12,East,Website,110.18,0.021
O006546,2024-11-19,North,Website,133.83,0.021
O006547,2025-03-26,Central,Marketplace,112.81,0.045
O006548,2024-09-26,East,Website,128.02,0.021
O006549,2025-08-22,East,Mobile App,57.87,0.026
O006550,2025-06-07,Central,Website,88.55,0.021
O006551,2025-05-13,East,Website,176.89,0.021
O006552,2025-12-05,East,Marketplace,119.72,0.045
O006553,2025-10-22,West,Marketplace,79.13,0.045
O006554,2025-08-29,Central,Mobile App,152.67,0.026
O006555,2024-01-10,North,Website,97.34,0.021
O006556,2025-05-20,North,Website,62.04,0.021
O006557,2025-06-13,East,Website,141.85,0.021
O006558,2024-10-07,South,Mobile App,63.58,0.026
O006559,2025-01-31,South,Mobile App,148.01,0.026
O006560,2025-07-29,North,Mobile App,89.57,0.026
O006561,2025-06-21,Central,Website,83.55,0.021
O006562,2024-09-17,Central,Marketplace,139.57,0.045
O006563,2024-02-07,West,Mobile App,161.75,0.026
O006564,2024-05-16,South,Marketplace,91.98,0.045
O006565,2024-08-08,North,Website,52.48,0.021
O006566,2025-09-12,North,Mobile App,148.74,0.026
O006567,2025-05-24,South,Marketplace,109.69,0.045
O006568,2024-12-31,Central,Marketplace,116.83,0.045
O006569,2025-01-22,East,Marketplace,135.54,0.045
O006570,2024-10-07,East,Website,126.37,0.021
O006571,2025-11-30,East,Website,103.14,0.021
O006572,2025-06-03,East,Marketplace,52.34,0.045
O006573,2024-06-21,West,Mobile App,92.01,0.026
O006574,2025-08-26,Central,Marketplace,131.32,0.045
O006575,2024-05-05,Central,Marketplace,89.63,0.045
O006576,2024-04-30,West,Mobile App,105.07,0.026
O006577,2024-09-07,South,Website,85.64,0.021
O006578,2025-09-25,South,Website,135.13,0.021
O006579,2025-12-15,West,Marketplace,88.54,0.045
O006580,2025-10-23,East,Website,89.43,0.021
O006581,2024-12-26,Central,Marketplace,135.22,0.045
O006582,2024-01-16,East,Marketplace,148.96,0.045
O006583,2024-01-20,South,Website,179.79,0.021
O006584,2024-08-14,East,Mobile App,79.58,0.026
O006585,2025-08-29,South,Marketplace,169.02,0.045
O006586,2024-01-09,South,Mobile App,147.36,0.026
O006587,2024-10-03,East,Mobile App,95.99,0.026
O006588,2025-12-13,Central,Marketplace,87.01,0.045
O006589,2025-09-10,Central,Website,174.63,0.021
O006590,2024-06-11,South,Website,82.75,0.021
O006591,2025-02-26,West,Website,53.81,0.021
O006592,2025-10-06,Central,Marketplace,151.58,0.045
O006593,2025-01-18,South,Website,133.07,0.021
O006594,2025-01-23,Central,Marketplace,176.2,0.045
O006595,2024-08-09,Central,Marketplace,52.97,0.045
O006596,2025-10-07,East,Marketplace,167.38,0.045
O006597,2024-05-04,East,Website,51.21,0.021
O006598,2025-08-24,South,Marketplace,140.91,0.045
O006599,2025-08-23,Central,Website,79.63,0.021
O006600,2024-06-20,East,Marketplace,65.1,0.045
O006601,2024-07-25,Central,Marketplace,93.11,0.045
O006602,2025-10-22,North,Marketplace,100.76,0.045
O006603,2024-04-12,Central,Website,99.09,0.021
O006604,2024-03-13,South,Marketplace,94.7,0.045
O006605,2025-02-11,West,Website,136.66,0.021
O006606,2025-04-18,Central,Marketplace,56.21,0.045
O006607,2025-04-24,East,Website,89.86,0.021
O006608,2025-08-27,Central,Mobile App,94.85,0.026
O006609,2024-12-05,South,Website,91.0,0.021
O006610,2025-09-22,Central,Mobile App,151.19,0.026
O006611,2024-03-25,North,Marketplace,148.02,0.045
O006612,2024-12-04,Central,Website,91.99,0.021
O006613,2025-06-14,Central,Mobile App,73.49,0.026
O006614,2024-10-14,Central,Mobile App,139.66,0.026
O006615,2025-08-29,West,Marketplace,159.72,0.045
O006616,2025-10-15,East,Website,136.99,0.021
O006617,2024-06-11,North,Website,64.11,0.021
O006618,2025-01-26,East,Marketplace,87.48,0.045
O006619,2024-10-04,East,Marketplace,119.33,0.045
O006620,2024-07-01,East,Mobile App,67.56,0.026
O006621,2024-11-24,West,Mobile App,90.11,0.026
O006622,2025-03-01,West,Website,85.99,0.021
O006623,2024-08-27,South,Mobile App,83.77,0.026
O006624,2024-04-25,South,Mobile App,139.83,0.026
O006625,2024-10-03,South,Marketplace,139.54,0.045
O006626,2025-07-18,South,Website,112.23,0.021
O006627,2024-11-06,East,Mobile App,179.13,0.026
O006628,2024-03-02,South,Mobile App,70.78,0.026
O006629,2024-12-02,West,Website,102.05,0.021
O006630,2024-06-08,Central,Marketplace,154.02,0.045
O006631,2025-01-19,Central,Website,105.2,0.021
O006632,2024-01-30,Central,Website,165.31,0.021
O006633,2024-03-31,Central,Website,163.42,0.021
O006634,2024-06-04,North,Marketplace,81.07,0.045
O006635,2024-12-28,South,Website,156.23,0.021
O006636,2025-01-31,East,Mobile App,134.22,0.026
O006637,2025-08-23,North,Marketplace,147.75,0.045
O006638,2025-10-09,South,Mobile App,130.38,0.026
O006639,2025-09-12,West,Mobile App,118.52,0.026
O006640,2025-01-06,North,Marketplace,175.91,0.045
O006641,2024-07-03,West,Website,63.57,0.021
O006642,2024-07-19,West,Website,140.26,0.021
O006643,2025-12-07,South,Website,170.58,0.021
O006644,2024-01-01,East,Website,83.48,0.021
O006645,2025-01-02,North,Marketplace,151.12,0.045
O006646,2024-07-27,East,Website,90.74,0.021
O006647,2024-05-20,North,Mobile App,151.24,0.026
O006648,2025-06-15,East,Website,151.6,0.021
O006649,2025-02-21,West,Marketplace,78.98,0.045
O006650,2025-09-23,West,Marketplace,178.38,0.045
O006651,2024-05-09,North,Mobile App,109.68,0.026
O006652,2025-01-16,North,Marketplace,95.21,0.045
O006653,2024-12-27,East,Marketplace,118.91,0.045
O006654,2024-06-15,South,Website,103.13,0.021
O006655,2024-12-31,North,Marketplace,102.06,0.045
O006656,2025-02-27,South,Website,157.9,0.021
O006657,2024-01-24,West,Mobile App,164.41,0.026
O006658,2024-12-07,North,Website,51.05,0.021
O006659,2024-02-04,East,Mobile App,118.33,0.026
O006660,2024-05-27,South,Website,49.42,0.021
O006661,2025-08-15,Central,Marketplace,137.92,0.045
O006662,2024-03-19,West,Marketplace,65.14,0.045
O006663,2025-05-28,West,Marketplace,169.62,0.045
O006664,2024-01-04,East,Website,175.9,0.021
O006665,2025-01-27,South,Website,140.9,0.021
O006666,2025-05-16,South,Website,65.76,0.021
O006667,2024-07-25,North,Website,99.85,0.021
O006668,2025-08-06,Central,Marketplace,157.01,0.045
O006669,2024-10-13,West,Marketplace,174.77,0.045
O006670,2025-07-19,East,Mobile App,106.09,0.026
O006671,2024-04-14,North,Marketplace,171.86,0.045
O006672,2024-12-08,South,Website,139.09,0.021
O006673,2024-11-08,South,Website,130.52,0.021
O006674,2025-07-08,South,Website,57.87,0.021
O006675,2024-05-11,East,Mobile App,152.99,0.026
O006676,2025-06-19,West,Mobile App,108.98,0.026
O006677,2025-03-20,South,Website,112.78,0.021
O006678,2024-02-23,North,Mobile App,74.09,0.026
O006679,2025-09-03,North,Website,114.65,0.021
O006680,2024-05-28,East,Website,115.1,0.021
O006681,2025-08-21,North,Mobile App,69.21,0.026
O006682,2024-07-24,North,Mobile App,129.73,0.026
O006683,2024-04-17,West,Marketplace,158.81,0.045
O006684,2024-02-27,Central,Website,124.24,0.021
O006685,2024-05-30,South,Website,68.77,0.021
O006686,2025-03-12,West,Website,88.28,0.021
O006687,2025-02-10,North,Marketplace,101.99,0.045
O006688,2025-09-22,North,Marketplace,178.8,0.045
O006689,2025-03-07,North,Website,142.06,0.021
O006690,2025-03-16,West,Website,53.36,0.021
O006691,2025-05-29,North,Marketplace,135.09,0.045
O006692,2024-09-13,Central,Marketplace,170.11,0.045
O006693,2024-07-13,West,Website,174.98,0.021
O006694,2025-11-15,East,Marketplace,128.88,0.045
O006695,2024-04-10,East,Marketplace,74.4,0.045
O006696,2024-12-16,North,Marketplace,92.84,0.045
O006697,2025-04-07,West,Marketplace,62.77,0.045
O006698,2024-02-16,West,Marketplace,168.5,0.045
O006699,2024-04-03,Central,Website,85.57,0.021
O006700,2024-04-14,West,Website,96.87,0.021
O006701,2025-05-06,North,Website,85.07,0.021
O006702,2024-11-28,North,Website,166.35,0.021
O006703,2025-09-05,West,Website,53.02,0.021
O006704,2025-09-04,West,Website,129.51,0.021
O006705,2025-08-09,West,Mobile App,107.7,0.026
O006706,2024-07-17,East,Mobile App,122.59,0.026
O006707,2024-08-05,East,Marketplace,132.99,0.045
O006708,2025-08-08,South,Mobile App,161.61,0.026
O006709,2024-05-03,East,Website,88.58,0.021
O006710,2024-11-12,East,Mobile App,97.68,0.026
O006711,2025-02-28,South,Website,101.96,0.021
O006712,2024-07-01,West,Marketplace,92.43,0.045
O006713,2024-05-29,North,Mobile App,141.67,0.026
O006714,2024-03-31,Central,Mobile App,52.57,0.026
O006715,2024-02-16,South,Marketplace,114.92,0.045
O006716,2024-03-18,Central,Mobile App,134.55,0.026
O006717,2025-11-10,South,Mobile App,53.27,0.026
O006718,2025-12-27,Central,Marketplace,52.6,0.045
O006719,2025-11-17,West,Website,139.18,0.021
O006720,2025-05-10,Central,Marketplace,95.23,0.045
O006721,2024-09-03,East,Marketplace,179.42,0.045
O006722,2025-12-11,North,Marketplace,73.37,0.045
O006723,2024-06-01,Central,Website,116.55,0.021
O006724,2025-02-10,North,Marketplace,142.45,0.045
O006725,2025-08-21,Central,Website,140.06,0.021
O006726,2025-03-05,North,Mobile App,100.82,0.026
O006727,2025-09-18,North,Website,163.38,0.021
O006728,2024-11-02,East,Marketplace,95.48,0.045
O006729,2025-12-01,North,Website,53.02,0.021
O006730,2024-04-30,East,Mobile App,170.79,0.026
O006731,2025-03-02,North,Marketplace,153.04,0.045
O006732,2024-09-30,East,Marketplace,99.84,0.045
O006733,2024-11-23,West,Marketplace,60.27,0.045
O006734,2025-01-17,South,Website,92.44,0.021
O006735,2024-10-19,East,Website,163.87,0.021
O006736,2024-05-15,East,Website,57.98,0.021
O006737,2024-02-23,Central,Marketplace,134.58,0.045
O006738,2024-09-07,North,Mobile App,146.33,0.026
O006739,2025-11-03,East,Mobile App,139.89,0.026
O006740,2025-12-09,West,Website,119.47,0.021
O006741,2024-08-04,North,Website,93.81,0.021
O006742,2025-11-23,East,Website,156.12,0.021
O006743,2025-09-27,East,Mobile App,124.26,0.026
O006744,2025-10-28,West,Website,72.66,0.021
O006745,2024-09-06,Central,Mobile App,161.12,0.026
O006746,2025-01-09,Central,Website,129.66,0.021
O006747,2025-05-26,Central,Marketplace,49.43,0.045
O006748,2025-02-12,North,Mobile App,139.53,0.026
O006749,2024-10-29,North,Marketplace,65.01,0.045
O006750,2025-08-23,North,Website,63.3,0.021
O006751,2025-09-14,East,Marketplace,164.68,0.045
O006752,2024-03-04,North,Website,56.09,0.021
O006753,2024-03-03,North,Website,64.47,0.021
O006754,2025-01-17,Central,Marketplace,93.57,0.045
O006755,2025-10-02,West,Marketplace,50.6,0.045
O006756,2024-02-23,South,Marketplace,77.44,0.045
O006757,2024-10-24,East,Website,89.95,0.021
O006758,2025-02-20,Central,Mobile App,93.93,0.026
O006759,2025-05-21,East,Mobile App,121.31,0.026
O006760,2025-02-14,East,Website,152.16,0.021
O006761,2025-01-26,South,Marketplace,122.98,0.045
O006762,2025-02-27,East,Marketplace,146.1,0.045
O006763,2025-10-19,West,Marketplace,85.66,0.045
O006764,2025-05-05,West,Marketplace,57.16,0.045
O006765,2025-09-28,East,Mobile App,118.9,0.026
O006766,2025-11-08,North,Website,127.47,0.021
O006767,2025-07-16,Central,Mobile App,103.64,0.026
O006768,2024-10-24,West,Mobile App,115.03,0.026
O006769,2025-07-29,East,Website,170.78,0.021
O006770,2024-07-21,West,Website,115.39,0.021
O006771,2024-10-27,North,Website,59.8,0.021
O006772,2024-08-22,North,Mobile App,63.63,0.026
O006773,2024-03-21,West,Mobile App,92.71,0.026
O006774,2024-04-25,East,Website,98.51,0.021
O006775,2024-10-01,West,Mobile App,130.68,0.026
O006776,2024-10-03,East,Marketplace,169.81,0.045
O006777,2025-11-27,Central,Mobile App,97.44,0.026
O006778,2025-02-23,South,Marketplace,174.92,0.045
O006779,2025-01-08,South,Website,68.87,0.021
O006780,2025-11-18,East,Website,69.66,0.021
O006781,2025-01-19,West,Website,168.22,0.021
O006782,2024-10-22,South,Website,137.3,0.021
O006783,2024-12-16,East,Marketplace,127.37,0.045
O006784,2024-11-11,East,Marketplace,164.31,0.045
O006785,2024-12-04,West,Website,138.18,0.021
O006786,2025-01-01,East,Mobile App,133.54,0.026
O006787,2025-12-15,South,Mobile App,49.44,0.026
O006788,2025-08-23,Central,Marketplace,87.99,0.045
O006789,2024-05-09,North,Marketplace,88.25,0.045
O006790,2025-08-10,East,Marketplace,146.37,0.045
O006791,2024-11-22,West,Marketplace,176.33,0.045
O006792,2025-02-05,West,Mobile App,60.51,0.026
O006793,2024-01-15,West,Mobile App,161.36,0.026
O006794,2024-08-24,South,Website,79.13,0.021
O006795,2025-12-21,East,Marketplace,141.38,0.045
O006796,2025-09-30,North,Mobile App,101.86,0.026
O006797,2024-04-17,North,Marketplace,142.3,0.045
O006798,2024-08-07,North,Mobile App,92.36,0.026
O006799,2025-12-22,West,Website,55.42,0.021
O006800,2025-07-09,North,Website,176.44,0.021
O006801,2024-06-16,North,Mobile App,88.53,0.026
O006802,2025-05-03,East,Website,50.77,0.021
O006803,2025-10-04,North,Marketplace,88.43,0.045
O006804,2025-04-16,Central,Marketplace,73.51,0.045
O006805,2024-02-16,Central,Mobile App,149.54,0.026
O006806,2025-11-21,North,Marketplace,55.13,0.045
O006807,2025-05-05,East,Website,69.47,0.021
O006808,2025-10-11,Central,Website,113.42,0.021
O006809,2025-12-11,North,Mobile App,100.66,0.026
O006810,2024-04-19,South,Mobile App,124.84,0.026
O006811,2024-07-30,South,Website,118.9,0.021
O006812,2024-12-19,Central,Marketplace,136.78,0.045
O006813,2025-03-10,East,Marketplace,136.09,0.045
O006814,2024-12-20,East,Mobile App,87.94,0.026
O006815,2025-12-06,East,Mobile App,86.6,0.026
O006816,2024-11-12,West,Mobile App,139.55,0.026
O006817,2024-09-22,West,Website,81.08,0.021
O006818,2024-09-21,Central,Website,65.94,0.021
O006819,2025-11-27,South,Marketplace,79.64,0.045
O006820,2025-10-19,South,Website,165.11,0.021
O006821,2025-05-01,North,Mobile App,60.37,0.026
O006822,2024-10-16,West,Mobile App,146.31,0.026
O006823,2024-07-09,West,Mobile App,55.83,0.026
O006824,2024-12-23,South,Marketplace,137.35,0.045
O006825,2025-07-02,West,Website,59.09,0.021
O006826,2025-08-25,West,Marketplace,143.03,0.045
O006827,2025-09-28,East,Marketplace,133.24,0.045
O006828,2024-01-06,North,Mobile App,152.99,0.026
O006829,2024-11-21,Central,Marketplace,54.25,0.045
O006830,2025-10-02,North,Marketplace,167.43,0.045
O006831,2024-04-15,North,Marketplace,146.64,0.045
O006832,2025-08-28,North,Marketplace,78.44,0.045
O006833,2025-02-07,North,Marketplace,85.77,0.045
O006834,2025-05-01,Central,Marketplace,153.37,0.045
O006835,2025-04-15,West,Mobile App,103.27,0.026
O006836,2024-10-13,Central,Mobile App,177.98,0.026
O006837,2025-12-19,South,Marketplace,165.27,0.045
O006838,2025-08-14,East,Mobile App,124.91,0.026
O006839,2024-02-18,East,Website,127.03,0.021
O006840,2025-06-26,South,Marketplace,125.26,0.045
O006841,2025-08-29,North,Website,155.59,0.021
O006842,2024-11-21,West,Mobile App,121.4,0.026
O006843,2025-04-25,East,Marketplace,140.59,0.045
O006844,2025-10-23,South,Marketplace,141.11,0.045
O006845,2025-07-05,East,Marketplace,142.47,0.045
O006846,2024-05-04,East,Marketplace,98.24,0.045
O006847,2024-04-08,North,Website,57.32,0.021
O006848,2024-11-14,East,Marketplace,146.38,0.045
O006849,2024-01-15,West,Marketplace,124.49,0.045
O006850,2024-09-11,West,Marketplace,71.18,0.045
O006851,2024-10-29,East,Marketplace,104.4,0.045
O006852,2024-03-20,Central,Marketplace,82.07,0.045
O006853,2025-08-19,North,Mobile App,134.1,0.026
O006854,2024-05-16,North,Marketplace,145.07,0.045
O006855,2024-12-16,Central,Website,82.86,0.021
O006856,2024-12-13,North,Mobile App,169.69,0.026
O006857,2025-12-30,North,Mobile App,58.37,0.026
O006858,2024-12-06,Central,Marketplace,101.99,0.045
O006859,2025-03-28,Central,Mobile App,50.31,0.026
O006860,2024-01-29,Central,Website,146.05,0.021
O006861,2024-02-02,East,Website,171.96,0.021
O006862,2024-07-27,South,Marketplace,111.58,0.045
O006863,2025-04-29,South,Website,140.15,0.021
O006864,2024-04-28,Central,Marketplace,150.13,0.045
O006865,2025-02-27,South,Website,56.8,0.021
O006866,2024-04-18,North,Marketplace,75.67,0.045
O006867,2025-04-02,West,Website,62.6,0.021
O006868,2024-03-15,East,Marketplace,156.98,0.045
O006869,2024-10-05,Central,Marketplace,172.79,0.045
O006870,2025-03-18,Central,Mobile App,51.78,0.026
O006871,2025-04-02,East,Website,78.86,0.021
O006872,2024-08-18,North,Website,142.96,0.021
O006873,2024-10-11,South,Mobile App,71.15,0.026
O006874,2024-12-11,West,Marketplace,126.6,0.045
O006875,2025-11-12,North,Marketplace,147.44,0.045
O006876,2025-07-25,Central,Website,168.39,0.021
O006877,2024-04-25,West,Marketplace,178.82,0.045
O006878,2025-08-26,South,Marketplace,141.93,0.045
O006879,2025-09-29,South,Website,85.2,0.021
O006880,2025-09-16,East,Marketplace,179.96,0.045
O006881,2024-02-29,West,Marketplace,52.63,0.045
O006882,2024-02-09,South,Marketplace,142.06,0.045
O006883,2025-02-16,Central,Mobile App,176.73,0.026
O006884,2025-06-09,South,Mobile App,66.76,0.026
O006885,2025-08-12,North,Website,155.42,0.021
O006886,2024-01-13,East,Website,73.07,0.021
O006887,2024-12-04,South,Mobile App,70.54,0.026
O006888,2025-04-01,West,Website,133.19,0.021
O006889,2025-09-16,South,Website,77.08,0.021
O006890,2025-09-04,North,Website,121.26,0.021
O006891,2024-10-03,South,Mobile App,147.47,0.026
O006892,2024-02-06,North,Marketplace,92.93,0.045
O006893,2025-10-10,South,Mobile App,102.12,0.026
O006894,2024-11-01,North,Website,124.47,0.021
O006895,2024-12-02,East,Website,138.31,0.021
O006896,2024-12-23,West,Marketplace,164.59,0.045
O006897,2025-07-17,West,Mobile App,52.73,0.026
O006898,2025-08-31,East,Website,179.81,0.021
O006899,2025-06-27,North,Marketplace,57.98,0.045
O006900,2024-11-02,West,Website,71.02,0.021
O006901,2024-04-18,East,Mobile App,146.57,0.026
O006902,2025-09-17,North,Mobile App,176.46,0.026
O006903,2024-04-08,East,Marketplace,70.35,0.045
O006904,2025-12-16,South,Mobile App,161.6,0.026
O006905,2025-09-05,North,Website,152.42,0.021
O006906,2025-09-03,Central,Mobile App,67.31,0.026
O006907,2025-03-04,South,Website,102.89,0.021
O006908,2025-01-09,Central,Mobile App,55.69,0.026
O006909,2024-04-10,Central,Website,83.23,0.021
O006910,2024-09-24,North,Marketplace,166.72,0.045
O006911,2025-05-09,West,Marketplace,159.58,0.045
O006912,2025-03-15,Central,Marketplace,173.37,0.045
O006913,2025-02-27,East,Marketplace,113.99,0.045
O006914,2025-08-31,Central,Marketplace,98.22,0.045
O006915,2024-08-26,East,Mobile App,169.59,0.026
O006916,2025-10-12,North,Mobile App,92.97,0.026
O006917,2025-07-23,East,Website,99.45,0.021
O006918,2024-08-04,South,Marketplace,110.82,0.045
O006919,2025-07-19,Central,Website,55.2,0.021
O006920,2024-04-08,South,Marketplace,138.28,0.045
O006921,2024-02-09,South,Marketplace,152.1,0.045
O006922,2024-09-23,East,Website,128.03,0.021
O006923,2025-01-30,Central,Mobile App,79.03,0.026
O006924,2024-12-16,Central,Mobile App,56.5,0.026
O006925,2024-06-15,Central,Marketplace,53.26,0.045
O006926,2025-07-03,Central,Website,81.3,0.021
O006927,2025-11-20,West,Mobile App,58.19,0.026
O006928,2025-09-24,South,Website,146.81,0.021
O006929,2025-07-26,North,Mobile App,150.71,0.026
O006930,2024-02-09,West,Website,175.24,0.021
O006931,2025-05-18,East,Mobile App,156.68,0.026
O006932,2025-07-08,Central,Marketplace,138.74,0.045
O006933,2024-03-04,West,Mobile App,126.1,0.026
O006934,2025-09-29,Central,Website,151.64,0.021
O006935,2024-03-01,South,Website,175.0,0.021
O006936,2024-04-06,North,Website,69.57,0.021
O006937,2025-07-28,Central,Marketplace,50.97,0.045
O006938,2025-10-27,West,Mobile App,66.14,0.026
O006939,2024-01-12,Central,Marketplace,127.66,0.045
O006940,2025-09-14,Central,Marketplace,124.56,0.045
O006941,2025-05-03,East,Mobile App,112.28,0.026
O006942,2025-09-07,West,Mobile App,56.56,0.026
O006943,2025-11-27,South,Marketplace,168.6,0.045
O006944,2025-05-18,East,Marketplace,112.31,0.045
O006945,2024-03-09,East,Marketplace,96.8,0.045
O006946,2024-02-02,East,Marketplace,104.78,0.045
O006947,2024-03-01,East,Website,105.14,0.021
O006948,2025-03-06,North,Mobile App,170.66,0.026
O006949,2024-08-08,South,Mobile App,157.77,0.026
O006950,2024-09-30,North,Mobile App,132.62,0.026
O006951,2024-06-18,Central,Website,88.88,0.021
O006952,2024-04-23,South,Marketplace,150.88,0.045
O006953,2024-05-22,North,Website,160.76,0.021
O006954,2025-06-22,West,Mobile App,110.4,0.026
O006955,2025-09-20,Central,Website,109.21,0.021
O006956,2025-11-01,North,Website,138.24,0.021
O006957,2025-11-06,Central,Mobile App,153.45,0.026
O006958,2024-05-28,West,Website,113.07,0.021
O006959,2025-11-14,Central,Mobile App,74.83,0.026
O006960,2025-07-08,North,Website,117.87,0.021
O006961,2024-09-29,Central,Mobile App,171.19,0.026
O006962,2025-10-09,Central,Website,102.14,0.021
O006963,2025-10-28,Central,Marketplace,59.62,0.045
O006964,2025-12-17,South,Mobile App,65.91,0.026
O006965,2025-12-21,Central,Website,100.05,0.021
O006966,2024-03-23,East,Website,144.35,0.021
O006967,2024-03-19,East,Website,137.31,0.021
O006968,2024-03-15,West,Marketplace,57.09,0.045
O006969,2024-08-23,South,Website,71.95,0.021
O006970,2025-07-08,Central,Website,110.08,0.021
O006971,2024-09-30,North,Marketplace,145.67,0.045
O006972,2025-03-31,West,Website,81.3,0.021
O006973,2025-02-28,West,Website,160.65,0.021
O006974,2024-08-24,West,Marketplace,99.76,0.045
O006975,2024-07-23,South,Marketplace,68.36,0.045
O006976,2025-05-08,Central,Marketplace,55.28,0.045
O006977,2024-10-10,East,Marketplace,68.35,0.045
O006978,2025-08-28,Central,Marketplace,67.85,0.045
O006979,2024-06-17,North,Website,85.25,0.021
O006980,2025-10-12,South,Marketplace,67.28,0.045
O006981,2025-01-03,North,Marketplace,79.11,0.045
O006982,2024-09-28,North,Website,179.18,0.021
O006983,2024-07-07,North,Website,137.45,0.021
O006984,2025-10-08,East,Marketplace,142.57,0.045
O006985,2024-03-30,North,Website,133.77,0.021
O006986,2024-04-21,Central,Website,68.75,0.021
O006987,2024-03-05,Central,Marketplace,111.74,0.045
O006988,2024-02-04,West,Website,71.85,0.021
O006989,2024-06-20,West,Marketplace,176.09,0.045
O006990,2025-11-16,South,Marketplace,135.67,0.045
O006991,2025-03-22,South,Website,106.02,0.021
O006992,2025-01-10,West,Mobile App,83.59,0.026
O006993,2024-11-18,South,Marketplace,159.59,0.045
O006994,2025-09-02,East,Mobile App,134.45,0.026
O006995,2025-02-09,West,Marketplace,130.18,0.045
O006996,2024-01-21,South,Marketplace,50.81,0.045
O006997,2024-01-04,Central,Marketplace,116.43,0.045
O006998,2024-10-11,Central,Mobile App,171.48,0.026
O006999,2025-08-23,North,Website,90.21,0.021
O007000,2024-09-21,North,Marketplace,71.43,0.045
O007001,2024-12-20,East,Mobile App,102.15,0.026
O007002,2024-08-21,North,Mobile App,57.98,0.026
O007003,2024-09-24,South,Mobile App,135.77,0.026
O007004,2024-07-14,Central,Website,169.33,0.021
O007005,2024-03-26,South,Website,67.27,0.021
O007006,2025-11-07,Central,Marketplace,165.28,0.045
O007007,2025-07-16,North,Marketplace,154.05,0.045
O007008,2025-10-27,Central,Mobile App,100.37,0.026
O007009,2025-03-25,Central,Mobile App,165.85,0.026
O007010,2024-09-05,North,Marketplace,55.43,0.045
O007011,2024-11-20,West,Mobile App,97.17,0.026
O007012,2024-08-13,South,Website,178.78,0.021
O007013,2024-08-30,North,Website,102.26,0.021
O007014,2025-01-27,South,Marketplace,111.73,0.045
O007015,2025-11-22,North,Website,102.23,0.021
O007016,2025-05-07,North,Website,109.82,0.021
O007017,2025-08-05,East,Mobile App,145.29,0.026
O007018,2024-07-05,West,Website,82.1,0.021
O007019,2025-01-06,East,Mobile App,173.56,0.026
O007020,2024-04-17,West,Mobile App,53.19,0.026
O007021,2025-09-25,West,Website,168.12,0.021
O007022,2025-01-22,North,Marketplace,164.93,0.045
O007023,2024-06-03,West,Mobile App,167.07,0.026
O007024,2025-05-10,Central,Website,138.51,0.021
O007025,2024-09-17,East,Website,162.33,0.021
O007026,2024-02-05,North,Marketplace,91.63,0.045
O007027,2024-04-02,West,Website,75.96,0.021
O007028,2024-04-05,South,Website,140.43,0.021
O007029,2024-01-06,South,Marketplace,87.69,0.045
O007030,2025-10-06,Central,Website,166.46,0.021
O007031,2024-04-17,West,Marketplace,59.08,0.045
O007032,2025-12-24,North,Mobile App,168.3,0.026
O007033,2025-10-02,North,Website,78.05,0.021
O007034,2025-05-17,West,Mobile App,95.46,0.026
O007035,2025-05-16,East,Marketplace,131.44,0.045
O007036,2024-01-04,East,Marketplace,147.95,0.045
O007037,2025-01-27,South,Mobile App,139.81,0.026
O007038,2025-12-28,North,Website,123.21,0.021
O007039,2024-02-11,East,Marketplace,149.98,0.045
O007040,2025-09-06,Central,Mobile App,132.04,0.026
O007041,2025-11-04,West,Marketplace,61.09,0.045
O007042,2025-09-24,Central,Mobile App,93.74,0.026
O007043,2025-02-16,West,Marketplace,50.62,0.045
O007044,2024-02-27,North,Mobile App,90.68,0.026
O007045,2025-09-01,East,Website,91.19,0.021
O007046,2024-05-24,Central,Website,158.99,0.021
O007047,2025-04-07,West,Website,73.73,0.021
O007048,2024-10-20,East,Marketplace,53.42,0.045
O007049,2024-04-07,East,Marketplace,139.19,0.045
O007050,2024-12-29,West,Marketplace,174.84,0.045
O007051,2025-08-24,West,Website,164.9,0.021
O007052,2024-10-08,North,Mobile App,92.51,0.026
O007053,2024-02-06,West,Marketplace,147.01,0.045
O007054,2024-12-16,North,Mobile App,127.47,0.026
O007055,2024-08-20,South,Mobile App,144.7,0.026
O007056,2024-02-23,North,Mobile App,166.2,0.026
O007057,2024-06-15,West,Marketplace,166.7,0.045
O007058,2025-11-15,Central,Website,92.36,0.021
O007059,2025-12-23,North,Marketplace,157.3,0.045
O007060,2024-09-30,West,Website,87.44,0.021
O007061,2025-12-27,North,Website,175.36,0.021
O007062,2024-07-23,North,Website,99.39,0.021
O007063,2025-06-03,South,Marketplace,102.13,0.045
O007064,2025-01-24,South,Mobile App,127.72,0.026
O007065,2024-01-17,West,Website,69.07,0.021
O007066,2024-09-08,Central,Marketplace,155.88,0.045
O007067,2025-01-11,West,Website,80.41,0.021
O007068,2024-07-22,West,Website,175.0,0.021
O007069,2025-06-30,North,Website,93.53,0.021
O007070,2024-11-17,Central,Marketplace,127.4,0.045
O007071,2025-04-14,North,Website,86.98,0.021
O007072,2024-07-20,North,Mobile App,66.76,0.026
O007073,2024-11-30,South,Website,119.3,0.021
O007074,2025-07-11,West,Website,137.07,0.021
O007075,2025-01-01,South,Website,135.94,0.021
O007076,2024-12-23,South,Mobile App,158.84,0.026
O007077,2024-08-03,East,Mobile App,81.12,0.026
O007078,2024-11-06,South,Marketplace,50.4,0.045
O007079,2024-10-15,West,Website,153.43,0.021
O007080,2025-07-02,Central,Marketplace,132.5,0.045
O007081,2025-03-31,South,Marketplace,151.15,0.045
O007082,2024-11-21,South,Marketplace,130.83,0.045
O007083,2025-01-27,Central,Marketplace,88.08,0.045
O007084,2025-09-17,North,Marketplace,104.7,0.045
O007085,2025-10-21,East,Marketplace,146.03,0.045
O007086,2024-01-25,East,Mobile App,61.83,0.026
O007087,2025-07-22,Central,Marketplace,82.38,0.045
O007088,2025-10-06,South,Website,170.0,0.021
O007089,2024-03-18,North,Marketplace,131.24,0.045
O007090,2024-01-09,West,Marketplace,161.1,0.045
O007091,2025-05-11,East,Website,133.53,0.021
O007092,2025-06-15,West,Mobile App,124.97,0.026
O007093,2025-01-11,South,Website,154.93,0.021
O007094,2024-03-29,Central,Website,150.23,0.021
O007095,2025-07-11,West,Website,126.76,0.021
O007096,2024-06-27,North,Website,61.79,0.021
O007097,2024-01-20,East,Website,109.88,0.021
O007098,2024-02-23,Central,Website,52.24,0.021
O007099,2024-03-28,East,Marketplace,140.07,0.045
O007100,2025-07-17,Central,Marketplace,85.05,0.045
O007101,2025-09-21,West,Website,86.76,0.021
O007102,2024-09-02,West,Marketplace,138.99,0.045
O007103,2025-09-23,East,Website,92.07,0.021
O007104,2024-12-14,West,Marketplace,62.3,0.045
O007105,2024-02-29,Central,Mobile App,139.44,0.026
O007106,2024-08-05,South,Marketplace,146.9,0.045
O007107,2024-11-01,Central,Website,133.2,0.021
O007108,2025-07-17,South,Website,63.36,0.021
O007109,2025-01-09,Central,Website,62.18,0.021
O007110,2025-05-04,East,Website,164.92,0.021
O007111,2025-07-06,North,Website,154.73,0.021
O007112,2024-03-20,East,Mobile App,134.23,0.026
O007113,2024-08-27,South,Marketplace,108.11,0.045
O007114,2024-11-04,North,Website,139.92,0.021
O007115,2025-03-02,South,Website,100.71,0.021
O007116,2024-09-29,Central,Marketplace,127.95,0.045
O007117,2024-01-30,West,Marketplace,82.02,0.045
O007118,2025-01-21,Central,Mobile App,115.81,0.026
O007119,2025-03-08,North,Website,136.7,0.021
O007120,2025-11-10,East,Marketplace,104.77,0.045
O007121,2025-06-13,East,Website,175.43,0.021
O007122,2024-10-25,West,Website,101.95,0.021
O007123,2025-09-29,Central,Website,112.6,0.021
O007124,2025-08-14,West,Marketplace,82.69,0.045
O007125,2024-08-19,South,Marketplace,61.15,0.045
O007126,2024-12-22,North,Mobile App,59.88,0.026
O007127,2024-07-27,North,Website,144.81,0.021
O007128,2024-10-09,South,Website,146.87,0.021
O007129,2025-01-07,South,Marketplace,78.2,0.045
O007130,2024-04-25,Central,Website,153.54,0.021
O007131,2025-07-08,South,Marketplace,89.86,0.045
O007132,2024-03-28,Central,Marketplace,62.94,0.045
O007133,2025-09-13,South,Marketplace,59.85,0.045
O007134,2024-09-05,Central,Marketplace,133.36,0.045
O007135,2025-09-16,South,Website,58.54,0.021
O007136,2024-02-15,West,Website,58.42,0.021
O007137,2024-12-11,Central,Mobile App,52.33,0.026
O007138,2025-02-14,Central,Website,176.06,0.021
O007139,2025-03-07,South,Mobile App,79.03,0.026
O007140,2025-12-20,Central,Website,159.96,0.021
O007141,2025-02-24,East,Marketplace,124.86,0.045
O007142,2025-01-29,East,Marketplace,123.29,0.045
O007143,2025-07-22,West,Marketplace,56.4,0.045
O007144,2024-05-05,North,Website,130.14,0.021
O007145,2024-04-10,Central,Mobile App,80.9,0.026
O007146,2024-05-17,Central,Website,92.36,0.021
O007147,2024-07-04,East,Website,80.9,0.021
O007148,2024-09-01,South,Website,126.35,0.021
O007149,2025-01-02,South,Marketplace,152.1,0.045
O007150,2024-12-31,Central,Website,124.81,0.021
O007151,2024-09-20,West,Marketplace,71.13,0.045
O007152,2024-01-02,West,Website,56.3,0.021
O007153,2025-03-01,West,Mobile App,93.12,0.026
O007154,2024-05-24,North,Mobile App,90.8,0.026
O007155,2025-04-26,South,Marketplace,179.4,0.045
O007156,2025-01-20,East,Mobile App,71.51,0.026
O007157,2024-08-23,North,Mobile App,134.47,0.026
O007158,2025-12-28,South,Website,111.48,0.021
O007159,2025-10-16,South,Website,74.1,0.021
O007160,2024-12-13,South,Website,102.89,0.021
O007161,2024-10-10,South,Mobile App,112.22,0.026
O007162,2025-09-18,South,Marketplace,101.39,0.045
O007163,2024-11-14,Central,Marketplace,168.62,0.045
O007164,2024-09-21,East,Marketplace,134.13,0.045
O007165,2024-10-02,East,Website,150.6,0.021
O007166,2025-03-11,North,Marketplace,152.97,0.045
O007167,2024-11-29,Central,Mobile App,54.46,0.026
O007168,2024-01-20,South,Marketplace,115.26,0.045
O007169,2024-09-23,North,Marketplace,86.17,0.045
O007170,2024-10-31,North,Marketplace,128.71,0.045
O007171,2024-08-27,West,Website,56.46,0.021
O007172,2025-05-21,South,Mobile App,60.92,0.026
O007173,2025-06-15,South,Website,173.63,0.021
O007174,2025-07-15,North,Marketplace,173.92,0.045
O007175,2024-07-12,North,Mobile App,60.36,0.026
O007176,2025-07-13,East,Website,77.62,0.021
O007177,2024-08-02,South,Marketplace,129.28,0.045
O007178,2024-02-13,North,Marketplace,148.4,0.045
O007179,2024-11-29,West,Website,166.03,0.021
O007180,2025-11-19,South,Marketplace,149.73,0.045
O007181,2024-09-15,North,Marketplace,146.61,0.045
O007182,2025-10-22,Central,Website,93.47,0.021
O007183,2025-07-13,East,Mobile App,91.82,0.026
O007184,2025-05-25,South,Mobile App,50.87,0.026
O007185,2025-05-19,North,Mobile App,76.57,0.026
O007186,2025-03-04,North,Marketplace,73.93,0.045
O007187,2024-12-03,South,Website,117.55,0.021
O007188,2024-10-24,North,Marketplace,88.21,0.045
O007189,2025-01-12,Central,Mobile App,80.7,0.026
O007190,2024-06-10,South,Website,85.85,0.021
O007191,2025-04-01,West,Mobile App,172.56,0.026
O007192,2025-08-15,East,Website,161.03,0.021
O007193,2024-01-24,South,Website,129.1,0.021
O007194,2025-05-30,East,Website,159.32,0.021
O007195,2024-09-13,North,Website,117.74,0.021
O007196,2025-12-11,South,Marketplace,160.35,0.045
O007197,2024-10-05,South,Website,147.91,0.021
O007198,2024-08-02,Central,Mobile App,67.71,0.026
O007199,2024-11-28,North,Mobile App,85.82,0.026
O007200,2024-10-27,Central,Marketplace,152.98,0.045
O007201,2025-06-24,West,Mobile App,139.73,0.026
O007202,2024-08-13,East,Marketplace,132.13,0.045
O007203,2025-01-28,East,Website,106.91,0.021
O007204,2025-06-21,Central,Website,158.83,0.021
O007205,2024-01-22,Central,Website,92.19,0.021
O007206,2024-03-28,South,Website,68.13,0.021
O007207,2024-11-21,West,Mobile App,80.64,0.026
O007208,2024-12-28,South,Marketplace,86.67,0.045
O007209,2024-12-28,Central,Mobile App,114.81,0.026
O007210,2024-11-08,North,Mobile App,72.82,0.026
O007211,2025-09-05,East,Marketplace,72.4,0.045
O007212,2025-04-22,West,Mobile App,158.59,0.026
O007213,2025-12-28,East,Marketplace,173.07,0.045
O007214,2024-01-06,South,Marketplace,72.6,0.045
O007215,2025-02-01,West,Mobile App,84.28,0.026
O007216,2024-11-05,West,Mobile App,179.82,0.026
O007217,2024-04-02,North,Website,114.93,0.021
O007218,2025-12-09,West,Marketplace,78.55,0.045
O007219,2024-05-19,North,Website,142.38,0.021
O007220,2024-01-21,North,Marketplace,179.12,0.045
O007221,2024-11-27,West,Website,97.46,0.021
O007222,2025-11-02,South,Mobile App,143.62,0.026
O007223,2024-09-17,East,Marketplace,102.06,0.045
O007224,2025-11-30,East,Marketplace,150.65,0.045
O007225,2024-04-12,East,Website,90.37,0.021
O007226,2024-09-28,West,Website,66.6,0.021
O007227,2024-03-04,North,Marketplace,78.96,0.045
O007228,2025-03-31,North,Website,136.6,0.021
O007229,2025-11-28,East,Marketplace,116.71,0.045
O007230,2025-02-05,South,Marketplace,89.15,0.045
O007231,2024-07-02,South,Marketplace,91.12,0.045
O007232,2024-11-23,South,Marketplace,135.47,0.045
O007233,2024-10-27,South,Website,98.97,0.021
O007234,2024-04-08,East,Mobile App,68.09,0.026
O007235,2024-12-04,West,Marketplace,51.63,0.045
O007236,2025-03-29,North,Mobile App,88.28,0.026
O007237,2024-05-02,South,Website,130.27,0.021
O007238,2024-01-29,Central,Mobile App,122.26,0.026
O007239,2025-08-21,Central,Website,76.0,0.021
O007240,2025-03-09,North,Marketplace,100.23,0.045
O007241,2024-04-20,Central,Mobile App,60.74,0.026
O007242,2024-08-18,East,Mobile App,52.24,0.026
O007243,2024-07-16,South,Marketplace,136.49,0.045
O007244,2024-02-12,North,Marketplace,134.03,0.045
O007245,2024-06-28,West,Website,168.57,0.021
O007246,2025-12-10,Central,Marketplace,170.61,0.045
O007247,2024-07-03,South,Marketplace,78.01,0.045
O007248,2025-09-17,East,Marketplace,78.77,0.045
O007249,2025-09-01,Central,Website,167.62,0.021
O007250,2024-08-16,North,Marketplace,123.37,0.045
O007251,2025-01-29,East,Website,101.49,0.021
O007252,2025-05-14,East,Mobile App,135.08,0.026
O007253,2025-12-21,South,Mobile App,72.03,0.026
O007254,2025-02-13,Central,Mobile App,136.19,0.026
O007255,2024-07-10,North,Website,159.09,0.021
O007256,2024-05-28,South,Mobile App,133.11,0.026
O007257,2024-07-27,East,Website,138.27,0.021
O007258,2025-11-26,West,Website,134.26,0.021
O007259,2025-02-02,South,Website,140.87,0.021
O007260,2025-04-05,East,Marketplace,52.1,0.045
O007261,2025-06-22,South,Marketplace,54.92,0.045
O007262,2025-06-15,North,Website,107.74,0.021
O007263,2025-06-26,West,Marketplace,138.94,0.045
O007264,2024-03-02,East,Marketplace,176.1,0.045
O007265,2025-04-01,North,Marketplace,170.48,0.045
O007266,2025-09-01,Central,Website,63.24,0.021
O007267,2025-02-17,North,Marketplace,107.19,0.045
O007268,2024-01-04,North,Website,65.8,0.021
O007269,2025-05-23,East,Marketplace,132.5,0.045
O007270,2024-10-19,West,Marketplace,49.87,0.045
O007271,2025-09-16,South,Mobile App,95.53,0.026
O007272,2025-03-12,West,Marketplace,139.15,0.045
O007273,2024-11-07,East,Marketplace,129.17,0.045
O007274,2025-02-19,East,Website,159.36,0.021
O007275,2025-01-23,South,Marketplace,53.59,0.045
O007276,2025-07-22,East,Mobile App,167.35,0.026
O007277,2025-08-04,North,Website,71.12,0.021
O007278,2024-01-07,East,Website,83.43,0.021
O007279,2025-09-21,Central,Mobile App,89.7,0.026
O007280,2024-10-22,West,Website,84.76,0.021
O007281,2024-08-04,North,Marketplace,61.43,0.045
O007282,2024-10-28,South,Website,88.25,0.021
O007283,2024-04-16,South,Marketplace,50.71,0.045
O007284,2024-04-09,East,Mobile App,93.62,0.026
O007285,2024-10-29,South,Website,121.82,0.021
O007286,2024-02-01,South,Mobile App,76.72,0.026
O007287,2024-02-16,West,Website,130.55,0.021
O007288,2025-07-06,North,Mobile App,150.49,0.026
O007289,2024-01-27,East,Mobile App,132.9,0.026
O007290,2024-05-20,South,Marketplace,146.19,0.045
O007291,2025-06-21,East,Marketplace,101.04,0.045
O007292,2025-06-14,East,Marketplace,59.95,0.045
O007293,2024-11-29,West,Website,91.9,0.021
O007294,2024-05-29,South,Mobile App,56.4,0.026
O007295,2025-12-15,Central,Website,177.15,0.021
O007296,2025-11-08,Central,Marketplace,53.98,0.045
O007297,2024-09-18,South,Website,117.15,0.021
O007298,2025-02-05,East,Mobile App,167.77,0.026
O007299,2024-12-19,Central,Marketplace,160.66,0.045
O007300,2025-08-27,North,Marketplace,110.17,0.045
O007301,2025-06-22,East,Marketplace,102.57,0.045
O007302,2025-11-25,North,Marketplace,135.48,0.045
O007303,2024-01-03,South,Marketplace,146.94,0.045
O007304,2024-10-12,Central,Marketplace,159.19,0.045
O007305,2024-02-12,North,Mobile App,71.53,0.026
O007306,2025-08-07,North,Website,155.78,0.021
O007307,2025-06-11,Central,Mobile App,155.45,0.026
O007308,2025-02-02,Central,Website,169.5,0.021
O007309,2024-05-26,South,Mobile App,164.54,0.026
O007310,2024-04-10,East,Mobile App,49.8,0.026
O007311,2025-07-29,East,Mobile App,85.44,0.026
O007312,2024-05-13,North,Website,107.65,0.021
O007313,2025-11-05,West,Marketplace,140.79,0.045
O007314,2025-02-10,East,Website,100.15,0.021
O007315,2024-03-21,South,Mobile App,57.86,0.026
O007316,2025-03-27,West,Marketplace,141.02,0.045
O007317,2024-12-30,Central,Marketplace,52.82,0.045
O007318,2024-11-06,West,Mobile App,147.01,0.026
O007319,2024-09-15,Central,Marketplace,95.51,0.045
O007320,2024-12-13,Central,Mobile App,170.06,0.026
O007321,2024-05-28,North,Website,92.66,0.021
O007322,2025-09-17,South,Mobile App,110.87,0.026
O007323,2024-04-22,North,Marketplace,148.16,0.045
O007324,2025-08-28,West,Website,74.6,0.021
O007325,2024-01-01,West,Marketplace,91.46,0.045
O007326,2025-07-30,West,Mobile App,72.92,0.026
O007327,2025-06-01,East,Website,153.31,0.021
O007328,2025-04-14,South,Mobile App,98.39,0.026
O007329,2024-06-05,North,Website,170.96,0.021
O007330,2025-10-18,West,Mobile App,124.14,0.026
O007331,2024-08-23,Central,Mobile App,164.34,0.026
O007332,2024-12-12,South,Website,166.46,0.021
O007333,2024-02-27,West,Mobile App,59.69,0.026
O007334,2025-01-27,East,Website,78.45,0.021
O007335,2025-10-25,East,Website,121.72,0.021
O007336,2025-11-03,Central,Marketplace,64.83,0.045
O007337,2025-05-12,South,Website,116.13,0.021
O007338,2024-06-18,South,Marketplace,52.23,0.045
O007339,2025-07-25,Central,Mobile App,147.92,0.026
O007340,2025-02-25,Central,Website,160.57,0.021
O007341,2025-05-08,West,Website,92.43,0.021
O007342,2024-04-23,Central,Marketplace,130.1,0.045
O007343,2024-10-31,West,Website,179.41,0.021
O007344,2024-09-22,West,Mobile App,171.41,0.026
O007345,2024-06-20,East,Website,124.11,0.021
O007346,2025-09-21,West,Website,126.64,0.021
O007347,2024-02-24,West,Mobile App,98.31,0.026
O007348,2024-05-30,West,Marketplace,111.2,0.045
O007349,2025-04-30,Central,Website,52.2,0.021
O007350,2024-01-22,Central,Mobile App,158.42,0.026
O007351,2024-09-06,East,Mobile App,60.57,0.026
O007352,2025-10-23,West,Website,95.98,0.021
O007353,2025-07-30,East,Website,59.7,0.021
O007354,2024-07-18,North,Mobile App,50.37,0.026
O007355,2025-05-15,South,Website,82.57,0.021
O007356,2024-05-01,East,Website,114.07,0.021
O007357,2025-09-06,Central,Marketplace,79.72,0.045
O007358,2025-05-17,North,Marketplace,152.36,0.045
O007359,2025-12-17,East,Website,152.98,0.021
O007360,2024-04-28,North,Marketplace,70.07,0.045
O007361,2025-08-14,Central,Marketplace,168.51,0.045
O007362,2024-05-03,West,Marketplace,174.49,0.045
O007363,2025-06-07,West,Website,174.8,0.021
O007364,2025-01-31,East,Mobile App,122.74,0.026
O007365,2024-05-31,Central,Mobile App,95.36,0.026
O007366,2024-02-04,South,Website,140.83,0.021
O007367,2024-10-27,Central,Website,103.28,0.021
O007368,2024-06-30,Central,Mobile App,90.03,0.026
O007369,2024-10-10,South,Mobile App,157.65,0.026
O007370,2024-05-29,West,Website,100.9,0.021
O007371,2024-07-16,North,Website,107.31,0.021
O007372,2025-09-20,West,Mobile App,106.42,0.026
O007373,2024-10-18,Central,Mobile App,129.54,0.026
O007374,2024-01-26,Central,Website,53.88,0.021
O007375,2025-05-14,South,Marketplace,88.84,0.045
O007376,2024-04-14,South,Mobile App,84.95,0.026
O007377,2025-06-05,West,Mobile App,96.31,0.026
O007378,2024-02-23,Central,Website,116.22,0.021
O007379,2025-11-21,South,Marketplace,176.59,0.045
O007380,2024-08-29,North,Mobile App,54.37,0.026
O007381,2024-07-23,East,Website,77.49,0.021
O007382,2025-05-08,West,Website,157.39,0.021
O007383,2025-12-14,East,Website,52.4,0.021
O007384,2024-06-12,Central,Website,73.06,0.021
O007385,2025-10-01,North,Marketplace,142.83,0.045
O007386,2024-04-02,East,Marketplace,179.36,0.045
O007387,2025-05-22,West,Website,159.2,0.021
O007388,2025-08-24,South,Mobile App,80.33,0.026
O007389,2025-09-29,North,Marketplace,90.61,0.045
O007390,2025-09-29,West,Marketplace,151.89,0.045
O007391,2024-11-27,North,Website,139.65,0.021
O007392,2024-05-27,West,Website,149.31,0.021
O007393,2025-08-12,East,Marketplace,101.04,0.045
O007394,2024-01-30,Central,Mobile App,133.01,0.026
O007395,2024-01-25,South,Website,121.29,0.021
O007396,2024-09-05,Central,Mobile App,67.65,0.026
O007397,2024-11-15,East,Marketplace,111.4,0.045
O007398,2024-07-04,Central,Website,124.44,0.021
O007399,2024-12-23,North,Marketplace,141.0,0.045
O007400,2024-11-11,North,Marketplace,99.8,0.045
O007401,2025-04-15,Central,Marketplace,148.24,0.045
O007402,2025-07-23,North,Marketplace,172.76,0.045
O007403,2025-03-26,East,Website,153.87,0.021
O007404,2025-07-29,West,Website,172.52,0.021
O007405,2025-11-12,East,Website,77.69,0.021
O007406,2024-08-18,North,Website,156.3,0.021
O007407,2025-03-11,Central,Marketplace,110.7,0.045
O007408,2024-03-27,South,Marketplace,65.73,0.045
O007409,2024-09-18,West,Marketplace,161.1,0.045
O007410,2025-11-01,North,Marketplace,99.03,0.045
O007411,2024-05-15,South,Website,66.17,0.021
O007412,2025-03-08,Central,Website,105.92,0.021
O007413,2025-06-01,Central,Website,112.77,0.021
O007414,2024-01-10,Central,Marketplace,127.73,0.045
O007415,2025-01-25,Central,Marketplace,105.47,0.045
O007416,2025-07-27,East,Website,67.76,0.021
O007417,2024-08-13,West,Website,79.65,0.021
O007418,2024-03-04,South,Website,90.34,0.021
O007419,2025-12-15,East,Website,62.61,0.021
O007420,2024-03-24,Central,Website,69.35,0.021
O007421,2024-08-30,North,Website,144.26,0.021
O007422,2024-06-05,East,Marketplace,64.33,0.045
O007423,2025-03-31,West,Website,167.78,0.021
O007424,2024-05-21,North,Marketplace,50.06,0.045
O007425,2025-04-14,East,Mobile App,154.59,0.026
O007426,2025-02-10,South,Mobile App,77.57,0.026
O007427,2024-07-23,North,Marketplace,118.46,0.045
O007428,2025-05-21,North,Mobile App,147.83,0.026
O007429,2024-05-02,West,Website,149.21,0.021
O007430,2024-07-23,South,Marketplace,151.25,0.045
O007431,2025-07-20,North,Website,159.85,0.021
O007432,2025-03-06,Central,Marketplace,50.57,0.045
O007433,2024-07-12,Central,Mobile App,105.06,0.026
O007434,2025-10-21,North,Mobile App,93.85,0.026
O007435,2024-11-29,East,Website,78.28,0.021
O007436,2024-07-22,North,Mobile App,86.45,0.026
O007437,2024-09-17,West,Mobile App,71.09,0.026
O007438,2024-06-27,South,Mobile App,145.59,0.026
O007439,2024-08-25,West,Website,151.94,0.021
O007440,2025-11-07,Central,Marketplace,68.7,0.045
O007441,2025-06-13,North,Website,96.67,0.021
O007442,2025-02-10,Central,Website,70.56,0.021
O007443,2025-01-30,Central,Marketplace,72.63,0.045
O007444,2024-11-24,West,Mobile App,89.07,0.026
O007445,2024-04-02,South,Marketplace,55.69,0.045
O007446,2024-12-13,North,Marketplace,84.63,0.045
O007447,2024-03-03,North,Mobile App,113.7,0.026
O007448,2024-01-10,South,Marketplace,93.01,0.045
O007449,2024-04-02,East,Mobile App,62.09,0.026
O007450,2024-08-03,West,Website,170.03,0.021
O007451,2024-10-09,Central,Mobile App,64.02,0.026
O007452,2024-10-26,South,Website,152.89,0.021
O007453,2024-06-13,East,Website,63.47,0.021
O007454,2024-08-25,East,Marketplace,55.05,0.045
O007455,2024-02-23,Central,Marketplace,108.36,0.045
O007456,2025-12-26,East,Mobile App,49.17,0.026
O007457,2025-09-10,West,Mobile App,125.66,0.026
O007458,2025-02-08,West,Marketplace,134.84,0.045
O007459,2024-04-14,West,Marketplace,156.0,0.045
O007460,2024-10-02,South,Mobile App,66.99,0.026
O007461,2025-08-13,South,Website,113.45,0.021
O007462,2025-08-31,West,Website,130.01,0.021
O007463,2024-10-25,Central,Website,113.21,0.021
O007464,2025-12-16,East,Marketplace,103.98,0.045
O007465,2025-10-07,South,Marketplace,146.27,0.045
O007466,2024-04-26,South,Marketplace,85.96,0.045
O007467,2025-07-25,South,Website,144.05,0.021
O007468,2025-08-25,East,Marketplace,164.67,0.045
O007469,2024-04-22,East,Mobile App,60.86,0.026
O007470,2024-10-09,West,Mobile App,49.34,0.026
O007471,2025-07-29,West,Website,71.25,0.021
O007472,2025-01-09,Central,Marketplace,54.62,0.045
O007473,2025-07-27,West,Website,83.03,0.021
O007474,2025-05-23,West,Website,171.7,0.021
O007475,2024-07-19,Central,Mobile App,147.34,0.026
O007476,2024-04-08,West,Website,76.85,0.021
O007477,2024-04-26,Central,Marketplace,178.54,0.045
O007478,2024-02-18,South,Mobile App,141.94,0.026
O007479,2024-02-15,East,Mobile App,123.62,0.026
O007480,2024-10-14,South,Website,90.49,0.021
O007481,2024-06-02,South,Marketplace,168.38,0.045
O007482,2025-09-01,North,Website,136.46,0.021
O007483,2024-06-03,East,Website,95.53,0.021
O007484,2024-03-31,West,Website,132.05,0.021
O007485,2025-11-02,South,Marketplace,86.67,0.045
O007486,2024-05-18,South,Mobile App,142.51,0.026
O007487,2024-01-17,West,Website,83.49,0.021
O007488,2025-07-26,North,Website,96.56,0.021
O007489,2024-06-13,East,Website,138.63,0.021
O007490,2025-12-15,West,Marketplace,158.16,0.045
O007491,2024-01-19,South,Marketplace,69.9,0.045
O007492,2025-01-04,North,Marketplace,125.56,0.045
O007493,2025-03-22,South,Marketplace,136.85,0.045
O007494,2025-04-28,North,Website,84.34,0.021
O007495,2025-11-18,Central,Marketplace,138.99,0.045
O007496,2025-09-28,East,Mobile App,114.94,0.026
O007497,2024-08-05,East,Website,49.74,0.021
O007498,2024-01-19,East,Marketplace,179.88,0.045
O007499,2024-02-03,West,Mobile App,111.45,0.026
O007500,2025-12-05,West,Website,169.2,0.021
O007501,2024-01-05,South,Marketplace,90.13,0.045
O007502,2025-07-22,West,Website,60.19,0.021
O007503,2025-03-11,South,Marketplace,74.74,0.045
O007504,2025-09-18,South,Website,74.38,0.021
O007505,2025-07-16,Central,Marketplace,108.04,0.045
O007506,2024-08-11,West,Website,116.18,0.021
O007507,2024-05-30,South,Marketplace,128.9,0.045
O007508,2024-12-08,South,Website,162.04,0.021
O007509,2024-04-02,East,Marketplace,108.49,0.045
O007510,2024-10-31,North,Marketplace,161.32,0.045
O007511,2025-05-31,North,Marketplace,85.68,0.045
O007512,2024-07-20,Central,Marketplace,63.07,0.045
O007513,2025-04-16,North,Website,146.59,0.021
O007514,2025-03-13,Central,Marketplace,116.69,0.045
O007515,2025-10-31,Central,Marketplace,141.69,0.045
O007516,2024-12-19,East,Marketplace,168.56,0.045
O007517,2025-12-18,East,Marketplace,52.24,0.045
O007518,2025-04-16,North,Website,143.89,0.021
O007519,2024-02-21,East,Marketplace,122.09,0.045
O007520,2024-12-19,Central,Website,97.86,0.021
O007521,2024-06-25,South,Mobile App,167.49,0.026
O007522,2024-04-08,North,Website,73.18,0.021
O007523,2025-02-18,West,Marketplace,179.67,0.045
O007524,2025-09-23,South,Mobile App,94.69,0.026
O007525,2025-01-09,South,Website,64.0,0.021
O007526,2025-06-04,East,Website,139.09,0.021
O007527,2024-04-26,North,Website,73.29,0.021
O007528,2025-05-01,South,Mobile App,132.4,0.026
O007529,2024-04-01,West,Mobile App,102.56,0.026
O007530,2024-07-22,South,Mobile App,61.64,0.026
O007531,2024-11-12,South,Mobile App,130.8,0.026
O007532,2024-02-14,South,Marketplace,146.72,0.045
O007533,2024-09-29,East,Marketplace,82.75,0.045
O007534,2025-11-21,South,Website,166.2,0.021
O007535,2024-07-22,West,Website,83.32,0.021
O007536,2024-01-25,West,Marketplace,79.85,0.045
O007537,2025-02-28,East,Marketplace,131.42,0.045
O007538,2025-12-06,Central,Marketplace,139.16,0.045
O007539,2025-02-19,West,Website,94.66,0.021
O007540,2024-03-14,South,Website,55.51,0.021
O007541,2025-09-29,West,Marketplace,151.31,0.045
O007542,2024-01-24,East,Website,107.95,0.021
O007543,2025-04-14,Central,Website,98.52,0.021
O007544,2025-01-07,Central,Mobile App,57.89,0.026
O007545,2024-06-28,East,Marketplace,87.66,0.045
O007546,2024-08-04,South,Website,143.63,0.021
O007547,2025-09-24,East,Mobile App,118.87,0.026
O007548,2024-01-15,North,Marketplace,68.4,0.045
O007549,2025-08-10,East,Marketplace,66.35,0.045
O007550,2025-02-14,West,Mobile App,86.07,0.026
O007551,2025-05-14,East,Marketplace,53.25,0.045
O007552,2024-05-20,West,Website,137.07,0.021
O007553,2025-06-13,South,Website,73.38,0.021
O007554,2025-04-01,East,Marketplace,173.83,0.045
O007555,2024-05-09,West,Mobile App,148.95,0.026
O007556,2024-08-16,South,Marketplace,166.33,0.045
O007557,2024-09-17,Central,Mobile App,171.37,0.026
O007558,2025-11-04,West,Marketplace,149.72,0.045
O007559,2024-08-13,Central,Website,120.27,0.021
O007560,2025-06-02,South,Mobile App,95.13,0.026
O007561,2024-10-04,East,Website,52.13,0.021
O007562,2025-09-21,Central,Mobile App,110.38,0.026
O007563,2024-11-07,South,Marketplace,123.19,0.045
O007564,2025-01-20,West,Mobile App,72.64,0.026
O007565,2024-06-20,Central,Marketplace,116.47,0.045
O007566,2024-02-19,North,Website,99.83,0.021
O007567,2024-08-14,North,Mobile App,139.3,0.026
O007568,2025-12-10,North,Website,131.45,0.021
O007569,2024-08-13,Central,Website,151.81,0.021
O007570,2024-10-08,East,Marketplace,97.48,0.045
O007571,2025-01-23,East,Marketplace,79.45,0.045
O007572,2024-03-07,West,Mobile App,111.9,0.026
O007573,2025-09-21,West,Website,91.61,0.021
O007574,2024-01-11,East,Marketplace,80.82,0.045
O007575,2025-11-21,West,Website,92.36,0.021
O007576,2024-03-12,Central,Website,49.55,0.021
O007577,2025-04-19,West,Website,112.48,0.021
O007578,2025-10-11,West,Mobile App,128.86,0.026
O007579,2025-01-25,East,Website,90.73,0.021
O007580,2025-12-28,Central,Mobile App,93.12,0.026
O007581,2025-04-02,Central,Mobile App,171.85,0.026
O007582,2025-01-07,Central,Marketplace,147.74,0.045
O007583,2024-10-21,Central,Marketplace,120.14,0.045
O007584,2024-07-03,South,Mobile App,114.41,0.026
O007585,2024-10-08,West,Website,101.38,0.021
O007586,2025-03-07,West,Marketplace,144.24,0.045
O007587,2025-06-30,North,Marketplace,152.42,0.045
O007588,2024-03-19,North,Website,55.66,0.021
O007589,2024-05-31,West,Website,90.8,0.021
O007590,2024-08-29,South,Website,145.33,0.021
O007591,2025-04-23,North,Website,70.98,0.021
O007592,2025-08-03,West,Website,139.5,0.021
O007593,2024-05-02,South,Website,173.03,0.021
O007594,2024-08-28,South,Marketplace,149.6,0.045
O007595,2024-06-15,North,Website,53.89,0.021
O007596,2025-09-28,Central,Marketplace,151.13,0.045
O007597,2024-12-09,North,Website,49.84,0.021
O007598,2024-09-29,West,Website,70.08,0.021
O007599,2024-04-19,East,Marketplace,147.75,0.045
O007600,2024-11-30,North,Mobile App,149.18,0.026
O007601,2024-10-31,East,Website,149.16,0.021
O007602,2025-04-30,South,Marketplace,90.28,0.045
O007603,2024-01-22,North,Marketplace,116.68,0.045
O007604,2024-07-09,Central,Marketplace,49.4,0.045
O007605,2025-09-25,East,Mobile App,105.49,0.026
O007606,2024-03-14,South,Marketplace,173.04,0.045
O007607,2025-08-09,Central,Website,177.4,0.021
O007608,2025-11-07,South,Marketplace,178.0,0.045
O007609,2024-03-20,North,Website,124.76,0.021
O007610,2025-06-02,West,Marketplace,156.17,0.045
O007611,2024-11-09,West,Website,77.05,0.021
O007612,2025-05-30,South,Marketplace,144.56,0.045
O007613,2025-12-29,West,Website,57.73,0.021
O007614,2024-01-08,East,Website,83.19,0.021
O007615,2024-07-06,North,Marketplace,151.78,0.045
O007616,2024-03-31,North,Website,50.96,0.021
O007617,2024-06-27,East,Website,147.79,0.021
O007618,2024-10-13,East,Marketplace,133.58,0.045
O007619,2025-06-03,West,Website,110.29,0.021
O007620,2025-06-21,South,Marketplace,85.41,0.045
O007621,2024-09-21,West,Marketplace,144.39,0.045
O007622,2025-12-08,Central,Marketplace,118.3,0.045
O007623,2025-03-29,East,Marketplace,178.27,0.045
O007624,2025-04-02,South,Website,80.92,0.021
O007625,2025-04-22,East,Marketplace,53.49,0.045
O007626,2025-11-07,Central,Mobile App,142.32,0.026
O007627,2024-01-15,West,Website,52.95,0.021
O007628,2024-01-17,West,Website,97.82,0.021
O007629,2024-04-09,South,Marketplace,63.27,0.045
O007630,2025-07-25,Central,Website,169.96,0.021
O007631,2024-01-29,North,Mobile App,136.55,0.026
O007632,2024-03-27,North,Marketplace,96.21,0.045
O007633,2025-08-08,West,Marketplace,120.23,0.045
O007634,2024-12-19,East,Marketplace,164.08,0.045
O007635,2024-09-18,North,Marketplace,69.57,0.045
O007636,2024-07-31,West,Website,177.98,0.021
O007637,2024-09-19,North,Website,110.75,0.021
O007638,2025-06-28,South,Marketplace,74.13,0.045
O007639,2024-01-02,South,Mobile App,162.52,0.026
O007640,2025-11-01,East,Mobile App,54.57,0.026
O007641,2025-06-16,North,Marketplace,168.08,0.045
O007642,2025-03-26,East,Website,138.72,0.021
O007643,2024-01-29,East,Marketplace,60.13,0.045
O007644,2024-12-03,North,Mobile App,110.59,0.026
O007645,2025-08-04,South,Mobile App,156.05,0.026
O007646,2025-08-26,East,Marketplace,102.45,0.045
O007647,2025-08-22,Central,Marketplace,102.5,0.045
O007648,2024-02-10,North,Website,76.11,0.021
O007649,2025-12-23,North,Marketplace,105.13,0.045
O007650,2024-05-12,East,Website,166.24,0.021
O007651,2025-02-04,South,Website,117.26,0.021
O007652,2025-06-29,East,Marketplace,134.54,0.045
O007653,2025-01-15,North,Marketplace,158.57,0.045
O007654,2025-06-01,Central,Marketplace,161.07,0.045
O007655,2024-09-21,West,Mobile App,151.42,0.026
O007656,2025-06-10,North,Marketplace,144.28,0.045
O007657,2024-05-29,Central,Mobile App,138.24,0.026
O007658,2024-03-31,East,Mobile App,82.96,0.026
O007659,2024-03-29,South,Website,121.54,0.021
O007660,2025-06-01,West,Website,84.25,0.021
O007661,2024-08-13,East,Marketplace,94.47,0.045
O007662,2024-01-20,West,Website,120.05,0.021
O007663,2025-05-29,West,Website,83.83,0.021
O007664,2025-11-02,West,Marketplace,93.03,0.045
O007665,2025-12-04,North,Website,94.5,0.021
O007666,2024-02-04,West,Marketplace,60.24,0.045
O007667,2024-03-17,South,Marketplace,163.37,0.045
O007668,2025-09-25,North,Marketplace,124.63,0.045
O007669,2025-10-14,West,Mobile App,137.61,0.026
O007670,2024-02-13,Central,Mobile App,109.78,0.026
O007671,2024-08-13,Central,Mobile App,60.36,0.026
O007672,2024-04-16,Central,Website,101.69,0.021
O007673,2024-05-06,North,Marketplace,132.19,0.045
O007674,2025-10-19,South,Mobile App,164.85,0.026
O007675,2025-07-17,North,Website,150.17,0.021
O007676,2024-03-22,South,Marketplace,61.03,0.045
O007677,2024-12-06,East,Website,113.53,0.021
O007678,2025-04-06,Central,Mobile App,171.17,0.026
O007679,2024-03-24,South,Marketplace,53.85,0.045
O007680,2024-01-23,West,Website,97.98,0.021
O007681,2024-02-23,East,Mobile App,91.53,0.026
O007682,2024-01-09,East,Website,161.27,0.021
O007683,2025-11-05,East,Website,118.03,0.021
O007684,2025-08-04,West,Marketplace,79.62,0.045
O007685,2025-12-20,North,Marketplace,49.31,0.045
O007686,2025-07-26,Central,Marketplace,51.19,0.045
O007687,2024-06-05,South,Website,155.28,0.021
O007688,2024-03-06,East,Marketplace,100.53,0.045
O007689,2024-10-23,West,Mobile App,60.09,0.026
O007690,2025-05-31,North,Website,91.36,0.021
O007691,2024-10-14,Central,Marketplace,128.52,0.045
O007692,2025-03-23,West,Website,113.63,0.021
O007693,2025-07-09,Central,Mobile App,71.58,0.026
O007694,2025-06-01,South,Website,56.45,0.021
O007695,2025-05-04,East,Mobile App,136.74,0.026
O007696,2024-05-11,North,Mobile App,108.72,0.026
O007697,2024-02-16,South,Website,65.77,0.021
O007698,2024-10-15,North,Website,178.52,0.021
O007699,2024-01-10,North,Mobile App,173.53,0.026
O007700,2024-01-18,North,Website,108.07,0.021
O007701,2025-07-29,Central,Mobile App,88.3,0.026
O007702,2025-11-21,West,Website,75.45,0.021
O007703,2024-12-27,Central,Marketplace,147.9,0.045
O007704,2025-10-28,Central,Marketplace,129.21,0.045
O007705,2025-03-04,South,Website,176.89,0.021
O007706,2025-09-19,South,Marketplace,95.3,0.045
O007707,2024-03-23,North,Mobile App,51.26,0.026
O007708,2025-03-08,Central,Mobile App,78.02,0.026
O007709,2024-07-05,East,Website,152.36,0.021
O007710,2025-06-29,West,Marketplace,174.36,0.045
O007711,2025-02-05,West,Mobile App,64.88,0.026
O007712,2024-01-18,East,Website,130.11,0.021
O007713,2025-03-18,East,Marketplace,135.68,0.045
O007714,2024-12-02,North,Mobile App,75.56,0.026
O007715,2024-02-29,North,Mobile App,136.3,0.026
O007716,2025-04-23,West,Website,173.2,0.021
O007717,2025-04-30,Central,Website,92.45,0.021
O007718,2024-04-16,North,Website,137.37,0.021
O007719,2024-10-24,North,Marketplace,115.63,0.045
O007720,2025-08-09,West,Website,163.77,0.021
O007721,2025-02-02,West,Mobile App,176.97,0.026
O007722,2025-08-23,South,Marketplace,97.7,0.045
O007723,2025-11-28,Central,Website,118.18,0.021
O007724,2024-07-31,West,Marketplace,114.45,0.045
O007725,2025-04-20,Central,Website,171.97,0.021
O007726,2024-10-25,Central,Mobile App,126.18,0.026
O007727,2025-04-07,South,Marketplace,86.56,0.045
O007728,2024-09-10,South,Marketplace,89.34,0.045
O007729,2025-10-15,West,Marketplace,174.32,0.045
O007730,2024-09-21,South,Website,161.25,0.021
O007731,2024-07-05,East,Marketplace,131.97,0.045
O007732,2025-07-04,North,Marketplace,55.62,0.045
O007733,2024-04-29,South,Website,133.39,0.021
O007734,2024-04-03,South,Website,133.89,0.021
O007735,2025-08-13,South,Mobile App,95.23,0.026
O007736,2025-04-28,West,Mobile App,153.94,0.026
O007737,2025-05-03,West,Website,167.95,0.021
O007738,2025-06-22,East,Mobile App,68.08,0.026
O007739,2024-01-24,North,Mobile App,130.38,0.026
O007740,2025-08-25,West,Website,67.1,0.021
O007741,2024-07-04,East,Mobile App,167.74,0.026
O007742,2025-10-26,South,Website,91.15,0.021
O007743,2025-08-16,Central,Marketplace,124.77,0.045
O007744,2025-11-25,North,Mobile App,61.59,0.026
O007745,2024-08-11,West,Website,111.01,0.021
O007746,2025-02-10,West,Marketplace,169.26,0.045
O007747,2025-06-30,East,Website,113.5,0.021
O007748,2025-04-19,Central,Website,122.21,0.021
O007749,2024-07-04,Central,Marketplace,132.85,0.045
O007750,2025-10-19,South,Mobile App,56.45,0.026
O007751,2025-11-05,South,Marketplace,127.75,0.045
O007752,2025-02-14,East,Mobile App,90.19,0.026
O007753,2024-05-13,West,Mobile App,61.62,0.026
O007754,2025-07-24,North,Marketplace,82.73,0.045
O007755,2025-05-09,North,Marketplace,97.99,0.045
O007756,2025-03-30,Central,Marketplace,168.04,0.045
O007757,2025-06-30,East,Website,164.5,0.021
O007758,2024-12-10,Central,Marketplace,168.77,0.045
O007759,2024-04-09,South,Marketplace,138.75,0.045
O007760,2024-06-20,South,Mobile App,55.22,0.026
O007761,2024-03-21,Central,Mobile App,90.03,0.026
O007762,2025-06-05,East,Mobile App,143.86,0.026
O007763,2024-09-07,East,Marketplace,110.45,0.045
O007764,2024-04-23,North,Marketplace,86.08,0.045
O007765,2025-02-28,West,Website,125.64,0.021
O007766,2024-11-07,West,Mobile App,86.11,0.026
O007767,2025-09-11,South,Website,158.9,0.021
O007768,2024-03-24,Central,Website,101.16,0.021
O007769,2025-08-19,North,Mobile App,176.99,0.026
O007770,2025-04-07,Central,Website,60.54,0.021
O007771,2024-07-24,North,Website,169.78,0.021
O007772,2024-04-12,Central,Marketplace,94.19,0.045
O007773,2025-11-09,West,Marketplace,165.12,0.045
O007774,2025-03-07,Central,Mobile App,103.08,0.026
O007775,2025-12-21,South,Website,118.05,0.021
O007776,2025-05-22,North,Website,113.85,0.021
O007777,2024-11-03,South,Mobile App,149.64,0.026
O007778,2025-03-08,North,Website,118.44,0.021
O007779,2025-05-26,Central,Website,155.3,0.021
O007780,2025-10-19,East,Marketplace,143.65,0.045
O007781,2024-09-06,North,Website,54.95,0.021
O007782,2024-10-25,East,Mobile App,110.29,0.026
O007783,2024-11-05,Central,Website,106.9,0.021
O007784,2024-01-23,North,Mobile App,134.31,0.026
O007785,2025-12-24,North,Mobile App,142.11,0.026
O007786,2025-10-19,East,Website,161.84,0.021
O007787,2025-01-23,Central,Website,70.18,0.021
O007788,2025-01-25,West,Mobile App,93.01,0.026
O007789,2025-10-26,Central,Marketplace,90.45,0.045
O007790,2025-07-04,South,Marketplace,132.14,0.045
O007791,2025-03-02,East,Mobile App,110.73,0.026
O007792,2025-12-20,East,Mobile App,103.91,0.026
O007793,2024-01-11,North,Website,178.14,0.021
O007794,2024-11-27,West,Mobile App,107.12,0.026
O007795,2025-11-02,South,Website,80.75,0.021
O007796,2024-11-15,East,Marketplace,147.51,0.045
O007797,2025-11-01,West,Marketplace,178.33,0.045
O007798,2025-12-15,West,Website,162.32,0.021
O007799,2024-03-13,East,Mobile App,112.26,0.026
O007800,2024-06-11,East,Website,99.57,0.021
O007801,2024-01-13,North,Marketplace,139.93,0.045
O007802,2024-08-10,Central,Website,84.7,0.021
O007803,2024-03-24,Central,Marketplace,93.68,0.045
O007804,2024-12-29,South,Mobile App,97.53,0.026
O007805,2025-02-17,East,Website,99.84,0.021
O007806,2024-07-24,Central,Marketplace,116.65,0.045
O007807,2024-06-26,East,Website,101.59,0.021
O007808,2024-09-27,East,Website,170.4,0.021
O007809,2024-08-19,West,Website,61.75,0.021
O007810,2024-08-26,West,Marketplace,142.74,0.045
O007811,2025-11-14,East,Mobile App,103.9,0.026
O007812,2024-01-24,North,Marketplace,81.01,0.045
O007813,2024-06-25,Central,Mobile App,130.31,0.026
O007814,2025-06-05,West,Mobile App,88.95,0.026
O007815,2024-02-02,West,Marketplace,164.0,0.045
O007816,2025-12-29,West,Website,120.16,0.021
O007817,2025-09-26,South,Marketplace,129.96,0.045
O007818,2024-08-28,Central,Website,114.83,0.021
O007819,2024-05-31,South,Website,179.17,0.021
O007820,2024-05-26,South,Website,173.74,0.021
O007821,2024-09-12,West,Marketplace,117.3,0.045
O007822,2024-10-29,West,Website,145.44,0.021
O007823,2024-08-30,Central,Marketplace,169.51,0.045
O007824,2025-06-28,East,Marketplace,112.93,0.045
O007825,2025-04-06,West,Website,49.55,0.021
O007826,2025-09-06,North,Website,73.38,0.021
O007827,2024-11-18,North,Marketplace,88.78,0.045
O007828,2025-09-02,Central,Marketplace,101.82,0.045
O007829,2025-01-08,North,Mobile App,57.83,0.026
O007830,2024-11-16,South,Website,52.83,0.021
O007831,2024-09-09,West,Mobile App,107.31,0.026
O007832,2024-02-07,South,Marketplace,136.44,0.045
O007833,2025-07-07,East,Website,89.03,0.021
O007834,2024-02-08,Central,Mobile App,70.32,0.026
O007835,2024-02-02,Central,Mobile App,103.33,0.026
O007836,2025-12-22,North,Mobile App,105.4,0.026
O007837,2024-03-23,Central,Mobile App,53.2,0.026
O007838,2024-12-08,East,Mobile App,163.5,0.026
O007839,2025-05-28,South,Marketplace,163.29,0.045
O007840,2024-07-13,South,Website,124.76,0.021
O007841,2024-11-11,South,Marketplace,73.21,0.045
O007842,2024-06-10,South,Mobile App,119.15,0.026
O007843,2025-01-02,East,Marketplace,100.31,0.045
O007844,2024-01-17,South,Website,155.22,0.021
O007845,2024-12-12,Central,Website,154.85,0.021
O007846,2024-08-16,East,Marketplace,175.15,0.045
O007847,2024-07-10,West,Mobile App,71.27,0.026
O007848,2024-04-24,West,Mobile App,59.88,0.026
O007849,2025-06-02,East,Website,140.47,0.021
O007850,2024-09-27,Central,Mobile App,153.39,0.026
O007851,2025-06-13,West,Marketplace,104.98,0.045
O007852,2024-11-28,North,Website,114.72,0.021
O007853,2025-05-25,Central,Mobile App,122.01,0.026
O007854,2024-08-17,West,Website,137.2,0.021
O007855,2024-02-17,Central,Website,82.15,0.021
O007856,2025-06-27,East,Marketplace,49.25,0.045
O007857,2025-10-23,East,Website,134.77,0.021
O007858,2024-01-12,North,Marketplace,151.12,0.045
O007859,2025-08-21,West,Mobile App,87.7,0.026
O007860,2025-12-04,West,Website,68.9,0.021
O007861,2025-03-15,West,Website,95.58,0.021
O007862,2024-10-14,East,Mobile App,70.59,0.026
O007863,2024-06-25,West,Marketplace,139.61,0.045
O007864,2024-02-16,West,Mobile App,101.04,0.026
O007865,2024-09-30,East,Marketplace,50.09,0.045
O007866,2024-04-25,East,Marketplace,170.56,0.045
O007867,2024-08-31,South,Website,136.71,0.021
O007868,2024-02-14,North,Website,103.23,0.021
O007869,2024-02-05,Central,Website,123.67,0.021
O007870,2024-08-13,Central,Mobile App,146.09,0.026
O007871,2024-10-24,North,Marketplace,63.58,0.045
O007872,2024-10-30,Central,Marketplace,157.01,0.045
O007873,2025-02-16,East,Website,108.89,0.021
O007874,2024-06-03,Central,Marketplace,63.85,0.045
O007875,2024-07-11,North,Website,162.53,0.021
O007876,2025-08-13,North,Mobile App,143.72,0.026
O007877,2025-04-04,Central,Marketplace,89.61,0.045
O007878,2024-06-13,East,Website,104.38,0.021
O007879,2025-01-04,Central,Marketplace,100.63,0.045
O007880,2024-08-03,West,Website,120.49,0.021
O007881,2024-02-01,South,Marketplace,98.91,0.045
O007882,2025-01-05,Central,Website,134.88,0.021
O007883,2024-10-02,Central,Mobile App,94.1,0.026
O007884,2025-08-19,North,Website,87.32,0.021
O007885,2024-10-05,South,Marketplace,96.33,0.045
O007886,2024-02-11,East,Website,67.47,0.021
O007887,2025-05-31,North,Marketplace,88.37,0.045
O007888,2025-08-04,West,Website,74.66,0.021
O007889,2024-06-25,Central,Marketplace,54.46,0.045
O007890,2025-08-24,West,Website,153.97,0.021
O007891,2025-07-11,South,Marketplace,158.34,0.045
O007892,2024-04-04,Central,Website,77.76,0.021
O007893,2025-11-09,South,Mobile App,84.45,0.026
O007894,2025-01-15,South,Website,72.86,0.021
O007895,2024-12-04,North,Mobile App,80.94,0.026
O007896,2024-03-09,South,Website,155.58,0.021
O007897,2024-05-22,Central,Marketplace,68.6,0.045
O007898,2025-03-20,East,Marketplace,83.91,0.045
O007899,2024-10-16,East,Marketplace,174.66,0.045
O007900,2025-01-27,Central,Website,91.28,0.021
O007901,2025-04-22,South,Website,111.26,0.021
O007902,2024-08-16,East,Website,113.79,0.021
O007903,2025-03-12,Central,Marketplace,78.81,0.045
O007904,2025-11-01,South,Website,57.23,0.021
O007905,2024-07-18,North,Website,176.91,0.021
O007906,2024-09-23,North,Website,76.08,0.021
O007907,2024-09-26,South,Mobile App,114.34,0.026
O007908,2024-12-20,West,Marketplace,162.58,0.045
O007909,2025-06-26,North,Marketplace,159.16,0.045
O007910,2025-11-17,South,Website,161.95,0.021
O007911,2025-05-25,East,Marketplace,64.42,0.045
O007912,2024-06-19,West,Mobile App,74.14,0.026
O007913,2024-01-03,West,Marketplace,169.55,0.045
O007914,2025-05-12,West,Website,179.56,0.021
O007915,2025-03-05,West,Marketplace,169.9,0.045
O007916,2025-02-23,South,Marketplace,119.84,0.045
O007917,2024-10-28,North,Marketplace,159.73,0.045
O007918,2025-12-28,Central,Mobile App,122.36,0.026
O007919,2024-12-10,West,Mobile App,162.01,0.026
O007920,2025-05-08,North,Website,156.65,0.021
O007921,2025-11-04,West,Marketplace,75.17,0.045
O007922,2025-08-25,East,Website,115.56,0.021
O007923,2025-03-29,East,Marketplace,177.81,0.045
O007924,2025-08-03,East,Website,130.41,0.021
O007925,2025-12-28,Central,Marketplace,154.48,0.045
O007926,2024-03-17,Central,Website,62.09,0.021
O007927,2025-12-11,East,Marketplace,72.63,0.045
O007928,2024-04-15,East,Marketplace,49.51,0.045
O007929,2024-12-06,East,Mobile App,54.3,0.026
O007930,2024-03-21,East,Website,132.37,0.021
O007931,2024-01-31,East,Mobile App,59.91,0.026
O007932,2024-05-20,South,Mobile App,72.31,0.026
O007933,2024-02-20,South,Marketplace,158.75,0.045
O007934,2024-07-14,East,Marketplace,110.75,0.045
O007935,2025-01-14,Central,Website,71.99,0.021
O007936,2024-09-29,North,Website,75.48,0.021
O007937,2025-02-14,East,Website,179.12,0.021
O007938,2025-04-28,East,Marketplace,136.19,0.045
O007939,2024-04-03,Central,Mobile App,121.59,0.026
O007940,2025-02-26,South,Website,92.16,0.021
O007941,2024-12-22,East,Mobile App,158.93,0.026
O007942,2024-08-21,Central,Marketplace,106.42,0.045
O007943,2024-04-20,North,Website,117.06,0.021
O007944,2024-08-31,East,Marketplace,159.46,0.045
O007945,2025-11-14,South,Marketplace,69.18,0.045
O007946,2025-01-29,South,Marketplace,126.3,0.045
O007947,2025-07-18,South,Marketplace,130.42,0.045
O007948,2024-11-30,East,Website,126.04,0.021
O007949,2024-06-14,South,Marketplace,67.74,0.045
O007950,2024-02-03,North,Marketplace,153.6,0.045
O007951,2024-09-12,Central,Mobile App,82.03,0.026
O007952,2025-02-11,East,Mobile App,162.93,0.026
O007953,2025-01-07,Central,Website,122.88,0.021
O007954,2025-01-05,North,Mobile App,82.23,0.026
O007955,2024-06-18,South,Marketplace,146.65,0.045
O007956,2024-02-06,Central,Marketplace,52.17,0.045
O007957,2024-02-25,East,Mobile App,158.62,0.026
O007958,2024-04-09,South,Marketplace,117.27,0.045
O007959,2025-11-14,North,Marketplace,124.53,0.045
O007960,2024-03-20,North,Marketplace,136.08,0.045
O007961,2024-07-27,North,Mobile App,139.33,0.026
O007962,2024-08-26,South,Mobile App,51.12,0.026
O007963,2024-06-24,West,Mobile App,122.48,0.026
O007964,2024-06-16,North,Mobile App,107.22,0.026
O007965,2025-12-01,South,Marketplace,108.14,0.045
O007966,2025-01-21,East,Marketplace,103.57,0.045
O007967,2024-04-05,Central,Marketplace,108.0,0.045
O007968,2024-03-02,South,Website,60.88,0.021
O007969,2024-01-16,East,Website,131.49,0.021
O007970,2025-10-04,South,Website,158.34,0.021
O007971,2024-04-19,West,Mobile App,101.13,0.026
O007972,2024-10-27,Central,Mobile App,78.1,0.026
O007973,2025-06-25,West,Marketplace,170.5,0.045
O007974,2024-01-03,West,Mobile App,87.33,0.026
O007975,2024-04-03,West,Mobile App,78.44,0.026
O007976,2025-05-30,North,Marketplace,170.24,0.045
O007977,2025-10-11,North,Website,139.51,0.021
O007978,2025-02-13,South,Mobile App,142.86,0.026
O007979,2025-05-18,South,Marketplace,159.22,0.045
O007980,2024-12-16,East,Mobile App,175.71,0.026
O007981,2024-04-17,North,Marketplace,129.43,0.045
O007982,2024-10-28,South,Website,59.61,0.021
O007983,2024-02-13,Central,Marketplace,135.48,0.045
O007984,2025-08-02,Central,Website,81.25,0.021
O007985,2025-06-02,North,Website,177.26,0.021
O007986,2025-12-26,East,Website,63.92,0.021
O007987,2024-02-21,Central,Mobile App,102.18,0.026
O007988,2025-09-10,Central,Website,108.83,0.021
O007989,2024-09-23,West,Website,82.38,0.021
O007990,2025-12-20,South,Website,170.53,0.021
O007991,2025-05-21,West,Marketplace,171.93,0.045
O007992,2024-02-23,Central,Website,78.03,0.021
O007993,2025-03-28,West,Website,52.06,0.021
O007994,2025-11-19,East,Mobile App,162.31,0.026
O007995,2024-03-31,East,Mobile App,58.15,0.026
O007996,2024-03-08,West,Marketplace,82.7,0.045
O007997,2025-06-05,Central,Marketplace,119.26,0.045
O007998,2024-05-31,East,Website,79.1,0.021
O007999,2024-09-20,East,Website,126.53,0.021
O008000,2025-01-18,South,Marketplace,150.91,0.045
O008001,2025-07-26,South,Website,98.51,0.021
O008002,2024-05-29,South,Website,137.32,0.021
O008003,2025-07-29,East,Marketplace,63.7,0.045
O008004,2025-05-21,South,Mobile App,148.83,0.026
O008005,2024-06-21,West,Website,52.22,0.021
O008006,2024-12-26,North,Website,126.98,0.021
O008007,2025-01-30,North,Website,51.26,0.021
O008008,2024-02-04,East,Website,173.01,0.021
O008009,2024-02-08,North,Website,112.02,0.021
O008010,2025-12-18,South,Website,136.08,0.021
O008011,2024-08-31,North,Website,82.91,0.021
O008012,2025-07-16,East,Mobile App,177.17,0.026
O008013,2025-10-21,South,Marketplace,142.26,0.045
O008014,2024-05-28,North,Marketplace,101.5,0.045
O008015,2024-01-02,Central,Marketplace,51.44,0.045
O008016,2024-12-02,South,Marketplace,65.43,0.045
O008017,2024-10-30,Central,Mobile App,112.81,0.026
O008018,2024-09-01,West,Marketplace,103.52,0.045
O008019,2025-01-27,Central,Website,175.34,0.021
O008020,2025-09-20,East,Mobile App,52.63,0.026
O008021,2024-05-15,South,Marketplace,132.84,0.045
O008022,2024-12-29,East,Website,151.23,0.021
O008023,2024-04-26,North,Marketplace,151.15,0.045
O008024,2024-04-12,South,Website,58.59,0.021
O008025,2025-01-01,West,Website,108.56,0.021
O008026,2025-06-27,East,Website,51.47,0.021
O008027,2024-03-06,North,Website,166.73,0.021
O008028,2025-01-21,Central,Mobile App,176.06,0.026
O008029,2025-06-26,North,Marketplace,133.99,0.045
O008030,2025-11-14,North,Mobile App,156.28,0.026
O008031,2024-01-27,Central,Marketplace,100.28,0.045
O008032,2025-06-20,North,Mobile App,148.07,0.026
O008033,2025-10-17,East,Mobile App,55.99,0.026
O008034,2025-08-15,East,Mobile App,152.9,0.026
O008035,2025-08-06,South,Website,91.05,0.021
O008036,2024-11-12,South,Marketplace,114.33,0.045
O008037,2024-12-08,West,Website,95.03,0.021
O008038,2024-06-13,Central,Marketplace,114.53,0.045
O008039,2024-03-26,South,Website,144.21,0.021
O008040,2024-04-04,West,Website,155.5,0.021
O008041,2025-11-11,Central,Website,168.27,0.021
O008042,2024-03-08,North,Website,68.99,0.021
O008043,2025-09-05,Central,Mobile App,163.32,0.026
O008044,2025-02-23,West,Mobile App,90.71,0.026
O008045,2024-08-04,Central,Website,143.08,0.021
O008046,2025-11-30,West,Mobile App,150.3,0.026
O008047,2025-09-20,East,Website,126.62,0.021
O008048,2024-04-02,Central,Marketplace,179.13,0.045
O008049,2025-06-04,West,Marketplace,155.4,0.045
O008050,2025-08-27,South,Mobile App,139.49,0.026
O008051,2024-12-10,North,Marketplace,175.6,0.045
O008052,2025-12-14,East,Website,57.99,0.021
O008053,2025-09-10,North,Website,83.0,0.021
O008054,2024-04-17,North,Website,67.07,0.021
O008055,2025-06-11,Central,Website,165.6,0.021
O008056,2024-07-19,East,Marketplace,56.31,0.045
O008057,2025-09-07,Central,Marketplace,72.67,0.045
O008058,2024-12-12,West,Marketplace,62.32,0.045
O008059,2025-10-19,West,Mobile App,94.82,0.026
O008060,2024-08-01,South,Marketplace,70.84,0.045
O008061,2024-03-24,South,Mobile App,151.03,0.026
O008062,2025-05-19,West,Website,160.99,0.021
O008063,2024-01-18,Central,Website,121.36,0.021
O008064,2025-08-26,East,Marketplace,117.68,0.045
O008065,2024-08-21,West,Website,114.53,0.021
O008066,2024-12-29,East,Website,81.17,0.021
O008067,2025-02-08,South,Mobile App,83.96,0.026
O008068,2025-05-25,South,Marketplace,122.71,0.045
O008069,2024-02-06,Central,Marketplace,78.23,0.045
O008070,2025-01-06,South,Website,173.73,0.021
O008071,2025-08-05,East,Marketplace,66.16,0.045
O008072,2024-03-24,South,Website,53.53,0.021
O008073,2025-08-05,South,Marketplace,99.57,0.045
O008074,2024-08-08,East,Marketplace,125.24,0.045
O008075,2024-03-19,West,Marketplace,139.4,0.045
O008076,2025-04-29,Central,Marketplace,70.77,0.045
O008077,2025-07-29,South,Marketplace,139.53,0.045
O008078,2025-12-02,South,Website,50.54,0.021
O008079,2025-04-12,Central,Mobile App,106.23,0.026
O008080,2025-09-18,West,Website,174.72,0.021
O008081,2024-04-17,South,Marketplace,144.27,0.045
O008082,2025-01-10,North,Marketplace,87.24,0.045
O008083,2025-02-09,Central,Mobile App,89.83,0.026
O008084,2025-05-22,Central,Website,90.41,0.021
O008085,2024-07-21,East,Website,62.83,0.021
O008086,2024-11-16,Central,Website,109.6,0.021
O008087,2024-05-30,Central,Website,155.73,0.021
O008088,2024-09-14,North,Website,138.92,0.021
O008089,2024-01-01,East,Marketplace,73.03,0.045
O008090,2025-03-02,Central,Mobile App,144.8,0.026
O008091,2025-03-27,West,Mobile App,89.03,0.026
O008092,2025-10-14,Central,Website,52.0,0.021
O008093,2025-04-17,North,Marketplace,69.94,0.045
O008094,2025-08-20,Central,Website,73.43,0.021
O008095,2024-02-14,South,Mobile App,148.15,0.026
O008096,2024-10-22,South,Website,110.88,0.021
O008097,2024-04-10,West,Website,163.87,0.021
O008098,2024-04-22,North,Mobile App,97.59,0.026
O008099,2025-11-13,Central,Website,169.45,0.021
O008100,2025-01-20,West,Website,137.77,0.021
O008101,2024-03-14,West,Website,52.62,0.021
O008102,2025-12-21,East,Website,124.37,0.021
O008103,2024-03-25,West,Website,96.72,0.021
O008104,2024-07-29,West,Website,156.93,0.021
O008105,2024-11-26,East,Marketplace,55.3,0.045
O008106,2024-02-26,Central,Marketplace,55.17,0.045
O008107,2025-03-04,South,Mobile App,139.11,0.026
O008108,2025-09-28,Central,Mobile App,134.2,0.026
O008109,2024-09-01,East,Website,142.63,0.021
O008110,2024-03-20,West,Mobile App,139.36,0.026
O008111,2025-06-09,West,Mobile App,67.74,0.026
O008112,2025-03-29,East,Marketplace,140.77,0.045
O008113,2024-08-20,East,Marketplace,107.87,0.045
O008114,2025-10-11,North,Marketplace,170.94,0.045
O008115,2025-03-09,Central,Website,148.71,0.021
O008116,2025-12-15,East,Mobile App,161.55,0.026
O008117,2024-09-24,Central,Marketplace,114.34,0.045
O008118,2024-11-26,East,Marketplace,179.8,0.045
O008119,2024-07-12,Central,Mobile App,92.3,0.026
O008120,2025-06-23,East,Website,137.48,0.021
O008121,2025-03-08,South,Mobile App,69.95,0.026
O008122,2025-01-05,Central,Marketplace,98.58,0.045
O008123,2024-05-04,Central,Website,54.3,0.021
O008124,2024-04-12,South,Marketplace,51.04,0.045
O008125,2025-10-02,North,Marketplace,86.32,0.045
O008126,2025-06-21,South,Marketplace,104.45,0.045
O008127,2025-06-06,East,Mobile App,149.0,0.026
O008128,2024-08-05,South,Mobile App,80.43,0.026
O008129,2024-03-01,West,Marketplace,125.07,0.045
O008130,2025-06-08,South,Website,178.56,0.021
O008131,2024-03-23,South,Mobile App,121.33,0.026
O008132,2025-02-13,West,Website,133.03,0.021
O008133,2025-11-16,East,Mobile App,140.99,0.026
O008134,2025-10-10,South,Mobile App,62.83,0.026
O008135,2024-10-23,Central,Marketplace,71.37,0.045
O008136,2025-08-11,East,Mobile App,75.41,0.026
O008137,2025-11-21,South,Website,145.63,0.021
O008138,2025-07-14,South,Mobile App,133.46,0.026
O008139,2024-03-28,South,Marketplace,164.56,0.045
O008140,2024-08-31,Central,Marketplace,66.49,0.045
O008141,2024-07-14,West,Marketplace,149.97,0.045
O008142,2024-04-22,West,Marketplace,61.71,0.045
O008143,2024-01-01,North,Mobile App,161.68,0.026
O008144,2024-01-12,Central,Marketplace,163.98,0.045
O008145,2025-07-08,North,Mobile App,147.86,0.026
O008146,2024-08-04,South,Marketplace,63.91,0.045
O008147,2025-02-20,West,Mobile App,53.75,0.026
O008148,2024-04-10,South,Marketplace,142.15,0.045
O008149,2024-06-05,East,Marketplace,149.96,0.045
O008150,2024-12-18,North,Website,89.07,0.021
O008151,2025-06-15,West,Website,79.87,0.021
O008152,2024-01-08,Central,Marketplace,114.5,0.045
O008153,2024-07-09,North,Marketplace,67.34,0.045
O008154,2024-06-25,East,Website,49.18,0.021
O008155,2024-05-21,South,Website,105.38,0.021
O008156,2024-04-22,West,Mobile App,63.02,0.026
O008157,2025-10-05,West,Mobile App,135.41,0.026
O008158,2024-08-12,South,Mobile App,74.13,0.026
O008159,2024-04-25,North,Website,150.47,0.021
O008160,2024-09-10,North,Website,99.15,0.021
O008161,2025-12-20,North,Marketplace,174.83,0.045
O008162,2025-12-20,North,Marketplace,78.37,0.045
O008163,2025-02-13,South,Marketplace,73.25,0.045
O008164,2024-10-13,West,Website,75.59,0.021
O008165,2025-03-16,East,Website,112.2,0.021
O008166,2025-06-20,North,Marketplace,56.95,0.045
O008167,2024-05-24,Central,Mobile App,141.7,0.026
O008168,2024-03-07,Central,Mobile App,153.39,0.026
O008169,2025-12-17,West,Marketplace,94.45,0.045
O008170,2025-01-30,South,Website,133.66,0.021
O008171,2024-01-30,South,Website,158.32,0.021
O008172,2024-09-16,South,Website,164.18,0.021
O008173,2024-11-25,North,Website,55.06,0.021
O008174,2025-05-20,Central,Website,126.43,0.021
O008175,2024-09-25,South,Marketplace,59.23,0.045
O008176,2025-09-13,East,Mobile App,156.3,0.026
O008177,2024-06-27,Central,Marketplace,161.48,0.045
O008178,2025-11-01,East,Mobile App,111.6,0.026
O008179,2025-10-24,South,Marketplace,60.55,0.045
O008180,2025-12-21,East,Marketplace,139.56,0.045
O008181,2025-08-02,North,Marketplace,68.64,0.045
O008182,2025-12-31,West,Website,145.02,0.021
O008183,2024-07-19,West,Website,107.87,0.021
O008184,2024-07-08,North,Mobile App,133.17,0.026
O008185,2025-01-02,South,Mobile App,127.59,0.026
O008186,2024-09-04,East,Mobile App,151.47,0.026
O008187,2024-12-29,South,Mobile App,160.1,0.026
O008188,2024-12-12,East,Marketplace,61.21,0.045
O008189,2024-05-11,Central,Marketplace,66.07,0.045
O008190,2024-03-08,South,Website,94.34,0.021
O008191,2025-09-15,West,Website,155.21,0.021
O008192,2025-08-30,Central,Marketplace,179.06,0.045
O008193,2024-09-25,South,Mobile App,130.95,0.026
O008194,2024-07-06,North,Marketplace,67.56,0.045
O008195,2024-11-10,West,Marketplace,157.97,0.045
O008196,2025-11-29,North,Website,61.46,0.021
O008197,2024-01-13,Central,Website,95.15,0.021
O008198,2025-10-24,North,Marketplace,173.63,0.045
O008199,2024-02-14,East,Marketplace,172.1,0.045
O008200,2025-08-14,Central,Website,83.4,0.021
O008201,2025-11-13,East,Website,149.87,0.021
O008202,2024-11-20,Central,Website,171.04,0.021
O008203,2025-04-26,West,Website,162.52,0.021
O008204,2024-05-25,South,Website,71.64,0.021
O008205,2025-02-04,North,Mobile App,61.74,0.026
O008206,2025-12-03,North,Mobile App,82.79,0.026
O008207,2025-02-28,East,Marketplace,147.42,0.045
O008208,2025-08-12,East,Marketplace,87.9,0.045
O008209,2024-10-15,North,Marketplace,112.82,0.045
O008210,2024-03-24,North,Website,147.96,0.021
O008211,2025-11-07,West,Mobile App,76.31,0.026
O008212,2025-10-31,Central,Marketplace,98.63,0.045
O008213,2025-07-27,Central,Mobile App,141.04,0.026
O008214,2024-09-19,East,Marketplace,49.57,0.045
O008215,2025-10-11,South,Marketplace,175.98,0.045
O008216,2024-10-01,East,Marketplace,92.87,0.045
O008217,2025-11-27,North,Marketplace,146.41,0.045
O008218,2025-02-20,West,Marketplace,126.07,0.045
O008219,2025-09-27,Central,Marketplace,157.91,0.045
O008220,2024-12-18,South,Marketplace,147.01,0.045
O008221,2025-05-04,East,Marketplace,115.19,0.045
O008222,2024-11-29,North,Website,69.19,0.021
O008223,2024-09-18,East,Website,49.64,0.021
O008224,2024-02-03,North,Website,87.65,0.021
O008225,2025-05-29,South,Marketplace,84.75,0.045
O008226,2024-05-26,South,Marketplace,141.74,0.045
O008227,2024-05-17,South,Website,172.31,0.021
O008228,2025-12-21,South,Website,67.11,0.021
O008229,2025-04-21,South,Website,140.09,0.021
O008230,2025-08-17,South,Website,87.43,0.021
O008231,2025-07-25,East,Mobile App,156.35,0.026
O008232,2024-02-06,South,Website,119.13,0.021
O008233,2025-04-17,South,Mobile App,158.87,0.026
O008234,2024-02-18,South,Marketplace,75.21,0.045
O008235,2024-08-02,South,Website,89.2,0.021
O008236,2024-07-15,East,Mobile App,159.26,0.026
O008237,2025-08-28,West,Marketplace,162.88,0.045
O008238,2024-06-22,Central,Website,115.3,0.021
O008239,2025-01-09,Central,Mobile App,56.69,0.026
O008240,2025-11-08,South,Marketplace,126.82,0.045
O008241,2025-11-22,North,Website,90.9,0.021
O008242,2025-08-10,West,Website,57.37,0.021
O008243,2025-03-09,East,Mobile App,113.62,0.026
O008244,2025-11-24,West,Marketplace,57.0,0.045
O008245,2024-05-04,North,Marketplace,91.37,0.045
O008246,2024-10-05,Central,Marketplace,83.58,0.045
O008247,2024-04-04,East,Marketplace,150.65,0.045
O008248,2025-04-11,East,Website,85.27,0.021
O008249,2025-07-05,South,Marketplace,90.83,0.045
O008250,2024-06-14,Central,Marketplace,140.71,0.045
O008251,2025-02-13,East,Website,150.31,0.021
O008252,2025-05-12,West,Website,129.76,0.021
O008253,2025-08-05,West,Website,74.08,0.021
O008254,2025-07-18,North,Marketplace,148.96,0.045
O008255,2025-10-16,South,Website,78.45,0.021
O008256,2025-01-10,Central,Mobile App,101.65,0.026
O008257,2024-07-25,East,Mobile App,117.24,0.026
O008258,2025-10-20,Central,Marketplace,59.82,0.045
O008259,2025-12-20,West,Marketplace,86.35,0.045
O008260,2025-02-17,Central,Marketplace,177.79,0.045
O008261,2025-09-05,South,Marketplace,75.01,0.045
O008262,2025-02-11,West,Website,80.79,0.021
O008263,2025-01-12,West,Website,111.28,0.021
O008264,2025-12-16,South,Website,159.46,0.021
O008265,2025-03-10,South,Website,130.55,0.021
O008266,2024-06-01,West,Mobile App,176.27,0.026
O008267,2025-09-18,South,Marketplace,126.96,0.045
O008268,2025-09-24,North,Mobile App,140.39,0.026
O008269,2024-07-19,South,Mobile App,119.99,0.026
O008270,2025-05-21,East,Mobile App,94.21,0.026
O008271,2024-05-27,South,Mobile App,91.6,0.026
O008272,2025-03-22,South,Mobile App,101.02,0.026
O008273,2025-07-10,South,Mobile App,58.05,0.026
O008274,2025-02-20,East,Marketplace,118.23,0.045
O008275,2024-10-15,West,Mobile App,134.6,0.026
O008276,2024-08-03,West,Mobile App,95.83,0.026
O008277,2025-11-02,South,Mobile App,132.88,0.026
O008278,2024-07-16,North,Mobile App,130.37,0.026
O008279,2024-03-05,East,Mobile App,77.9,0.026
O008280,2025-02-16,South,Mobile App,161.3,0.026
O008281,2025-06-24,West,Marketplace,62.96,0.045
O008282,2024-01-06,Central,Website,167.66,0.021
O008283,2024-06-17,East,Website,66.55,0.021
O008284,2024-05-31,North,Marketplace,70.71,0.045
O008285,2024-03-31,East,Marketplace,69.76,0.045
O008286,2025-11-18,East,Website,151.98,0.021
O008287,2025-12-05,East,Website,170.35,0.021
O008288,2024-12-26,South,Mobile App,118.99,0.026
O008289,2024-10-12,North,Website,54.76,0.021
O008290,2025-05-18,East,Website,167.04,0.021
O008291,2025-05-22,West,Marketplace,59.07,0.045
O008292,2025-07-29,West,Website,54.61,0.021
O008293,2025-02-08,West,Website,132.46,0.021
O008294,2024-03-08,East,Marketplace,152.5,0.045
O008295,2025-04-07,Central,Marketplace,74.67,0.045
O008296,2025-03-04,Central,Website,157.44,0.021
O008297,2024-09-13,West,Marketplace,65.13,0.045
O008298,2025-02-19,North,Marketplace,140.18,0.045
O008299,2025-09-03,East,Mobile App,171.24,0.026
O008300,2024-05-19,North,Website,57.9,0.021
O008301,2025-08-22,North,Mobile App,67.24,0.026
O008302,2025-03-13,East,Mobile App,163.45,0.026
O008303,2024-07-29,South,Marketplace,143.21,0.045
O008304,2024-01-08,East,Mobile App,74.6,0.026
O008305,2024-06-06,East,Marketplace,74.67,0.045
O008306,2024-05-09,South,Website,121.5,0.021
O008307,2025-07-10,East,Mobile App,154.46,0.026
O008308,2024-11-02,North,Website,109.28,0.021
O008309,2025-11-03,West,Mobile App,144.55,0.026
O008310,2024-04-17,North,Website,110.69,0.021
O008311,2024-03-19,South,Marketplace,70.81,0.045
O008312,2025-05-27,North,Marketplace,175.6,0.045
O008313,2025-11-01,South,Marketplace,50.33,0.045
O008314,2025-06-26,South,Mobile App,111.3,0.026
O008315,2025-06-03,South,Mobile App,114.04,0.026
O008316,2025-05-06,North,Website,52.95,0.021
O008317,2024-02-11,North,Mobile App,90.19,0.026
O008318,2024-04-06,Central,Website,173.87,0.021
O008319,2024-11-13,West,Mobile App,158.19,0.026
O008320,2024-07-17,East,Website,80.23,0.021
O008321,2024-05-03,Central,Mobile App,65.55,0.026
O008322,2025-03-07,South,Mobile App,72.95,0.026
O008323,2025-05-19,South,Mobile App,65.6,0.026
O008324,2025-07-11,South,Marketplace,117.27,0.045
O008325,2025-01-19,North,Mobile App,54.92,0.026
O008326,2024-09-23,North,Website,79.69,0.021
O008327,2024-10-11,Central,Marketplace,80.47,0.045
O008328,2025-02-20,West,Website,141.81,0.021
O008329,2025-12-06,North,Marketplace,106.37,0.045
O008330,2024-12-08,Central,Mobile App,162.28,0.026
O008331,2024-08-11,West,Marketplace,50.87,0.045
O008332,2024-07-04,North,Marketplace,80.31,0.045
O008333,2025-06-29,South,Website,50.11,0.021
O008334,2025-07-29,Central,Website,177.63,0.021
O008335,2024-06-19,West,Marketplace,158.1,0.045
O008336,2025-11-15,East,Marketplace,64.56,0.045
O008337,2024-10-22,West,Marketplace,108.75,0.045
O008338,2024-12-10,South,Mobile App,107.43,0.026
O008339,2025-09-21,Central,Website,108.14,0.021
O008340,2024-07-05,West,Marketplace,112.22,0.045
O008341,2024-05-05,West,Website,96.87,0.021
O008342,2025-10-07,West,Marketplace,174.6,0.045
O008343,2024-11-15,North,Mobile App,179.22,0.026
O008344,2024-12-26,North,Website,58.19,0.021
O008345,2025-01-30,South,Website,113.95,0.021
O008346,2024-12-01,South,Mobile App,137.48,0.026
O008347,2024-01-09,East,Marketplace,105.43,0.045
O008348,2025-03-08,West,Marketplace,145.06,0.045
O008349,2024-04-05,South,Website,80.63,0.021
O008350,2024-04-03,South,Marketplace,83.46,0.045
O008351,2024-02-24,Central,Website,73.65,0.021
O008352,2024-06-05,West,Website,150.13,0.021
O008353,2024-06-10,West,Marketplace,137.74,0.045
O008354,2025-07-07,West,Mobile App,89.23,0.026
O008355,2024-03-21,Central,Website,103.35,0.021
O008356,2025-10-15,East,Mobile App,115.45,0.026
O008357,2025-08-05,West,Mobile App,140.68,0.026
O008358,2024-01-16,West,Marketplace,84.96,0.045
O008359,2024-07-26,South,Website,82.49,0.021
O008360,2025-02-19,West,Marketplace,132.37,0.045
O008361,2025-08-08,South,Marketplace,59.27,0.045
O008362,2025-03-28,Central,Marketplace,56.48,0.045
O008363,2024-10-07,South,Website,53.04,0.021
O008364,2025-05-06,North,Marketplace,58.91,0.045
O008365,2024-05-08,Central,Marketplace,56.76,0.045
O008366,2025-06-30,South,Website,94.72,0.021
O008367,2024-12-25,South,Marketplace,91.08,0.045
O008368,2024-05-27,South,Mobile App,119.72,0.026
O008369,2025-11-11,South,Marketplace,152.66,0.045
O008370,2024-05-01,East,Marketplace,116.86,0.045
O008371,2025-06-26,South,Website,123.0,0.021
O008372,2024-02-23,West,Marketplace,148.81,0.045
O008373,2024-03-22,East,Website,63.96,0.021
O008374,2024-05-09,North,Mobile App,104.99,0.026
O008375,2025-02-27,North,Mobile App,146.76,0.026
O008376,2024-02-15,North,Marketplace,122.06,0.045
O008377,2025-07-07,Central,Mobile App,150.59,0.026
O008378,2024-05-07,East,Website,146.13,0.021
O008379,2024-10-01,North,Marketplace,127.88,0.045
O008380,2025-11-22,East,Website,124.62,0.021
O008381,2025-11-16,South,Website,93.92,0.021
O008382,2024-06-02,North,Marketplace,105.69,0.045
O008383,2025-01-23,South,Marketplace,138.74,0.045
O008384,2024-11-20,East,Website,91.26,0.021
O008385,2024-03-04,North,Marketplace,65.03,0.045
O008386,2024-12-18,Central,Mobile App,154.85,0.026
O008387,2024-04-23,Central,Website,138.98,0.021
O008388,2025-04-05,South,Website,169.11,0.021
O008389,2025-02-16,East,Website,101.19,0.021
O008390,2024-01-06,North,Website,148.03,0.021
O008391,2025-06-22,South,Website,67.43,0.021
O008392,2025-04-16,West,Marketplace,153.03,0.045
O008393,2025-04-26,East,Marketplace,57.05,0.045
O008394,2024-06-15,East,Marketplace,105.79,0.045
O008395,2025-12-19,East,Website,135.4,0.021
O008396,2025-10-31,North,Mobile App,125.27,0.026
O008397,2024-06-22,North,Website,155.86,0.021
O008398,2025-12-06,West,Website,155.57,0.021
O008399,2024-05-12,East,Marketplace,173.34,0.045
O008400,2024-07-13,West,Marketplace,129.21,0.045
O008401,2025-11-18,Central,Marketplace,146.76,0.045
O008402,2024-07-06,North,Website,95.84,0.021
O008403,2025-08-11,West,Mobile App,163.85,0.026
O008404,2025-01-29,Central,Website,142.78,0.021
O008405,2025-07-19,North,Mobile App,107.64,0.026
O008406,2025-02-20,Central,Mobile App,98.12,0.026
O008407,2024-05-22,East,Marketplace,61.03,0.045
O008408,2024-05-27,West,Website,164.01,0.021
O008409,2024-10-01,West,Marketplace,62.97,0.045
O008410,2025-04-28,East,Website,134.86,0.021
O008411,2024-06-17,Central,Website,137.6,0.021
O008412,2025-01-09,East,Marketplace,81.28,0.045
O008413,2025-07-17,West,Website,117.2,0.021
O008414,2025-03-02,West,Marketplace,128.42,0.045
O008415,2025-06-27,West,Mobile App,145.54,0.026
O008416,2024-11-19,North,Mobile App,80.72,0.026
O008417,2024-11-15,North,Mobile App,166.52,0.026
O008418,2024-01-10,West,Website,152.69,0.021
O008419,2025-08-29,East,Mobile App,88.58,0.026
O008420,2025-11-04,South,Mobile App,57.94,0.026
O008421,2025-04-10,North,Mobile App,112.91,0.026
O008422,2024-02-28,South,Mobile App,110.37,0.026
O008423,2025-11-15,North,Website,121.66,0.021
O008424,2025-10-11,West,Mobile App,85.55,0.026
O008425,2024-08-27,West,Marketplace,143.58,0.045
O008426,2025-09-23,East,Mobile App,82.27,0.026
O008427,2025-10-21,Central,Marketplace,77.04,0.045
O008428,2024-11-18,South,Marketplace,49.99,0.045
O008429,2025-06-19,North,Website,158.62,0.021
O008430,2024-07-09,South,Marketplace,75.52,0.045
O008431,2025-05-17,North,Marketplace,147.01,0.045
O008432,2024-08-08,North,Marketplace,173.99,0.045
O008433,2025-06-18,North,Website,68.55,0.021
O008434,2024-06-29,North,Website,58.67,0.021
O008435,2024-04-28,Central,Website,61.11,0.021
O008436,2025-10-23,North,Marketplace,79.93,0.045
O008437,2024-02-16,North,Mobile App,74.34,0.026
O008438,2024-04-03,Central,Mobile App,55.44,0.026
O008439,2025-07-28,West,Marketplace,176.13,0.045
O008440,2025-10-30,East,Website,70.91,0.021
O008441,2025-04-01,Central,Website,81.2,0.021
O008442,2025-03-12,East,Website,154.89,0.021
O008443,2024-01-28,Central,Marketplace,119.58,0.045
O008444,2025-07-08,North,Marketplace,162.65,0.045
O008445,2025-04-07,West,Mobile App,164.5,0.026
O008446,2025-05-26,South,Marketplace,131.71,0.045
O008447,2025-11-27,North,Mobile App,114.49,0.026
O008448,2024-07-10,North,Marketplace,71.96,0.045
O008449,2025-07-17,North,Marketplace,134.18,0.045
O008450,2024-05-24,West,Website,83.68,0.021
O008451,2024-05-06,Central,Website,115.04,0.021
O008452,2024-01-10,West,Mobile App,171.98,0.026
O008453,2025-10-02,West,Marketplace,120.16,0.045
O008454,2025-04-07,South,Mobile App,73.66,0.026
O008455,2024-08-25,East,Marketplace,140.39,0.045
O008456,2024-07-31,North,Marketplace,127.52,0.045
O008457,2024-10-12,West,Marketplace,123.77,0.045
O008458,2025-11-24,West,Mobile App,158.76,0.026
O008459,2025-10-28,West,Marketplace,126.37,0.045
O008460,2025-03-28,West,Marketplace,63.67,0.045
O008461,2024-02-10,South,Mobile App,86.68,0.026
O008462,2024-03-12,West,Mobile App,147.97,0.026
O008463,2024-03-12,East,Website,151.37,0.021
O008464,2025-11-06,East,Mobile App,94.55,0.026
O008465,2025-06-05,South,Website,52.84,0.021
O008466,2025-04-30,North,Marketplace,114.58,0.045
O008467,2025-08-16,North,Mobile App,131.1,0.026
O008468,2025-12-21,Central,Website,66.17,0.021
O008469,2025-01-01,North,Marketplace,120.63,0.045
O008470,2024-10-18,South,Mobile App,50.91,0.026
O008471,2024-04-05,West,Mobile App,90.72,0.026
O008472,2024-08-04,West,Website,88.91,0.021
O008473,2025-03-27,East,Mobile App,155.88,0.026
O008474,2025-07-20,North,Website,78.59,0.021
O008475,2024-12-31,East,Marketplace,124.92,0.045
O008476,2024-03-27,South,Mobile App,64.45,0.026
O008477,2024-10-07,Central,Marketplace,163.99,0.045
O008478,2024-12-07,West,Marketplace,109.3,0.045
O008479,2024-04-24,East,Marketplace,179.58,0.045
O008480,2024-01-02,East,Marketplace,71.0,0.045
O008481,2025-06-24,West,Website,61.23,0.021
O008482,2025-07-24,Central,Website,142.25,0.021
O008483,2024-11-11,North,Website,75.45,0.021
O008484,2025-05-20,North,Website,100.48,0.021
O008485,2024-06-07,South,Marketplace,178.18,0.045
O008486,2025-07-25,East,Website,139.48,0.021
O008487,2024-07-02,South,Mobile App,152.24,0.026
O008488,2025-07-09,South,Marketplace,106.53,0.045
O008489,2025-09-27,West,Marketplace,94.33,0.045
O008490,2025-02-15,East,Marketplace,175.56,0.045
O008491,2025-06-11,North,Marketplace,136.4,0.045
O008492,2024-01-24,East,Website,137.11,0.021
O008493,2025-09-13,Central,Website,92.77,0.021
O008494,2024-05-08,Central,Mobile App,126.56,0.026
O008495,2024-07-09,Central,Marketplace,68.13,0.045
O008496,2025-01-02,West,Website,104.11,0.021
O008497,2024-01-10,South,Mobile App,138.16,0.026
O008498,2024-02-10,North,Mobile App,109.23,0.026
O008499,2025-08-04,Central,Marketplace,98.02,0.045
O008500,2025-02-07,Central,Website,144.59,0.021
O008501,2025-11-23,East,Website,146.64,0.021
O008502,2024-05-19,South,Website,123.45,0.021
O008503,2024-02-25,North,Website,88.98,0.021
O008504,2024-06-18,Central,Website,150.11,0.021
O008505,2024-03-14,East,Mobile App,177.71,0.026
O008506,2024-11-12,North,Marketplace,106.32,0.045
O008507,2025-08-22,West,Marketplace,92.64,0.045
O008508,2024-06-12,Central,Website,94.45,0.021
O008509,2024-03-10,West,Mobile App,124.49,0.026
O008510,2024-12-25,Central,Website,66.29,0.021
O008511,2025-05-27,West,Marketplace,131.02,0.045
O008512,2025-06-30,North,Website,159.39,0.021
O008513,2025-05-22,South,Website,60.21,0.021
O008514,2025-09-05,North,Marketplace,68.96,0.045
O008515,2024-11-06,East,Marketplace,50.63,0.045
O008516,2025-06-10,Central,Website,147.09,0.021
O008517,2024-07-22,East,Marketplace,74.14,0.045
O008518,2025-08-13,North,Mobile App,172.94,0.026
O008519,2024-09-05,East,Website,113.62,0.021
O008520,2024-04-13,West,Marketplace,99.31,0.045
O008521,2025-05-01,West,Mobile App,166.21,0.026
O008522,2024-03-29,East,Marketplace,120.79,0.045
O008523,2025-06-10,East,Mobile App,172.2,0.026
O008524,2024-12-17,North,Mobile App,135.3,0.026
O008525,2025-04-01,South,Mobile App,159.54,0.026
O008526,2024-07-10,South,Mobile App,92.6,0.026
O008527,2024-03-19,South,Marketplace,95.6,0.045
O008528,2025-09-22,South,Website,103.79,0.021
O008529,2024-12-25,East,Mobile App,69.46,0.026
O008530,2024-01-04,East,Website,69.26,0.021
O008531,2024-02-13,North,Mobile App,164.04,0.026
O008532,2025-09-09,East,Website,82.58,0.021
O008533,2024-03-09,North,Website,148.26,0.021
O008534,2024-09-27,East,Marketplace,122.78,0.045
O008535,2024-03-09,West,Website,118.69,0.021
O008536,2024-02-22,East,Website,73.88,0.021
O008537,2025-05-10,North,Mobile App,53.62,0.026
O008538,2025-03-06,West,Marketplace,137.31,0.045
O008539,2025-08-09,Central,Website,158.86,0.021
O008540,2025-09-20,North,Website,174.92,0.021
O008541,2024-09-05,West,Marketplace,169.59,0.045
O008542,2024-04-23,South,Marketplace,119.05,0.045
O008543,2024-12-27,Central,Marketplace,80.19,0.045
O008544,2024-09-18,North,Website,63.6,0.021
O008545,2024-04-14,East,Marketplace,64.22,0.045
O008546,2025-11-22,Central,Website,90.42,0.021
O008547,2025-10-18,South,Marketplace,125.31,0.045
O008548,2024-02-22,Central,Website,155.99,0.021
O008549,2024-09-16,West,Marketplace,163.61,0.045
O008550,2024-12-21,West,Website,134.3,0.021
O008551,2024-06-27,Central,Marketplace,55.57,0.045
O008552,2024-03-17,South,Website,117.86,0.021
O008553,2025-03-12,North,Website,111.11,0.021
O008554,2024-04-21,West,Marketplace,156.47,0.045
O008555,2025-10-23,Central,Mobile App,59.64,0.026
O008556,2024-04-04,West,Mobile App,127.91,0.026
O008557,2024-01-31,North,Marketplace,102.83,0.045
O008558,2024-10-06,East,Marketplace,176.28,0.045
O008559,2025-12-06,West,Mobile App,95.83,0.026
O008560,2025-12-11,East,Marketplace,71.09,0.045
O008561,2024-09-07,West,Website,119.92,0.021
O008562,2025-05-28,East,Website,102.31,0.021
O008563,2025-09-28,West,Website,80.13,0.021
O008564,2024-09-29,North,Marketplace,98.91,0.045
O008565,2024-03-21,South,Website,170.9,0.021
O008566,2024-08-27,Central,Website,153.35,0.021
O008567,2024-09-10,West,Website,97.4,0.021
O008568,2025-09-01,Central,Marketplace,59.93,0.045
O008569,2024-12-20,South,Website,85.6,0.021
O008570,2025-03-06,South,Marketplace,163.84,0.045
O008571,2025-12-19,East,Mobile App,135.35,0.026
O008572,2024-09-12,South,Website,137.21,0.021
O008573,2024-08-28,West,Website,147.2,0.021
O008574,2025-12-23,West,Marketplace,147.92,0.045
O008575,2025-01-26,South,Website,126.32,0.021
O008576,2024-01-03,Central,Website,55.48,0.021
O008577,2024-01-15,North,Mobile App,147.58,0.026
O008578,2025-01-13,East,Marketplace,159.66,0.045
O008579,2025-05-26,Central,Website,146.93,0.021
O008580,2024-02-03,South,Marketplace,151.8,0.045
O008581,2024-04-10,South,Marketplace,138.72,0.045
O008582,2024-06-03,Central,Marketplace,138.95,0.045
O008583,2024-03-31,West,Website,88.21,0.021
O008584,2024-09-01,South,Website,85.94,0.021
O008585,2024-10-23,West,Website,162.49,0.021
O008586,2025-12-30,West,Mobile App,53.89,0.026
O008587,2024-03-08,South,Mobile App,119.21,0.026
O008588,2025-02-01,West,Website,74.16,0.021
O008589,2024-07-08,East,Mobile App,144.68,0.026
O008590,2024-03-28,Central,Mobile App,51.21,0.026
O008591,2024-04-01,East,Website,129.08,0.021
O008592,2024-09-16,East,Website,62.74,0.021
O008593,2024-03-15,East,Website,166.31,0.021
O008594,2024-09-25,South,Marketplace,78.36,0.045
O008595,2025-09-05,North,Marketplace,158.09,0.045
O008596,2025-10-15,Central,Website,130.16,0.021
O008597,2024-09-23,Central,Marketplace,178.9,0.045
O008598,2024-02-21,West,Website,72.39,0.021
O008599,2025-12-09,South,Website,112.56,0.021
O008600,2025-02-12,West,Website,174.15,0.021
O008601,2024-10-23,Central,Marketplace,54.94,0.045
O008602,2025-02-01,Central,Mobile App,172.5,0.026
O008603,2025-11-23,East,Mobile App,154.25,0.026
O008604,2024-11-06,Central,Mobile App,120.61,0.026
O008605,2025-01-16,East,Mobile App,118.17,0.026
O008606,2025-04-04,East,Mobile App,121.86,0.026
O008607,2024-11-29,West,Marketplace,64.3,0.045
O008608,2025-08-07,West,Marketplace,98.82,0.045
O008609,2025-03-27,East,Website,102.03,0.021
O008610,2024-10-06,South,Mobile App,169.93,0.026
O008611,2024-01-21,East,Website,104.82,0.021
O008612,2025-11-13,North,Website,115.13,0.021
O008613,2025-06-27,East,Website,93.51,0.021
O008614,2024-06-06,West,Mobile App,113.71,0.026
O008615,2025-01-04,South,Mobile App,87.85,0.026
O008616,2024-01-03,Central,Website,84.04,0.021
O008617,2025-09-03,East,Website,124.96,0.021
O008618,2025-02-22,West,Marketplace,100.69,0.045
O008619,2024-02-17,Central,Mobile App,49.11,0.026
O008620,2024-10-06,North,Mobile App,90.88,0.026
O008621,2025-11-16,East,Website,116.73,0.021
O008622,2024-04-23,West,Marketplace,76.3,0.045
O008623,2025-04-28,West,Mobile App,119.6,0.026
O008624,2025-08-07,Central,Marketplace,151.61,0.045
O008625,2024-04-07,South,Website,120.53,0.021
O008626,2024-05-14,North,Website,131.77,0.021
O008627,2025-08-17,Central,Website,151.64,0.021
O008628,2025-08-22,South,Website,133.59,0.021
O008629,2025-03-31,East,Marketplace,166.23,0.045
O008630,2024-06-08,South,Website,143.87,0.021
O008631,2024-03-16,East,Marketplace,98.09,0.045
O008632,2025-01-11,South,Website,153.91,0.021
O008633,2025-01-15,Central,Mobile App,174.03,0.026
O008634,2024-01-04,North,Website,57.54,0.021
O008635,2025-01-08,Central,Website,79.53,0.021
O008636,2025-07-03,South,Marketplace,73.51,0.045
O008637,2025-12-08,North,Website,136.45,0.021
O008638,2024-01-23,East,Website,105.15,0.021
O008639,2025-12-27,Central,Marketplace,51.93,0.045
O008640,2025-10-04,North,Marketplace,127.02,0.045
O008641,2024-10-07,East,Website,55.38,0.021
O008642,2024-04-23,West,Mobile App,72.51,0.026
O008643,2024-09-18,West,Website,51.16,0.021
O008644,2024-12-31,South,Website,96.6,0.021
O008645,2024-04-17,North,Mobile App,108.67,0.026
O008646,2025-05-25,Central,Marketplace,116.58,0.045
O008647,2025-09-30,West,Mobile App,171.66,0.026
O008648,2025-04-03,West,Mobile App,165.38,0.026
O008649,2024-12-22,North,Mobile App,147.04,0.026
O008650,2025-12-03,North,Mobile App,58.32,0.026
O008651,2024-04-15,East,Marketplace,126.13,0.045
O008652,2025-11-16,West,Mobile App,98.64,0.026
O008653,2024-12-19,West,Marketplace,128.92,0.045
O008654,2025-03-01,West,Website,63.74,0.021
O008655,2025-11-05,West,Mobile App,124.56,0.026
O008656,2025-06-22,South,Website,131.41,0.021
O008657,2024-04-27,North,Website,109.09,0.021
O008658,2025-09-12,South,Marketplace,88.71,0.045
O008659,2025-11-16,West,Website,70.2,0.021
O008660,2024-06-21,Central,Marketplace,53.47,0.045
O008661,2024-07-03,Central,Mobile App,90.67,0.026
O008662,2025-04-26,West,Website,176.13,0.021
O008663,2024-02-22,North,Website,80.78,0.021
O008664,2025-01-10,South,Marketplace,128.22,0.045
O008665,2024-09-25,North,Marketplace,69.19,0.045
O008666,2025-11-04,North,Marketplace,168.91,0.045
O008667,2024-07-17,North,Website,52.36,0.021
O008668,2024-04-01,South,Website,109.21,0.021
O008669,2025-09-18,East,Website,85.41,0.021
O008670,2024-03-17,North,Marketplace,50.59,0.045
O008671,2025-03-08,North,Website,55.11,0.021
O008672,2024-02-14,Central,Website,106.1,0.021
O008673,2025-03-16,West,Mobile App,78.71,0.026
O008674,2024-09-07,Central,Website,128.34,0.021
O008675,2024-04-29,Central,Marketplace,105.19,0.045
O008676,2024-01-28,South,Website,178.82,0.021
O008677,2025-02-23,Central,Marketplace,111.4,0.045
O008678,2025-10-29,East,Marketplace,165.11,0.045
O008679,2025-05-23,South,Website,89.82,0.021
O008680,2024-02-03,West,Website,156.66,0.021
O008681,2024-10-09,West,Marketplace,97.14,0.045
O008682,2025-10-10,North,Marketplace,127.48,0.045
O008683,2025-10-24,Central,Mobile App,177.01,0.026
O008684,2024-08-09,East,Marketplace,124.09,0.045
O008685,2024-07-29,Central,Website,95.19,0.021
O008686,2025-05-04,South,Marketplace,88.83,0.045
O008687,2024-11-19,North,Website,162.75,0.021
O008688,2025-03-01,East,Website,102.28,0.021
O008689,2024-12-19,South,Marketplace,127.04,0.045
O008690,2024-09-28,Central,Mobile App,121.48,0.026
O008691,2025-09-18,Central,Website,59.57,0.021
O008692,2024-04-14,South,Marketplace,89.11,0.045
O008693,2024-03-08,West,Website,145.8,0.021
O008694,2025-10-03,North,Website,65.55,0.021
O008695,2025-05-18,North,Marketplace,55.62,0.045
O008696,2024-04-06,Central,Website,59.55,0.021
O008697,2025-04-18,South,Marketplace,177.66,0.045
O008698,2025-01-05,Central,Website,174.32,0.021
O008699,2025-06-06,Central,Website,155.14,0.021
O008700,2024-09-21,South,Mobile App,163.31,0.026
O008701,2024-08-30,South,Marketplace,174.26,0.045
O008702,2024-01-29,South,Marketplace,59.72,0.045
O008703,2024-11-20,West,Website,135.99,0.021
O008704,2024-09-15,East,Marketplace,178.2,0.045
O008705,2025-01-03,East,Marketplace,128.82,0.045
O008706,2024-06-27,West,Mobile App,136.81,0.026
O008707,2024-10-23,North,Website,85.73,0.021
O008708,2024-07-06,South,Website,61.97,0.021
O008709,2024-11-04,East,Website,58.62,0.021
O008710,2024-05-05,East,Website,127.83,0.021
O008711,2025-05-27,East,Mobile App,61.54,0.026
O008712,2025-01-07,West,Marketplace,140.9,0.045
O008713,2024-07-20,West,Website,121.51,0.021
O008714,2024-12-04,Central,Website,111.79,0.021
O008715,2024-05-27,Central,Website,119.8,0.021
O008716,2025-11-26,South,Website,156.77,0.021
O008717,2025-03-24,East,Website,126.05,0.021
O008718,2025-10-31,South,Marketplace,97.85,0.045
O008719,2025-03-08,South,Marketplace,53.89,0.045
O008720,2025-08-25,East,Marketplace,113.64,0.045
O008721,2024-09-16,South,Mobile App,105.57,0.026
O008722,2025-12-05,East,Website,102.68,0.021
O008723,2025-03-13,West,Website,56.32,0.021
O008724,2024-03-01,Central,Mobile App,155.45,0.026
O008725,2025-11-23,South,Website,83.53,0.021
O008726,2025-04-07,West,Website,123.4,0.021
O008727,2025-07-31,Central,Website,177.83,0.021
O008728,2025-05-31,East,Marketplace,145.52,0.045
O008729,2025-06-15,South,Marketplace,129.51,0.045
O008730,2025-03-01,North,Website,71.3,0.021
O008731,2024-09-19,West,Marketplace,172.84,0.045
O008732,2024-07-23,North,Mobile App,102.79,0.026
O008733,2025-06-27,South,Website,53.25,0.021
O008734,2024-05-27,North,Website,178.51,0.021
O008735,2024-07-03,East,Marketplace,153.58,0.045
O008736,2024-10-02,West,Marketplace,92.79,0.045
O008737,2025-05-02,Central,Mobile App,148.51,0.026
O008738,2024-06-23,East,Marketplace,82.52,0.045
O008739,2024-02-13,East,Marketplace,137.71,0.045
O008740,2025-08-15,West,Website,76.57,0.021
O008741,2024-02-18,South,Website,106.75,0.021
O008742,2024-03-10,Central,Website,161.99,0.021
O008743,2025-12-01,South,Mobile App,149.42,0.026
O008744,2025-02-27,West,Mobile App,151.28,0.026
O008745,2025-02-23,North,Marketplace,115.79,0.045
O008746,2025-02-05,West,Marketplace,110.42,0.045
O008747,2024-04-06,South,Marketplace,146.2,0.045
O008748,2025-03-09,South,Mobile App,160.93,0.026
O008749,2024-08-02,South,Website,148.36,0.021
O008750,2024-07-15,East,Mobile App,75.56,0.026
O008751,2024-06-06,North,Mobile App,123.75,0.026
O008752,2025-08-07,Central,Marketplace,162.62,0.045
O008753,2024-07-27,East,Mobile App,63.01,0.026
O008754,2024-05-23,East,Marketplace,164.53,0.045
O008755,2024-06-20,North,Website,109.13,0.021
O008756,2025-06-09,South,Mobile App,157.77,0.026
O008757,2025-12-10,South,Marketplace,131.55,0.045
O008758,2025-06-17,South,Marketplace,140.59,0.045
O008759,2025-03-22,South,Marketplace,165.11,0.045
O008760,2024-04-20,South,Website,120.72,0.021
O008761,2024-04-13,Central,Marketplace,158.25,0.045
O008762,2024-02-26,Central,Mobile App,77.12,0.026
O008763,2025-03-16,South,Website,104.45,0.021
O008764,2024-11-15,North,Mobile App,128.99,0.026
O008765,2024-05-07,East,Website,107.91,0.021
O008766,2024-07-25,East,Website,168.1,0.021
O008767,2025-09-26,North,Website,95.4,0.021
O008768,2025-09-28,North,Marketplace,64.64,0.045
O008769,2024-10-19,South,Marketplace,179.83,0.045
O008770,2024-03-05,North,Website,88.29,0.021
O008771,2024-09-17,East,Marketplace,66.28,0.045
O008772,2025-09-30,West,Mobile App,112.33,0.026
O008773,2024-10-04,South,Marketplace,107.36,0.045
O008774,2025-08-28,North,Marketplace,135.93,0.045
O008775,2024-06-06,South,Marketplace,110.47,0.045
O008776,2024-07-25,East,Mobile App,112.94,0.026
O008777,2024-07-25,East,Mobile App,74.92,0.026
O008778,2024-10-13,North,Website,145.73,0.021
O008779,2025-07-24,East,Website,136.3,0.021
O008780,2024-04-10,East,Website,106.01,0.021
O008781,2025-04-16,West,Website,121.68,0.021
O008782,2024-03-18,West,Mobile App,128.84,0.026
O008783,2024-02-18,South,Website,119.46,0.021
O008784,2025-07-14,East,Marketplace,64.31,0.045
O008785,2025-10-04,South,Marketplace,145.73,0.045
O008786,2025-07-06,West,Mobile App,93.49,0.026
O008787,2025-09-13,Central,Website,101.68,0.021
O008788,2025-05-27,North,Website,98.54,0.021
O008789,2024-10-09,South,Marketplace,130.35,0.045
O008790,2025-01-13,South,Marketplace,72.6,0.045
O008791,2025-02-26,East,Marketplace,91.98,0.045
O008792,2025-12-06,West,Website,173.88,0.021
O008793,2025-10-28,North,Marketplace,90.76,0.045
O008794,2024-03-16,West,Mobile App,133.34,0.026
O008795,2024-06-01,East,Marketplace,124.08,0.045
O008796,2025-12-14,Central,Website,161.12,0.021
O008797,2024-03-30,Central,Marketplace,69.3,0.045
O008798,2025-08-04,Central,Mobile App,173.53,0.026
O008799,2025-03-14,West,Mobile App,135.57,0.026
O008800,2025-05-29,Central,Mobile App,123.97,0.026
O008801,2025-04-08,Central,Marketplace,166.75,0.045
O008802,2025-05-09,North,Marketplace,110.41,0.045
O008803,2025-04-11,West,Mobile App,107.72,0.026
O008804,2025-07-29,West,Website,107.21,0.021
O008805,2024-12-26,East,Website,90.0,0.021
O008806,2025-12-27,North,Marketplace,175.29,0.045
O008807,2024-09-25,North,Marketplace,153.89,0.045
O008808,2025-07-03,South,Website,159.96,0.021
O008809,2025-05-03,West,Website,93.63,0.021
O008810,2025-01-28,Central,Marketplace,162.94,0.045
O008811,2024-02-11,North,Marketplace,172.48,0.045
O008812,2025-07-23,North,Mobile App,149.13,0.026
O008813,2024-08-02,East,Marketplace,75.9,0.045
O008814,2025-11-22,Central,Marketplace,175.17,0.045
O008815,2025-11-07,Central,Marketplace,125.33,0.045
O008816,2024-07-07,East,Website,172.14,0.021
O008817,2024-10-27,Central,Marketplace,166.54,0.045
O008818,2024-06-29,Central,Website,168.32,0.021
O008819,2025-04-19,Central,Mobile App,72.22,0.026
O008820,2024-03-23,East,Website,156.97,0.021
O008821,2024-04-20,West,Website,167.88,0.021
O008822,2024-06-23,North,Mobile App,172.48,0.026
O008823,2024-03-01,West,Mobile App,50.44,0.026
O008824,2025-02-28,South,Website,120.14,0.021
O008825,2024-10-21,South,Marketplace,161.02,0.045
O008826,2025-03-09,South,Marketplace,100.19,0.045
O008827,2024-06-27,West,Website,151.89,0.021
O008828,2025-04-14,West,Mobile App,68.32,0.026
O008829,2025-08-27,Central,Website,50.41,0.021
O008830,2024-03-06,South,Website,160.85,0.021
O008831,2024-05-08,North,Website,112.56,0.021
O008832,2024-11-16,East,Website,132.13,0.021
O008833,2024-03-17,East,Marketplace,115.24,0.045
O008834,2025-11-22,Central,Mobile App,144.72,0.026
O008835,2025-07-12,Central,Mobile App,176.67,0.026
O008836,2025-05-01,South,Website,155.54,0.021
O008837,2025-08-26,Central,Website,79.16,0.021
O008838,2025-05-23,Central,Website,167.64,0.021
O008839,2025-07-29,North,Marketplace,65.99,0.045
O008840,2025-08-04,North,Mobile App,111.96,0.026
O008841,2025-03-09,North,Website,156.72,0.021
O008842,2024-12-21,Central,Mobile App,128.62,0.026
O008843,2025-05-28,East,Website,103.09,0.021
O008844,2024-05-07,Central,Mobile App,145.08,0.026
O008845,2024-11-29,East,Website,138.72,0.021
O008846,2025-09-27,North,Marketplace,65.34,0.045
O008847,2025-07-03,Central,Website,175.19,0.021
O008848,2025-05-14,East,Mobile App,168.74,0.026
O008849,2024-02-20,Central,Mobile App,163.6,0.026
O008850,2024-07-27,East,Marketplace,125.17,0.045
O008851,2025-09-11,West,Marketplace,147.64,0.045
O008852,2024-01-12,East,Mobile App,165.36,0.026
O008853,2024-12-18,West,Mobile App,170.35,0.026
O008854,2025-11-05,South,Website,59.84,0.021
O008855,2025-09-17,West,Marketplace,168.01,0.045
O008856,2025-11-21,West,Mobile App,90.25,0.026
O008857,2025-01-27,South,Marketplace,156.49,0.045
O008858,2024-12-03,Central,Website,172.28,0.021
O008859,2025-12-11,South,Mobile App,129.77,0.026
O008860,2025-08-15,West,Website,59.03,0.021
O008861,2025-03-08,East,Mobile App,76.97,0.026
O008862,2025-09-21,North,Marketplace,90.0,0.045
O008863,2024-12-31,West,Marketplace,171.21,0.045
O008864,2024-08-28,North,Website,99.89,0.021
O008865,2024-04-22,South,Website,65.42,0.021
O008866,2025-07-13,Central,Marketplace,167.63,0.045
O008867,2024-06-28,North,Marketplace,93.54,0.045
O008868,2024-04-14,South,Website,169.22,0.021
O008869,2024-04-10,East,Website,126.26,0.021
O008870,2025-04-27,North,Website,53.36,0.021
O008871,2025-03-07,North,Website,121.1,0.021
O008872,2024-08-14,West,Marketplace,170.3,0.045
O008873,2025-07-17,West,Website,74.0,0.021
O008874,2024-06-27,North,Website,174.17,0.021
O008875,2025-05-08,South,Website,64.65,0.021
O008876,2025-09-20,West,Mobile App,83.95,0.026
O008877,2024-12-04,West,Website,165.02,0.021
O008878,2025-02-03,East,Website,87.84,0.021
O008879,2025-03-23,North,Marketplace,73.84,0.045
O008880,2025-08-10,Central,Marketplace,125.54,0.045
O008881,2025-04-08,North,Mobile App,151.11,0.026
O008882,2025-06-07,Central,Website,178.98,0.021
O008883,2024-10-14,North,Mobile App,118.6,0.026
O008884,2025-07-10,South,Website,176.44,0.021
O008885,2024-10-31,West,Website,63.07,0.021
O008886,2025-11-07,West,Mobile App,120.2,0.026
O008887,2025-05-21,West,Website,152.35,0.021
O008888,2024-02-22,East,Marketplace,150.96,0.045
O008889,2024-02-15,East,Marketplace,63.7,0.045
O008890,2024-12-11,Central,Marketplace,101.3,0.045
O008891,2025-11-03,East,Website,146.23,0.021
O008892,2025-10-11,Central,Website,54.51,0.021
O008893,2024-09-14,North,Website,104.38,0.021
O008894,2024-11-13,North,Website,168.51,0.021
O008895,2024-11-01,East,Mobile App,176.09,0.026
O008896,2025-08-16,North,Mobile App,151.55,0.026
O008897,2024-05-18,North,Website,89.54,0.021
O008898,2024-04-19,North,Marketplace,75.56,0.045
O008899,2025-01-20,North,Website,155.71,0.021
O008900,2025-01-28,Central,Mobile App,99.14,0.026
O008901,2024-09-17,East,Marketplace,115.77,0.045
O008902,2025-02-05,West,Marketplace,172.62,0.045
O008903,2025-11-04,East,Mobile App,125.75,0.026
O008904,2024-10-25,Central,Mobile App,86.31,0.026
O008905,2024-11-23,East,Marketplace,160.19,0.045
O008906,2024-08-30,South,Mobile App,69.36,0.026
O008907,2024-07-03,North,Mobile App,157.17,0.026
O008908,2025-04-01,Central,Marketplace,149.4,0.045
O008909,2025-08-06,East,Website,164.18,0.021
O008910,2024-12-29,East,Mobile App,133.52,0.026
O008911,2025-03-02,West,Marketplace,89.73,0.045
O008912,2025-03-20,West,Marketplace,151.14,0.045
O008913,2024-09-13,Central,Marketplace,160.03,0.045
O008914,2025-01-11,Central,Mobile App,82.4,0.026
O008915,2025-01-22,Central,Marketplace,162.67,0.045
O008916,2025-03-17,South,Marketplace,80.0,0.045
O008917,2025-01-07,East,Website,112.45,0.021
O008918,2025-11-14,South,Website,75.36,0.021
O008919,2024-01-25,South,Marketplace,81.4,0.045
O008920,2024-12-21,North,Marketplace,168.7,0.045
O008921,2024-03-21,East,Mobile App,77.84,0.026
O008922,2024-02-11,East,Website,131.5,0.021
O008923,2025-08-08,West,Marketplace,72.96,0.045
O008924,2024-03-03,South,Website,152.18,0.021
O008925,2024-06-17,South,Mobile App,172.59,0.026
O008926,2025-10-27,East,Mobile App,161.75,0.026
O008927,2024-08-12,West,Marketplace,142.9,0.045
O008928,2024-08-23,East,Mobile App,77.27,0.026
O008929,2024-09-03,West,Marketplace,150.59,0.045
O008930,2024-09-14,North,Mobile App,89.39,0.026
O008931,2025-09-22,East,Marketplace,123.58,0.045
O008932,2024-10-05,West,Marketplace,84.93,0.045
O008933,2025-01-08,West,Website,80.77,0.021
O008934,2025-11-15,South,Website,159.76,0.021
O008935,2025-01-21,Central,Website,59.31,0.021
O008936,2025-03-20,Central,Website,166.34,0.021
O008937,2025-08-29,West,Marketplace,171.02,0.045
O008938,2024-08-02,Central,Mobile App,61.97,0.026
O008939,2025-06-18,East,Marketplace,80.07,0.045
O008940,2024-02-20,West,Website,71.83,0.021
O008941,2025-07-19,Central,Mobile App,174.45,0.026
O008942,2025-11-11,North,Mobile App,123.6,0.026
O008943,2024-11-06,East,Marketplace,75.37,0.045
O008944,2025-06-12,West,Website,162.74,0.021
O008945,2024-09-02,Central,Marketplace,158.41,0.045
O008946,2025-02-25,South,Mobile App,61.0,0.026
O008947,2025-12-23,Central,Website,157.51,0.021
O008948,2025-10-19,North,Mobile App,95.3,0.026
O008949,2025-10-15,West,Marketplace,138.47,0.045
O008950,2025-04-25,West,Mobile App,168.49,0.026
O008951,2024-07-27,West,Website,138.64,0.021
O008952,2024-09-09,West,Website,68.15,0.021
O008953,2024-04-13,Central,Mobile App,51.59,0.026
O008954,2025-06-26,South,Marketplace,109.2,0.045
O008955,2025-02-19,Central,Marketplace,75.01,0.045
O008956,2025-11-02,North,Mobile App,126.68,0.026
O008957,2025-04-03,Central,Marketplace,168.11,0.045
O008958,2025-01-06,Central,Mobile App,73.84,0.026
O008959,2025-05-18,Central,Website,68.08,0.021
O008960,2024-04-27,North,Website,178.44,0.021
O008961,2024-06-23,North,Mobile App,157.93,0.026
O008962,2024-09-22,Central,Mobile App,131.96,0.026
O008963,2024-05-29,North,Marketplace,76.35,0.045
O008964,2024-09-30,South,Website,132.96,0.021
O008965,2025-06-03,Central,Website,58.44,0.021
O008966,2025-08-16,West,Website,73.93,0.021
O008967,2024-05-29,North,Marketplace,111.46,0.045
O008968,2024-07-06,West,Mobile App,87.66,0.026
O008969,2024-11-13,West,Marketplace,101.13,0.045
O008970,2025-01-06,East,Mobile App,111.09,0.026
O008971,2025-11-10,East,Marketplace,152.35,0.045
O008972,2024-05-26,Central,Mobile App,158.25,0.026
O008973,2025-08-24,North,Marketplace,115.06,0.045
O008974,2025-03-30,West,Website,66.5,0.021
O008975,2024-06-08,West,Website,97.01,0.021
O008976,2024-09-02,Central,Marketplace,177.64,0.045
O008977,2025-09-11,East,Marketplace,155.98,0.045
O008978,2025-09-28,South,Marketplace,111.2,0.045
O008979,2025-03-22,Central,Marketplace,176.49,0.045
O008980,2024-02-28,West,Website,130.56,0.021
O008981,2024-04-07,North,Website,74.44,0.021
O008982,2025-06-05,Central,Website,145.63,0.021
O008983,2025-01-05,West,Website,168.37,0.021
O008984,2025-05-01,North,Marketplace,147.0,0.045
O008985,2024-11-16,West,Website,51.01,0.021
O008986,2024-11-25,North,Marketplace,136.91,0.045
O008987,2025-09-12,East,Marketplace,60.5,0.045
O008988,2025-09-05,Central,Website,73.39,0.021
O008989,2025-12-22,South,Website,106.23,0.021
O008990,2024-06-12,South,Mobile App,82.22,0.026
O008991,2025-07-24,East,Marketplace,91.63,0.045
O008992,2025-09-14,South,Marketplace,79.78,0.045
O008993,2025-09-18,East,Marketplace,60.64,0.045
O008994,2024-06-26,Central,Marketplace,49.8,0.045
O008995,2024-07-12,East,Website,90.8,0.021
O008996,2025-08-17,East,Marketplace,58.48,0.045
O008997,2025-08-14,South,Website,129.72,0.021
O008998,2025-08-16,South,Website,142.42,0.021
O008999,2025-01-04,North,Website,67.74,0.021
O009000,2024-09-10,North,Mobile App,63.25,0.026
O009001,2024-03-23,West,Website,127.53,0.021
O009002,2024-01-24,Central,Mobile App,67.51,0.026
O009003,2024-11-15,South,Website,72.56,0.021
O009004,2025-11-16,West,Marketplace,141.32,0.045
O009005,2024-02-16,East,Mobile App,133.19,0.026
O009006,2024-10-23,North,Website,140.09,0.021
O009007,2025-11-28,Central,Mobile App,176.63,0.026
O009008,2025-04-18,East,Mobile App,50.84,0.026
O009009,2025-05-24,Central,Marketplace,116.35,0.045
O009010,2025-04-03,North,Marketplace,149.47,0.045
O009011,2024-03-29,West,Marketplace,150.33,0.045
O009012,2025-06-21,East,Website,151.87,0.021
O009013,2024-02-11,North,Marketplace,143.51,0.045
O009014,2024-07-29,North,Website,177.52,0.021
O009015,2024-01-24,South,Marketplace,103.0,0.045
O009016,2024-04-30,East,Website,73.45,0.021
O009017,2024-07-20,North,Marketplace,104.59,0.045
O009018,2024-05-23,Central,Marketplace,141.8,0.045
O009019,2024-09-14,South,Marketplace,122.75,0.045
O009020,2024-04-16,Central,Website,147.37,0.021
O009021,2024-12-31,South,Mobile App,147.14,0.026
O009022,2025-11-19,South,Mobile App,105.86,0.026
O009023,2024-02-22,South,Marketplace,116.84,0.045
O009024,2025-11-24,Central,Marketplace,161.47,0.045
O009025,2024-07-26,West,Marketplace,155.3,0.045
O009026,2024-10-10,West,Marketplace,143.38,0.045
O009027,2024-04-27,South,Mobile App,73.74,0.026
O009028,2024-02-10,South,Website,96.7,0.021
O009029,2024-05-06,South,Website,57.08,0.021
O009030,2025-01-24,East,Website,82.7,0.021
O009031,2024-06-04,North,Marketplace,163.38,0.045
O009032,2024-08-28,North,Mobile App,118.11,0.026
O009033,2024-12-30,South,Marketplace,72.93,0.045
O009034,2025-06-06,East,Website,61.15,0.021
O009035,2025-01-09,West,Marketplace,114.93,0.045
O009036,2025-11-28,West,Mobile App,102.98,0.026
O009037,2025-12-21,West,Marketplace,135.18,0.045
O009038,2025-10-30,West,Marketplace,72.79,0.045
O009039,2024-10-07,North,Mobile App,171.89,0.026
O009040,2024-07-13,South,Marketplace,66.6,0.045
O009041,2024-02-10,Central,Website,63.96,0.021
O009042,2025-11-08,Central,Website,53.2,0.021
O009043,2025-03-23,West,Marketplace,175.08,0.045
O009044,2024-03-22,East,Website,70.71,0.021
O009045,2024-07-13,West,Website,79.59,0.021
O009046,2025-08-08,West,Marketplace,141.68,0.045
O009047,2024-02-20,South,Website,74.67,0.021
O009048,2025-10-01,Central,Marketplace,108.12,0.045
O009049,2024-03-18,Central,Marketplace,138.24,0.045
O009050,2025-08-23,East,Website,131.24,0.021
O009051,2024-03-07,East,Website,60.22,0.021
O009052,2024-10-29,West,Marketplace,122.37,0.045
O009053,2024-10-13,East,Marketplace,105.82,0.045
O009054,2025-09-07,South,Marketplace,141.26,0.045
O009055,2025-10-16,Central,Website,105.63,0.021
O009056,2024-08-31,North,Website,114.1,0.021
O009057,2025-12-26,Central,Marketplace,87.24,0.045
O009058,2025-07-24,East,Website,154.73,0.021
O009059,2024-02-28,West,Website,53.69,0.021
O009060,2024-08-14,South,Website,112.75,0.021
O009061,2025-04-30,West,Mobile App,112.94,0.026
O009062,2024-03-23,South,Marketplace,175.6,0.045
O009063,2025-09-15,South,Marketplace,143.84,0.045
O009064,2025-11-08,North,Mobile App,72.62,0.026
O009065,2025-09-25,Central,Website,100.92,0.021
O009066,2024-01-26,West,Mobile App,154.71,0.026
O009067,2024-04-16,North,Marketplace,73.89,0.045
O009068,2025-07-15,West,Mobile App,155.69,0.026
O009069,2024-06-09,South,Marketplace,113.57,0.045
O009070,2024-04-09,East,Website,161.16,0.021
O009071,2024-07-02,West,Website,54.83,0.021
O009072,2025-10-03,North,Mobile App,82.95,0.026
O009073,2025-10-03,East,Website,58.85,0.021
O009074,2024-05-09,Central,Website,100.75,0.021
O009075,2024-11-23,West,Website,85.57,0.021
O009076,2025-05-29,South,Website,160.6,0.021
O009077,2024-05-31,West,Website,96.56,0.021
O009078,2025-12-06,West,Marketplace,136.0,0.045
O009079,2024-04-21,Central,Website,54.36,0.021
O009080,2025-04-16,West,Marketplace,58.61,0.045
O009081,2024-07-11,South,Marketplace,57.02,0.045
O009082,2024-05-29,West,Marketplace,155.19,0.045
O009083,2024-01-12,North,Mobile App,144.38,0.026
O009084,2025-12-12,West,Mobile App,106.66,0.026
O009085,2024-05-18,South,Website,90.79,0.021
O009086,2025-03-09,East,Marketplace,134.44,0.045
O009087,2025-10-06,North,Mobile App,147.82,0.026
O009088,2024-12-27,Central,Website,115.03,0.021
O009089,2025-12-03,West,Mobile App,54.36,0.026
O009090,2024-07-16,West,Website,98.84,0.021
O009091,2025-02-21,North,Marketplace,153.22,0.045
O009092,2024-04-18,North,Website,147.52,0.021
O009093,2024-10-05,East,Marketplace,68.69,0.045
O009094,2024-09-14,North,Mobile App,114.51,0.026
O009095,2024-06-15,South,Mobile App,96.5,0.026
O009096,2025-06-11,Central,Website,120.8,0.021
O009097,2024-08-17,North,Website,148.32,0.021
O009098,2025-04-28,West,Website,172.68,0.021
O009099,2025-12-30,North,Mobile App,104.74,0.026
O009100,2025-09-10,South,Website,146.24,0.021
O009101,2025-12-04,North,Marketplace,150.87,0.045
O009102,2025-08-09,West,Marketplace,161.58,0.045
O009103,2024-02-16,East,Website,148.02,0.021
O009104,2025-09-11,East,Marketplace,116.26,0.045
O009105,2024-11-24,North,Marketplace,86.15,0.045
O009106,2024-05-19,East,Marketplace,55.07,0.045
O009107,2025-05-30,South,Mobile App,85.88,0.026
O009108,2024-02-27,South,Marketplace,61.15,0.045
O009109,2024-05-12,East,Marketplace,170.18,0.045
O009110,2024-07-31,South,Marketplace,67.17,0.045
O009111,2024-09-19,North,Marketplace,165.19,0.045
O009112,2025-09-25,Central,Marketplace,137.1,0.045
O009113,2025-01-09,Central,Website,133.95,0.021
O009114,2024-03-31,North,Mobile App,103.04,0.026
O009115,2024-01-29,Central,Website,176.6,0.021
O009116,2025-12-22,South,Website,103.94,0.021
O009117,2024-12-02,West,Mobile App,84.47,0.026
O009118,2024-03-10,West,Website,158.96,0.021
O009119,2025-10-28,East,Website,99.92,0.021
O009120,2025-03-24,West,Marketplace,94.28,0.045
O009121,2024-09-02,South,Website,142.1,0.021
O009122,2025-10-24,North,Mobile App,107.18,0.026
O009123,2024-02-10,West,Marketplace,50.69,0.045
O009124,2025-09-02,Central,Marketplace,119.5,0.045
O009125,2024-09-27,South,Mobile App,61.49,0.026
O009126,2025-10-07,Central,Marketplace,93.04,0.045
O009127,2025-01-19,West,Marketplace,154.15,0.045
O009128,2024-12-23,Central,Mobile App,164.62,0.026
O009129,2024-03-31,West,Website,102.37,0.021
O009130,2025-12-06,West,Website,72.86,0.021
O009131,2025-03-17,North,Marketplace,177.56,0.045
O009132,2025-11-20,East,Website,168.54,0.021
O009133,2025-01-15,South,Marketplace,148.16,0.045
O009134,2025-06-24,Central,Mobile App,158.11,0.026
O009135,2025-06-21,South,Marketplace,135.4,0.045
O009136,2025-01-02,West,Website,177.68,0.021
O009137,2024-09-02,North,Website,107.27,0.021
O009138,2024-04-29,North,Website,132.25,0.021
O009139,2024-02-06,North,Marketplace,70.53,0.045
O009140,2024-12-18,East,Marketplace,66.68,0.045
O009141,2025-10-22,West,Website,167.12,0.021
O009142,2025-06-29,South,Website,109.6,0.021
O009143,2025-07-21,West,Mobile App,129.05,0.026
O009144,2025-10-21,East,Mobile App,80.42,0.026
O009145,2024-04-19,East,Marketplace,90.64,0.045
O009146,2025-02-23,South,Website,152.9,0.021
O009147,2024-08-09,West,Mobile App,168.67,0.026
O009148,2025-12-09,East,Marketplace,101.4,0.045
O009149,2024-07-04,North,Mobile App,96.66,0.026
O009150,2024-09-16,Central,Marketplace,69.5,0.045
O009151,2025-07-19,South,Website,142.44,0.021
O009152,2025-10-19,West,Mobile App,165.45,0.026
O009153,2025-05-21,South,Marketplace,75.23,0.045
O009154,2024-04-25,Central,Marketplace,130.1,0.045
O009155,2024-11-24,West,Marketplace,134.82,0.045
O009156,2024-02-14,West,Marketplace,50.23,0.045
O009157,2024-04-12,North,Website,94.87,0.021
O009158,2025-11-12,Central,Website,159.85,0.021
O009159,2025-03-06,North,Marketplace,130.88,0.045
O009160,2024-04-11,East,Mobile App,88.22,0.026
O009161,2024-04-12,Central,Website,155.6,0.021
O009162,2025-01-20,North,Website,97.34,0.021
O009163,2024-08-10,West,Mobile App,62.12,0.026
O009164,2024-12-15,North,Website,134.36,0.021
O009165,2024-08-10,South,Website,144.64,0.021
O009166,2024-03-03,Central,Mobile App,152.78,0.026
O009167,2025-07-10,South,Mobile App,119.84,0.026
O009168,2025-05-18,East,Mobile App,102.87,0.026
O009169,2025-12-28,Central,Website,90.0,0.021
O009170,2024-05-07,East,Website,172.1,0.021
O009171,2025-07-22,West,Website,95.57,0.021
O009172,2025-08-10,West,Marketplace,100.14,0.045
O009173,2024-05-04,North,Website,104.01,0.021
O009174,2025-07-15,South,Mobile App,139.07,0.026
O009175,2024-04-28,East,Marketplace,158.11,0.045
O009176,2024-01-08,South,Marketplace,49.53,0.045
O009177,2025-01-13,East,Marketplace,103.03,0.045
O009178,2025-01-13,North,Website,155.46,0.021
O009179,2024-10-27,South,Marketplace,112.07,0.045
O009180,2025-09-12,West,Mobile App,125.9,0.026
O009181,2024-03-18,East,Website,134.53,0.021
O009182,2025-07-25,East,Website,137.19,0.021
O009183,2025-11-19,West,Website,96.51,0.021
O009184,2024-11-15,North,Website,57.36,0.021
O009185,2024-07-15,South,Website,133.85,0.021
O009186,2024-01-27,Central,Website,138.91,0.021
O009187,2024-11-02,East,Website,142.39,0.021
O009188,2025-02-06,West,Mobile App,112.36,0.026
O009189,2024-06-29,South,Website,127.6,0.021
O009190,2025-11-13,East,Website,78.73,0.021
O009191,2025-05-08,East,Mobile App,125.69,0.026
O009192,2024-09-21,North,Marketplace,127.81,0.045
O009193,2025-12-06,East,Website,102.74,0.021
O009194,2025-11-02,East,Mobile App,168.62,0.026
O009195,2025-03-15,North,Marketplace,124.11,0.045
O009196,2025-08-10,West,Website,94.48,0.021
O009197,2024-12-27,North,Mobile App,109.2,0.026
O009198,2024-06-08,South,Mobile App,91.99,0.026
O009199,2025-06-09,West,Marketplace,85.27,0.045
O009200,2025-12-31,Central,Website,100.69,0.021
O009201,2025-11-19,South,Marketplace,151.13,0.045
O009202,2024-09-27,West,Marketplace,137.21,0.045
O009203,2025-10-14,North,Website,49.52,0.021
O009204,2024-10-18,North,Marketplace,121.92,0.045
O009205,2025-09-28,South,Website,142.45,0.021
O009206,2024-11-09,Central,Marketplace,138.31,0.045
O009207,2024-04-03,North,Mobile App,128.5,0.026
O009208,2024-09-02,Central,Website,143.77,0.021
O009209,2025-02-24,West,Marketplace,77.39,0.045
O009210,2025-08-28,South,Marketplace,91.16,0.045
O009211,2024-02-18,East,Marketplace,64.16,0.045
O009212,2024-05-31,East,Website,166.78,0.021
O009213,2024-07-23,North,Marketplace,68.63,0.045
O009214,2025-04-04,West,Website,140.83,0.021
O009215,2024-09-27,West,Marketplace,155.77,0.045
O009216,2024-10-14,West,Mobile App,172.2,0.026
O009217,2025-06-04,East,Website,173.52,0.021
O009218,2024-03-17,East,Marketplace,136.14,0.045
O009219,2024-02-19,North,Marketplace,175.64,0.045
O009220,2024-10-05,West,Mobile App,102.35,0.026
O009221,2024-07-16,West,Marketplace,68.0,0.045
O009222,2025-01-23,West,Website,129.32,0.021
O009223,2024-04-04,Central,Marketplace,162.44,0.045
O009224,2024-10-29,East,Marketplace,168.47,0.045
O009225,2024-08-05,Central,Mobile App,160.65,0.026
O009226,2024-12-06,East,Website,91.69,0.021
O009227,2025-05-25,East,Marketplace,93.06,0.045
O009228,2025-06-06,West,Mobile App,92.7,0.026
O009229,2025-11-30,East,Marketplace,152.5,0.045
O009230,2024-04-21,East,Mobile App,147.21,0.026
O009231,2025-10-02,West,Mobile App,135.78,0.026
O009232,2024-02-19,Central,Website,137.43,0.021
O009233,2024-08-08,North,Marketplace,167.59,0.045
O009234,2025-01-09,Central,Mobile App,80.17,0.026
O009235,2024-01-25,Central,Marketplace,49.7,0.045
O009236,2024-08-25,Central,Marketplace,113.61,0.045
O009237,2025-04-22,North,Website,153.54,0.021
O009238,2024-02-21,South,Mobile App,74.89,0.026
O009239,2024-08-21,North,Marketplace,109.22,0.045
O009240,2025-10-25,Central,Website,58.71,0.021
O009241,2024-07-17,West,Mobile App,73.35,0.026
O009242,2025-01-12,North,Website,90.63,0.021
O009243,2025-06-07,South,Website,74.01,0.021
O009244,2024-04-27,East,Marketplace,56.92,0.045
O009245,2024-02-04,North,Website,142.26,0.021
O009246,2025-05-08,South,Marketplace,144.33,0.045
O009247,2024-04-11,West,Website,91.2,0.021
O009248,2024-05-07,North,Marketplace,60.87,0.045
O009249,2025-11-06,East,Website,145.69,0.021
O009250,2025-12-24,Central,Website,95.71,0.021
O009251,2025-11-14,South,Marketplace,128.06,0.045
O009252,2024-04-16,South,Marketplace,175.66,0.045
O009253,2025-03-15,West,Marketplace,50.42,0.045
O009254,2024-03-18,South,Mobile App,51.53,0.026
O009255,2024-11-07,North,Website,122.69,0.021
O009256,2025-02-19,Central,Marketplace,152.95,0.045
O009257,2024-07-18,Central,Website,153.47,0.021
O009258,2024-04-30,East,Mobile App,80.08,0.026
O009259,2024-04-13,West,Website,89.8,0.021
O009260,2024-03-26,South,Website,147.18,0.021
O009261,2024-03-13,North,Mobile App,82.49,0.026
O009262,2025-04-01,North,Mobile App,91.09,0.026
O009263,2024-03-22,South,Website,147.46,0.021
O009264,2024-07-08,West,Website,123.86,0.021
O009265,2024-11-22,East,Website,99.52,0.021
O009266,2025-05-18,Central,Mobile App,91.09,0.026
O009267,2024-08-21,Central,Website,71.52,0.021
O009268,2025-07-25,Central,Marketplace,65.37,0.045
O009269,2024-12-27,Central,Website,135.46,0.021
O009270,2024-03-14,Central,Website,64.25,0.021
O009271,2024-08-30,East,Mobile App,116.33,0.026
O009272,2025-11-09,North,Marketplace,68.33,0.045
O009273,2025-08-17,East,Marketplace,93.59,0.045
O009274,2024-06-20,North,Marketplace,141.31,0.045
O009275,2024-01-02,Central,Marketplace,167.7,0.045
O009276,2024-10-21,South,Mobile App,69.74,0.026
O009277,2025-11-26,East,Marketplace,128.39,0.045
O009278,2025-08-17,Central,Mobile App,50.37,0.026
O009279,2025-08-04,North,Mobile App,125.78,0.026
O009280,2025-03-29,North,Marketplace,146.51,0.045
O009281,2025-09-13,Central,Website,56.78,0.021
O009282,2025-03-18,East,Mobile App,100.51,0.026
O009283,2024-09-12,North,Website,141.1,0.021
O009284,2025-01-11,East,Marketplace,179.24,0.045
O009285,2024-07-04,South,Website,177.74,0.021
O009286,2024-07-04,Central,Marketplace,79.37,0.045
O009287,2025-02-23,West,Marketplace,159.26,0.045
O009288,2025-09-15,East,Mobile App,69.4,0.026
O009289,2024-10-25,East,Mobile App,109.1,0.026
O009290,2024-03-18,South,Mobile App,88.21,0.026
O009291,2024-04-03,North,Website,119.66,0.021
O009292,2024-09-15,Central,Marketplace,71.02,0.045
O009293,2024-10-28,Central,Website,117.71,0.021
O009294,2024-01-08,East,Marketplace,156.61,0.045
O009295,2025-02-07,Central,Website,55.78,0.021
O009296,2024-10-25,West,Website,155.38,0.021
O009297,2024-11-25,North,Website,100.17,0.021
O009298,2024-07-07,North,Website,134.03,0.021
O009299,2025-01-10,East,Marketplace,123.99,0.045
O009300,2024-01-01,North,Marketplace,85.23,0.045
O009301,2025-03-06,Central,Marketplace,165.46,0.045
O009302,2024-06-23,West,Mobile App,97.16,0.026
O009303,2025-07-07,South,Marketplace,155.97,0.045
O009304,2024-12-02,West,Website,132.68,0.021
O009305,2025-07-04,East,Mobile App,115.76,0.026
O009306,2024-10-01,West,Marketplace,103.96,0.045
O009307,2024-03-26,East,Marketplace,164.03,0.045
O009308,2024-08-08,South,Marketplace,74.21,0.045
O009309,2025-08-19,West,Website,74.45,0.021
O009310,2024-07-26,South,Marketplace,85.88,0.045
O009311,2025-08-06,East,Marketplace,100.35,0.045
O009312,2025-09-30,West,Mobile App,88.87,0.026
O009313,2025-11-14,Central,Mobile App,133.19,0.026
O009314,2024-10-02,West,Website,175.92,0.021
O009315,2024-08-20,North,Marketplace,73.03,0.045
O009316,2025-07-02,West,Marketplace,176.51,0.045
O009317,2024-04-22,Central,Website,117.28,0.021
O009318,2025-12-25,West,Mobile App,108.45,0.026
O009319,2024-05-21,East,Mobile App,137.15,0.026
O009320,2024-05-11,North,Mobile App,162.78,0.026
O009321,2025-05-29,South,Website,166.04,0.021
O009322,2024-10-11,South,Mobile App,103.5,0.026
O009323,2025-07-11,East,Website,79.91,0.021
O009324,2025-05-22,Central,Website,55.0,0.021
O009325,2024-09-06,North,Marketplace,87.22,0.045
O009326,2025-05-24,East,Marketplace,163.02,0.045
O009327,2024-03-05,South,Marketplace,50.97,0.045
O009328,2025-12-30,West,Mobile App,142.05,0.026
O009329,2025-06-29,South,Mobile App,142.02,0.026
O009330,2025-05-16,Central,Website,72.25,0.021
O009331,2024-12-06,West,Website,142.58,0.021
O009332,2024-08-23,Central,Marketplace,81.11,0.045
O009333,2025-12-17,South,Website,114.17,0.021
O009334,2025-09-15,East,Mobile App,147.67,0.026
O009335,2025-12-30,South,Website,112.67,0.021
O009336,2025-01-10,North,Website,154.77,0.021
O009337,2024-01-06,East,Marketplace,70.19,0.045
O009338,2025-09-28,East,Marketplace,155.43,0.045
O009339,2024-10-16,South,Mobile App,90.51,0.026
O009340,2025-09-12,East,Marketplace,172.91,0.045
O009341,2024-05-29,East,Website,132.42,0.021
O009342,2024-08-19,West,Marketplace,80.0,0.045
O009343,2024-08-07,North,Marketplace,114.66,0.045
O009344,2024-03-25,Central,Website,156.38,0.021
O009345,2024-04-12,North,Marketplace,85.73,0.045
O009346,2024-01-29,North,Website,135.52,0.021
O009347,2024-02-05,Central,Mobile App,164.83,0.026
O009348,2024-05-30,South,Website,53.08,0.021
O009349,2025-03-10,East,Marketplace,86.84,0.045
O009350,2024-03-24,Central,Mobile App,121.05,0.026
O009351,2024-09-25,West,Marketplace,177.27,0.045
O009352,2025-04-25,East,Mobile App,115.89,0.026
O009353,2025-01-05,South,Marketplace,134.3,0.045
O009354,2024-08-17,West,Website,131.21,0.021
O009355,2025-12-26,Central,Website,136.45,0.021
O009356,2024-02-13,North,Mobile App,56.16,0.026
O009357,2025-12-10,Central,Mobile App,62.95,0.026
O009358,2024-03-20,North,Marketplace,173.59,0.045
O009359,2024-11-13,North,Website,104.78,0.021
O009360,2025-06-07,South,Marketplace,136.37,0.045
O009361,2024-10-30,West,Mobile App,137.61,0.026
O009362,2025-01-03,East,Website,82.69,0.021
O009363,2025-12-16,East,Website,154.44,0.021
O009364,2024-05-05,South,Mobile App,59.73,0.026
O009365,2024-12-04,South,Marketplace,148.4,0.045
O009366,2024-10-29,West,Mobile App,156.14,0.026
O009367,2025-12-06,North,Mobile App,165.6,0.026
O009368,2025-08-17,South,Mobile App,63.47,0.026
O009369,2025-02-05,North,Marketplace,156.23,0.045
O009370,2025-04-05,South,Mobile App,157.41,0.026
O009371,2025-08-20,East,Marketplace,68.9,0.045
O009372,2024-04-24,North,Website,134.17,0.021
O009373,2025-10-13,East,Website,159.59,0.021
O009374,2024-04-05,Central,Marketplace,149.65,0.045
O009375,2024-12-12,South,Marketplace,162.23,0.045
O009376,2024-07-26,West,Website,76.08,0.021
O009377,2025-01-26,Central,Marketplace,50.78,0.045
O009378,2025-10-14,East,Website,127.28,0.021
O009379,2024-11-20,North,Marketplace,137.77,0.045
O009380,2024-12-15,Central,Marketplace,149.69,0.045
O009381,2024-10-13,East,Mobile App,140.29,0.026
O009382,2024-01-01,South,Website,97.03,0.021
O009383,2024-07-30,North,Marketplace,140.79,0.045
O009384,2024-09-10,West,Mobile App,118.61,0.026
O009385,2024-10-11,North,Website,121.99,0.021
O009386,2025-04-01,South,Mobile App,152.26,0.026
O009387,2024-05-21,East,Website,68.35,0.021
O009388,2024-03-17,West,Marketplace,113.23,0.045
O009389,2025-08-09,Central,Marketplace,171.04,0.045
O009390,2024-01-17,North,Marketplace,88.57,0.045
O009391,2024-09-05,East,Website,110.47,0.021
O009392,2025-07-23,South,Website,100.17,0.021
O009393,2025-12-26,Central,Website,162.85,0.021
O009394,2025-09-15,Central,Website,156.17,0.021
O009395,2025-12-14,North,Mobile App,116.47,0.026
O009396,2024-06-17,West,Website,117.33,0.021
O009397,2025-11-22,East,Marketplace,72.99,0.045
O009398,2024-09-10,East,Marketplace,109.37,0.045
O009399,2024-06-08,West,Website,133.54,0.021
O009400,2024-04-19,East,Website,105.79,0.021
O009401,2024-03-15,Central,Website,176.8,0.021
O009402,2024-01-27,Central,Website,175.93,0.021
O009403,2025-09-18,North,Marketplace,104.5,0.045
O009404,2024-06-21,North,Website,52.59,0.021
O009405,2025-09-11,North,Website,61.16,0.021
O009406,2025-02-17,South,Marketplace,101.55,0.045
O009407,2025-05-07,North,Marketplace,99.94,0.045
O009408,2024-11-26,North,Mobile App,93.73,0.026
O009409,2024-02-18,East,Marketplace,143.61,0.045
O009410,2024-11-01,South,Mobile App,97.61,0.026
O009411,2025-04-30,East,Marketplace,103.28,0.045
O009412,2025-12-26,North,Website,62.13,0.021
O009413,2025-07-24,East,Marketplace,116.36,0.045
O009414,2024-07-18,South,Mobile App,82.45,0.026
O009415,2024-02-18,West,Marketplace,61.32,0.045
O009416,2025-04-05,East,Website,80.77,0.021
O009417,2024-09-08,West,Website,142.71,0.021
O009418,2025-11-07,South,Marketplace,116.89,0.045
O009419,2025-03-10,North,Marketplace,177.05,0.045
O009420,2025-03-12,South,Mobile App,136.56,0.026
O009421,2024-12-11,South,Marketplace,140.91,0.045
O009422,2025-08-16,North,Mobile App,77.22,0.026
O009423,2024-05-20,East,Mobile App,172.01,0.026
O009424,2024-12-05,South,Website,112.37,0.021
O009425,2025-09-02,North,Marketplace,132.95,0.045
O009426,2025-01-16,Central,Mobile App,143.67,0.026
O009427,2024-07-06,North,Mobile App,102.93,0.026
O009428,2024-02-04,North,Mobile App,172.2,0.026
O009429,2024-01-11,South,Marketplace,164.11,0.045
O009430,2024-05-23,Central,Website,98.18,0.021
O009431,2024-12-26,Central,Website,140.2,0.021
O009432,2025-09-09,South,Marketplace,109.78,0.045
O009433,2025-07-03,South,Marketplace,155.32,0.045
O009434,2025-02-20,East,Mobile App,167.56,0.026
O009435,2024-01-20,North,Marketplace,93.78,0.045
O009436,2025-01-27,West,Marketplace,176.86,0.045
O009437,2024-03-28,Central,Website,62.85,0.021
O009438,2024-03-21,Central,Website,60.72,0.021
O009439,2024-08-14,West,Mobile App,74.47,0.026
O009440,2024-04-13,East,Marketplace,146.61,0.045
O009441,2024-03-07,Central,Marketplace,89.16,0.045
O009442,2025-07-31,North,Website,81.02,0.021
O009443,2025-03-19,South,Website,135.16,0.021
O009444,2025-06-06,East,Website,66.63,0.021
O009445,2025-01-10,Central,Marketplace,159.07,0.045
O009446,2025-09-03,East,Marketplace,56.35,0.045
O009447,2024-11-04,South,Marketplace,110.89,0.045
O009448,2025-07-22,East,Website,56.17,0.021
O009449,2025-01-02,East,Mobile App,50.21,0.026
O009450,2024-02-19,North,Marketplace,55.77,0.045
O009451,2024-11-25,East,Mobile App,93.51,0.026
O009452,2025-09-28,Central,Marketplace,132.42,0.045
O009453,2025-01-30,North,Mobile App,161.85,0.026
O009454,2024-10-03,Central,Marketplace,89.42,0.045
O009455,2025-02-27,East,Marketplace,68.19,0.045
O009456,2024-06-14,East,Mobile App,130.94,0.026
O009457,2024-10-23,Central,Website,114.92,0.021
O009458,2024-02-05,North,Marketplace,161.18,0.045
O009459,2024-03-23,North,Marketplace,96.52,0.045
O009460,2024-01-05,West,Marketplace,169.63,0.045
O009461,2025-11-02,West,Website,86.98,0.021
O009462,2024-09-23,Central,Website,150.37,0.021
O009463,2024-11-23,East,Website,107.47,0.021
O009464,2024-04-15,North,Marketplace,115.79,0.045
O009465,2025-03-02,Central,Website,157.5,0.021
O009466,2025-06-02,East,Marketplace,87.63,0.045
O009467,2024-10-04,Central,Marketplace,135.03,0.045
O009468,2025-01-29,West,Mobile App,148.04,0.026
O009469,2025-10-31,North,Mobile App,61.57,0.026
O009470,2025-04-01,North,Marketplace,176.98,0.045
O009471,2025-09-18,South,Marketplace,174.74,0.045
O009472,2024-05-04,North,Marketplace,156.45,0.045
O009473,2024-01-12,Central,Website,94.04,0.021
O009474,2024-05-16,West,Website,134.61,0.021
O009475,2025-01-03,West,Marketplace,100.41,0.045
O009476,2024-12-16,North,Marketplace,127.49,0.045
O009477,2025-01-31,North,Marketplace,112.36,0.045
O009478,2024-12-18,South,Mobile App,54.8,0.026
O009479,2024-08-21,West,Website,139.95,0.021
O009480,2024-11-19,West,Mobile App,154.79,0.026
O009481,2024-05-17,West,Website,160.15,0.021
O009482,2025-11-30,East,Mobile App,83.91,0.026
O009483,2024-08-15,West,Mobile App,165.73,0.026
O009484,2025-07-07,Central,Website,93.17,0.021
O009485,2025-05-08,South,Marketplace,93.96,0.045
O009486,2024-06-16,Central,Marketplace,115.7,0.045
O009487,2024-03-16,North,Marketplace,92.52,0.045
O009488,2024-02-05,Central,Website,152.52,0.021
O009489,2024-03-12,East,Marketplace,85.07,0.045
O009490,2024-11-30,East,Mobile App,158.35,0.026
O009491,2025-03-01,North,Marketplace,89.04,0.045
O009492,2024-12-11,Central,Mobile App,152.75,0.026
O009493,2024-04-10,West,Marketplace,62.0,0.045
O009494,2024-02-10,West,Marketplace,177.7,0.045
O009495,2025-02-07,South,Website,55.81,0.021
O009496,2025-01-18,East,Mobile App,178.8,0.026
O009497,2024-03-17,East,Marketplace,144.94,0.045
O009498,2025-07-09,West,Website,152.71,0.021
O009499,2025-05-29,West,Marketplace,157.68,0.045
O009500,2024-01-31,East,Mobile App,61.13,0.026
O009501,2025-01-09,North,Marketplace,61.31,0.045
O009502,2025-01-05,North,Marketplace,148.5,0.045
O009503,2024-06-10,North,Marketplace,57.73,0.045
O009504,2024-12-08,Central,Marketplace,176.93,0.045
O009505,2025-05-13,Central,Mobile App,123.58,0.026
O009506,2024-02-01,West,Website,168.07,0.021
O009507,2025-11-06,East,Mobile App,78.8,0.026
O009508,2024-01-07,South,Marketplace,137.22,0.045
O009509,2025-12-28,West,Website,145.87,0.021
O009510,2025-07-25,East,Website,174.89,0.021
O009511,2024-06-04,North,Website,72.1,0.021
O009512,2025-04-10,East,Mobile App,163.87,0.026
O009513,2025-12-11,Central,Website,55.85,0.021
O009514,2025-08-02,West,Website,164.24,0.021
O009515,2024-09-01,North,Marketplace,93.24,0.045
O009516,2025-06-15,East,Website,82.4,0.021
O009517,2025-03-04,Central,Website,166.55,0.021
O009518,2025-02-02,East,Marketplace,56.0,0.045
O009519,2024-06-28,South,Mobile App,146.4,0.026
O009520,2025-03-23,South,Marketplace,167.81,0.045
O009521,2024-07-18,West,Website,168.13,0.021
O009522,2025-01-16,East,Mobile App,85.42,0.026
O009523,2025-07-13,South,Website,168.04,0.021
O009524,2025-06-04,West,Marketplace,142.68,0.045
O009525,2025-01-22,West,Marketplace,98.71,0.045
O009526,2025-04-23,Central,Website,162.71,0.021
O009527,2025-09-12,West,Website,144.74,0.021
O009528,2025-07-18,South,Website,62.68,0.021
O009529,2024-09-17,East,Website,105.76,0.021
O009530,2025-06-13,Central,Website,56.89,0.021
O009531,2025-10-15,North,Mobile App,144.92,0.026
O009532,2024-06-07,North,Website,128.05,0.021
O009533,2024-09-12,West,Marketplace,104.1,0.045
O009534,2024-08-13,South,Marketplace,177.64,0.045
O009535,2024-04-02,South,Marketplace,134.82,0.045
O009536,2024-11-04,South,Website,148.37,0.021
O009537,2024-09-22,East,Website,160.98,0.021
O009538,2024-04-04,South,Mobile App,174.39,0.026
O009539,2024-10-02,West,Website,92.08,0.021
O009540,2025-06-14,West,Website,121.22,0.021
O009541,2025-10-10,East,Marketplace,127.38,0.045
O009542,2024-03-06,East,Marketplace,118.46,0.045
O009543,2024-12-20,South,Mobile App,145.3,0.026
O009544,2024-04-05,North,Website,101.4,0.021
O009545,2024-05-13,East,Mobile App,104.61,0.026
O009546,2025-04-28,West,Marketplace,172.11,0.045
O009547,2024-10-16,Central,Website,95.81,0.021
O009548,2025-07-21,East,Website,95.64,0.021
O009549,2024-11-19,East,Marketplace,99.68,0.045
O009550,2025-02-22,South,Website,171.3,0.021
O009551,2024-04-15,South,Website,77.94,0.021
O009552,2024-07-24,Central,Website,168.42,0.021
O009553,2025-03-17,South,Marketplace,66.46,0.045
O009554,2025-08-04,East,Marketplace,71.12,0.045
O009555,2025-11-08,North,Website,149.27,0.021
O009556,2025-07-30,West,Marketplace,167.23,0.045
O009557,2025-04-18,East,Mobile App,85.38,0.026
O009558,2024-08-20,Central,Website,171.85,0.021
O009559,2025-07-22,West,Website,148.9,0.021
O009560,2024-04-03,South,Website,134.21,0.021
O009561,2025-02-15,North,Mobile App,99.83,0.026
O009562,2025-02-12,East,Website,99.9,0.021
O009563,2024-04-03,North,Marketplace,133.16,0.045
O009564,2024-06-07,West,Mobile App,92.76,0.026
O009565,2025-02-13,Central,Marketplace,162.56,0.045
O009566,2025-04-26,East,Marketplace,125.36,0.045
O009567,2025-11-14,South,Marketplace,179.19,0.045
O009568,2025-06-17,Central,Marketplace,101.85,0.045
O009569,2025-05-30,Central,Marketplace,148.4,0.045
O009570,2024-04-11,North,Website,73.04,0.021
O009571,2025-08-10,Central,Marketplace,64.17,0.045
O009572,2024-06-17,Central,Website,58.83,0.021
O009573,2024-08-13,Central,Website,104.72,0.021
O009574,2025-11-17,South,Website,81.64,0.021
O009575,2025-11-09,East,Marketplace,122.03,0.045
O009576,2025-02-11,South,Mobile App,63.01,0.026
O009577,2025-07-11,East,Website,176.27,0.021
O009578,2024-05-02,East,Website,98.1,0.021
O009579,2025-03-30,East,Mobile App,159.41,0.026
O009580,2024-04-07,North,Marketplace,59.7,0.045
O009581,2025-12-11,West,Mobile App,126.83,0.026
O009582,2024-04-23,West,Marketplace,112.23,0.045
O009583,2025-07-28,West,Marketplace,108.34,0.045
O009584,2024-03-31,North,Mobile App,104.26,0.026
O009585,2024-12-27,Central,Marketplace,69.54,0.045
O009586,2025-04-25,Central,Website,129.71,0.021
O009587,2025-04-23,South,Website,102.17,0.021
O009588,2024-10-27,Central,Mobile App,78.09,0.026
O009589,2025-10-16,West,Marketplace,90.48,0.045
O009590,2024-03-14,South,Mobile App,173.97,0.026
O009591,2024-04-29,Central,Website,80.68,0.021
O009592,2025-07-30,East,Website,99.39,0.021
O009593,2025-11-06,East,Website,139.33,0.021
O009594,2025-07-31,West,Marketplace,84.26,0.045
O009595,2024-06-09,West,Mobile App,55.71,0.026
O009596,2025-12-19,East,Marketplace,156.81,0.045
O009597,2024-04-03,East,Website,121.76,0.021
O009598,2024-03-15,Central,Marketplace,62.13,0.045
O009599,2024-07-03,South,Website,130.26,0.021
O009600,2024-03-11,West,Mobile App,133.15,0.026
O009601,2025-04-27,West,Website,95.07,0.021
O009602,2025-02-07,West,Marketplace,150.84,0.045
O009603,2025-03-30,East,Website,159.41,0.021
O009604,2025-01-31,North,Mobile App,120.88,0.026
O009605,2025-04-26,South,Mobile App,66.98,0.026
O009606,2024-07-08,North,Marketplace,145.74,0.045
O009607,2025-04-08,North,Mobile App,124.44,0.026
O009608,2024-09-18,West,Website,78.07,0.021
O009609,2025-09-01,South,Website,49.29,0.021
O009610,2024-05-20,West,Marketplace,108.76,0.045
O009611,2024-06-07,West,Mobile App,155.82,0.026
O009612,2024-06-18,Central,Mobile App,90.28,0.026
O009613,2025-12-23,East,Marketplace,145.71,0.045
O009614,2024-01-05,West,Website,176.3,0.021
O009615,2024-07-28,North,Website,129.8,0.021
O009616,2024-04-02,South,Mobile App,170.13,0.026
O009617,2024-03-05,Central,Mobile App,153.77,0.026
O009618,2025-09-05,North,Website,91.54,0.021
O009619,2025-03-11,North,Website,157.48,0.021
O009620,2024-09-02,South,Marketplace,83.75,0.045
O009621,2025-01-26,North,Website,115.35,0.021
O009622,2025-12-09,Central,Mobile App,118.75,0.026
O009623,2025-06-16,South,Marketplace,173.08,0.045
O009624,2025-04-29,North,Marketplace,109.88,0.045
O009625,2025-09-29,North,Website,92.29,0.021
O009626,2025-12-29,Central,Marketplace,80.26,0.045
O009627,2024-01-30,Central,Marketplace,177.99,0.045
O009628,2024-07-13,South,Website,167.59,0.021
O009629,2024-04-02,South,Website,127.52,0.021
O009630,2024-04-28,North,Website,125.77,0.021
O009631,2025-08-01,South,Marketplace,129.31,0.045
O009632,2025-07-02,Central,Mobile App,80.14,0.026
O009633,2025-05-30,North,Website,74.16,0.021
O009634,2025-12-06,North,Website,56.2,0.021
O009635,2025-09-28,East,Website,118.24,0.021
O009636,2024-07-04,North,Mobile App,95.18,0.026
O009637,2025-09-28,South,Website,146.15,0.021
O009638,2024-03-16,South,Marketplace,165.38,0.045
O009639,2025-10-21,South,Website,155.33,0.021
O009640,2025-06-14,South,Mobile App,157.7,0.026
O009641,2025-05-11,East,Mobile App,80.24,0.026
O009642,2024-03-31,West,Marketplace,170.46,0.045
O009643,2024-03-13,South,Marketplace,53.86,0.045
O009644,2024-09-01,East,Mobile App,110.82,0.026
O009645,2024-03-25,East,Marketplace,141.11,0.045
O009646,2024-09-25,Central,Mobile App,77.37,0.026
O009647,2025-10-20,West,Marketplace,160.59,0.045
O009648,2024-03-02,East,Website,70.03,0.021
O009649,2024-05-09,West,Website,110.07,0.021
O009650,2025-10-17,West,Website,55.55,0.021
O009651,2024-06-24,East,Marketplace,93.99,0.045
O009652,2024-06-22,West,Website,64.35,0.021
O009653,2024-06-09,North,Marketplace,150.88,0.045
O009654,2024-11-09,West,Website,145.82,0.021
O009655,2024-03-10,East,Website,132.46,0.021
O009656,2025-01-04,East,Marketplace,160.94,0.045
O009657,2024-08-13,West,Marketplace,52.73,0.045
O009658,2025-01-13,West,Mobile App,65.19,0.026
O009659,2025-10-11,North,Website,137.3,0.021
O009660,2025-12-03,Central,Website,151.58,0.021
O009661,2024-03-09,West,Mobile App,134.96,0.026
O009662,2024-06-24,Central,Marketplace,116.34,0.045
O009663,2025-06-30,South,Marketplace,152.25,0.045
O009664,2025-10-26,North,Marketplace,67.02,0.045
O009665,2025-10-23,South,Website,175.46,0.021
O009666,2025-03-26,East,Website,54.87,0.021
O009667,2024-05-09,North,Marketplace,69.86,0.045
O009668,2025-05-30,West,Mobile App,60.56,0.026
O009669,2024-09-14,North,Website,153.77,0.021
O009670,2024-11-25,North,Mobile App,85.54,0.026
O009671,2025-07-27,West,Website,74.71,0.021
O009672,2024-05-02,Central,Mobile App,170.05,0.026
O009673,2024-04-05,East,Website,119.63,0.021
O009674,2024-09-05,West,Website,149.72,0.021
O009675,2025-05-09,West,Marketplace,108.58,0.045
O009676,2025-06-01,Central,Website,61.8,0.021
O009677,2024-12-26,West,Website,163.94,0.021
O009678,2024-08-15,Central,Website,110.46,0.021
O009679,2025-03-12,West,Mobile App,120.92,0.026
O009680,2024-04-23,West,Marketplace,107.54,0.045
O009681,2025-02-09,West,Marketplace,84.12,0.045
O009682,2024-07-05,West,Website,139.17,0.021
O009683,2024-10-07,South,Marketplace,54.15,0.045
O009684,2025-01-10,West,Website,72.94,0.021
O009685,2025-01-28,North,Marketplace,56.89,0.045
O009686,2025-08-02,East,Mobile App,119.89,0.026
O009687,2024-03-04,East,Marketplace,83.63,0.045
O009688,2024-10-23,South,Mobile App,61.36,0.026
O009689,2025-12-27,East,Mobile App,91.96,0.026
O009690,2024-01-17,Central,Marketplace,83.99,0.045
O009691,2025-03-17,South,Mobile App,124.92,0.026
O009692,2024-08-13,East,Marketplace,118.26,0.045
O009693,2025-04-06,Central,Marketplace,143.19,0.045
O009694,2024-04-01,Central,Marketplace,49.06,0.045
O009695,2024-06-18,West,Website,57.46,0.021
O009696,2025-09-10,Central,Website,112.26,0.021
O009697,2024-03-19,North,Website,165.18,0.021
O009698,2025-09-07,West,Marketplace,113.9,0.045
O009699,2024-03-18,West,Marketplace,177.86,0.045
O009700,2024-05-21,West,Website,122.11,0.021
O009701,2024-08-04,Central,Marketplace,77.52,0.045
O009702,2024-05-15,South,Marketplace,119.03,0.045
O009703,2025-12-01,South,Marketplace,96.42,0.045
O009704,2024-07-29,Central,Website,177.16,0.021
O009705,2025-12-26,South,Website,152.45,0.021
O009706,2024-06-26,Central,Marketplace,157.32,0.045
O009707,2025-06-22,South,Mobile App,103.46,0.026
O009708,2024-04-10,West,Website,131.75,0.021
O009709,2025-12-04,Central,Marketplace,59.45,0.045
O009710,2024-09-20,Central,Website,82.17,0.021
O009711,2025-08-04,Central,Website,171.88,0.021
O009712,2024-11-02,Central,Website,64.23,0.021
O009713,2024-12-08,North,Website,64.64,0.021
O009714,2025-06-26,Central,Mobile App,84.5,0.026
O009715,2025-12-15,Central,Marketplace,179.8,0.045
O009716,2025-08-23,East,Marketplace,72.51,0.045
O009717,2024-07-10,North,Website,132.68,0.021
O009718,2024-08-31,North,Marketplace,61.74,0.045
O009719,2024-02-09,North,Website,94.18,0.021
O009720,2025-11-29,South,Mobile App,66.96,0.026
O009721,2024-04-05,West,Website,54.59,0.021
O009722,2024-12-06,South,Website,169.16,0.021
O009723,2024-03-20,West,Mobile App,171.64,0.026
O009724,2024-09-23,South,Mobile App,128.07,0.026
O009725,2025-10-14,North,Website,122.29,0.021
O009726,2025-01-19,West,Marketplace,131.92,0.045
O009727,2024-04-26,Central,Mobile App,59.89,0.026
O009728,2024-09-12,West,Marketplace,159.34,0.045
O009729,2025-06-11,South,Mobile App,69.56,0.026
O009730,2025-08-12,West,Mobile App,158.32,0.026
O009731,2024-04-22,North,Mobile App,73.32,0.026
O009732,2024-07-16,South,Website,59.07,0.021
O009733,2025-08-06,West,Marketplace,177.52,0.045
O009734,2024-08-30,South,Website,117.79,0.021
O009735,2025-06-23,North,Marketplace,97.53,0.045
O009736,2025-03-26,South,Website,84.19,0.021
O009737,2024-09-07,North,Website,76.1,0.021
O009738,2024-11-25,East,Mobile App,177.06,0.026
O009739,2024-10-15,North,Mobile App,165.55,0.026
O009740,2025-11-18,West,Marketplace,90.62,0.045
O009741,2024-01-09,Central,Marketplace,68.16,0.045
O009742,2024-05-17,East,Website,119.13,0.021
O009743,2025-08-26,East,Website,100.55,0.021
O009744,2024-10-29,Central,Marketplace,113.25,0.045
O009745,2024-04-13,North,Marketplace,93.64,0.045
O009746,2025-10-05,Central,Website,111.94,0.021
O009747,2024-11-27,South,Website,111.88,0.021
O009748,2024-12-27,West,Website,179.55,0.021
O009749,2024-08-03,South,Mobile App,172.0,0.026
O009750,2025-10-18,North,Website,116.78,0.021
O009751,2024-06-23,South,Website,130.75,0.021
O009752,2025-04-17,South,Website,110.17,0.021
O009753,2025-03-29,East,Marketplace,122.71,0.045
O009754,2024-10-15,North,Website,74.89,0.021
O009755,2024-11-23,Central,Mobile App,149.22,0.026
O009756,2024-01-22,South,Marketplace,110.67,0.045
O009757,2024-03-06,West,Marketplace,52.19,0.045
O009758,2024-06-03,North,Mobile App,116.96,0.026
O009759,2024-06-25,East,Website,117.22,0.021
O009760,2025-07-07,South,Marketplace,84.85,0.045
O009761,2025-01-26,West,Mobile App,145.82,0.026
O009762,2024-07-29,South,Website,164.51,0.021
O009763,2024-10-04,East,Website,83.14,0.021
O009764,2024-10-02,East,Mobile App,55.49,0.026
O009765,2025-08-03,East,Website,161.65,0.021
O009766,2025-11-08,Central,Marketplace,85.05,0.045
O009767,2025-10-02,West,Mobile App,74.26,0.026
O009768,2024-09-03,East,Mobile App,49.66,0.026
O009769,2025-04-25,West,Marketplace,120.82,0.045
O009770,2024-01-05,South,Mobile App,113.37,0.026
O009771,2024-07-21,West,Mobile App,71.79,0.026
O009772,2024-07-09,Central,Website,168.79,0.021
O009773,2024-02-24,West,Website,103.39,0.021
O009774,2025-02-25,South,Website,149.62,0.021
O009775,2024-09-08,East,Marketplace,131.04,0.045
O009776,2024-11-06,North,Website,58.15,0.021
O009777,2025-06-11,West,Mobile App,159.84,0.026
O009778,2025-09-27,North,Website,51.41,0.021
O009779,2025-12-17,North,Mobile App,99.11,0.026
O009780,2025-08-19,West,Marketplace,123.53,0.045
O009781,2025-04-05,Central,Marketplace,115.5,0.045
O009782,2024-08-31,East,Marketplace,104.04,0.045
O009783,2025-11-18,North,Website,76.45,0.021
O009784,2024-10-23,South,Marketplace,123.59,0.045
O009785,2025-08-28,East,Marketplace,154.77,0.045
O009786,2025-11-18,North,Marketplace,59.6,0.045
O009787,2024-04-26,North,Website,142.85,0.021
O009788,2024-05-20,Central,Marketplace,138.08,0.045
O009789,2025-06-23,North,Mobile App,152.05,0.026
O009790,2025-11-25,East,Marketplace,146.52,0.045
O009791,2025-10-01,North,Mobile App,129.81,0.026
O009792,2025-04-28,North,Mobile App,170.5,0.026
O009793,2024-08-23,North,Website,96.05,0.021
O009794,2025-07-07,North,Website,151.66,0.021
O009795,2025-11-02,Central,Mobile App,101.33,0.026
O009796,2024-07-06,Central,Mobile App,115.16,0.026
O009797,2024-05-25,Central,Marketplace,63.34,0.045
O009798,2025-02-24,South,Website,100.67,0.021
O009799,2025-08-28,Central,Marketplace,142.74,0.045
O009800,2024-04-30,South,Website,65.72,0.021
O009801,2024-03-19,East,Marketplace,91.41,0.045
O009802,2024-07-10,West,Mobile App,88.6,0.026
O009803,2025-08-20,West,Website,82.18,0.021
O009804,2025-02-18,West,Marketplace,158.41,0.045
O009805,2025-09-20,Central,Marketplace,117.92,0.045
O009806,2025-08-27,Central,Mobile App,170.94,0.026
O009807,2024-08-06,North,Marketplace,94.99,0.045
O009808,2025-07-16,South,Mobile App,104.73,0.026
O009809,2024-09-16,East,Mobile App,149.0,0.026
O009810,2024-03-02,North,Marketplace,114.76,0.045
O009811,2024-05-25,North,Marketplace,138.39,0.045
O009812,2025-03-23,West,Mobile App,75.55,0.026
O009813,2024-01-05,West,Mobile App,167.47,0.026
O009814,2024-10-07,West,Mobile App,159.25,0.026
O009815,2024-11-09,Central,Website,137.21,0.021
O009816,2025-08-29,South,Website,178.54,0.021
O009817,2024-01-01,North,Website,168.52,0.021
O009818,2024-09-20,East,Marketplace,155.24,0.045
O009819,2024-04-16,Central,Mobile App,87.68,0.026
O009820,2025-10-18,East,Website,56.88,0.021
O009821,2024-11-05,West,Website,125.44,0.021
O009822,2025-08-21,East,Marketplace,127.19,0.045
O009823,2024-10-28,East,Marketplace,156.93,0.045
O009824,2024-06-30,South,Website,80.99,0.021
O009825,2025-06-29,South,Website,63.76,0.021
O009826,2025-03-06,West,Mobile App,178.55,0.026
O009827,2025-07-28,South,Website,131.55,0.021
O009828,2024-08-23,East,Website,141.32,0.021
O009829,2025-10-21,West,Marketplace,80.84,0.045
O009830,2025-02-09,West,Website,129.74,0.021
O009831,2024-10-15,Central,Website,116.86,0.021
O009832,2024-02-05,West,Website,49.05,0.021
O009833,2025-07-06,North,Marketplace,117.6,0.045
O009834,2025-04-03,East,Website,100.45,0.021
O009835,2025-01-06,West,Website,170.9,0.021
O009836,2024-02-08,North,Website,74.99,0.021
O009837,2024-08-18,North,Website,69.54,0.021
O009838,2024-10-25,West,Website,76.49,0.021
O009839,2024-01-03,East,Mobile App,53.68,0.026
O009840,2024-02-10,West,Marketplace,118.83,0.045
O009841,2025-05-16,South,Mobile App,142.95,0.026
O009842,2025-06-17,North,Marketplace,129.38,0.045
O009843,2024-08-03,North,Website,156.57,0.021
O009844,2024-03-08,West,Marketplace,122.02,0.045
O009845,2025-03-31,North,Website,128.93,0.021
O009846,2025-07-10,North,Website,177.68,0.021
O009847,2025-04-26,South,Website,72.07,0.021
O009848,2024-09-11,North,Marketplace,121.47,0.045
O009849,2025-04-17,North,Marketplace,57.75,0.045
O009850,2024-08-28,South,Marketplace,141.12,0.045
O009851,2025-03-06,Central,Website,179.03,0.021
O009852,2024-07-15,East,Mobile App,137.39,0.026
O009853,2025-01-20,South,Website,162.22,0.021
O009854,2024-11-24,North,Mobile App,69.96,0.026
O009855,2024-02-06,West,Website,166.12,0.021
O009856,2024-02-12,North,Mobile App,63.97,0.026
O009857,2024-09-18,South,Marketplace,145.68,0.045
O009858,2025-03-04,East,Marketplace,105.61,0.045
O009859,2024-04-12,West,Marketplace,148.42,0.045
O009860,2024-07-06,East,Marketplace,51.61,0.045
O009861,2024-12-01,Central,Website,76.57,0.021
O009862,2024-07-29,North,Marketplace,60.79,0.045
O009863,2024-08-27,West,Website,70.34,0.021
O009864,2024-04-07,East,Website,139.07,0.021
O009865,2024-09-17,South,Mobile App,161.74,0.026
O009866,2025-09-16,East,Website,115.18,0.021
O009867,2025-06-05,Central,Website,151.05,0.021
O009868,2024-02-08,West,Website,161.19,0.021
O009869,2025-08-08,North,Mobile App,172.51,0.026
O009870,2024-06-28,West,Website,154.04,0.021
O009871,2025-08-07,Central,Website,175.52,0.021
O009872,2024-02-09,North,Website,115.66,0.021
O009873,2025-05-10,East,Website,168.06,0.021
O009874,2024-05-26,North,Website,70.68,0.021
O009875,2024-01-11,South,Marketplace,115.87,0.045
O009876,2024-12-15,South,Website,171.82,0.021
O009877,2024-12-13,East,Website,59.81,0.021
O009878,2025-05-25,West,Website,158.59,0.021
O009879,2024-09-30,South,Mobile App,74.84,0.026
O009880,2025-06-07,East,Website,166.81,0.021
O009881,2024-01-25,South,Website,143.43,0.021
O009882,2025-04-07,North,Marketplace,131.03,0.045
O009883,2025-01-20,West,Marketplace,159.15,0.045
O009884,2025-11-17,North,Marketplace,77.42,0.045
O009885,2025-06-12,East,Marketplace,115.82,0.045
O009886,2025-12-08,West,Mobile App,74.47,0.026
O009887,2024-05-08,South,Mobile App,75.14,0.026
O009888,2024-08-02,South,Marketplace,153.91,0.045
O009889,2025-03-31,South,Mobile App,65.28,0.026
O009890,2025-08-04,Central,Mobile App,159.11,0.026
O009891,2024-01-25,North,Website,50.82,0.021
O009892,2025-07-15,West,Mobile App,150.84,0.026
O009893,2024-02-23,East,Website,120.8,0.021
O009894,2025-06-03,West,Website,57.55,0.021
O009895,2024-08-22,East,Marketplace,154.4,0.045
O009896,2025-03-28,North,Website,77.75,0.021
O009897,2025-09-07,Central,Website,94.49,0.021
O009898,2024-01-11,North,Marketplace,66.67,0.045
O009899,2024-02-10,East,Website,64.44,0.021
O009900,2025-09-06,South,Marketplace,116.46,0.045
O009901,2025-10-07,North,Mobile App,168.96,0.026
O009902,2024-10-06,West,Marketplace,138.67,0.045
O009903,2024-02-05,Central,Website,94.45,0.021
O009904,2025-02-21,Central,Mobile App,168.03,0.026
O009905,2025-09-13,West,Website,141.46,0.021
O009906,2024-11-08,North,Mobile App,86.64,0.026
O009907,2024-07-12,South,Mobile App,128.18,0.026
O009908,2025-01-07,West,Marketplace,123.97,0.045
O009909,2025-07-26,West,Mobile App,90.16,0.026
O009910,2025-10-22,East,Marketplace,64.74,0.045
O009911,2024-03-23,East,Mobile App,101.56,0.026
O009912,2025-01-26,East,Mobile App,62.14,0.026
O009913,2025-09-30,East,Marketplace,76.69,0.045
O009914,2025-01-22,Central,Website,64.0,0.021
O009915,2024-07-11,West,Marketplace,173.56,0.045
O009916,2024-09-09,East,Website,64.24,0.021
O009917,2025-11-08,East,Website,96.62,0.021
O009918,2024-10-04,South,Marketplace,89.81,0.045
O009919,2024-11-16,South,Website,155.02,0.021
O009920,2025-06-13,West,Mobile App,123.38,0.026
O009921,2025-09-02,North,Website,69.9,0.021
O009922,2025-01-06,Central,Marketplace,152.0,0.045
O009923,2024-08-16,East,Marketplace,177.54,0.045
O009924,2024-11-09,South,Website,144.34,0.021
O009925,2024-06-17,South,Website,62.04,0.021
O009926,2025-10-14,East,Mobile App,145.15,0.026
O009927,2024-04-02,Central,Marketplace,174.44,0.045
O009928,2024-12-19,South,Marketplace,135.85,0.045
O009929,2024-06-08,Central,Marketplace,174.57,0.045
O009930,2024-03-26,North,Mobile App,124.65,0.026
O009931,2024-11-20,West,Marketplace,98.19,0.045
O009932,2024-09-05,South,Website,85.65,0.021
O009933,2024-06-10,East,Mobile App,158.5,0.026
O009934,2024-11-19,Central,Marketplace,94.68,0.045
O009935,2024-02-03,North,Marketplace,56.68,0.045
O009936,2024-10-16,East,Website,119.14,0.021
O009937,2025-02-09,North,Marketplace,77.21,0.045
O009938,2024-08-11,South,Marketplace,52.26,0.045
O009939,2025-09-15,West,Marketplace,51.0,0.045
O009940,2025-12-23,Central,Website,76.51,0.021
O009941,2024-10-13,East,Website,55.04,0.021
O009942,2025-03-29,West,Website,58.35,0.021
O009943,2024-09-04,Central,Mobile App,165.26,0.026
O009944,2024-06-25,South,Mobile App,50.92,0.026
O009945,2024-10-30,West,Marketplace,108.65,0.045
O009946,2024-05-20,Central,Mobile App,128.11,0.026
O009947,2024-06-16,North,Mobile App,82.1,0.026
O009948,2024-07-10,Central,Marketplace,126.45,0.045
O009949,2025-05-23,North,Website,118.6,0.021
O009950,2025-04-01,West,Website,53.49,0.021
O009951,2025-04-07,South,Website,171.6,0.021
O009952,2024-05-23,South,Mobile App,142.05,0.026
O009953,2025-03-09,North,Marketplace,77.8,0.045
O009954,2024-08-21,West,Website,114.52,0.021
O009955,2025-06-05,South,Website,60.73,0.021
O009956,2025-04-12,North,Website,86.99,0.021
O009957,2025-10-11,Central,Mobile App,150.06,0.026
O009958,2024-12-29,West,Mobile App,131.29,0.026
O009959,2024-01-16,West,Website,125.66,0.021
O009960,2024-07-09,Central,Marketplace,92.07,0.045
O009961,2024-01-06,North,Website,74.04,0.021
O009962,2024-07-06,South,Mobile App,124.27,0.026
O009963,2025-05-10,North,Website,151.78,0.021
O009964,2025-02-20,Central,Marketplace,115.46,0.045
O009965,2024-10-25,South,Website,120.84,0.021
O009966,2025-09-07,North,Marketplace,60.07,0.045
O009967,2024-10-13,North,Website,60.68,0.021
O009968,2025-07-26,South,Website,57.48,0.021
O009969,2024-08-31,East,Website,56.18,0.021
O009970,2024-12-29,South,Marketplace,147.07,0.045
O009971,2024-06-30,West,Marketplace,50.91,0.045
O009972,2025-06-17,West,Website,132.15,0.021
O009973,2024-02-27,South,Marketplace,71.69,0.045
O009974,2024-09-07,West,Marketplace,121.93,0.045
O009975,2024-01-16,South,Website,146.72,0.021
O009976,2024-04-10,Central,Marketplace,105.66,0.045
O009977,2024-11-16,South,Mobile App,145.66,0.026
O009978,2024-11-14,Central,Mobile App,73.21,0.026
O009979,2025-03-20,Central,Website,118.72,0.021
O009980,2024-10-13,Central,Mobile App,171.89,0.026
O009981,2025-11-02,East,Website,92.22,0.021
O009982,2024-09-12,Central,Mobile App,165.4,0.026
O009983,2025-06-27,Central,Mobile App,96.0,0.026
O009984,2024-01-08,East,Website,83.58,0.021
O009985,2024-01-04,West,Marketplace,52.42,0.045
O009986,2024-10-16,West,Marketplace,129.95,0.045
O009987,2024-11-07,South,Website,99.59,0.021
O009988,2024-09-19,North,Mobile App,133.61,0.026
O009989,2024-12-08,North,Website,128.74,0.021
O009990,2024-05-30,West,Website,106.13,0.021
O009991,2024-06-16,South,Website,129.56,0.021
O009992,2024-02-15,North,Website,179.98,0.021
O009993,2025-05-30,North,Website,61.95,0.021
O009994,2024-09-17,Central,Website,166.06,0.021
O009995,2025-06-06,West,Mobile App,82.81,0.026
O009996,2025-05-01,North,Website,156.72,0.021
O009997,2025-02-12,North,Website,175.02,0.021
O009998,2025-03-07,North,Marketplace,158.53,0.045
O009999,2025-05-23,East,Marketplace,161.86,0.045
O010000,2025-10-18,East,Website,68.16,0.021
O010001,2024-10-26,North,Website,55.81,0.021
O010002,2024-06-24,South,Marketplace,137.78,0.045
O010003,2024-11-16,North,Website,89.86,0.021
O010004,2025-07-15,South,Website,61.32,0.021
O010005,2025-05-21,Central,Marketplace,94.45,0.045
O010006,2025-10-02,East,Mobile App,173.74,0.026
O010007,2024-11-04,West,Marketplace,145.18,0.045
O010008,2024-12-21,East,Marketplace,84.4,0.045
O010009,2025-10-05,East,Mobile App,74.35,0.026
O010010,2024-08-05,West,Mobile App,132.81,0.026
O010011,2025-06-20,South,Website,108.16,0.021
O010012,2025-06-08,North,Mobile App,74.95,0.026
O010013,2025-06-23,South,Marketplace,94.3,0.045
O010014,2025-03-05,South,Website,163.29,0.021
O010015,2025-05-27,North,Marketplace,68.14,0.045
O010016,2024-04-18,South,Mobile App,162.36,0.026
O010017,2025-12-23,East,Website,64.5,0.021
O010018,2025-02-01,North,Website,139.36,0.021
O010019,2025-12-09,West,Website,99.25,0.021
O010020,2024-11-15,South,Website,102.13,0.021
O010021,2024-01-27,North,Website,81.53,0.021
O010022,2025-07-20,North,Mobile App,107.02,0.026
O010023,2024-04-03,East,Mobile App,170.49,0.026
O010024,2024-07-15,North,Marketplace,89.52,0.045
O010025,2024-01-28,South,Mobile App,84.12,0.026
O010026,2024-11-07,East,Mobile App,61.1,0.026
O010027,2025-06-22,North,Website,74.89,0.021
O010028,2025-06-01,North,Mobile App,111.57,0.026
O010029,2025-10-27,East,Website,165.07,0.021
O010030,2024-01-30,North,Mobile App,160.09,0.026
O010031,2024-05-12,North,Website,59.26,0.021
O010032,2024-11-10,North,Website,90.64,0.021
O010033,2024-09-06,North,Marketplace,154.44,0.045
O010034,2024-01-16,West,Mobile App,63.64,0.026
O010035,2024-11-06,Central,Mobile App,71.56,0.026
O010036,2024-05-24,South,Mobile App,130.45,0.026
O010037,2025-07-02,North,Website,100.14,0.021
O010038,2024-08-16,West,Marketplace,159.31,0.045
O010039,2024-01-26,Central,Mobile App,153.35,0.026
O010040,2025-11-28,South,Mobile App,115.2,0.026
O010041,2024-09-19,West,Marketplace,86.91,0.045
O010042,2024-05-27,Central,Mobile App,138.33,0.026
O010043,2024-07-10,North,Website,96.92,0.021
O010044,2024-04-18,Central,Website,123.27,0.021
O010045,2024-10-06,East,Mobile App,162.27,0.026
O010046,2025-07-26,West,Mobile App,167.71,0.026
O010047,2025-09-06,South,Marketplace,57.02,0.045
O010048,2024-09-01,North,Marketplace,111.56,0.045
O010049,2025-01-09,South,Website,170.0,0.021
O010050,2024-07-05,East,Mobile App,112.9,0.026
O010051,2025-10-31,East,Mobile App,172.23,0.026
O010052,2025-11-01,North,Website,176.49,0.021
O010053,2024-04-24,North,Website,89.69,0.021
O010054,2024-07-04,South,Website,94.06,0.021
O010055,2024-03-25,North,Marketplace,141.91,0.045
O010056,2025-02-16,East,Marketplace,155.55,0.045
O010057,2024-09-26,North,Mobile App,55.41,0.026
O010058,2024-01-07,Central,Mobile App,145.92,0.026
O010059,2025-02-02,North,Website,72.89,0.021
O010060,2024-12-05,South,Marketplace,93.2,0.045
O010061,2025-12-30,South,Mobile App,155.2,0.026
O010062,2024-09-28,West,Website,172.5,0.021
O010063,2024-05-12,North,Marketplace,128.78,0.045
O010064,2024-05-11,North,Website,121.36,0.021
O010065,2025-11-30,Central,Mobile App,113.38,0.026
O010066,2025-08-31,South,Mobile App,151.78,0.026
O010067,2024-12-04,East,Mobile App,102.02,0.026
O010068,2024-12-26,East,Website,144.12,0.021
O010069,2025-12-12,Central,Marketplace,142.54,0.045
O010070,2024-12-26,North,Website,107.12,0.021
O010071,2025-01-10,West,Mobile App,81.86,0.026
O010072,2024-10-19,Central,Mobile App,87.66,0.026
O010073,2024-09-25,Central,Mobile App,110.86,0.026
O010074,2024-09-23,Central,Website,97.75,0.021
O010075,2025-07-01,East,Mobile App,66.37,0.026
O010076,2024-09-18,Central,Website,149.32,0.021
O010077,2024-11-27,Central,Website,103.57,0.021
O010078,2024-01-28,East,Website,90.34,0.021
O010079,2024-06-29,North,Marketplace,178.91,0.045
O010080,2025-03-24,South,Marketplace,153.33,0.045
O010081,2024-06-19,South,Website,148.01,0.021
O010082,2025-01-02,Central,Mobile App,128.32,0.026
O010083,2025-12-05,Central,Website,120.24,0.021
O010084,2025-12-03,South,Marketplace,170.06,0.045
O010085,2024-11-18,Central,Marketplace,112.33,0.045
O010086,2025-03-04,West,Website,71.12,0.021
O010087,2024-10-04,North,Marketplace,111.43,0.045
O010088,2024-05-03,Central,Mobile App,121.39,0.026
O010089,2025-06-07,Central,Marketplace,113.33,0.045
O010090,2024-04-28,East,Marketplace,138.05,0.045
O010091,2025-11-03,East,Website,84.03,0.021
O010092,2025-06-09,Central,Website,64.76,0.021
O010093,2025-10-14,East,Marketplace,178.39,0.045
O010094,2024-06-18,North,Website,66.92,0.021
O010095,2025-03-16,North,Mobile App,105.69,0.026
O010096,2024-09-18,North,Marketplace,81.25,0.045
O010097,2024-05-13,West,Marketplace,56.86,0.045
O010098,2024-09-08,West,Marketplace,144.97,0.045
O010099,2025-09-06,South,Marketplace,159.06,0.045
O010100,2025-11-03,Central,Marketplace,144.65,0.045
O010101,2024-11-27,South,Website,64.16,0.021
O010102,2025-08-01,West,Marketplace,162.66,0.045
O010103,2024-06-24,South,Marketplace,64.73,0.045
O010104,2025-02-18,East,Marketplace,54.86,0.045
O010105,2024-12-12,South,Mobile App,160.25,0.026
O010106,2025-09-16,Central,Website,129.67,0.021
O010107,2025-08-22,East,Website,132.67,0.021
O010108,2024-12-01,North,Mobile App,116.96,0.026
O010109,2024-05-12,South,Website,115.73,0.021
O010110,2024-03-11,Central,Mobile App,163.81,0.026
O010111,2025-12-19,South,Marketplace,149.15,0.045
O010112,2025-12-22,South,Marketplace,124.18,0.045
O010113,2024-05-29,East,Mobile App,93.7,0.026
O010114,2024-10-03,East,Mobile App,144.15,0.026
O010115,2025-08-17,South,Mobile App,94.81,0.026
O010116,2024-02-12,South,Mobile App,82.21,0.026
O010117,2025-01-24,East,Marketplace,76.76,0.045
O010118,2025-08-25,Central,Mobile App,145.12,0.026
O010119,2025-10-23,East,Website,136.86,0.021
O010120,2025-08-25,South,Marketplace,67.79,0.045
O010121,2024-10-14,South,Marketplace,123.77,0.045
O010122,2025-05-27,East,Marketplace,65.63,0.045
O010123,2024-04-16,West,Website,74.43,0.021
O010124,2024-05-10,South,Mobile App,52.91,0.026
O010125,2025-08-28,East,Marketplace,123.4,0.045
O010126,2024-09-17,North,Mobile App,163.21,0.026
O010127,2024-06-12,North,Website,133.51,0.021
O010128,2025-07-31,South,Marketplace,128.71,0.045
O010129,2024-09-11,North,Website,111.44,0.021
O010130,2025-07-23,West,Website,146.0,0.021
O010131,2024-01-11,West,Marketplace,86.37,0.045
O010132,2024-01-04,East,Marketplace,54.24,0.045
O010133,2025-01-30,West,Website,97.96,0.021
O010134,2024-03-26,South,Website,120.76,0.021
O010135,2024-05-30,Central,Marketplace,89.1,0.045
O010136,2025-10-01,Central,Mobile App,61.88,0.026
O010137,2024-02-24,Central,Website,76.51,0.021
O010138,2024-01-08,South,Website,60.42,0.021
O010139,2025-07-30,West,Marketplace,94.87,0.045
O010140,2024-05-12,South,Website,127.19,0.021
O010141,2025-06-03,North,Marketplace,115.99,0.045
O010142,2025-02-24,Central,Marketplace,131.16,0.045
O010143,2024-05-20,West,Website,60.67,0.021
O010144,2025-12-13,South,Marketplace,72.81,0.045
O010145,2024-11-21,West,Website,106.93,0.021
O010146,2024-11-04,South,Mobile App,54.69,0.026
O010147,2025-05-15,East,Website,73.97,0.021
O010148,2024-09-08,East,Marketplace,55.87,0.045
O010149,2024-06-17,West,Website,127.29,0.021
O010150,2025-06-07,West,Marketplace,139.65,0.045
O010151,2025-04-14,North,Website,119.5,0.021
O010152,2024-09-29,East,Marketplace,49.98,0.045
O010153,2025-03-25,North,Website,130.58,0.021
O010154,2025-10-21,Central,Marketplace,72.19,0.045
O010155,2024-11-15,North,Website,85.18,0.021
O010156,2024-11-09,East,Website,124.67,0.021
O010157,2025-06-03,North,Website,68.37,0.021
O010158,2024-06-26,West,Website,171.17,0.021
O010159,2024-01-11,West,Marketplace,170.48,0.045
O010160,2024-02-06,West,Website,54.83,0.021
O010161,2025-01-23,Central,Mobile App,155.4,0.026
O010162,2025-02-03,South,Website,50.59,0.021
O010163,2025-12-30,West,Marketplace,156.03,0.045
O010164,2025-09-20,Central,Website,112.5,0.021
O010165,2025-07-10,North,Marketplace,164.15,0.045
O010166,2024-05-13,West,Website,150.44,0.021
O010167,2025-07-06,West,Mobile App,175.71,0.026
O010168,2024-03-12,North,Website,107.87,0.021
O010169,2024-04-06,Central,Website,84.73,0.021
O010170,2024-07-21,West,Marketplace,54.59,0.045
O010171,2025-03-20,North,Mobile App,138.18,0.026
O010172,2025-11-23,South,Marketplace,148.65,0.045
O010173,2024-02-21,East,Marketplace,135.59,0.045
O010174,2024-09-06,West,Mobile App,131.92,0.026
O010175,2024-12-07,West,Mobile App,82.14,0.026
O010176,2025-10-11,East,Mobile App,153.93,0.026
O010177,2024-04-24,East,Marketplace,160.42,0.045
O010178,2025-11-13,West,Marketplace,113.46,0.045
O010179,2024-07-06,Central,Mobile App,80.0,0.026
O010180,2025-12-22,South,Marketplace,154.87,0.045
O010181,2024-10-04,North,Website,139.47,0.021
O010182,2024-04-04,South,Website,171.66,0.021
O010183,2024-06-01,North,Website,67.01,0.021
O010184,2025-05-15,Central,Marketplace,112.66,0.045
O010185,2025-07-06,North,Marketplace,152.11,0.045
O010186,2024-05-26,East,Marketplace,95.79,0.045
O010187,2024-02-23,Central,Marketplace,127.32,0.045
O010188,2025-07-14,West,Marketplace,56.13,0.045
O010189,2025-12-01,North,Website,108.72,0.021
O010190,2025-05-26,North,Marketplace,77.05,0.045
O010191,2024-03-03,North,Website,118.46,0.021
O010192,2024-02-25,Central,Marketplace,88.84,0.045
O010193,2024-09-24,West,Marketplace,138.42,0.045
O010194,2025-11-08,East,Mobile App,51.53,0.026
O010195,2024-10-09,East,Website,103.07,0.021
O010196,2025-08-07,Central,Marketplace,142.42,0.045
O010197,2025-09-24,East,Mobile App,85.45,0.026
O010198,2024-10-18,Central,Website,166.02,0.021
O010199,2024-01-19,North,Website,179.84,0.021
O010200,2025-09-06,South,Marketplace,64.43,0.045
O010201,2024-08-26,North,Website,164.34,0.021
O010202,2024-12-23,East,Website,78.48,0.021
O010203,2025-10-22,East,Website,131.33,0.021
O010204,2025-09-18,South,Website,65.38,0.021
O010205,2024-10-29,East,Marketplace,170.12,0.045
O010206,2025-05-16,Central,Marketplace,122.32,0.045
O010207,2025-12-16,South,Marketplace,92.44,0.045
O010208,2024-10-31,North,Website,142.4,0.021
O010209,2025-12-14,Central,Marketplace,139.95,0.045
O010210,2025-07-07,North,Marketplace,108.37,0.045
O010211,2025-04-28,West,Website,155.16,0.021
O010212,2024-03-05,South,Website,100.54,0.021
O010213,2025-05-29,West,Mobile App,65.39,0.026
O010214,2024-03-10,North,Website,92.95,0.021
O010215,2025-11-06,Central,Mobile App,65.84,0.026
O010216,2024-07-18,South,Website,72.42,0.021
O010217,2024-03-23,East,Website,103.78,0.021
O010218,2025-02-24,South,Marketplace,175.06,0.045
O010219,2024-09-06,North,Website,131.44,0.021
O010220,2024-03-30,East,Website,126.75,0.021
O010221,2025-03-17,West,Marketplace,173.68,0.045
O010222,2025-12-22,East,Marketplace,165.32,0.045
O010223,2024-11-11,East,Marketplace,117.91,0.045
O010224,2024-03-06,South,Mobile App,169.83,0.026
O010225,2024-12-22,West,Marketplace,144.93,0.045
O010226,2025-04-22,West,Mobile App,141.25,0.026
O010227,2024-11-04,North,Marketplace,79.78,0.045
O010228,2024-02-11,West,Website,165.61,0.021
O010229,2025-11-13,East,Website,59.18,0.021
O010230,2025-12-28,North,Marketplace,164.23,0.045
O010231,2025-12-16,Central,Mobile App,66.79,0.026
O010232,2025-01-08,East,Website,143.69,0.021
O010233,2024-02-22,East,Marketplace,86.59,0.045
O010234,2024-02-08,West,Marketplace,140.04,0.045
O010235,2024-11-09,East,Website,172.93,0.021
O010236,2024-01-29,North,Website,115.59,0.021
O010237,2024-12-07,Central,Website,96.77,0.021
O010238,2025-04-28,North,Mobile App,55.03,0.026
O010239,2025-03-09,South,Marketplace,144.34,0.045
O010240,2024-10-01,West,Marketplace,79.88,0.045
O010241,2024-01-23,North,Marketplace,146.44,0.045
O010242,2024-01-27,South,Website,59.56,0.021
O010243,2025-10-07,Central,Marketplace,125.24,0.045
O010244,2025-04-09,East,Website,123.85,0.021
O010245,2024-11-18,Central,Website,130.76,0.021
O010246,2025-09-24,East,Marketplace,51.52,0.045
O010247,2024-02-29,Central,Marketplace,153.37,0.045
O010248,2024-04-28,North,Website,101.34,0.021
O010249,2024-01-18,South,Website,61.61,0.021
O010250,2025-11-20,South,Marketplace,138.82,0.045
O010251,2025-11-27,East,Website,108.02,0.021
O010252,2025-06-20,West,Marketplace,84.22,0.045
O010253,2024-06-20,West,Website,134.82,0.021
O010254,2025-01-01,Central,Website,100.83,0.021
O010255,2024-12-27,North,Website,117.33,0.021
O010256,2024-05-16,Central,Website,101.41,0.021
O010257,2025-10-19,North,Marketplace,132.91,0.045
O010258,2025-11-02,South,Website,153.58,0.021
O010259,2025-06-25,North,Marketplace,55.95,0.045
O010260,2025-10-29,East,Marketplace,122.17,0.045
O010261,2024-10-31,Central,Marketplace,55.08,0.045
O010262,2024-10-30,North,Website,168.69,0.021
O010263,2024-11-24,North,Website,120.39,0.021
O010264,2025-10-22,West,Marketplace,136.51,0.045
O010265,2025-11-08,West,Marketplace,52.92,0.045
O010266,2024-12-10,East,Mobile App,157.18,0.026
O010267,2024-08-16,South,Marketplace,107.89,0.045
O010268,2025-11-07,West,Website,106.55,0.021
O010269,2024-03-16,Central,Website,162.8,0.021
O010270,2024-07-11,East,Website,160.93,0.021
O010271,2025-05-10,Central,Mobile App,121.72,0.026
O010272,2024-09-06,East,Mobile App,51.99,0.026
O010273,2024-12-13,Central,Marketplace,177.97,0.045
O010274,2024-07-21,South,Website,150.87,0.021
O010275,2025-04-27,Central,Marketplace,152.39,0.045
O010276,2024-12-10,Central,Website,95.4,0.021
O010277,2025-08-21,West,Marketplace,137.37,0.045
O010278,2024-08-07,West,Website,171.91,0.021
O010279,2025-01-31,West,Marketplace,83.12,0.045
O010280,2025-05-09,West,Website,171.18,0.021
O010281,2025-09-04,East,Mobile App,95.11,0.026
O010282,2025-01-07,North,Mobile App,84.25,0.026
O010283,2025-09-15,Central,Mobile App,57.65,0.026
O010284,2025-04-01,East,Website,104.67,0.021
O010285,2024-09-01,West,Mobile App,165.46,0.026
O010286,2024-07-12,North,Mobile App,116.71,0.026
O010287,2024-01-07,West,Website,98.4,0.021
O010288,2025-05-01,South,Marketplace,92.87,0.045
O010289,2024-11-09,Central,Website,127.89,0.021
O010290,2025-06-30,East,Website,62.6,0.021
O010291,2024-01-04,West,Marketplace,94.03,0.045
O010292,2024-12-21,South,Website,75.43,0.021
O010293,2024-07-05,East,Website,105.56,0.021
O010294,2024-01-04,Central,Website,76.01,0.021
O010295,2024-11-21,East,Mobile App,83.36,0.026
O010296,2024-07-30,South,Marketplace,52.65,0.045
O010297,2025-03-03,Central,Marketplace,106.61,0.045
O010298,2024-09-10,North,Mobile App,126.87,0.026
O010299,2024-05-04,West,Mobile App,101.69,0.026
O010300,2024-07-29,South,Marketplace,112.4,0.045
O010301,2025-01-08,East,Marketplace,50.04,0.045
O010302,2025-01-27,North,Website,166.73,0.021
O010303,2024-08-25,West,Website,140.76,0.021
O010304,2025-03-19,Central,Website,78.3,0.021
O010305,2025-04-19,North,Website,103.36,0.021
O010306,2025-01-04,Central,Marketplace,108.22,0.045
O010307,2024-02-01,East,Mobile App,68.99,0.026
O010308,2024-04-01,East,Website,92.09,0.021
O010309,2025-06-04,Central,Marketplace,102.76,0.045
O010310,2024-07-15,West,Marketplace,178.93,0.045
O010311,2024-06-10,East,Marketplace,51.95,0.045
O010312,2025-01-24,West,Mobile App,89.24,0.026
O010313,2024-12-25,North,Website,164.13,0.021
O010314,2024-06-09,South,Website,172.17,0.021
O010315,2024-12-26,North,Mobile App,173.16,0.026
O010316,2024-01-30,East,Marketplace,76.8,0.045
O010317,2025-04-18,South,Mobile App,128.08,0.026
O010318,2025-07-14,North,Mobile App,141.63,0.026
O010319,2024-03-06,East,Marketplace,125.8,0.045
O010320,2025-08-17,South,Marketplace,100.2,0.045
O010321,2025-09-10,South,Marketplace,70.02,0.045
O010322,2024-01-31,South,Marketplace,57.34,0.045
O010323,2025-04-24,North,Mobile App,103.49,0.026
O010324,2024-06-27,Central,Website,115.57,0.021
O010325,2025-04-30,West,Website,97.38,0.021
O010326,2024-03-27,South,Website,51.04,0.021
O010327,2025-11-07,East,Mobile App,119.25,0.026
O010328,2024-08-18,South,Mobile App,93.6,0.026
O010329,2024-04-06,North,Mobile App,159.32,0.026
O010330,2024-02-28,South,Mobile App,103.33,0.026
O010331,2025-06-17,West,Website,94.2,0.021
O010332,2024-06-09,North,Marketplace,153.48,0.045
O010333,2025-09-20,East,Marketplace,90.99,0.045
O010334,2025-11-17,North,Marketplace,91.0,0.045
O010335,2024-12-28,North,Website,126.3,0.021
O010336,2024-09-24,South,Mobile App,116.95,0.026
O010337,2024-11-14,Central,Marketplace,96.28,0.045
O010338,2024-04-16,West,Website,96.61,0.021
O010339,2024-10-11,West,Marketplace,149.4,0.045
O010340,2024-11-12,North,Mobile App,122.74,0.026
O010341,2024-03-25,Central,Marketplace,50.76,0.045
O010342,2024-06-26,South,Mobile App,79.43,0.026
O010343,2025-07-03,North,Marketplace,110.87,0.045
O010344,2025-12-13,North,Mobile App,49.65,0.026
O010345,2024-02-05,North,Marketplace,131.01,0.045
O010346,2024-12-30,Central,Marketplace,148.9,0.045
O010347,2024-10-26,East,Website,100.4,0.021
O010348,2024-12-08,North,Marketplace,179.83,0.045
O010349,2024-10-17,North,Marketplace,98.52,0.045
O010350,2024-08-26,West,Website,114.51,0.021
O010351,2025-03-27,Central,Mobile App,88.92,0.026
O010352,2025-10-01,South,Website,67.06,0.021
O010353,2024-04-21,North,Marketplace,96.8,0.045
O010354,2024-08-18,North,Website,151.17,0.021
O010355,2025-06-21,West,Website,173.16,0.021
O010356,2024-12-27,North,Website,99.49,0.021
O010357,2024-04-05,West,Marketplace,57.42,0.045
O010358,2024-09-16,Central,Marketplace,134.57,0.045
O010359,2025-09-26,West,Marketplace,172.95,0.045
O010360,2024-10-12,North,Mobile App,148.0,0.026
O010361,2024-01-04,East,Mobile App,167.04,0.026
O010362,2025-02-26,North,Marketplace,173.23,0.045
O010363,2025-11-16,Central,Website,120.44,0.021
O010364,2025-11-19,East,Marketplace,53.11,0.045
O010365,2024-02-25,Central,Website,143.3,0.021
O010366,2025-04-13,East,Marketplace,67.78,0.045
O010367,2025-05-31,South,Mobile App,120.57,0.026
O010368,2025-06-22,East,Mobile App,83.53,0.026
O010369,2024-03-07,West,Website,142.98,0.021
O010370,2025-08-07,West,Marketplace,172.31,0.045
O010371,2024-03-31,East,Marketplace,137.54,0.045
O010372,2025-06-18,West,Marketplace,108.1,0.045
O010373,2024-11-06,East,Website,131.93,0.021
O010374,2025-08-31,West,Marketplace,102.32,0.045
O010375,2025-08-14,West,Website,143.94,0.021
O010376,2025-09-20,South,Website,143.83,0.021
O010377,2025-05-31,West,Marketplace,170.84,0.045
O010378,2025-11-26,East,Mobile App,81.93,0.026
O010379,2025-11-11,Central,Website,164.63,0.021
O010380,2025-05-11,Central,Website,153.36,0.021
O010381,2024-12-12,North,Mobile App,132.81,0.026
O010382,2024-09-01,East,Marketplace,146.95,0.045
O010383,2025-01-23,South,Marketplace,166.84,0.045
O010384,2025-01-03,West,Website,123.67,0.021
O010385,2025-12-07,West,Website,61.2,0.021
O010386,2025-08-10,West,Website,162.44,0.021
O010387,2025-02-24,Central,Mobile App,49.61,0.026
O010388,2025-02-18,East,Website,53.77,0.021
O010389,2024-09-10,Central,Marketplace,132.61,0.045
O010390,2024-05-07,West,Marketplace,88.99,0.045
O010391,2024-10-01,North,Mobile App,128.24,0.026
O010392,2025-10-03,East,Marketplace,174.44,0.045
O010393,2025-06-07,Central,Mobile App,159.64,0.026
O010394,2025-03-17,East,Website,139.85,0.021
O010395,2025-05-21,West,Mobile App,68.04,0.026
O010396,2025-10-26,North,Website,76.17,0.021
O010397,2025-10-13,East,Mobile App,89.86,0.026
O010398,2024-01-10,South,Website,134.45,0.021
O010399,2025-11-26,North,Website,52.3,0.021
O010400,2024-02-25,Central,Marketplace,139.61,0.045
O010401,2025-08-29,Central,Marketplace,128.64,0.045
O010402,2024-11-28,West,Marketplace,121.4,0.045
O010403,2025-03-19,East,Mobile App,52.86,0.026
O010404,2025-06-02,South,Mobile App,122.24,0.026
O010405,2024-09-26,Central,Marketplace,93.61,0.045
O010406,2025-07-26,East,Mobile App,101.9,0.026
O010407,2024-01-19,West,Website,51.14,0.021
O010408,2024-02-28,North,Mobile App,138.96,0.026
O010409,2024-01-18,North,Website,123.14,0.021
O010410,2025-11-25,West,Marketplace,150.79,0.045
O010411,2024-05-13,North,Marketplace,122.63,0.045
O010412,2025-05-05,North,Website,155.1,0.021
O010413,2024-03-01,South,Mobile App,84.37,0.026
O010414,2025-11-20,West,Marketplace,169.27,0.045
O010415,2025-03-21,North,Marketplace,123.03,0.045
O010416,2024-03-20,Central,Mobile App,166.55,0.026
O010417,2024-07-30,West,Mobile App,155.73,0.026
O010418,2025-06-24,East,Website,172.2,0.021
O010419,2025-04-04,North,Website,143.35,0.021
O010420,2024-12-25,Central,Website,164.01,0.021
O010421,2024-04-23,Central,Mobile App,156.51,0.026
O010422,2024-10-29,Central,Website,127.95,0.021
O010423,2024-11-06,Central,Website,163.34,0.021
O010424,2024-08-01,Central,Website,134.97,0.021
O010425,2025-06-07,East,Marketplace,175.04,0.045
O010426,2025-11-05,North,Marketplace,170.31,0.045
O010427,2024-07-23,South,Mobile App,107.29,0.026
O010428,2024-06-27,West,Marketplace,121.22,0.045
O010429,2024-05-27,East,Marketplace,92.97,0.045
O010430,2024-12-31,West,Mobile App,72.77,0.026
O010431,2024-11-22,North,Website,114.79,0.021
O010432,2024-07-07,Central,Mobile App,128.39,0.026
O010433,2024-05-01,West,Marketplace,66.91,0.045
O010434,2025-05-11,South,Website,119.42,0.021
O010435,2024-08-29,Central,Website,145.04,0.021
O010436,2024-12-21,East,Mobile App,90.97,0.026
O010437,2025-08-08,East,Marketplace,89.94,0.045
O010438,2025-05-24,Central,Marketplace,127.85,0.045
O010439,2025-04-30,South,Marketplace,98.54,0.045
O010440,2024-01-24,Central,Marketplace,88.62,0.045
O010441,2025-12-11,West,Mobile App,81.03,0.026
O010442,2025-09-22,East,Website,99.3,0.021
O010443,2025-09-02,West,Mobile App,56.26,0.026
O010444,2024-10-30,East,Marketplace,109.39,0.045
O010445,2025-07-07,South,Mobile App,95.62,0.026
O010446,2025-11-18,North,Marketplace,141.37,0.045
O010447,2025-02-01,South,Marketplace,168.13,0.045
O010448,2024-11-19,Central,Marketplace,165.35,0.045
O010449,2024-04-18,North,Website,103.42,0.021
O010450,2025-07-27,West,Marketplace,95.55,0.045
O010451,2024-10-03,East,Mobile App,170.55,0.026
O010452,2025-03-19,North,Website,128.23,0.021
O010453,2025-10-03,East,Marketplace,131.4,0.045
O010454,2024-07-06,West,Mobile App,156.51,0.026
O010455,2025-01-21,West,Website,89.45,0.021
O010456,2024-06-28,South,Marketplace,52.03,0.045
O010457,2024-07-28,West,Mobile App,72.39,0.026
O010458,2024-09-19,North,Mobile App,127.64,0.026
O010459,2025-05-18,East,Website,141.09,0.021
O010460,2025-01-08,North,Website,68.47,0.021
O010461,2024-04-11,Central,Marketplace,54.96,0.045
O010462,2024-05-23,Central,Marketplace,100.75,0.045
O010463,2025-10-22,West,Website,120.87,0.021
O010464,2025-11-30,North,Website,90.14,0.021
O010465,2025-02-07,Central,Website,120.05,0.021
O010466,2025-12-12,South,Mobile App,166.49,0.026
O010467,2024-02-24,North,Marketplace,155.34,0.045
O010468,2024-11-28,South,Website,176.07,0.021
O010469,2024-05-05,North,Marketplace,109.08,0.045
O010470,2024-11-26,North,Website,144.98,0.021
O010471,2024-03-04,Central,Marketplace,149.94,0.045
O010472,2025-09-28,South,Website,125.35,0.021
O010473,2025-01-18,South,Marketplace,116.37,0.045
O010474,2025-08-22,North,Website,128.45,0.021
O010475,2024-03-16,East,Marketplace,56.66,0.045
O010476,2025-11-29,South,Marketplace,174.96,0.045
O010477,2025-05-09,East,Website,164.41,0.021
O010478,2025-09-22,Central,Website,80.34,0.021
O010479,2024-12-23,South,Marketplace,150.28,0.045
O010480,2024-10-07,East,Mobile App,146.16,0.026
O010481,2024-03-09,North,Marketplace,53.41,0.045
O010482,2024-01-29,North,Mobile App,91.52,0.026
O010483,2025-09-27,North,Website,163.04,0.021
O010484,2025-03-25,East,Marketplace,128.36,0.045
O010485,2025-02-13,East,Website,102.69,0.021
O010486,2024-05-21,West,Marketplace,132.24,0.045
O010487,2024-02-23,East,Website,146.47,0.021
O010488,2025-10-21,Central,Marketplace,106.91,0.045
O010489,2024-11-12,Central,Mobile App,128.88,0.026
O010490,2024-11-01,East,Marketplace,148.84,0.045
O010491,2024-11-05,West,Mobile App,95.87,0.026
O010492,2024-02-25,East,Marketplace,143.0,0.045
O010493,2025-04-24,South,Mobile App,156.71,0.026
O010494,2024-01-12,East,Marketplace,95.01,0.045
O010495,2025-09-09,East,Marketplace,175.94,0.045
O010496,2025-01-27,South,Marketplace,166.83,0.045
O010497,2024-03-29,West,Marketplace,151.69,0.045
O010498,2025-05-05,West,Website,128.95,0.021
O010499,2024-11-07,West,Marketplace,148.92,0.045
O010500,2024-12-23,North,Marketplace,118.62,0.045
O010501,2025-09-03,Central,Website,143.22,0.021
O010502,2025-09-30,East,Mobile App,110.88,0.026
O010503,2025-07-22,South,Marketplace,133.7,0.045
O010504,2025-07-15,South,Mobile App,171.98,0.026
O010505,2025-02-25,South,Mobile App,80.9,0.026
O010506,2025-06-24,West,Website,87.86,0.021
O010507,2024-07-11,East,Website,179.08,0.021
O010508,2024-09-04,Central,Marketplace,75.03,0.045
O010509,2024-03-22,East,Mobile App,145.99,0.026
O010510,2024-09-29,North,Mobile App,54.21,0.026
O010511,2024-05-26,North,Website,146.22,0.021
O010512,2024-01-21,Central,Website,123.8,0.021
O010513,2024-05-11,North,Marketplace,172.9,0.045
O010514,2025-01-17,East,Marketplace,77.76,0.045
O010515,2024-08-03,South,Website,80.11,0.021
O010516,2024-03-12,North,Mobile App,88.15,0.026
O010517,2024-09-10,Central,Mobile App,168.22,0.026
O010518,2024-09-13,South,Website,145.35,0.021
O010519,2025-03-28,Central,Website,165.96,0.021
O010520,2025-06-15,East,Marketplace,161.33,0.045
O010521,2024-08-14,East,Marketplace,62.7,0.045
O010522,2025-05-14,South,Mobile App,66.11,0.026
O010523,2024-01-25,South,Website,63.35,0.021
O010524,2024-07-28,West,Website,75.1,0.021
O010525,2024-12-21,Central,Mobile App,62.51,0.026
O010526,2024-08-31,West,Marketplace,59.53,0.045
O010527,2025-02-21,South,Marketplace,125.03,0.045
O010528,2025-01-24,South,Website,94.55,0.021
O010529,2024-12-26,North,Mobile App,119.23,0.026
O010530,2025-09-29,West,Website,125.77,0.021
O010531,2024-08-17,West,Mobile App,80.02,0.026
O010532,2024-05-19,Central,Mobile App,134.64,0.026
O010533,2025-10-20,East,Mobile App,63.4,0.026
O010534,2024-03-16,South,Marketplace,160.6,0.045
O010535,2024-09-16,West,Mobile App,54.78,0.026
O010536,2024-04-12,West,Website,171.93,0.021
O010537,2025-06-20,West,Website,141.43,0.021
O010538,2024-07-27,Central,Website,92.24,0.021
O010539,2024-01-21,East,Marketplace,74.47,0.045
O010540,2024-11-18,Central,Marketplace,103.62,0.045
O010541,2024-02-03,South,Marketplace,179.6,0.045
O010542,2025-08-05,East,Mobile App,72.34,0.026
O010543,2024-03-17,North,Mobile App,115.72,0.026
O010544,2025-08-11,South,Website,90.9,0.021
O010545,2025-11-28,Central,Marketplace,155.18,0.045
O010546,2024-10-16,West,Mobile App,63.75,0.026
O010547,2025-07-20,Central,Mobile App,79.39,0.026
O010548,2024-01-16,Central,Mobile App,138.46,0.026
O010549,2024-05-26,East,Marketplace,63.14,0.045
O010550,2025-09-06,North,Website,85.68,0.021
O010551,2025-09-19,North,Website,82.21,0.021
O010552,2024-07-02,South,Website,57.71,0.021
O010553,2025-06-03,South,Mobile App,54.18,0.026
O010554,2024-02-27,South,Website,72.74,0.021
O010555,2025-02-27,North,Mobile App,105.54,0.026
O010556,2024-04-08,South,Website,178.87,0.021
O010557,2024-10-24,North,Marketplace,136.33,0.045
O010558,2024-11-24,North,Marketplace,178.63,0.045
O010559,2024-02-09,South,Mobile App,87.97,0.026
O010560,2025-01-22,Central,Mobile App,62.81,0.026
O010561,2025-11-02,South,Website,134.58,0.021
O010562,2025-01-30,Central,Mobile App,97.06,0.026
O010563,2025-07-02,Central,Website,130.58,0.021
O010564,2025-04-23,North,Website,124.3,0.021
O010565,2024-12-08,North,Marketplace,171.33,0.045
O010566,2025-11-14,North,Marketplace,166.36,0.045
O010567,2025-08-28,East,Website,54.36,0.021
O010568,2025-08-17,North,Website,127.66,0.021
O010569,2025-12-25,West,Website,149.99,0.021
O010570,2024-10-30,Central,Mobile App,51.13,0.026
O010571,2025-09-09,South,Mobile App,112.34,0.026
O010572,2025-04-14,Central,Website,144.55,0.021
O010573,2024-08-13,North,Website,99.41,0.021
O010574,2025-11-28,North,Website,129.54,0.021
O010575,2025-06-18,North,Marketplace,122.71,0.045
O010576,2024-02-22,Central,Mobile App,136.52,0.026
O010577,2024-05-14,Central,Mobile App,49.86,0.026
O010578,2024-11-16,North,Mobile App,161.0,0.026
O010579,2025-07-16,Central,Marketplace,57.08,0.045
O010580,2025-03-28,West,Marketplace,120.27,0.045
O010581,2025-06-16,East,Website,58.72,0.021
O010582,2025-12-17,East,Marketplace,164.07,0.045
O010583,2025-09-15,South,Website,67.37,0.021
O010584,2024-11-10,South,Website,171.5,0.021
O010585,2024-06-27,East,Website,64.0,0.021
O010586,2025-06-12,North,Mobile App,104.13,0.026
O010587,2025-02-03,West,Website,160.12,0.021
O010588,2025-08-23,Central,Website,72.12,0.021
O010589,2024-12-23,East,Marketplace,151.55,0.045
O010590,2024-03-22,Central,Website,167.45,0.021
O010591,2024-06-03,West,Marketplace,101.21,0.045
O010592,2024-08-15,Central,Marketplace,141.23,0.045
O010593,2025-01-24,Central,Website,69.56,0.021
O010594,2025-10-30,East,Mobile App,145.26,0.026
O010595,2025-05-07,Central,Mobile App,137.98,0.026
O010596,2025-07-18,East,Website,51.01,0.021
O010597,2024-04-14,Central,Mobile App,143.06,0.026
O010598,2025-03-14,South,Marketplace,125.38,0.045
O010599,2025-12-30,West,Website,85.4,0.021
O010600,2024-03-06,South,Mobile App,61.53,0.026
O010601,2025-01-05,South,Marketplace,167.04,0.045
O010602,2024-03-18,North,Website,148.34,0.021
O010603,2024-01-18,East,Mobile App,133.99,0.026
O010604,2025-03-13,North,Marketplace,179.56,0.045
O010605,2024-07-30,Central,Website,176.61,0.021
O010606,2025-08-20,North,Website,53.25,0.021
O010607,2024-03-18,Central,Mobile App,116.2,0.026
O010608,2024-05-07,East,Website,128.41,0.021
O010609,2025-03-25,West,Website,57.84,0.021
O010610,2024-06-19,West,Website,163.98,0.021
O010611,2024-05-26,East,Website,156.42,0.021
O010612,2025-10-19,East,Mobile App,133.26,0.026
O010613,2025-10-19,North,Mobile App,164.59,0.026
O010614,2024-05-18,South,Mobile App,148.12,0.026
O010615,2025-12-20,Central,Mobile App,176.24,0.026
O010616,2025-07-20,Central,Marketplace,66.53,0.045
O010617,2025-05-17,West,Marketplace,56.47,0.045
O010618,2024-06-29,East,Marketplace,98.18,0.045
O010619,2024-01-09,South,Marketplace,130.17,0.045
O010620,2025-12-08,Central,Website,123.74,0.021
O010621,2025-04-22,North,Marketplace,55.73,0.045
O010622,2024-01-10,South,Mobile App,74.23,0.026
O010623,2025-10-26,South,Website,175.14,0.021
O010624,2024-06-24,West,Marketplace,140.07,0.045
O010625,2025-07-09,North,Marketplace,110.25,0.045
O010626,2024-04-10,South,Mobile App,50.11,0.026
O010627,2025-08-23,East,Website,63.08,0.021
O010628,2024-12-20,South,Marketplace,96.16,0.045
O010629,2025-01-13,South,Marketplace,117.36,0.045
O010630,2025-09-26,Central,Website,106.75,0.021
O010631,2025-10-01,North,Website,74.51,0.021
O010632,2024-09-03,West,Marketplace,146.35,0.045
O010633,2024-07-10,South,Marketplace,65.92,0.045
O010634,2024-02-16,East,Mobile App,75.27,0.026
O010635,2024-07-16,South,Website,108.65,0.021
O010636,2024-12-04,North,Mobile App,107.96,0.026
O010637,2025-05-26,North,Marketplace,93.93,0.045
O010638,2024-07-18,East,Marketplace,102.67,0.045
O010639,2024-01-07,East,Mobile App,129.95,0.026
O010640,2024-03-29,Central,Website,176.01,0.021
O010641,2025-11-29,East,Mobile App,97.67,0.026
O010642,2024-12-21,Central,Marketplace,162.29,0.045
O010643,2025-02-22,East,Marketplace,121.05,0.045
O010644,2025-04-08,North,Website,135.73,0.021
O010645,2024-09-21,East,Marketplace,78.09,0.045
O010646,2024-04-22,East,Mobile App,137.08,0.026
O010647,2024-11-07,South,Mobile App,174.43,0.026
O010648,2025-12-15,South,Marketplace,70.3,0.045
O010649,2024-01-12,Central,Website,50.07,0.021
O010650,2024-11-15,Central,Website,142.34,0.021
O010651,2025-04-04,Central,Marketplace,57.05,0.045
O010652,2025-07-03,South,Marketplace,56.89,0.045
O010653,2025-03-17,Central,Website,176.66,0.021
O010654,2025-05-08,North,Marketplace,88.47,0.045
O010655,2025-04-21,South,Mobile App,141.68,0.026
O010656,2025-04-03,East,Website,162.67,0.021
O010657,2025-01-04,South,Website,141.23,0.021
O010658,2025-05-13,East,Mobile App,102.78,0.026
O010659,2024-07-13,West,Marketplace,89.56,0.045
O010660,2024-03-26,Central,Marketplace,141.16,0.045
O010661,2024-06-13,South,Website,51.04,0.021
O010662,2024-11-19,South,Website,117.58,0.021
O010663,2024-06-21,East,Marketplace,62.59,0.045
O010664,2025-03-30,South,Mobile App,77.2,0.026
O010665,2024-11-05,South,Mobile App,158.31,0.026
O010666,2024-04-09,East,Marketplace,141.96,0.045
O010667,2025-07-29,South,Website,161.62,0.021
O010668,2024-08-14,South,Website,120.1,0.021
O010669,2025-12-03,East,Marketplace,140.68,0.045
O010670,2024-12-23,East,Mobile App,70.91,0.026
O010671,2024-09-13,South,Mobile App,93.03,0.026
O010672,2025-08-13,Central,Marketplace,52.78,0.045
O010673,2024-03-15,East,Marketplace,80.51,0.045
O010674,2025-02-08,North,Website,97.31,0.021
O010675,2024-02-11,West,Website,52.25,0.021
O010676,2024-05-19,West,Marketplace,118.84,0.045
O010677,2024-08-17,East,Website,70.82,0.021
O010678,2025-12-26,West,Mobile App,109.85,0.026
O010679,2025-12-20,Central,Mobile App,88.35,0.026
O010680,2025-10-16,East,Marketplace,89.08,0.045
O010681,2025-06-28,South,Marketplace,101.78,0.045
O010682,2025-04-14,North,Website,172.61,0.021
O010683,2024-10-21,West,Mobile App,91.43,0.026
O010684,2024-06-22,South,Mobile App,63.55,0.026
O010685,2025-09-26,East,Marketplace,139.49,0.045
O010686,2025-06-26,West,Marketplace,139.77,0.045
O010687,2025-01-20,West,Website,144.67,0.021
O010688,2024-06-28,Central,Website,140.98,0.021
O010689,2025-01-22,South,Mobile App,170.55,0.026
O010690,2024-05-28,South,Marketplace,140.05,0.045
O010691,2024-04-20,North,Website,150.81,0.021
O010692,2024-07-05,South,Website,69.04,0.021
O010693,2024-07-31,West,Website,70.08,0.021
O010694,2025-04-19,South,Website,84.25,0.021
O010695,2024-09-21,Central,Website,126.75,0.021
O010696,2024-02-25,Central,Marketplace,141.57,0.045
O010697,2025-04-15,North,Mobile App,120.45,0.026
O010698,2025-08-19,East,Mobile App,156.09,0.026
O010699,2025-12-24,East,Website,55.02,0.021
O010700,2024-09-10,North,Website,63.69,0.021
O010701,2024-12-28,South,Mobile App,57.05,0.026
O010702,2024-02-10,North,Mobile App,137.58,0.026
O010703,2024-12-19,Central,Marketplace,155.93,0.045
O010704,2024-07-17,Central,Mobile App,123.32,0.026
O010705,2025-07-05,Central,Marketplace,55.38,0.045
O010706,2024-07-05,South,Mobile App,176.67,0.026
O010707,2024-02-25,South,Mobile App,126.96,0.026
O010708,2024-01-29,Central,Website,59.12,0.021
O010709,2025-10-14,Central,Marketplace,88.09,0.045
O010710,2024-11-01,Central,Website,49.25,0.021
O010711,2025-04-18,Central,Mobile App,138.33,0.026
O010712,2025-08-21,East,Website,94.57,0.021
O010713,2024-11-11,South,Marketplace,171.75,0.045
O010714,2025-09-25,West,Marketplace,96.34,0.045
O010715,2024-12-30,South,Mobile App,126.8,0.026
O010716,2025-05-31,West,Mobile App,157.75,0.026
O010717,2024-11-22,South,Website,51.69,0.021
O010718,2025-06-10,South,Website,159.66,0.021
O010719,2025-08-01,West,Marketplace,164.33,0.045
O010720,2024-03-23,Central,Website,139.47,0.021
O010721,2025-02-25,East,Website,89.39,0.021
O010722,2025-12-13,Central,Website,170.83,0.021
O010723,2025-10-12,Central,Mobile App,106.28,0.026
O010724,2025-05-22,Central,Website,154.57,0.021
O010725,2024-12-09,South,Website,99.34,0.021
O010726,2025-12-27,West,Marketplace,74.53,0.045
O010727,2024-01-24,South,Website,174.89,0.021
O010728,2024-01-30,East,Website,143.77,0.021
O010729,2025-07-28,South,Marketplace,145.7,0.045
O010730,2025-02-13,East,Marketplace,134.17,0.045
O010731,2024-10-17,West,Website,137.97,0.021
O010732,2025-04-28,West,Website,114.4,0.021
O010733,2025-03-19,Central,Marketplace,91.5,0.045
O010734,2024-08-19,Central,Mobile App,137.03,0.026
O010735,2025-11-11,Central,Marketplace,96.83,0.045
O010736,2024-12-08,North,Marketplace,120.98,0.045
O010737,2025-09-06,North,Mobile App,126.55,0.026
O010738,2025-12-27,West,Marketplace,50.95,0.045
O010739,2025-03-01,Central,Mobile App,164.55,0.026
O010740,2024-09-14,East,Marketplace,175.29,0.045
O010741,2024-12-20,South,Mobile App,115.71,0.026
O010742,2025-07-09,East,Mobile App,89.96,0.026
O010743,2024-12-06,South,Marketplace,125.34,0.045
O010744,2025-07-09,South,Website,107.0,0.021
O010745,2025-05-03,Central,Mobile App,85.47,0.026
O010746,2024-07-23,Central,Website,54.72,0.021
O010747,2024-08-06,North,Mobile App,61.11,0.026
O010748,2024-12-22,South,Mobile App,136.02,0.026
O010749,2024-03-23,East,Mobile App,51.43,0.026
O010750,2024-11-16,East,Website,150.36,0.021
O010751,2024-08-17,South,Marketplace,67.31,0.045
O010752,2025-02-22,Central,Website,158.29,0.021
O010753,2025-07-25,West,Website,164.19,0.021
O010754,2024-11-26,South,Marketplace,149.99,0.045
O010755,2024-10-03,North,Website,117.76,0.021
O010756,2025-03-29,West,Website,63.54,0.021
O010757,2025-01-01,North,Mobile App,132.61,0.026
O010758,2024-07-23,South,Marketplace,120.44,0.045
O010759,2024-08-23,East,Mobile App,141.38,0.026
O010760,2025-12-29,North,Marketplace,110.6,0.045
O010761,2024-12-05,West,Marketplace,76.06,0.045
O010762,2024-06-17,North,Website,171.89,0.021
O010763,2025-01-23,North,Marketplace,119.21,0.045
O010764,2025-04-28,West,Marketplace,143.36,0.045
O010765,2025-10-03,West,Mobile App,72.36,0.026
O010766,2024-12-06,West,Mobile App,60.56,0.026
O010767,2025-10-29,West,Website,171.8,0.021
O010768,2024-08-18,East,Website,118.1,0.021
O010769,2024-05-28,East,Website,62.14,0.021
O010770,2024-02-29,Central,Marketplace,160.8,0.045
O010771,2025-10-08,East,Mobile App,174.5,0.026
O010772,2025-09-05,South,Website,147.23,0.021
O010773,2025-12-24,East,Website,85.26,0.021
O010774,2024-05-30,West,Website,56.84,0.021
O010775,2025-07-27,East,Website,85.78,0.021
O010776,2025-05-01,West,Marketplace,80.82,0.045
O010777,2025-05-17,West,Marketplace,70.32,0.045
O010778,2025-08-10,South,Marketplace,100.96,0.045
O010779,2024-02-24,Central,Mobile App,70.54,0.026
O010780,2024-06-25,West,Marketplace,154.84,0.045
O010781,2025-10-31,South,Mobile App,99.1,0.026
O010782,2024-01-23,North,Marketplace,91.2,0.045
O010783,2024-12-02,East,Mobile App,139.36,0.026
O010784,2024-07-28,East,Marketplace,109.17,0.045
O010785,2025-05-12,East,Marketplace,142.72,0.045
O010786,2024-11-11,Central,Mobile App,77.11,0.026
O010787,2025-10-19,South,Website,121.9,0.021
O010788,2025-04-30,North,Marketplace,63.46,0.045
O010789,2024-02-26,West,Mobile App,124.38,0.026
O010790,2025-03-13,East,Marketplace,123.89,0.045
O010791,2024-10-06,Central,Marketplace,143.66,0.045
O010792,2025-03-10,West,Mobile App,129.64,0.026
O010793,2024-06-20,East,Website,77.85,0.021
O010794,2025-04-12,West,Mobile App,115.67,0.026
O010795,2024-06-14,South,Website,61.77,0.021
O010796,2024-01-27,East,Marketplace,118.9,0.045
O010797,2025-03-15,South,Mobile App,162.04,0.026
O010798,2024-07-16,West,Marketplace,173.85,0.045
O010799,2025-01-20,East,Mobile App,58.4,0.026
O010800,2025-08-11,Central,Mobile App,94.91,0.026
O010801,2025-03-24,West,Website,99.33,0.021
O010802,2024-07-10,Central,Marketplace,100.48,0.045
O010803,2024-11-06,North,Mobile App,113.83,0.026
O010804,2024-05-04,North,Marketplace,152.74,0.045
O010805,2025-05-24,Central,Website,89.53,0.021
O010806,2024-04-15,North,Website,152.86,0.021
O010807,2024-01-11,East,Marketplace,88.19,0.045
O010808,2024-06-23,South,Website,169.86,0.021
O010809,2025-09-25,South,Marketplace,54.17,0.045
O010810,2024-06-21,West,Mobile App,145.3,0.026
O010811,2024-06-25,North,Mobile App,171.75,0.026
O010812,2024-01-01,West,Marketplace,83.29,0.045
O010813,2025-01-29,West,Website,136.57,0.021
O010814,2024-08-26,South,Marketplace,92.01,0.045
O010815,2025-04-20,East,Website,86.28,0.021
O010816,2025-07-03,East,Marketplace,115.61,0.045
O010817,2024-05-17,South,Mobile App,133.52,0.026
O010818,2024-05-19,East,Marketplace,122.38,0.045
O010819,2025-07-30,South,Website,151.62,0.021
O010820,2024-06-17,East,Website,87.18,0.021
O010821,2025-06-03,West,Mobile App,93.46,0.026
O010822,2025-09-06,East,Website,94.02,0.021
O010823,2025-12-19,West,Marketplace,108.09,0.045
O010824,2024-06-01,West,Website,88.2,0.021
O010825,2024-09-26,East,Website,59.84,0.021
O010826,2024-01-06,North,Marketplace,172.91,0.045
O010827,2025-07-20,East,Mobile App,149.59,0.026
O010828,2024-12-04,North,Website,60.96,0.021
O010829,2024-02-25,North,Website,106.09,0.021
O010830,2025-03-03,North,Mobile App,78.87,0.026
O010831,2025-10-31,South,Marketplace,108.03,0.045
O010832,2024-07-24,Central,Marketplace,119.13,0.045
O010833,2024-11-05,West,Marketplace,141.5,0.045
O010834,2025-09-28,South,Mobile App,87.59,0.026
O010835,2024-04-20,North,Marketplace,137.94,0.045
O010836,2025-11-02,West,Website,101.67,0.021
O010837,2025-08-25,West,Marketplace,53.21,0.045
O010838,2025-08-26,North,Marketplace,80.8,0.045
O010839,2025-02-01,Central,Mobile App,134.11,0.026
O010840,2024-05-16,West,Website,140.52,0.021
O010841,2025-07-16,South,Website,121.07,0.021
O010842,2024-03-05,East,Website,162.0,0.021
O010843,2024-12-29,East,Mobile App,138.55,0.026
O010844,2025-08-27,South,Marketplace,129.17,0.045
O010845,2024-08-27,North,Website,162.08,0.021
O010846,2024-04-12,Central,Mobile App,107.94,0.026
O010847,2025-07-19,North,Mobile App,170.65,0.026
O010848,2024-10-06,West,Website,75.21,0.021
O010849,2024-04-22,East,Marketplace,153.67,0.045
O010850,2024-11-19,West,Website,156.51,0.021
O010851,2024-02-16,Central,Marketplace,90.79,0.045
O010852,2025-03-05,South,Website,83.43,0.021
O010853,2024-09-01,West,Marketplace,70.0,0.045
O010854,2025-03-12,North,Mobile App,140.72,0.026
O010855,2025-06-19,East,Mobile App,76.55,0.026
O010856,2025-11-05,Central,Marketplace,102.39,0.045
O010857,2025-11-11,South,Marketplace,54.57,0.045
O010858,2025-06-05,East,Marketplace,171.67,0.045
O010859,2024-09-15,North,Website,165.39,0.021
O010860,2024-10-13,Central,Marketplace,66.58,0.045
O010861,2025-09-02,East,Marketplace,153.65,0.045
O010862,2025-10-03,East,Website,126.72,0.021
O010863,2024-04-28,East,Marketplace,145.0,0.045
O010864,2025-02-19,East,Website,168.27,0.021
O010865,2024-05-04,East,Marketplace,72.35,0.045
O010866,2024-07-29,East,Website,179.24,0.021
O010867,2024-05-25,Central,Marketplace,160.46,0.045
O010868,2025-09-27,East,Marketplace,52.8,0.045
O010869,2025-06-28,South,Website,157.53,0.021
O010870,2024-09-11,West,Marketplace,156.4,0.045
O010871,2024-02-25,South,Mobile App,66.37,0.026
O010872,2025-12-06,Central,Website,176.24,0.021
O010873,2025-05-31,West,Website,166.14,0.021
O010874,2025-05-30,East,Website,99.11,0.021
O010875,2025-01-09,South,Website,127.47,0.021
O010876,2024-03-17,Central,Website,65.09,0.021
O010877,2024-02-05,East,Mobile App,51.53,0.026
O010878,2024-01-17,East,Website,120.21,0.021
O010879,2025-07-02,North,Website,147.11,0.021
O010880,2025-02-23,East,Website,169.43,0.021
O010881,2024-06-07,North,Mobile App,91.34,0.026
O010882,2025-07-06,Central,Marketplace,86.66,0.045
O010883,2024-05-30,North,Mobile App,128.41,0.026
O010884,2025-12-14,Central,Website,126.51,0.021
O010885,2024-07-31,West,Mobile App,75.54,0.026
O010886,2024-12-09,North,Mobile App,112.52,0.026
O010887,2024-09-16,East,Website,174.66,0.021
O010888,2025-10-18,South,Website,104.01,0.021
O010889,2024-05-30,Central,Marketplace,120.25,0.045
O010890,2024-03-30,Central,Website,145.74,0.021
O010891,2025-07-12,Central,Website,56.38,0.021
O010892,2025-03-29,North,Mobile App,97.9,0.026
O010893,2024-03-20,Central,Website,177.49,0.021
O010894,2025-10-19,South,Mobile App,94.44,0.026
O010895,2025-03-12,West,Website,148.5,0.021
O010896,2024-01-31,East,Website,151.32,0.021
O010897,2025-01-30,East,Mobile App,117.86,0.026
O010898,2025-04-22,Central,Website,52.54,0.021
O010899,2024-05-23,North,Marketplace,144.13,0.045
O010900,2025-04-28,West,Marketplace,100.21,0.045
O010901,2025-12-27,East,Website,120.54,0.021
O010902,2025-06-17,North,Mobile App,167.12,0.026
O010903,2025-12-18,East,Marketplace,129.73,0.045
O010904,2025-08-03,South,Mobile App,169.55,0.026
O010905,2024-05-27,North,Website,164.51,0.021
O010906,2025-10-27,West,Website,62.77,0.021
O010907,2025-04-14,South,Website,133.59,0.021
O010908,2024-11-07,North,Website,155.68,0.021
O010909,2025-04-08,West,Marketplace,171.36,0.045
O010910,2025-02-09,South,Marketplace,149.74,0.045
O010911,2025-05-29,Central,Marketplace,77.77,0.045
O010912,2025-04-04,North,Marketplace,133.65,0.045
O010913,2025-02-20,West,Website,143.31,0.021
O010914,2024-12-11,East,Marketplace,171.73,0.045
O010915,2024-10-10,Central,Marketplace,172.25,0.045
O010916,2024-09-25,North,Website,90.05,0.021
O010917,2024-05-15,East,Website,83.05,0.021
O010918,2025-08-24,West,Mobile App,164.92,0.026
O010919,2025-09-24,West,Marketplace,102.22,0.045
O010920,2025-11-06,West,Mobile App,72.06,0.026
O010921,2025-07-21,North,Mobile App,66.03,0.026
O010922,2024-07-24,North,Website,149.7,0.021
O010923,2025-11-13,Central,Marketplace,62.71,0.045
O010924,2024-12-31,South,Marketplace,152.82,0.045
O010925,2024-12-07,East,Marketplace,175.81,0.045
O010926,2024-12-02,South,Website,178.89,0.021
O010927,2024-12-30,Central,Website,84.37,0.021
O010928,2024-08-14,Central,Mobile App,121.02,0.026
O010929,2024-06-21,Central,Mobile App,79.77,0.026
O010930,2025-10-15,North,Marketplace,138.82,0.045
O010931,2024-09-07,Central,Marketplace,166.93,0.045
O010932,2025-10-26,West,Marketplace,158.03,0.045
O010933,2025-09-02,North,Marketplace,59.47,0.045
O010934,2024-01-12,Central,Website,173.74,0.021
O010935,2024-06-23,West,Website,103.94,0.021
O010936,2024-08-22,South,Marketplace,66.93,0.045
O010937,2025-06-25,Central,Marketplace,89.51,0.045
O010938,2024-04-22,South,Mobile App,146.71,0.026
O010939,2024-12-04,West,Mobile App,76.13,0.026
O010940,2025-08-24,Central,Marketplace,171.69,0.045
O010941,2025-01-14,South,Mobile App,54.85,0.026
O010942,2025-12-16,East,Mobile App,174.12,0.026
O010943,2024-11-28,East,Mobile App,55.07,0.026
O010944,2025-05-23,North,Mobile App,158.58,0.026
O010945,2025-10-07,East,Mobile App,169.3,0.026
O010946,2025-05-21,East,Marketplace,81.62,0.045
O010947,2025-12-01,North,Marketplace,135.36,0.045
O010948,2025-01-16,West,Marketplace,75.64,0.045
O010949,2025-09-13,West,Mobile App,63.5,0.026
O010950,2024-06-01,West,Mobile App,81.08,0.026
O010951,2024-08-23,West,Website,61.56,0.021
O010952,2025-01-25,East,Website,84.55,0.021
O010953,2025-05-17,East,Website,179.71,0.021
O010954,2024-05-03,East,Mobile App,91.51,0.026
O010955,2025-12-01,South,Website,69.66,0.021
O010956,2025-05-30,Central,Marketplace,91.68,0.045
O010957,2024-12-09,East,Marketplace,161.42,0.045
O010958,2025-08-30,North,Marketplace,62.88,0.045
O010959,2024-09-01,West,Mobile App,86.92,0.026
O010960,2025-01-20,North,Marketplace,128.88,0.045
O010961,2025-04-03,North,Website,125.16,0.021
O010962,2024-10-17,South,Marketplace,82.76,0.045
O010963,2024-09-24,North,Website,74.45,0.021
O010964,2025-05-26,East,Marketplace,141.74,0.045
O010965,2024-12-16,West,Website,97.01,0.021
O010966,2025-05-15,Central,Mobile App,153.27,0.026
O010967,2025-09-16,East,Marketplace,143.83,0.045
O010968,2024-11-09,East,Marketplace,51.7,0.045
O010969,2024-11-26,South,Marketplace,123.51,0.045
O010970,2024-10-29,North,Website,178.1,0.021
O010971,2025-11-22,West,Mobile App,76.95,0.026
O010972,2025-06-10,West,Mobile App,166.97,0.026
O010973,2025-03-28,East,Marketplace,118.27,0.045
O010974,2025-03-02,East,Website,91.59,0.021
O010975,2024-05-29,South,Website,59.73,0.021
O010976,2025-05-17,South,Marketplace,124.94,0.045
O010977,2025-10-13,South,Website,65.6,0.021
O010978,2024-05-12,West,Marketplace,61.68,0.045
O010979,2025-08-22,West,Mobile App,74.37,0.026
O010980,2024-11-14,South,Website,65.1,0.021
O010981,2025-04-24,Central,Mobile App,164.52,0.026
O010982,2025-02-08,East,Website,107.9,0.021
O010983,2024-04-06,East,Website,122.61,0.021
O010984,2024-01-09,North,Website,77.9,0.021
O010985,2025-01-19,North,Website,145.09,0.021
O010986,2024-10-06,North,Website,162.46,0.021
O010987,2025-03-25,South,Marketplace,175.48,0.045
O010988,2025-11-08,East,Website,119.9,0.021
O010989,2024-03-08,Central,Mobile App,177.83,0.026
O010990,2024-05-17,East,Mobile App,114.94,0.026
O010991,2025-07-15,South,Website,160.88,0.021
O010992,2024-07-11,Central,Website,65.75,0.021
O010993,2024-08-29,West,Marketplace,96.99,0.045
O010994,2024-08-29,Central,Mobile App,147.61,0.026
O010995,2025-01-31,East,Website,176.76,0.021
O010996,2024-12-20,South,Mobile App,155.51,0.026
O010997,2024-08-11,South,Marketplace,177.61,0.045
O010998,2024-05-02,Central,Marketplace,133.11,0.045
O010999,2024-09-03,West,Marketplace,141.53,0.045
O011000,2024-08-08,East,Marketplace,165.31,0.045
O011001,2025-05-31,North,Website,106.79,0.021
O011002,2025-11-19,South,Mobile App,126.55,0.026
O011003,2024-06-20,North,Marketplace,168.56,0.045
O011004,2025-01-11,South,Website,147.32,0.021
O011005,2025-08-14,East,Mobile App,157.13,0.026
O011006,2024-10-15,North,Website,103.26,0.021
O011007,2025-05-22,East,Website,141.33,0.021
O011008,2025-08-08,West,Website,144.56,0.021
O011009,2024-04-05,North,Website,176.88,0.021
O011010,2024-12-24,North,Marketplace,106.52,0.045
O011011,2025-07-12,North,Website,89.79,0.021
O011012,2024-02-27,Central,Marketplace,72.72,0.045
O011013,2025-06-14,Central,Website,73.62,0.021
O011014,2024-08-21,South,Mobile App,58.36,0.026
O011015,2025-02-17,West,Marketplace,104.1,0.045
O011016,2025-09-23,South,Marketplace,141.54,0.045
O011017,2025-07-29,Central,Website,124.73,0.021
O011018,2025-10-25,West,Marketplace,151.64,0.045
O011019,2025-08-06,East,Marketplace,154.45,0.045
O011020,2024-09-11,Central,Mobile App,84.37,0.026
O011021,2024-08-23,Central,Marketplace,55.7,0.045
O011022,2024-03-28,East,Mobile App,143.01,0.026
O011023,2024-05-03,West,Marketplace,136.2,0.045
O011024,2025-07-16,East,Mobile App,101.21,0.026
O011025,2024-11-15,North,Mobile App,158.32,0.026
O011026,2024-08-09,North,Website,57.27,0.021
O011027,2024-08-07,Central,Marketplace,127.19,0.045
O011028,2025-02-07,South,Mobile App,65.63,0.026
O011029,2024-09-25,East,Marketplace,60.05,0.045
O011030,2024-08-08,East,Marketplace,161.02,0.045
O011031,2024-10-11,South,Marketplace,147.31,0.045
O011032,2024-02-02,West,Marketplace,160.77,0.045
O011033,2024-06-10,South,Website,178.49,0.021
O011034,2025-11-29,West,Website,78.38,0.021
O011035,2025-11-10,West,Mobile App,91.47,0.026
O011036,2024-12-04,North,Marketplace,63.43,0.045
O011037,2024-12-06,North,Website,173.61,0.021
O011038,2025-06-02,East,Mobile App,56.78,0.026
O011039,2024-02-24,South,Website,50.74,0.021
O011040,2024-10-09,Central,Marketplace,162.63,0.045
O011041,2024-05-24,East,Website,159.93,0.021
O011042,2025-06-06,South,Mobile App,175.57,0.026
O011043,2024-11-24,North,Mobile App,146.94,0.026
O011044,2025-09-03,North,Marketplace,78.61,0.045
O011045,2024-03-03,South,Website,106.49,0.021
O011046,2024-06-09,South,Mobile App,154.09,0.026
O011047,2025-10-21,South,Marketplace,78.92,0.045
O011048,2024-11-05,North,Website,146.93,0.021
O011049,2024-12-05,North,Mobile App,160.21,0.026
O011050,2024-05-17,Central,Mobile App,67.7,0.026
O011051,2024-11-20,South,Website,107.84,0.021
O011052,2024-06-03,North,Website,50.94,0.021
O011053,2024-04-01,West,Mobile App,49.3,0.026
O011054,2024-09-10,South,Website,146.4,0.021
O011055,2024-12-14,South,Mobile App,78.46,0.026
O011056,2025-06-06,South,Marketplace,144.38,0.045
O011057,2025-02-21,Central,Marketplace,122.8,0.045
O011058,2024-03-31,Central,Website,65.64,0.021
O011059,2024-02-26,West,Marketplace,155.59,0.045
O011060,2024-02-27,Central,Marketplace,98.25,0.045
O011061,2024-08-09,Central,Website,78.08,0.021
O011062,2024-07-09,North,Website,105.17,0.021
O011063,2025-10-26,South,Mobile App,129.39,0.026
O011064,2025-05-19,South,Website,88.5,0.021
O011065,2024-04-16,East,Marketplace,123.28,0.045
O011066,2025-04-07,East,Mobile App,84.29,0.026
O011067,2025-08-02,Central,Marketplace,104.14,0.045
O011068,2025-09-29,South,Marketplace,63.44,0.045
O011069,2024-02-06,Central,Mobile App,109.9,0.026
O011070,2025-08-21,North,Website,76.21,0.021
O011071,2024-12-08,East,Marketplace,167.13,0.045
O011072,2025-09-17,East,Website,91.39,0.021
O011073,2024-10-09,East,Marketplace,75.61,0.045
O011074,2024-10-19,Central,Mobile App,71.96,0.026
O011075,2025-04-07,East,Mobile App,76.15,0.026
O011076,2024-09-06,West,Website,65.46,0.021
O011077,2024-03-09,North,Mobile App,111.75,0.026
O011078,2025-07-29,East,Mobile App,117.09,0.026
O011079,2024-07-07,South,Website,135.7,0.021
O011080,2024-07-20,East,Mobile App,61.94,0.026
O011081,2024-03-01,North,Website,63.72,0.021
O011082,2025-02-21,East,Marketplace,101.02,0.045
O011083,2024-08-10,East,Marketplace,57.48,0.045
O011084,2024-09-25,West,Website,77.89,0.021
O011085,2024-09-29,Central,Website,170.75,0.021
O011086,2024-07-25,West,Mobile App,127.53,0.026
O011087,2025-10-20,North,Website,161.67,0.021
O011088,2024-05-25,East,Marketplace,52.18,0.045
O011089,2025-09-29,South,Marketplace,49.2,0.045
O011090,2024-03-26,Central,Mobile App,96.53,0.026
O011091,2025-12-20,North,Website,101.93,0.021
O011092,2025-12-14,North,Mobile App,76.41,0.026
O011093,2024-09-24,East,Marketplace,111.09,0.045
O011094,2025-04-04,Central,Marketplace,123.09,0.045
O011095,2024-06-22,North,Marketplace,121.61,0.045
O011096,2024-05-27,North,Website,55.51,0.021
O011097,2025-02-23,South,Marketplace,167.01,0.045
O011098,2025-04-12,South,Mobile App,60.86,0.026
O011099,2024-04-21,West,Website,158.5,0.021
O011100,2024-04-27,South,Website,75.15,0.021
O011101,2025-06-17,South,Marketplace,138.99,0.045
O011102,2025-07-01,East,Website,105.85,0.021
O011103,2024-09-09,East,Website,52.4,0.021
O011104,2025-01-09,South,Marketplace,137.3,0.045
O011105,2025-06-14,East,Mobile App,80.2,0.026
O011106,2024-02-09,East,Website,114.03,0.021
O011107,2024-10-30,East,Website,144.05,0.021
O011108,2024-08-15,West,Marketplace,114.42,0.045
O011109,2025-02-18,South,Marketplace,116.8,0.045
O011110,2025-08-16,West,Marketplace,135.61,0.045
O011111,2025-05-06,East,Marketplace,65.35,0.045
O011112,2025-11-01,North,Website,163.28,0.021
O011113,2025-05-02,West,Website,104.32,0.021
O011114,2024-03-09,West,Website,56.86,0.021
O011115,2024-05-30,West,Website,160.12,0.021
O011116,2024-03-28,West,Website,126.01,0.021
O011117,2025-10-10,South,Mobile App,92.73,0.026
O011118,2025-06-04,Central,Marketplace,69.94,0.045
O011119,2025-10-27,West,Website,59.38,0.021
O011120,2025-11-03,South,Marketplace,87.54,0.045
O011121,2024-05-18,North,Website,149.82,0.021
O011122,2024-11-22,North,Website,74.21,0.021
O011123,2025-05-13,East,Website,166.74,0.021
O011124,2025-09-01,Central,Marketplace,148.75,0.045
O011125,2025-10-14,East,Website,131.27,0.021
O011126,2024-07-17,Central,Marketplace,60.34,0.045
O011127,2025-12-30,South,Marketplace,91.62,0.045
O011128,2025-07-04,West,Website,53.62,0.021
O011129,2025-05-29,North,Website,152.82,0.021
O011130,2024-05-30,Central,Marketplace,92.2,0.045
O011131,2025-10-22,East,Website,122.97,0.021
O011132,2025-03-03,East,Marketplace,73.43,0.045
O011133,2024-05-20,North,Website,109.85,0.021
O011134,2025-12-08,South,Marketplace,96.35,0.045
O011135,2025-11-19,West,Marketplace,69.62,0.045
O011136,2025-07-02,South,Mobile App,123.23,0.026
O011137,2024-10-08,North,Mobile App,75.57,0.026
O011138,2025-07-01,West,Website,67.64,0.021
O011139,2024-08-22,Central,Marketplace,88.61,0.045
O011140,2025-12-04,South,Marketplace,94.02,0.045
O011141,2024-04-09,South,Website,137.34,0.021
O011142,2025-06-28,North,Website,138.54,0.021
O011143,2025-06-03,South,Website,106.11,0.021
O011144,2025-06-12,West,Marketplace,119.78,0.045
O011145,2025-01-05,Central,Mobile App,154.82,0.026
O011146,2024-11-22,East,Marketplace,80.35,0.045
O011147,2025-07-30,West,Mobile App,107.68,0.026
O011148,2024-12-07,North,Website,131.13,0.021
O011149,2024-05-12,North,Marketplace,94.32,0.045
O011150,2024-10-06,East,Marketplace,137.73,0.045
O011151,2024-02-11,North,Marketplace,117.47,0.045
O011152,2025-08-10,Central,Mobile App,67.21,0.026
O011153,2024-12-21,West,Mobile App,95.12,0.026
O011154,2025-04-07,South,Website,114.7,0.021
O011155,2025-03-12,West,Mobile App,168.4,0.026
O011156,2024-03-20,North,Marketplace,62.2,0.045
O011157,2024-08-10,South,Website,148.51,0.021
O011158,2024-11-14,East,Marketplace,139.76,0.045
O011159,2025-01-13,East,Mobile App,88.32,0.026
O011160,2025-01-09,West,Marketplace,117.45,0.045
O011161,2024-10-13,West,Mobile App,93.9,0.026
O011162,2024-01-03,South,Marketplace,121.22,0.045
O011163,2025-06-25,East,Marketplace,79.66,0.045
O011164,2025-08-16,South,Marketplace,125.44,0.045
O011165,2025-12-24,West,Mobile App,116.46,0.026
O011166,2024-12-27,Central,Marketplace,137.82,0.045
O011167,2024-12-02,North,Marketplace,165.12,0.045
O011168,2025-04-23,East,Marketplace,179.86,0.045
O011169,2025-10-06,West,Website,69.69,0.021
O011170,2024-08-07,Central,Website,149.73,0.021
O011171,2025-04-17,North,Marketplace,77.83,0.045
O011172,2025-03-21,South,Mobile App,96.62,0.026
O011173,2024-07-31,Central,Website,119.73,0.021
O011174,2025-02-03,East,Website,148.08,0.021
O011175,2024-10-12,East,Mobile App,135.74,0.026
O011176,2024-06-12,South,Marketplace,134.94,0.045
O011177,2024-12-22,West,Marketplace,86.66,0.045
O011178,2025-04-12,South,Marketplace,154.52,0.045
O011179,2024-07-17,North,Mobile App,150.55,0.026
O011180,2025-02-01,West,Mobile App,128.16,0.026
O011181,2025-02-06,North,Website,159.93,0.021
O011182,2025-07-04,North,Marketplace,151.55,0.045
O011183,2025-05-24,North,Marketplace,89.92,0.045
O011184,2024-02-25,North,Marketplace,148.02,0.045
O011185,2024-12-18,South,Website,135.51,0.021
O011186,2024-04-12,East,Marketplace,112.81,0.045
O011187,2024-04-24,Central,Website,147.98,0.021
O011188,2025-09-04,South,Marketplace,166.91,0.045
O011189,2024-11-22,West,Marketplace,55.24,0.045
O011190,2024-07-20,South,Website,107.19,0.021
O011191,2025-08-05,South,Mobile App,62.35,0.026
O011192,2025-08-24,North,Website,120.95,0.021
O011193,2025-04-08,Central,Marketplace,88.4,0.045
O011194,2024-12-12,East,Website,87.29,0.021
O011195,2024-04-21,Central,Marketplace,62.9,0.045
O011196,2025-12-30,North,Website,128.87,0.021
O011197,2025-08-31,East,Marketplace,92.68,0.045
O011198,2024-04-13,South,Website,178.44,0.021
O011199,2024-05-10,North,Website,147.43,0.021
O011200,2025-11-13,West,Website,63.56,0.021
O011201,2025-10-01,North,Mobile App,150.17,0.026
O011202,2025-01-06,West,Mobile App,128.9,0.026
O011203,2025-04-20,East,Mobile App,150.19,0.026
O011204,2024-05-03,North,Website,107.04,0.021
O011205,2024-07-23,Central,Marketplace,158.64,0.045
O011206,2025-06-30,East,Website,130.98,0.021
O011207,2025-03-18,South,Mobile App,123.51,0.026
O011208,2024-10-09,North,Marketplace,81.32,0.045
O011209,2025-04-13,South,Mobile App,146.21,0.026
O011210,2024-12-25,South,Mobile App,166.98,0.026
O011211,2024-04-20,Central,Website,148.49,0.021
O011212,2024-05-08,Central,Mobile App,89.84,0.026
O011213,2025-12-16,North,Website,153.09,0.021
O011214,2025-05-31,West,Website,78.65,0.021
O011215,2025-11-19,East,Marketplace,97.47,0.045
O011216,2024-05-01,Central,Website,56.26,0.021
O011217,2024-05-28,North,Website,55.27,0.021
O011218,2024-12-17,North,Marketplace,167.03,0.045
O011219,2024-12-14,East,Website,147.7,0.021
O011220,2024-10-02,West,Marketplace,101.98,0.045
O011221,2024-03-07,East,Website,61.42,0.021
O011222,2024-01-21,Central,Marketplace,112.31,0.045
O011223,2024-02-17,West,Website,110.42,0.021
O011224,2025-06-12,South,Mobile App,124.43,0.026
O011225,2025-05-02,Central,Marketplace,59.32,0.045
O011226,2024-07-07,East,Mobile App,159.22,0.026
O011227,2024-12-28,East,Website,89.66,0.021
O011228,2024-04-13,East,Website,53.23,0.021
O011229,2024-08-25,South,Website,165.84,0.021
O011230,2025-10-28,South,Website,116.75,0.021
O011231,2025-11-01,West,Website,81.06,0.021
O011232,2024-02-04,East,Marketplace,145.09,0.045
O011233,2024-06-28,South,Website,125.86,0.021
O011234,2024-03-22,North,Marketplace,149.84,0.045
O011235,2025-12-30,West,Marketplace,93.01,0.045
O011236,2024-05-12,West,Website,148.72,0.021
O011237,2025-10-17,West,Website,66.57,0.021
O011238,2024-08-22,West,Marketplace,56.71,0.045
O011239,2024-11-14,North,Mobile App,78.4,0.026
O011240,2024-03-30,North,Marketplace,66.66,0.045
O011241,2025-05-10,East,Mobile App,101.81,0.026
O011242,2025-10-08,West,Marketplace,68.46,0.045
O011243,2024-07-07,Central,Mobile App,118.87,0.026
O011244,2025-08-03,North,Website,111.95,0.021
O011245,2024-10-19,West,Mobile App,132.3,0.026
O011246,2025-06-08,North,Mobile App,113.41,0.026
O011247,2025-06-07,Central,Marketplace,109.09,0.045
O011248,2025-02-27,Central,Mobile App,146.07,0.026
O011249,2025-03-01,South,Marketplace,178.65,0.045
O011250,2024-05-16,East,Website,105.84,0.021
O011251,2025-07-13,North,Marketplace,119.46,0.045
O011252,2024-11-12,South,Website,137.97,0.021
O011253,2025-11-22,North,Marketplace,82.94,0.045
O011254,2025-04-24,South,Mobile App,97.94,0.026
O011255,2025-11-14,West,Marketplace,148.68,0.045
O011256,2025-12-10,North,Mobile App,159.57,0.026
O011257,2024-06-13,North,Website,130.83,0.021
O011258,2024-03-20,Central,Mobile App,124.81,0.026
O011259,2025-01-22,Central,Mobile App,122.56,0.026
O011260,2024-03-19,Central,Website,173.99,0.021
O011261,2025-02-04,East,Website,178.71,0.021
O011262,2025-06-22,Central,Marketplace,67.37,0.045
O011263,2024-07-09,North,Website,126.32,0.021
O011264,2024-04-28,East,Website,66.78,0.021
O011265,2025-02-19,South,Website,65.55,0.021
O011266,2024-03-20,South,Marketplace,122.13,0.045
O011267,2025-12-21,West,Mobile App,139.51,0.026
O011268,2025-05-12,North,Marketplace,114.34,0.045
O011269,2025-07-25,East,Mobile App,51.18,0.026
O011270,2025-08-02,West,Mobile App,91.96,0.026
O011271,2024-09-01,East,Mobile App,138.97,0.026
O011272,2025-12-23,Central,Marketplace,123.84,0.045
O011273,2024-11-17,Central,Mobile App,178.34,0.026
O011274,2025-02-09,East,Marketplace,168.32,0.045
O011275,2024-03-26,West,Website,91.03,0.021
O011276,2025-07-28,East,Mobile App,93.63,0.026
O011277,2024-12-16,Central,Mobile App,149.77,0.026
O011278,2024-05-24,West,Mobile App,116.22,0.026
O011279,2024-04-24,North,Mobile App,164.56,0.026
O011280,2025-07-06,West,Mobile App,119.98,0.026
O011281,2025-07-12,West,Mobile App,131.5,0.026
O011282,2024-09-30,West,Website,168.24,0.021
O011283,2024-09-17,Central,Mobile App,170.98,0.026
O011284,2024-02-11,East,Mobile App,102.24,0.026
O011285,2025-12-06,West,Website,117.45,0.021
O011286,2025-09-19,North,Mobile App,84.29,0.026
O011287,2025-10-16,West,Website,84.28,0.021
O011288,2025-06-30,Central,Marketplace,155.05,0.045
O011289,2025-07-26,East,Website,77.02,0.021
O011290,2024-04-19,South,Mobile App,147.7,0.026
O011291,2025-02-04,East,Marketplace,142.51,0.045
O011292,2024-10-29,West,Website,170.15,0.021
O011293,2024-11-03,North,Marketplace,165.13,0.045
O011294,2025-03-17,North,Website,132.96,0.021
O011295,2025-10-02,West,Marketplace,70.64,0.045
O011296,2025-04-21,South,Marketplace,107.63,0.045
O011297,2025-05-24,South,Website,111.13,0.021
O011298,2024-11-14,West,Website,141.53,0.021
O011299,2024-03-20,East,Website,162.4,0.021
O011300,2024-10-24,Central,Marketplace,147.17,0.045
O011301,2025-04-15,East,Marketplace,66.96,0.045
O011302,2024-09-04,South,Marketplace,125.31,0.045
O011303,2024-01-23,Central,Website,133.24,0.021
O011304,2024-11-09,North,Mobile App,127.69,0.026
O011305,2025-02-22,East,Marketplace,59.64,0.045
O011306,2024-02-08,West,Mobile App,94.44,0.026
O011307,2025-07-01,West,Marketplace,65.87,0.045
O011308,2025-03-17,West,Website,69.09,0.021
O011309,2024-01-18,West,Website,93.92,0.021
O011310,2024-07-01,Central,Marketplace,139.54,0.045
O011311,2025-09-20,West,Marketplace,75.41,0.045
O011312,2025-05-20,East,Mobile App,169.59,0.026
O011313,2025-04-09,North,Website,152.43,0.021
O011314,2025-03-31,East,Website,98.5,0.021
O011315,2024-09-03,Central,Marketplace,65.58,0.045
O011316,2024-05-06,Central,Website,61.16,0.021
O011317,2025-04-05,South,Website,103.97,0.021
O011318,2025-11-01,North,Marketplace,52.41,0.045
O011319,2025-09-11,North,Website,163.86,0.021
O011320,2024-03-24,North,Mobile App,179.57,0.026
O011321,2025-12-19,East,Mobile App,65.09,0.026
O011322,2024-01-29,East,Mobile App,70.21,0.026
O011323,2025-09-27,North,Marketplace,177.86,0.045
O011324,2024-12-13,East,Marketplace,170.45,0.045
O011325,2024-01-20,North,Mobile App,127.49,0.026
O011326,2024-09-02,Central,Marketplace,109.62,0.045
O011327,2025-09-19,West,Marketplace,128.01,0.045
O011328,2024-07-24,South,Marketplace,173.39,0.045
O011329,2025-06-08,East,Mobile App,65.22,0.026
O011330,2025-10-10,East,Mobile App,171.18,0.026
O011331,2025-09-05,North,Mobile App,91.34,0.026
O011332,2025-01-19,South,Mobile App,157.6,0.026
O011333,2025-02-24,Central,Mobile App,121.53,0.026
O011334,2024-03-31,West,Website,54.74,0.021
O011335,2024-12-02,East,Website,71.38,0.021
O011336,2025-10-24,North,Website,51.16,0.021
O011337,2024-04-04,South,Website,113.0,0.021
O011338,2024-08-01,North,Marketplace,50.37,0.045
O011339,2025-04-03,North,Mobile App,49.3,0.026
O011340,2025-04-09,Central,Mobile App,155.76,0.026
O011341,2025-11-27,Central,Marketplace,70.8,0.045
O011342,2024-08-23,West,Marketplace,106.49,0.045
O011343,2025-01-21,Central,Mobile App,75.64,0.026
O011344,2025-06-11,South,Mobile App,143.92,0.026
O011345,2025-01-12,South,Website,140.25,0.021
O011346,2024-09-08,East,Mobile App,122.92,0.026
O011347,2024-10-18,West,Mobile App,112.62,0.026
O011348,2024-03-10,South,Website,63.77,0.021
O011349,2024-12-11,East,Marketplace,169.19,0.045
O011350,2024-07-06,Central,Marketplace,105.64,0.045
O011351,2025-01-25,West,Marketplace,59.3,0.045
O011352,2025-06-07,Central,Marketplace,146.55,0.045
O011353,2025-10-15,South,Marketplace,156.86,0.045
O011354,2024-12-05,North,Mobile App,99.3,0.026
O011355,2025-06-21,Central,Marketplace,175.39,0.045
O011356,2025-03-19,North,Website,145.77,0.021
O011357,2025-06-07,West,Mobile App,101.88,0.026
O011358,2025-02-04,South,Marketplace,145.49,0.045
O011359,2025-06-20,South,Mobile App,145.43,0.026
O011360,2024-02-03,North,Mobile App,109.62,0.026
O011361,2025-08-01,West,Mobile App,121.43,0.026
O011362,2025-06-29,East,Mobile App,111.64,0.026
O011363,2025-11-02,South,Website,68.34,0.021
O011364,2025-07-16,East,Mobile App,138.49,0.026
O011365,2025-09-06,Central,Website,57.8,0.021
O011366,2025-03-18,Central,Mobile App,123.0,0.026
O011367,2024-10-13,Central,Mobile App,90.51,0.026
O011368,2024-12-19,North,Website,82.97,0.021
O011369,2025-09-17,West,Mobile App,96.07,0.026
O011370,2025-03-18,East,Website,106.9,0.021
O011371,2025-02-18,West,Marketplace,123.67,0.045
O011372,2025-10-07,East,Mobile App,152.53,0.026
O011373,2025-05-15,West,Marketplace,119.92,0.045
O011374,2024-05-24,North,Website,120.11,0.021
O011375,2024-04-12,Central,Website,169.79,0.021
O011376,2024-07-25,Central,Website,159.65,0.021
O011377,2024-01-22,East,Marketplace,100.93,0.045
O011378,2024-06-12,East,Website,99.82,0.021
O011379,2025-05-03,North,Mobile App,70.81,0.026
O011380,2025-02-12,East,Website,133.76,0.021
O011381,2024-05-24,West,Website,98.72,0.021
O011382,2024-06-23,East,Website,172.67,0.021
O011383,2024-11-16,South,Marketplace,157.91,0.045
O011384,2025-04-21,East,Marketplace,117.37,0.045
O011385,2024-04-07,West,Marketplace,66.03,0.045
O011386,2024-12-03,West,Website,146.76,0.021
O011387,2024-11-28,Central,Mobile App,138.49,0.026
O011388,2024-03-01,West,Marketplace,170.73,0.045
O011389,2024-12-24,North,Website,95.33,0.021
O011390,2025-10-19,Central,Mobile App,144.38,0.026
O011391,2025-06-01,South,Website,163.77,0.021
O011392,2025-05-25,North,Mobile App,156.57,0.026
O011393,2024-01-14,South,Website,60.54,0.021
O011394,2025-03-04,North,Marketplace,155.95,0.045
O011395,2024-05-23,North,Website,77.52,0.021
O011396,2025-06-08,Central,Mobile App,56.86,0.026
O011397,2025-02-17,Central,Website,103.14,0.021
O011398,2025-03-08,South,Marketplace,151.74,0.045
O011399,2024-02-10,North,Mobile App,142.87,0.026
O011400,2024-01-17,South,Website,105.88,0.021
O011401,2024-09-09,West,Website,86.21,0.021
O011402,2024-08-12,East,Mobile App,171.47,0.026
O011403,2025-02-02,West,Website,66.15,0.021
O011404,2025-12-14,West,Marketplace,167.53,0.045
O011405,2025-12-20,East,Website,95.23,0.021
O011406,2024-06-26,Central,Website,90.57,0.021
O011407,2025-12-29,Central,Mobile App,69.66,0.026
O011408,2025-06-27,North,Website,177.45,0.021
O011409,2024-05-04,Central,Mobile App,136.33,0.026
O011410,2025-01-08,South,Website,135.42,0.021
O011411,2024-10-11,East,Website,157.06,0.021
O011412,2024-08-17,Central,Marketplace,64.38,0.045
O011413,2025-07-22,West,Mobile App,148.9,0.026
O011414,2025-05-31,East,Marketplace,106.2,0.045
O011415,2025-07-31,West,Marketplace,153.41,0.045
O011416,2025-11-22,North,Mobile App,65.11,0.026
O011417,2024-01-09,South,Website,80.74,0.021
O011418,2025-09-20,South,Marketplace,68.05,0.045
O011419,2025-08-06,East,Mobile App,52.52,0.026
O011420,2024-08-23,East,Marketplace,117.43,0.045
O011421,2025-05-18,North,Marketplace,107.02,0.045
O011422,2025-10-08,Central,Website,154.23,0.021
O011423,2025-08-01,East,Marketplace,92.23,0.045
O011424,2024-09-06,South,Marketplace,83.76,0.045
O011425,2024-04-15,East,Marketplace,171.64,0.045
O011426,2025-06-22,North,Marketplace,160.39,0.045
O011427,2024-06-26,North,Website,129.0,0.021
O011428,2024-12-13,South,Website,85.71,0.021
O011429,2025-11-12,West,Website,50.44,0.021
O011430,2024-12-22,East,Website,100.87,0.021
O011431,2024-11-28,North,Website,50.57,0.021
O011432,2024-11-17,South,Mobile App,71.08,0.026
O011433,2024-11-27,Central,Website,107.96,0.021
O011434,2024-11-10,North,Website,151.17,0.021
O011435,2025-04-14,South,Website,55.61,0.021
O011436,2024-12-29,South,Marketplace,165.15,0.045
O011437,2024-10-08,West,Website,63.6,0.021
O011438,2024-06-08,South,Mobile App,52.69,0.026
O011439,2025-01-11,North,Mobile App,150.53,0.026
O011440,2024-10-08,North,Website,158.18,0.021
O011441,2024-06-04,South,Website,136.07,0.021
O011442,2024-07-12,West,Mobile App,104.68,0.026
O011443,2025-01-29,West,Marketplace,102.26,0.045
O011444,2025-06-12,North,Marketplace,165.35,0.045
O011445,2025-11-23,North,Marketplace,54.13,0.045
O011446,2024-04-25,Central,Website,133.5,0.021
O011447,2025-08-08,West,Marketplace,86.94,0.045
O011448,2024-05-15,West,Marketplace,119.62,0.045
O011449,2024-11-29,North,Mobile App,124.59,0.026
O011450,2025-02-05,North,Marketplace,106.82,0.045
O011451,2024-05-11,South,Website,123.62,0.021
O011452,2025-10-01,East,Website,71.62,0.021
O011453,2024-06-22,Central,Website,136.79,0.021
O011454,2025-03-17,West,Website,170.04,0.021
O011455,2024-12-05,North,Website,133.66,0.021
O011456,2025-09-20,Central,Website,59.98,0.021
O011457,2024-08-22,West,Marketplace,99.21,0.045
O011458,2025-03-02,West,Marketplace,119.92,0.045
O011459,2024-03-02,North,Marketplace,76.44,0.045
O011460,2024-02-18,Central,Website,77.4,0.021
O011461,2025-03-04,West,Marketplace,96.16,0.045
O011462,2024-12-11,Central,Mobile App,125.06,0.026
O011463,2024-09-30,South,Website,73.43,0.021
O011464,2024-04-19,South,Mobile App,167.82,0.026
O011465,2025-10-31,Central,Mobile App,169.23,0.026
O011466,2025-12-30,West,Mobile App,115.0,0.026
O011467,2024-12-28,East,Marketplace,101.27,0.045
O011468,2025-11-14,North,Mobile App,66.55,0.026
O011469,2024-04-13,Central,Website,103.78,0.021
O011470,2025-08-22,North,Website,80.01,0.021
O011471,2024-01-03,Central,Marketplace,85.51,0.045
O011472,2024-04-22,West,Mobile App,150.37,0.026
O011473,2024-06-08,East,Mobile App,171.02,0.026
O011474,2024-08-14,West,Mobile App,54.99,0.026
O011475,2024-01-08,East,Marketplace,60.74,0.045
O011476,2024-10-20,Central,Marketplace,61.05,0.045
O011477,2024-01-25,South,Website,111.46,0.021
O011478,2025-11-23,Central,Mobile App,97.41,0.026
O011479,2024-07-26,Central,Marketplace,117.74,0.045
O011480,2024-03-20,Central,Marketplace,56.99,0.045
O011481,2024-07-14,South,Website,119.89,0.021
O011482,2025-11-19,Central,Website,58.14,0.021
O011483,2024-06-21,North,Website,146.09,0.021
O011484,2024-04-01,Central,Marketplace,121.15,0.045
O011485,2024-11-07,South,Mobile App,126.86,0.026
O011486,2025-10-04,North,Mobile App,111.19,0.026
O011487,2025-10-24,South,Website,65.87,0.021
O011488,2025-04-11,South,Marketplace,165.19,0.045
O011489,2024-04-02,West,Website,113.91,0.021
O011490,2024-09-19,South,Mobile App,138.36,0.026
O011491,2025-12-15,South,Website,118.63,0.021
O011492,2025-11-13,West,Website,161.99,0.021
O011493,2025-03-25,East,Marketplace,104.21,0.045
O011494,2025-04-13,North,Website,52.08,0.021
O011495,2024-04-14,West,Mobile App,101.36,0.026
O011496,2025-11-24,East,Website,117.36,0.021
O011497,2024-06-09,North,Website,51.0,0.021
O011498,2025-08-05,Central,Mobile App,121.64,0.026
O011499,2025-03-28,South,Marketplace,66.55,0.045
O011500,2025-02-20,South,Marketplace,156.44,0.045
O011501,2025-06-27,Central,Marketplace,70.32,0.045
O011502,2025-11-07,North,Mobile App,126.41,0.026
O011503,2024-07-09,North,Marketplace,138.21,0.045
O011504,2025-07-19,North,Website,71.48,0.021
O011505,2024-09-23,South,Mobile App,167.83,0.026
O011506,2024-11-03,Central,Mobile App,52.89,0.026
O011507,2025-05-28,West,Website,112.96,0.021
O011508,2025-11-23,South,Marketplace,176.45,0.045
O011509,2025-05-27,North,Marketplace,49.22,0.045
O011510,2025-01-06,West,Website,100.16,0.021
O011511,2025-09-29,North,Marketplace,125.44,0.045
O011512,2025-06-29,West,Website,74.38,0.021
O011513,2024-01-28,South,Marketplace,95.47,0.045
O011514,2024-01-27,Central,Marketplace,166.3,0.045
O011515,2024-03-03,South,Mobile App,160.29,0.026
O011516,2024-10-10,West,Website,119.18,0.021
O011517,2024-10-21,Central,Website,108.88,0.021
O011518,2024-04-12,Central,Website,134.94,0.021
O011519,2024-11-19,East,Mobile App,69.4,0.026
O011520,2024-03-27,North,Website,67.22,0.021
O011521,2024-03-04,Central,Marketplace,71.27,0.045
O011522,2025-11-21,West,Website,98.29,0.021
O011523,2025-12-14,West,Website,52.37,0.021
O011524,2024-02-20,East,Marketplace,108.89,0.045
O011525,2025-07-16,South,Website,108.21,0.021
O011526,2024-10-13,East,Mobile App,153.36,0.026
O011527,2025-10-04,West,Website,85.28,0.021
O011528,2025-10-17,East,Website,134.5,0.021
O011529,2024-05-21,Central,Marketplace,99.95,0.045
O011530,2024-01-06,South,Mobile App,147.92,0.026
O011531,2024-03-27,South,Mobile App,58.66,0.026
O011532,2025-01-29,East,Mobile App,125.82,0.026
O011533,2025-03-09,Central,Mobile App,151.51,0.026
O011534,2025-08-15,Central,Mobile App,136.51,0.026
O011535,2024-05-18,South,Mobile App,169.0,0.026
O011536,2025-03-17,North,Website,79.87,0.021
O011537,2025-12-13,South,Mobile App,86.94,0.026
O011538,2025-06-21,West,Mobile App,145.15,0.026
O011539,2024-03-14,West,Marketplace,84.73,0.045
O011540,2024-08-16,South,Website,125.97,0.021
O011541,2025-12-27,South,Marketplace,105.6,0.045
O011542,2025-11-07,West,Mobile App,172.21,0.026
O011543,2024-10-24,West,Marketplace,118.62,0.045
O011544,2024-10-12,South,Mobile App,131.24,0.026
O011545,2024-08-28,North,Marketplace,72.71,0.045
O011546,2025-12-30,North,Mobile App,102.33,0.026
O011547,2025-07-25,North,Website,118.74,0.021
O011548,2025-08-01,Central,Website,106.89,0.021
O011549,2024-04-17,Central,Marketplace,174.71,0.045
O011550,2024-11-07,North,Website,100.9,0.021
O011551,2024-06-07,West,Website,147.95,0.021
O011552,2024-04-02,East,Marketplace,136.3,0.045
O011553,2025-08-12,West,Website,58.94,0.021
O011554,2024-11-04,Central,Marketplace,139.36,0.045
O011555,2024-08-27,West,Marketplace,145.05,0.045
O011556,2025-01-01,North,Marketplace,59.0,0.045
O011557,2024-07-21,North,Mobile App,67.78,0.026
O011558,2025-09-13,South,Mobile App,140.45,0.026
O011559,2025-02-10,North,Mobile App,50.89,0.026
O011560,2025-05-01,West,Marketplace,137.49,0.045
O011561,2024-07-28,West,Marketplace,146.95,0.045
O011562,2025-11-16,West,Website,124.82,0.021
O011563,2024-01-23,Central,Website,131.19,0.021
O011564,2024-05-30,East,Marketplace,163.53,0.045
O011565,2025-09-06,South,Mobile App,172.58,0.026
O011566,2025-04-28,Central,Marketplace,137.09,0.045
O011567,2024-09-26,South,Website,130.83,0.021
O011568,2025-09-23,Central,Mobile App,102.39,0.026
O011569,2025-09-24,Central,Website,60.68,0.021
O011570,2024-09-01,West,Marketplace,124.16,0.045
O011571,2025-11-24,West,Website,105.38,0.021
O011572,2024-09-02,North,Marketplace,112.94,0.045
O011573,2025-08-10,East,Website,157.78,0.021
O011574,2025-01-17,East,Website,100.13,0.021
O011575,2024-05-26,South,Website,167.23,0.021
O011576,2024-09-13,East,Website,133.91,0.021
O011577,2024-09-13,Central,Marketplace,94.21,0.045
O011578,2024-07-02,West,Marketplace,144.06,0.045
O011579,2024-11-11,West,Mobile App,157.37,0.026
O011580,2024-02-19,East,Website,127.76,0.021
O011581,2025-09-01,East,Marketplace,105.21,0.045
O011582,2025-06-14,South,Marketplace,102.27,0.045
O011583,2024-06-16,South,Mobile App,67.13,0.026
O011584,2025-04-20,Central,Website,132.73,0.021
O011585,2025-09-13,Central,Website,156.47,0.021
O011586,2024-01-27,South,Mobile App,118.94,0.026
O011587,2025-04-23,West,Mobile App,56.81,0.026
O011588,2024-08-24,North,Website,114.18,0.021
O011589,2025-11-05,East,Website,154.49,0.021
O011590,2025-06-03,North,Mobile App,97.69,0.026
O011591,2024-07-05,East,Marketplace,166.84,0.045
O011592,2024-10-22,Central,Marketplace,90.86,0.045
O011593,2024-10-05,Central,Marketplace,78.73,0.045
O011594,2025-05-08,Central,Marketplace,52.96,0.045
O011595,2025-10-25,East,Mobile App,138.28,0.026
O011596,2024-04-20,East,Website,81.21,0.021
O011597,2025-10-12,Central,Website,137.59,0.021
O011598,2024-12-29,North,Marketplace,49.89,0.045
O011599,2024-10-09,North,Website,70.18,0.021
O011600,2024-04-02,South,Marketplace,108.91,0.045
O011601,2025-10-19,North,Website,91.53,0.021
O011602,2025-08-18,North,Website,158.3,0.021
O011603,2024-02-17,West,Marketplace,122.69,0.045
O011604,2025-09-03,South,Website,130.24,0.021
O011605,2025-02-22,West,Website,154.87,0.021
O011606,2024-05-07,Central,Mobile App,49.57,0.026
O011607,2024-10-21,North,Website,49.73,0.021
O011608,2025-11-26,Central,Marketplace,114.57,0.045
O011609,2025-08-14,West,Marketplace,75.18,0.045
O011610,2024-11-30,East,Mobile App,53.6,0.026
O011611,2025-03-16,North,Marketplace,126.25,0.045
O011612,2024-12-04,Central,Website,61.7,0.021
O011613,2024-02-21,Central,Website,127.93,0.021
O011614,2025-11-25,West,Marketplace,81.37,0.045
O011615,2025-06-07,North,Marketplace,151.1,0.045
O011616,2024-02-11,Central,Marketplace,85.58,0.045
O011617,2024-06-20,East,Marketplace,111.82,0.045
O011618,2024-03-08,Central,Marketplace,79.15,0.045
O011619,2024-11-20,East,Mobile App,138.98,0.026
O011620,2025-04-13,East,Marketplace,167.84,0.045
O011621,2024-05-03,North,Website,49.81,0.021
O011622,2025-02-20,West,Website,95.12,0.021
O011623,2024-10-26,West,Mobile App,146.01,0.026
O011624,2025-08-27,South,Mobile App,142.13,0.026
O011625,2024-12-03,Central,Website,179.75,0.021
O011626,2025-04-27,Central,Mobile App,65.1,0.026
O011627,2024-03-23,West,Marketplace,64.63,0.045
O011628,2024-03-01,East,Website,112.15,0.021
O011629,2024-05-24,North,Mobile App,79.73,0.026
O011630,2025-11-16,North,Website,165.78,0.021
O011631,2024-11-06,North,Marketplace,55.04,0.045
O011632,2024-03-23,East,Mobile App,169.57,0.026
O011633,2025-10-25,North,Mobile App,138.67,0.026
O011634,2024-04-19,West,Marketplace,147.26,0.045
O011635,2025-12-29,South,Mobile App,67.23,0.026
O011636,2025-03-31,Central,Marketplace,120.52,0.045
O011637,2025-04-12,West,Website,101.22,0.021
O011638,2025-12-11,Central,Mobile App,177.1,0.026
O011639,2024-07-03,South,Website,76.33,0.021
O011640,2024-04-24,South,Mobile App,179.2,0.026
O011641,2024-03-19,East,Marketplace,132.31,0.045
O011642,2025-01-07,West,Marketplace,147.15,0.045
O011643,2024-02-16,Central,Mobile App,102.48,0.026
O011644,2024-04-27,West,Marketplace,114.24,0.045
O011645,2024-09-07,North,Website,106.19,0.021
O011646,2024-06-15,South,Marketplace,105.16,0.045
O011647,2024-03-25,South,Website,167.04,0.021
O011648,2025-04-05,North,Mobile App,67.56,0.026
O011649,2025-09-18,South,Marketplace,91.62,0.045
O011650,2025-02-15,East,Website,91.32,0.021
O011651,2024-06-23,South,Marketplace,139.47,0.045
O011652,2025-09-20,North,Marketplace,131.92,0.045
O011653,2024-09-26,Central,Mobile App,141.98,0.026
O011654,2025-02-13,South,Mobile App,112.66,0.026
O011655,2024-04-14,South,Marketplace,55.74,0.045
O011656,2025-12-02,North,Mobile App,157.92,0.026
O011657,2025-06-09,North,Marketplace,132.63,0.045
O011658,2025-06-14,West,Mobile App,83.77,0.026
O011659,2024-09-11,South,Marketplace,172.18,0.045
O011660,2025-10-15,North,Website,131.79,0.021
O011661,2024-03-12,Central,Website,159.22,0.021
O011662,2025-09-14,East,Mobile App,60.57,0.026
O011663,2025-08-24,Central,Marketplace,110.47,0.045
O011664,2025-12-29,East,Website,58.83,0.021
O011665,2024-07-26,East,Mobile App,160.61,0.026
O011666,2025-01-25,North,Website,78.41,0.021
O011667,2025-01-07,East,Website,58.29,0.021
O011668,2025-08-21,South,Mobile App,107.53,0.026
O011669,2025-08-25,East,Marketplace,154.02,0.045
O011670,2025-05-19,South,Mobile App,160.76,0.026
O011671,2025-10-04,Central,Marketplace,128.02,0.045
O011672,2024-06-11,West,Marketplace,124.5,0.045
O011673,2025-12-01,East,Marketplace,68.77,0.045
O011674,2024-12-05,East,Mobile App,69.96,0.026
O011675,2025-04-15,South,Website,135.27,0.021
O011676,2024-11-13,West,Website,179.42,0.021
O011677,2024-03-03,North,Website,98.36,0.021
O011678,2025-01-25,Central,Website,161.2,0.021
O011679,2024-07-26,West,Website,95.86,0.021
O011680,2025-03-15,South,Mobile App,157.45,0.026
O011681,2024-08-07,North,Website,56.13,0.021
O011682,2025-12-09,East,Mobile App,160.55,0.026
O011683,2024-12-03,West,Mobile App,90.92,0.026
O011684,2024-01-03,East,Website,97.88,0.021
O011685,2024-08-26,Central,Website,59.27,0.021
O011686,2024-08-09,North,Website,73.76,0.021
O011687,2024-01-11,South,Mobile App,128.51,0.026
O011688,2024-08-26,South,Website,155.17,0.021
O011689,2025-05-19,Central,Marketplace,67.72,0.045
O011690,2024-11-30,West,Marketplace,72.26,0.045
O011691,2024-02-20,North,Website,69.02,0.021
O011692,2024-09-16,East,Marketplace,84.17,0.045
O011693,2024-06-23,West,Website,120.58,0.021
O011694,2025-12-03,East,Marketplace,52.81,0.045
O011695,2024-05-02,South,Marketplace,118.54,0.045
O011696,2025-12-26,North,Website,141.55,0.021
O011697,2025-08-04,South,Mobile App,64.91,0.026
O011698,2025-09-15,South,Mobile App,91.02,0.026
O011699,2025-04-22,North,Mobile App,83.48,0.026
O011700,2024-02-28,East,Website,122.99,0.021
O011701,2024-01-17,South,Mobile App,80.01,0.026
O011702,2024-02-28,South,Marketplace,62.7,0.045
O011703,2024-03-28,North,Website,103.94,0.021
O011704,2025-07-18,Central,Mobile App,120.05,0.026
O011705,2024-04-25,East,Website,163.78,0.021
O011706,2025-09-17,South,Mobile App,81.82,0.026
O011707,2024-11-04,South,Mobile App,151.91,0.026
O011708,2025-01-24,North,Marketplace,160.0,0.045
O011709,2025-12-02,South,Website,175.16,0.021
O011710,2025-08-16,South,Website,158.82,0.021
O011711,2025-07-23,Central,Marketplace,146.61,0.045
O011712,2024-05-16,North,Website,113.91,0.021
O011713,2025-10-26,North,Website,84.87,0.021
O011714,2024-03-23,Central,Website,76.18,0.021
O011715,2025-01-17,West,Marketplace,162.23,0.045
O011716,2024-07-24,North,Marketplace,101.8,0.045
O011717,2024-11-26,West,Website,51.66,0.021
O011718,2024-02-07,East,Website,65.49,0.021
O011719,2024-09-01,South,Website,74.81,0.021
O011720,2025-06-28,Central,Website,82.28,0.021
O011721,2025-07-19,West,Mobile App,106.69,0.026
O011722,2025-06-28,East,Website,112.42,0.021
O011723,2024-11-15,West,Marketplace,112.81,0.045
O011724,2025-04-01,Central,Marketplace,179.03,0.045
O011725,2025-03-26,West,Website,139.79,0.021
O011726,2025-06-06,North,Marketplace,82.43,0.045
O011727,2024-05-28,Central,Marketplace,142.55,0.045
O011728,2024-06-22,North,Website,60.39,0.021
O011729,2024-12-09,South,Website,124.2,0.021
O011730,2024-05-16,Central,Mobile App,78.86,0.026
O011731,2024-12-29,South,Website,132.67,0.021
O011732,2025-08-08,East,Marketplace,135.16,0.045
O011733,2024-05-31,East,Website,114.15,0.021
O011734,2024-10-22,North,Marketplace,60.87,0.045
O011735,2025-05-29,East,Marketplace,92.11,0.045
O011736,2024-07-06,Central,Mobile App,123.69,0.026
O011737,2024-09-14,North,Marketplace,66.87,0.045
O011738,2024-09-11,Central,Website,133.44,0.021
O011739,2025-05-23,North,Marketplace,136.74,0.045
O011740,2024-04-19,West,Marketplace,146.77,0.045
O011741,2024-12-27,West,Mobile App,175.54,0.026
O011742,2025-04-19,Central,Mobile App,113.48,0.026
O011743,2025-02-09,North,Marketplace,126.82,0.045
O011744,2024-07-12,East,Mobile App,95.07,0.026
O011745,2025-04-20,North,Website,103.14,0.021
O011746,2024-03-05,North,Marketplace,116.06,0.045
O011747,2024-05-29,West,Mobile App,94.61,0.026
O011748,2025-08-24,North,Mobile App,106.46,0.026
O011749,2025-03-11,East,Marketplace,143.3,0.045
O011750,2025-01-18,West,Website,58.19,0.021
O011751,2024-05-02,East,Mobile App,110.49,0.026
O011752,2024-12-24,West,Website,64.57,0.021
O011753,2024-10-24,Central,Website,174.55,0.021
O011754,2024-03-12,South,Marketplace,139.59,0.045
O011755,2024-04-10,East,Marketplace,103.33,0.045
O011756,2024-05-31,West,Website,144.14,0.021
O011757,2025-06-30,North,Website,86.76,0.021
O011758,2024-03-01,Central,Website,146.12,0.021
O011759,2024-08-11,East,Website,142.18,0.021
O011760,2024-09-18,East,Marketplace,80.1,0.045
O011761,2025-12-08,South,Marketplace,58.91,0.045
O011762,2025-01-18,North,Website,159.58,0.021
O011763,2024-08-22,South,Marketplace,153.27,0.045
O011764,2025-06-12,Central,Website,126.0,0.021
O011765,2024-03-06,Central,Marketplace,50.04,0.045
O011766,2024-01-27,North,Mobile App,163.19,0.026
O011767,2024-01-13,East,Mobile App,160.71,0.026
O011768,2024-01-02,East,Marketplace,150.2,0.045
O011769,2024-12-07,Central,Website,158.19,0.021
O011770,2025-09-07,East,Mobile App,144.35,0.026
O011771,2024-06-25,South,Marketplace,125.13,0.045
O011772,2024-08-28,West,Website,66.06,0.021
O011773,2024-02-16,North,Marketplace,148.44,0.045
O011774,2025-02-26,North,Marketplace,65.38,0.045
O011775,2024-12-17,West,Marketplace,54.53,0.045
O011776,2025-03-05,Central,Mobile App,83.12,0.026
O011777,2024-07-18,East,Marketplace,90.18,0.045
O011778,2024-10-24,East,Marketplace,174.19,0.045
O011779,2025-06-23,South,Marketplace,160.51,0.045
O011780,2025-03-24,South,Mobile App,84.01,0.026
O011781,2024-08-02,Central,Website,145.11,0.021
O011782,2024-07-01,South,Website,172.77,0.021
O011783,2024-08-22,North,Marketplace,155.2,0.045
O011784,2024-11-07,East,Website,60.6,0.021
O011785,2025-12-24,North,Marketplace,72.84,0.045
O011786,2025-05-28,Central,Marketplace,119.17,0.045
O011787,2024-11-30,East,Website,120.24,0.021
O011788,2025-11-15,South,Mobile App,176.36,0.026
O011789,2025-05-28,North,Website,160.97,0.021
O011790,2025-05-21,South,Website,153.01,0.021
O011791,2024-01-09,Central,Website,70.62,0.021
O011792,2025-12-17,Central,Website,71.93,0.021
O011793,2024-08-22,South,Marketplace,126.8,0.045
O011794,2024-04-21,West,Mobile App,120.64,0.026
O011795,2025-04-12,South,Mobile App,49.86,0.026
O011796,2025-09-26,North,Website,100.52,0.021
O011797,2024-12-31,South,Mobile App,137.86,0.026
O011798,2025-01-15,East,Marketplace,86.46,0.045
O011799,2025-01-02,Central,Mobile App,66.28,0.026
O011800,2024-02-03,East,Marketplace,175.5,0.045
O011801,2025-04-23,South,Website,128.71,0.021
O011802,2024-11-29,Central,Website,91.04,0.021
O011803,2025-08-22,West,Mobile App,115.5,0.026
O011804,2025-12-01,East,Mobile App,82.03,0.026
O011805,2024-11-13,West,Website,100.1,0.021
O011806,2024-02-01,Central,Marketplace,165.84,0.045
O011807,2025-08-01,West,Website,71.78,0.021
O011808,2024-04-17,South,Marketplace,107.31,0.045
O011809,2024-11-02,West,Marketplace,150.09,0.045
O011810,2024-03-31,Central,Website,155.79,0.021
O011811,2024-01-18,East,Mobile App,108.7,0.026
O011812,2025-09-09,South,Website,88.27,0.021
O011813,2024-12-07,East,Website,86.32,0.021
O011814,2025-07-09,North,Mobile App,101.12,0.026
O011815,2025-01-10,West,Marketplace,53.85,0.045
O011816,2024-08-06,South,Mobile App,101.68,0.026
O011817,2025-06-24,Central,Marketplace,94.65,0.045
O011818,2024-06-22,West,Marketplace,63.26,0.045
O011819,2025-03-31,North,Website,97.21,0.021
O011820,2025-08-24,East,Website,120.12,0.021
O011821,2024-10-15,Central,Mobile App,54.45,0.026
O011822,2024-06-02,North,Marketplace,91.92,0.045
O011823,2025-01-19,East,Marketplace,97.06,0.045
O011824,2024-06-10,South,Mobile App,152.77,0.026
O011825,2025-06-13,East,Mobile App,163.33,0.026
O011826,2024-09-09,South,Mobile App,147.92,0.026
O011827,2025-05-26,Central,Mobile App,168.41,0.026
O011828,2025-05-07,West,Mobile App,71.88,0.026
O011829,2024-08-18,South,Website,171.03,0.021
O011830,2025-02-24,West,Website,116.21,0.021
O011831,2025-01-10,North,Marketplace,116.79,0.045
O011832,2024-08-22,West,Marketplace,177.46,0.045
O011833,2025-12-03,East,Website,94.39,0.021
O011834,2024-02-18,Central,Website,122.51,0.021
O011835,2025-12-31,West,Website,128.77,0.021
O011836,2025-06-17,North,Website,69.55,0.021
O011837,2025-04-21,Central,Marketplace,49.08,0.045
O011838,2024-11-27,West,Marketplace,49.17,0.045
O011839,2025-10-09,West,Website,116.01,0.021
O011840,2024-10-12,Central,Website,105.09,0.021
O011841,2025-05-10,South,Website,169.46,0.021
O011842,2025-05-01,Central,Mobile App,106.57,0.026
O011843,2025-10-02,East,Marketplace,151.84,0.045
O011844,2024-03-16,South,Website,51.47,0.021
O011845,2024-10-29,Central,Marketplace,137.51,0.045
O011846,2024-10-13,South,Website,82.15,0.021
O011847,2024-05-18,South,Mobile App,78.49,0.026
O011848,2024-01-13,North,Website,177.74,0.021
O011849,2025-05-29,Central,Marketplace,155.4,0.045
O011850,2024-08-11,West,Website,161.7,0.021
O011851,2025-03-25,Central,Website,113.6,0.021
O011852,2025-07-22,East,Mobile App,114.83,0.026
O011853,2025-01-25,South,Marketplace,133.49,0.045
O011854,2024-08-01,West,Marketplace,128.11,0.045
O011855,2025-03-16,Central,Marketplace,160.65,0.045
O011856,2024-09-05,South,Website,103.23,0.021
O011857,2024-06-07,South,Marketplace,52.44,0.045
O011858,2025-12-26,West,Website,174.43,0.021
O011859,2025-07-27,East,Mobile App,111.14,0.026
O011860,2025-01-27,East,Website,134.32,0.021
O011861,2024-02-20,North,Website,60.53,0.021
O011862,2024-10-11,West,Website,53.06,0.021
O011863,2025-02-22,South,Marketplace,170.4,0.045
O011864,2024-11-21,North,Website,72.6,0.021
O011865,2024-01-17,North,Marketplace,109.64,0.045
O011866,2024-08-08,North,Website,113.99,0.021
O011867,2025-09-18,South,Marketplace,76.0,0.045
O011868,2025-10-27,North,Website,84.83,0.021
O011869,2025-06-09,North,Marketplace,165.89,0.045
O011870,2025-09-09,North,Marketplace,56.67,0.045
O011871,2024-03-13,East,Marketplace,110.77,0.045
O011872,2025-11-15,North,Mobile App,105.5,0.026
O011873,2025-07-17,South,Website,118.7,0.021
O011874,2025-02-25,North,Marketplace,149.8,0.045
O011875,2024-01-12,East,Website,50.91,0.021
O011876,2025-11-19,South,Website,69.77,0.021
O011877,2025-09-19,Central,Marketplace,167.17,0.045
O011878,2024-02-07,East,Website,104.59,0.021
O011879,2025-06-18,East,Marketplace,68.1,0.045
O011880,2024-01-23,North,Website,131.71,0.021
O011881,2025-05-08,West,Marketplace,64.25,0.045
O011882,2025-05-08,South,Marketplace,149.12,0.045
O011883,2024-12-28,East,Website,113.53,0.021
O011884,2024-11-10,South,Marketplace,118.87,0.045
O011885,2024-08-29,North,Website,104.83,0.021
O011886,2024-11-01,South,Marketplace,171.06,0.045
O011887,2025-03-18,North,Mobile App,59.43,0.026
O011888,2024-02-16,East,Mobile App,117.76,0.026
O011889,2025-04-09,East,Mobile App,122.07,0.026
O011890,2025-08-04,Central,Mobile App,92.22,0.026
O011891,2025-11-14,East,Marketplace,95.94,0.045
O011892,2024-05-22,East,Marketplace,76.59,0.045
O011893,2025-05-27,North,Website,70.13,0.021
O011894,2024-07-06,East,Mobile App,67.59,0.026
O011895,2025-11-08,Central,Marketplace,164.69,0.045
O011896,2025-12-13,South,Marketplace,170.83,0.045
O011897,2025-05-06,East,Marketplace,74.79,0.045
O011898,2025-04-13,Central,Website,86.01,0.021
O011899,2025-08-05,West,Website,134.9,0.021
O011900,2024-10-30,Central,Mobile App,159.7,0.026
O011901,2024-08-24,West,Marketplace,151.28,0.045
O011902,2025-02-28,West,Mobile App,74.14,0.026
O011903,2024-12-27,North,Website,103.75,0.021
O011904,2025-11-15,East,Website,164.66,0.021
O011905,2024-10-26,East,Website,52.97,0.021
O011906,2025-02-28,Central,Marketplace,75.85,0.045
O011907,2025-04-21,West,Website,99.14,0.021
O011908,2025-03-27,North,Marketplace,110.83,0.045
O011909,2025-07-29,West,Marketplace,66.57,0.045
O011910,2025-09-11,West,Website,122.73,0.021
O011911,2024-02-24,North,Website,74.72,0.021
O011912,2025-11-25,Central,Marketplace,88.68,0.045
O011913,2024-07-07,East,Website,51.68,0.021
O011914,2024-10-06,Central,Website,135.96,0.021
O011915,2024-02-20,West,Website,102.35,0.021
O011916,2024-08-07,Central,Website,117.39,0.021
O011917,2024-10-25,South,Marketplace,172.27,0.045
O011918,2024-01-08,South,Marketplace,164.92,0.045
O011919,2025-10-16,North,Marketplace,164.25,0.045
O011920,2025-07-29,Central,Marketplace,160.84,0.045
O011921,2025-06-20,Central,Marketplace,147.34,0.045
O011922,2025-02-10,Central,Marketplace,64.75,0.045
O011923,2025-08-22,North,Marketplace,72.05,0.045
O011924,2024-07-05,East,Mobile App,171.6,0.026
O011925,2025-11-30,South,Mobile App,112.21,0.026
O011926,2025-03-16,South,Marketplace,137.06,0.045
O011927,2025-11-23,West,Mobile App,67.87,0.026
O011928,2025-11-15,North,Marketplace,162.14,0.045
O011929,2025-11-02,West,Mobile App,115.62,0.026
O011930,2024-10-25,North,Website,75.91,0.021
O011931,2024-01-03,West,Marketplace,59.74,0.045
O011932,2024-01-17,South,Marketplace,161.02,0.045
O011933,2025-12-08,North,Mobile App,115.67,0.026
O011934,2025-03-25,South,Website,114.47,0.021
O011935,2024-08-15,West,Website,65.26,0.021
O011936,2025-03-29,Central,Marketplace,165.91,0.045
O011937,2025-04-07,Central,Marketplace,95.68,0.045
O011938,2024-07-26,North,Marketplace,50.29,0.045
O011939,2024-05-16,North,Marketplace,92.56,0.045
O011940,2025-03-14,Central,Marketplace,49.39,0.045
O011941,2025-11-23,Central,Website,150.66,0.021
O011942,2024-10-06,North,Marketplace,56.75,0.045
O011943,2025-10-30,Central,Mobile App,137.63,0.026
O011944,2024-10-25,East,Mobile App,108.74,0.026
O011945,2024-04-15,West,Marketplace,60.93,0.045
O011946,2024-03-31,South,Marketplace,100.41,0.045
O011947,2025-02-02,East,Marketplace,76.94,0.045
O011948,2025-12-13,Central,Website,128.82,0.021
O011949,2024-08-22,North,Mobile App,121.41,0.026
O011950,2024-08-11,East,Marketplace,163.16,0.045
O011951,2024-06-15,South,Website,86.29,0.021
O011952,2025-06-09,North,Mobile App,64.77,0.026
O011953,2024-06-20,Central,Mobile App,146.7,0.026
O011954,2025-09-14,East,Marketplace,140.46,0.045
O011955,2025-11-15,Central,Website,163.92,0.021
O011956,2025-03-11,East,Marketplace,145.72,0.045
O011957,2025-12-17,North,Marketplace,132.01,0.045
O011958,2025-03-08,Central,Website,170.04,0.021
O011959,2024-11-22,North,Marketplace,81.36,0.045
O011960,2025-02-03,South,Mobile App,90.72,0.026
O011961,2025-09-17,North,Marketplace,136.26,0.045
O011962,2024-10-13,South,Website,109.96,0.021
O011963,2025-01-20,North,Website,140.28,0.021
O011964,2025-08-07,West,Website,88.18,0.021
O011965,2025-12-05,Central,Mobile App,145.32,0.026
O011966,2024-12-06,East,Website,115.48,0.021
O011967,2025-12-21,South,Marketplace,170.33,0.045
O011968,2025-04-13,South,Mobile App,74.52,0.026
O011969,2025-11-21,Central,Mobile App,127.24,0.026
O011970,2024-09-26,South,Mobile App,115.97,0.026
O011971,2024-01-10,North,Marketplace,179.6,0.045
O011972,2025-12-01,East,Mobile App,167.76,0.026
O011973,2024-10-01,South,Mobile App,123.36,0.026
O011974,2024-06-11,Central,Website,55.5,0.021
O011975,2025-11-24,South,Website,152.17,0.021
O011976,2024-11-11,South,Website,92.63,0.021
O011977,2025-12-11,South,Website,96.22,0.021
O011978,2024-03-01,Central,Website,68.82,0.021
O011979,2024-08-09,East,Website,173.08,0.021
O011980,2025-01-21,East,Website,106.46,0.021
O011981,2024-07-20,West,Mobile App,105.04,0.026
O011982,2025-11-01,West,Marketplace,163.14,0.045
O011983,2024-08-03,West,Marketplace,158.69,0.045
O011984,2024-02-20,South,Website,100.72,0.021
O011985,2024-10-28,North,Marketplace,105.33,0.045
O011986,2025-06-08,North,Website,88.36,0.021
O011987,2025-05-04,West,Website,129.92,0.021
O011988,2025-03-25,South,Website,160.13,0.021
O011989,2024-05-05,East,Mobile App,116.86,0.026
O011990,2024-02-28,West,Website,165.25,0.021
O011991,2025-11-30,North,Website,66.87,0.021
O011992,2025-11-07,West,Mobile App,80.21,0.026
O011993,2025-08-19,Central,Website,123.37,0.021
O011994,2025-08-29,North,Marketplace,85.57,0.045
O011995,2025-06-23,South,Marketplace,129.04,0.045
O011996,2024-08-23,North,Mobile App,166.61,0.026
O011997,2025-06-14,West,Marketplace,159.03,0.045
O011998,2025-03-14,East,Marketplace,166.05,0.045
O011999,2024-10-28,West,Marketplace,114.05,0.045
O012000,2025-10-14,North,Website,125.98,0.021
