item_id,order_id,product_id,quantity,returned_qty,unit_price_inr,unit_cost_inr,discount_pct
I000001_1,O000001,P072,1,0,1834.92,1369.26,0.0
I000002_1,O000002,P073,1,0,2928.33,2517.93,0.1
I000002_2,O000002,P035,1,0,2215.58,1657.14,0.0
I000003_1,O000003,P038,1,0,2400.87,1939.6,0.0
I000003_2,O000003,P120,2,1,3580.05,2258.38,0.0
I000004_1,O000004,P120,1,0,3581.5,2258.38,0.05
I000004_2,O000004,P110,1,0,608.69,387.41,0.0
I000005_1,O000005,P111,1,0,1185.73,738.87,0.0
I000005_2,O000005,P065,1,1,2547.16,1840.19,0.05
I000006_1,O000006,P003,2,0,663.35,593.8,0.0
I000006_2,O000006,P070,1,0,3373.83,2889.93,0.0
I000007_1,O000007,P050,1,0,1234.47,748.37,0.1
I000008_1,O000008,P072,1,1,1701.14,1369.26,0.0
I000009_1,O000009,P081,1,0,3299.37,2035.71,0.05
I000010_1,O000010,P008,2,0,3205.12,2190.37,0.0
I000010_2,O000010,P085,1,0,713.67,482.52,0.0
I000011_1,O000011,P044,1,0,2163.71,1529.57,0.05
I000011_2,O000011,P111,1,0,1164.36,738.87,0.05
I000012_1,O000012,P105,1,0,1330.44,1048.44,0.05
I000012_2,O000012,P107,1,0,899.66,517.21,0.0
I000012_3,O000012,P067,3,0,1097.86,736.87,0.0
I000013_1,O000013,P067,2,0,1205.05,736.87,0.3
I000014_1,O000014,P076,1,0,2461.08,1928.31,0.2
I000015_1,O000015,P081,1,0,3139.3,2035.71,0.05
I000015_2,O000015,P002,2,0,2959.78,2136.38,0.3
I000015_3,O000015,P109,1,0,2221.1,1696.43,0.05
I000016_1,O000016,P108,1,0,1087.48,757.54,0.05
I000016_2,O000016,P048,1,0,2355.89,2064.58,0.0
I000017_1,O000017,P061,2,0,2557.82,1810.66,0.05
I000018_1,O000018,P012,2,0,3786.41,2599.93,0.0
I000019_1,O000019,P115,1,0,2745.64,1821.73,0.0
I000020_1,O000020,P045,2,0,1684.34,1393.5,0.0
I000020_2,O000020,P053,1,0,3099.86,2330.08,0.05
I000021_1,O000021,P070,1,0,3430.08,2889.93,0.3
I000022_1,O000022,P003,1,0,676.26,593.8,0.0
I000023_1,O000023,P008,1,0,3002.61,2190.37,0.0
I000023_2,O000023,P119,1,0,650.68,550.1,0.05
I000024_1,O000024,P016,1,0,2945.26,2126.82,0.0
I000025_1,O000025,P089,1,0,2682.17,1691.26,0.3
I000026_1,O000026,P011,1,0,675.28,470.48,0.05
I000026_2,O000026,P073,1,0,3280.57,2517.93,0.0
I000027_1,O000027,P044,1,0,2201.36,1529.57,0.05
I000027_2,O000027,P045,1,0,1696.97,1393.5,0.0
I000028_1,O000028,P066,2,0,585.59,449.79,0.0
I000029_1,O000029,P069,1,0,2856.56,2596.65,0.05
I000030_1,O000030,P047,1,0,3525.36,2991.8,0.1
I000030_2,O000030,P024,2,0,3342.67,2312.84,0.05
I000031_1,O000031,P031,1,0,297.34,221.16,0.05
I000032_1,O000032,P047,1,0,3551.65,2991.8,0.05
I000032_2,O000032,P084,1,0,1247.45,785.13,0.1
I000033_1,O000033,P102,1,0,3580.24,2068.63,0.0
I000034_1,O000034,P097,1,0,518.31,385.34,0.05
I000034_2,O000034,P024,2,0,3049.83,2312.84,0.05
I000035_1,O000035,P019,1,0,2321.07,1463.41,0.0
I000035_2,O000035,P092,1,0,2646.74,1883.6,0.0
I000035_3,O000035,P066,1,0,568.07,449.79,0.1
I000036_1,O000036,P064,1,0,235.55,140.8,0.3
I000037_1,O000037,P081,2,0,3174.47,2035.71,0.05
I000037_2,O000037,P095,1,0,3192.61,2194.24,0.1
I000037_3,O000037,P057,1,0,2855.82,1751.13,0.0
I000038_1,O000038,P071,3,0,2021.49,1171.43,0.2
I000039_1,O000039,P035,2,0,2342.38,1657.14,0.0
I000040_1,O000040,P076,2,0,2635.89,1928.31,0.0
I000040_2,O000040,P007,1,0,2648.41,2152.99,0.0
I000041_1,O000041,P011,1,0,632.29,470.48,0.2
I000042_1,O000042,P020,2,0,3267.04,2726.34,0.0
I000043_1,O000043,P097,1,0,559.12,385.34,0.2
I000043_2,O000043,P078,1,0,2721.11,1751.62,0.0
I000043_3,O000043,P067,1,0,1161.45,736.87,0.05
I000044_1,O000044,P099,1,0,1045.88,579.06,0.0
I000045_1,O000045,P018,1,0,3048.61,1861.03,0.0
I000046_1,O000046,P068,1,0,3254.82,1829.36,0.0
I000047_1,O000047,P054,1,0,322.28,290.26,0.0
I000048_1,O000048,P120,2,0,3308.08,2258.38,0.2
I000049_1,O000049,P113,3,0,2339.42,1457.19,0.2
I000050_1,O000050,P012,1,0,3419.35,2599.93,0.0
I000051_1,O000051,P094,1,0,2865.55,1716.82,0.05
I000051_2,O000051,P070,2,0,3585.0,2889.93,0.0
I000052_1,O000052,P057,1,0,2652.7,1751.13,0.0
I000052_2,O000052,P087,1,0,1903.15,1487.18,0.3
I000053_1,O000053,P073,1,0,2976.63,2517.93,0.1
I000053_2,O000053,P111,1,0,1165.99,738.87,0.0
I000054_1,O000054,P081,1,0,3076.35,2035.71,0.2
I000054_2,O000054,P054,1,0,323.03,290.26,0.0
I000055_1,O000055,P023,1,0,2471.37,1316.59,0.0
I000055_2,O000055,P040,1,0,2235.77,1719.58,0.0
I000055_3,O000055,P096,2,0,3256.27,1989.35,0.05
I000056_1,O000056,P053,2,0,2796.21,2330.08,0.05
I000057_1,O000057,P042,1,0,3244.15,2480.29,0.0
I000058_1,O000058,P038,2,0,2596.67,1939.6,0.0
I000059_1,O000059,P052,1,0,2626.32,2232.75,0.1
I000059_2,O000059,P029,1,0,2958.82,2642.14,0.05
I000059_3,O000059,P112,1,0,1592.47,1059.45,0.05
I000060_1,O000060,P039,1,0,2990.69,1842.48,0.0
I000061_1,O000061,P088,1,0,317.22,167.15,0.1
I000061_2,O000061,P008,1,0,3297.97,2190.37,0.0
I000062_1,O000062,P065,3,3,2552.68,1840.19,0.05
I000062_2,O000062,P045,1,0,1692.09,1393.5,0.2
I000062_3,O000062,P107,2,0,878.5,517.21,0.0
I000063_1,O000063,P061,1,0,2707.69,1810.66,0.0
I000063_2,O000063,P105,3,0,1207.92,1048.44,0.0
I000064_1,O000064,P042,1,0,3212.48,2480.29,0.2
I000065_1,O000065,P106,1,0,2909.36,2402.81,0.2
I000065_2,O000065,P105,1,0,1202.44,1048.44,0.0
I000066_1,O000066,P012,1,0,3837.12,2599.93,0.0
I000066_2,O000066,P003,1,1,678.45,593.8,0.0
I000066_3,O000066,P088,1,0,288.18,167.15,0.1
I000067_1,O000067,P078,1,0,2839.05,1751.62,0.05
I000067_2,O000067,P102,1,0,3634.99,2068.63,0.0
I000068_1,O000068,P079,2,0,2225.7,1780.27,0.1
I000069_1,O000069,P068,1,0,3428.34,1829.36,0.2
I000069_2,O000069,P059,2,0,2687.59,2284.02,0.05
I000070_1,O000070,P032,2,0,843.46,692.6,0.0
I000070_2,O000070,P001,2,0,787.25,503.11,0.1
I000071_1,O000071,P048,2,0,2668.62,2064.58,0.1
I000072_1,O000072,P095,1,0,3218.86,2194.24,0.05
I000073_1,O000073,P070,2,0,3370.54,2889.93,0.0
I000074_1,O000074,P023,1,0,2273.07,1316.59,0.2
I000075_1,O000075,P007,1,0,2804.01,2152.99,0.0
I000075_2,O000075,P038,1,0,2346.06,1939.6,0.1
I000076_1,O000076,P004,1,0,3120.62,2449.64,0.2
I000076_2,O000076,P097,2,0,520.34,385.34,0.2
I000077_1,O000077,P051,1,0,2472.71,1856.67,0.3
I000078_1,O000078,P100,2,0,3053.17,2560.83,0.05
I000079_1,O000079,P103,1,0,3373.86,3087.95,0.0
I000080_1,O000080,P047,1,0,3520.63,2991.8,0.0
I000080_2,O000080,P074,1,1,2686.55,2093.66,0.1
I000080_3,O000080,P086,1,0,532.77,301.67,0.1
I000081_1,O000081,P076,1,0,2524.19,1928.31,0.0
I000082_1,O000082,P037,2,0,825.4,604.48,0.0
I000083_1,O000083,P020,1,0,3586.44,2726.34,0.3
I000083_2,O000083,P035,1,0,2266.15,1657.14,0.1
I000083_3,O000083,P059,1,0,2524.15,2284.02,0.0
I000084_1,O000084,P084,2,0,1087.47,785.13,0.3
I000084_2,O000084,P026,1,0,3134.87,2746.76,0.0
I000085_1,O000085,P108,1,0,1153.05,757.54,0.2
I000086_1,O000086,P070,2,0,3591.64,2889.93,0.05
I000087_1,O000087,P056,2,0,630.58,467.73,0.05
I000087_2,O000087,P060,2,0,3451.81,2190.75,0.0
I000088_1,O000088,P027,1,1,2099.22,1900.67,0.2
I000089_1,O000089,P083,2,0,957.07,674.18,0.0
I000089_2,O000089,P017,1,0,1880.0,1079.58,0.05
I000090_1,O000090,P070,1,0,3600.72,2889.93,0.1
I000091_1,O000091,P043,1,1,2491.23,2155.97,0.0
I000091_2,O000091,P071,1,0,2056.65,1171.43,0.2
I000092_1,O000092,P114,1,0,1088.98,699.07,0.0
I000092_2,O000092,P106,1,0,2868.93,2402.81,0.0
I000092_3,O000092,P038,1,0,2460.83,1939.6,0.0
I000093_1,O000093,P032,2,0,880.28,692.6,0.2
I000093_2,O000093,P042,1,0,3217.41,2480.29,0.0
I000094_1,O000094,P095,1,0,3161.19,2194.24,0.1
I000094_2,O000094,P010,1,0,780.59,468.72,0.05
I000095_1,O000095,P003,3,0,648.21,593.8,0.0
I000096_1,O000096,P057,1,0,2901.33,1751.13,0.0
I000096_2,O000096,P099,1,1,1030.61,579.06,0.0
I000096_3,O000096,P007,1,0,2674.05,2152.99,0.1
I000097_1,O000097,P031,1,0,279.37,221.16,0.0
I000098_1,O000098,P001,1,0,739.1,503.11,0.05
I000098_2,O000098,P040,1,0,2082.38,1719.58,0.2
I000099_1,O000099,P054,1,0,326.58,290.26,0.0
I000099_2,O000099,P057,2,0,2771.88,1751.13,0.2
I000099_3,O000099,P006,1,0,2813.89,2483.13,0.1
I000100_1,O000100,P063,1,0,2138.75,1328.53,0.05
I000101_1,O000101,P105,1,0,1345.18,1048.44,0.05
I000102_1,O000102,P034,1,0,674.78,551.76,0.05
I000103_1,O000103,P067,3,0,1230.33,736.87,0.05
I000103_2,O000103,P019,1,0,2350.54,1463.41,0.0
I000104_1,O000104,P053,1,0,3131.97,2330.08,0.05
I000104_2,O000104,P051,2,0,2742.39,1856.67,0.0
I000104_3,O000104,P104,2,0,883.03,640.45,0.1
I000105_1,O000105,P067,1,0,1172.62,736.87,0.3
I000106_1,O000106,P113,3,0,2154.67,1457.19,0.3
I000107_1,O000107,P117,1,0,1635.09,1301.63,0.0
I000108_1,O000108,P096,1,0,3409.79,1989.35,0.3
I000109_1,O000109,P013,1,0,1784.16,1078.11,0.05
I000110_1,O000110,P003,1,0,664.9,593.8,0.0
I000111_1,O000111,P017,1,0,1975.12,1079.58,0.2
I000112_1,O000112,P007,1,0,2844.2,2152.99,0.0
I000113_1,O000113,P010,1,0,759.79,468.72,0.2
I000113_2,O000113,P083,1,0,874.37,674.18,0.0
I000114_1,O000114,P014,1,1,1387.7,956.53,0.0
I000115_1,O000115,P021,1,0,3308.07,2007.08,0.0
I000116_1,O000116,P028,1,0,1383.7,1251.02,0.05
I000116_2,O000116,P037,3,0,781.1,604.48,0.05
I000117_1,O000117,P023,2,0,2382.73,1316.59,0.1
I000118_1,O000118,P069,1,0,2852.61,2596.65,0.0
I000118_2,O000118,P060,1,0,3633.12,2190.75,0.05
I000118_3,O000118,P063,1,0,2179.3,1328.53,0.1
I000119_1,O000119,P063,1,1,2299.55,1328.53,0.0
I000119_2,O000119,P040,1,1,2243.03,1719.58,0.0
I000120_1,O000120,P002,1,0,2743.44,2136.38,0.1
I000120_2,O000120,P074,1,0,2823.72,2093.66,0.2
I000120_3,O000120,P053,1,1,3145.71,2330.08,0.05
I000121_1,O000121,P105,1,0,1230.88,1048.44,0.0
I000122_1,O000122,P050,2,0,1184.2,748.37,0.0
I000122_2,O000122,P087,1,0,1815.78,1487.18,0.1
I000123_1,O000123,P032,1,0,794.05,692.6,0.05
I000123_2,O000123,P074,1,0,2690.84,2093.66,0.0
I000123_3,O000123,P056,1,1,672.99,467.73,0.0
I000124_1,O000124,P022,1,0,2037.45,1361.4,0.2
I000124_2,O000124,P110,2,0,611.49,387.41,0.0
I000125_1,O000125,P090,1,0,1827.88,1197.25,0.0
I000126_1,O000126,P120,2,0,3333.82,2258.38,0.0
I000127_1,O000127,P037,1,0,777.7,604.48,0.2
I000128_1,O000128,P051,1,0,2768.17,1856.67,0.0
I000128_2,O000128,P057,1,1,2898.99,1751.13,0.0
I000128_3,O000128,P018,1,0,2904.85,1861.03,0.2
I000129_1,O000129,P099,1,0,1105.52,579.06,0.0
I000130_1,O000130,P082,1,1,2216.99,1528.85,0.05
I000130_2,O000130,P096,1,0,3155.56,1989.35,0.0
I000131_1,O000131,P042,1,0,3630.97,2480.29,0.0
I000132_1,O000132,P048,1,0,2584.9,2064.58,0.0
I000133_1,O000133,P043,1,0,2757.43,2155.97,0.0
I000134_1,O000134,P001,1,0,805.21,503.11,0.0
I000135_1,O000135,P107,2,0,872.62,517.21,0.2
I000135_2,O000135,P026,2,0,3344.14,2746.76,0.2
I000136_1,O000136,P107,2,0,844.8,517.21,0.0
I000136_2,O000136,P044,1,0,2361.53,1529.57,0.2
I000136_3,O000136,P092,1,0,2576.78,1883.6,0.05
I000137_1,O000137,P110,1,0,601.55,387.41,0.2
I000137_2,O000137,P081,1,0,3150.0,2035.71,0.1
I000138_1,O000138,P039,1,0,2934.34,1842.48,0.0
I000139_1,O000139,P013,1,0,1860.36,1078.11,0.0
I000139_2,O000139,P054,1,0,366.14,290.26,0.05
I000140_1,O000140,P067,2,0,1247.13,736.87,0.1
I000141_1,O000141,P010,2,2,724.47,468.72,0.0
I000141_2,O000141,P067,1,0,1130.86,736.87,0.05
I000142_1,O000142,P083,1,0,880.67,674.18,0.0
I000142_2,O000142,P080,1,0,874.95,706.47,0.2
I000143_1,O000143,P025,1,0,792.74,526.03,0.05
I000144_1,O000144,P090,1,0,1696.0,1197.25,0.0
I000144_2,O000144,P035,1,0,2396.49,1657.14,0.0
I000145_1,O000145,P035,1,0,2373.96,1657.14,0.2
I000146_1,O000146,P058,2,0,1075.58,974.82,0.05
I000147_1,O000147,P038,1,0,2613.73,1939.6,0.3
I000148_1,O000148,P086,3,0,569.29,301.67,0.0
I000149_1,O000149,P009,2,0,184.88,142.71,0.05
I000150_1,O000150,P063,1,0,2374.94,1328.53,0.1
I000150_2,O000150,P077,1,0,3175.35,2738.96,0.1
I000151_1,O000151,P090,2,0,1770.6,1197.25,0.1
I000151_2,O000151,P087,1,0,1991.52,1487.18,0.05
I000152_1,O000152,P009,1,0,181.73,142.71,0.2
I000153_1,O000153,P073,1,0,2945.03,2517.93,0.0
I000154_1,O000154,P105,1,0,1278.31,1048.44,0.3
I000155_1,O000155,P111,1,0,1180.98,738.87,0.0
I000156_1,O000156,P117,1,0,1623.41,1301.63,0.3
I000157_1,O000157,P066,1,0,585.95,449.79,0.05
I000158_1,O000158,P018,1,0,2763.41,1861.03,0.1
I000159_1,O000159,P035,2,0,2443.88,1657.14,0.0
I000159_2,O000159,P033,1,0,2787.92,2420.38,0.0
I000160_1,O000160,P074,1,0,2772.58,2093.66,0.2
I000161_1,O000161,P103,2,0,3821.83,3087.95,0.0
I000161_2,O000161,P061,2,0,2657.7,1810.66,0.0
I000161_3,O000161,P037,1,0,751.26,604.48,0.1
I000162_1,O000162,P011,1,0,700.66,470.48,0.1
I000162_2,O000162,P106,2,0,2840.81,2402.81,0.3
I000163_1,O000163,P007,1,0,2677.83,2152.99,0.1
I000163_2,O000163,P092,1,0,2509.14,1883.6,0.0
I000164_1,O000164,P005,1,0,2412.27,1891.99,0.0
I000164_2,O000164,P058,1,0,1140.23,974.82,0.1
I000165_1,O000165,P097,1,0,517.28,385.34,0.0
I000166_1,O000166,P103,1,0,3358.23,3087.95,0.3
I000167_1,O000167,P019,1,0,2433.08,1463.41,0.2
I000167_2,O000167,P104,2,0,866.18,640.45,0.0
I000168_1,O000168,P116,2,0,2991.29,2344.15,0.05
I000168_2,O000168,P120,1,0,3282.4,2258.38,0.2
I000169_1,O000169,P012,1,0,3671.91,2599.93,0.0
I000169_2,O000169,P081,1,0,2989.34,2035.71,0.2
I000170_1,O000170,P097,1,0,538.24,385.34,0.1
I000171_1,O000171,P104,1,0,883.09,640.45,0.0
I000172_1,O000172,P004,1,0,3248.95,2449.64,0.05
I000173_1,O000173,P042,1,0,3686.19,2480.29,0.05
I000173_2,O000173,P021,1,0,2969.76,2007.08,0.0
I000174_1,O000174,P018,1,0,3099.25,1861.03,0.3
I000174_2,O000174,P022,1,0,2181.14,1361.4,0.0
I000175_1,O000175,P118,1,0,1334.67,778.87,0.1
I000175_2,O000175,P092,1,0,2424.86,1883.6,0.0
I000176_1,O000176,P013,1,1,1659.02,1078.11,0.0
I000177_1,O000177,P050,1,0,1149.05,748.37,0.05
I000178_1,O000178,P119,1,1,639.34,550.1,0.05
I000178_2,O000178,P016,2,0,2650.94,2126.82,0.0
I000179_1,O000179,P120,1,0,3331.53,2258.38,0.05
I000180_1,O000180,P059,1,0,2698.54,2284.02,0.05
I000180_2,O000180,P037,1,0,757.18,604.48,0.3
I000181_1,O000181,P065,2,0,2372.71,1840.19,0.0
I000182_1,O000182,P040,1,0,2107.94,1719.58,0.0
I000182_2,O000182,P074,1,0,2663.86,2093.66,0.1
I000182_3,O000182,P015,2,0,1896.15,1639.7,0.1
I000183_1,O000183,P024,2,0,3337.59,2312.84,0.1
I000184_1,O000184,P057,1,0,2781.28,1751.13,0.1
I000185_1,O000185,P050,2,0,1178.38,748.37,0.05
I000186_1,O000186,P049,1,0,2646.98,1767.67,0.0
I000187_1,O000187,P119,1,0,652.34,550.1,0.1
I000187_2,O000187,P004,1,0,3304.2,2449.64,0.2
I000188_1,O000188,P083,1,0,870.72,674.18,0.05
I000189_1,O000189,P064,2,0,235.62,140.8,0.1
I000190_1,O000190,P114,1,0,995.79,699.07,0.0
I000190_2,O000190,P111,1,0,1047.0,738.87,0.05
I000191_1,O000191,P006,1,0,2961.94,2483.13,0.2
I000191_2,O000191,P038,2,2,2563.84,1939.6,0.05
I000192_1,O000192,P050,1,0,1199.24,748.37,0.0
I000192_2,O000192,P090,1,0,1701.07,1197.25,0.2
I000193_1,O000193,P071,1,0,2065.36,1171.43,0.2
I000193_2,O000193,P085,1,0,675.81,482.52,0.3
I000194_1,O000194,P114,1,0,1057.51,699.07,0.0
I000195_1,O000195,P052,1,0,2730.71,2232.75,0.1
I000195_2,O000195,P115,2,0,2465.94,1821.73,0.1
I000196_1,O000196,P031,2,0,310.24,221.16,0.0
I000197_1,O000197,P090,1,0,1791.39,1197.25,0.3
I000198_1,O000198,P005,1,0,2147.78,1891.99,0.0
I000199_1,O000199,P056,1,0,651.09,467.73,0.2
I000200_1,O000200,P021,2,0,3113.4,2007.08,0.05
I000200_2,O000200,P113,2,0,2127.73,1457.19,0.0
I000201_1,O000201,P071,1,0,2058.09,1171.43,0.0
I000202_1,O000202,P116,1,0,2892.18,2344.15,0.1
I000202_2,O000202,P021,1,0,2944.2,2007.08,0.0
I000202_3,O000202,P011,1,0,679.35,470.48,0.1
I000203_1,O000203,P087,1,0,1807.06,1487.18,0.0
I000204_1,O000204,P018,1,0,2732.27,1861.03,0.1
I000205_1,O000205,P109,1,0,2230.14,1696.43,0.1
I000205_2,O000205,P098,1,0,346.83,210.13,0.05
I000206_1,O000206,P027,1,0,2199.35,1900.67,0.0
I000206_2,O000206,P110,1,0,557.49,387.41,0.05
I000207_1,O000207,P102,1,0,3638.64,2068.63,0.1
I000208_1,O000208,P043,1,0,2626.96,2155.97,0.05
I000208_2,O000208,P058,1,0,1172.23,974.82,0.2
I000209_1,O000209,P113,1,0,2366.77,1457.19,0.0
I000209_2,O000209,P084,1,0,1190.3,785.13,0.0
I000209_3,O000209,P014,1,0,1426.88,956.53,0.0
I000210_1,O000210,P093,2,0,1023.93,614.67,0.0
I000210_2,O000210,P015,1,0,2102.61,1639.7,0.2
I000210_3,O000210,P115,1,0,2609.35,1821.73,0.05
I000211_1,O000211,P039,1,1,2977.7,1842.48,0.2
I000211_2,O000211,P029,1,0,3024.73,2642.14,0.0
I000212_1,O000212,P112,1,0,1404.94,1059.45,0.2
I000213_1,O000213,P030,2,0,2431.4,1879.56,0.05
I000213_2,O000213,P044,2,0,2150.08,1529.57,0.0
I000214_1,O000214,P040,1,0,2140.83,1719.58,0.0
I000214_2,O000214,P005,1,0,2291.71,1891.99,0.0
I000214_3,O000214,P097,1,0,498.42,385.34,0.1
I000215_1,O000215,P042,1,0,3671.53,2480.29,0.1
I000215_2,O000215,P029,1,0,3091.65,2642.14,0.0
I000216_1,O000216,P016,1,0,2627.58,2126.82,0.1
I000216_2,O000216,P097,2,0,508.63,385.34,0.2
I000217_1,O000217,P025,1,0,770.34,526.03,0.0
I000218_1,O000218,P015,1,1,1932.38,1639.7,0.0
I000218_2,O000218,P067,2,0,1222.91,736.87,0.0
I000219_1,O000219,P115,2,0,2674.76,1821.73,0.1
I000219_2,O000219,P090,1,0,1615.58,1197.25,0.05
I000220_1,O000220,P017,2,0,1986.87,1079.58,0.0
I000220_2,O000220,P090,1,0,1736.67,1197.25,0.0
I000221_1,O000221,P029,1,0,3079.92,2642.14,0.3
I000222_1,O000222,P036,1,0,2474.23,2239.64,0.1
I000222_2,O000222,P103,1,0,3564.49,3087.95,0.2
I000223_1,O000223,P043,1,0,2475.77,2155.97,0.2
I000224_1,O000224,P110,1,0,564.37,387.41,0.0
I000224_2,O000224,P008,1,0,3294.05,2190.37,0.1
I000225_1,O000225,P055,2,0,1819.09,1250.56,0.0
I000226_1,O000226,P012,1,0,3413.75,2599.93,0.0
I000227_1,O000227,P040,1,0,2111.29,1719.58,0.2
I000228_1,O000228,P102,2,0,3372.5,2068.63,0.1
I000229_1,O000229,P021,1,0,3265.18,2007.08,0.1
I000230_1,O000230,P063,1,0,2112.26,1328.53,0.0
I000231_1,O000231,P083,1,0,966.22,674.18,0.1
I000232_1,O000232,P066,3,0,568.47,449.79,0.1
I000233_1,O000233,P013,1,0,1782.71,1078.11,0.3
I000233_2,O000233,P085,1,0,748.78,482.52,0.2
I000234_1,O000234,P013,1,0,1863.18,1078.11,0.1
I000234_2,O000234,P030,1,0,2706.5,1879.56,0.1
I000235_1,O000235,P099,1,0,1118.87,579.06,0.0
I000235_2,O000235,P083,1,0,907.35,674.18,0.1
I000235_3,O000235,P054,1,0,328.5,290.26,0.05
I000236_1,O000236,P049,1,0,2809.52,1767.67,0.1
I000237_1,O000237,P031,1,0,288.97,221.16,0.1
I000238_1,O000238,P116,1,0,2659.85,2344.15,0.05
I000239_1,O000239,P050,2,0,1192.72,748.37,0.1
I000240_1,O000240,P079,1,1,2376.2,1780.27,0.0
I000241_1,O000241,P034,2,0,702.87,551.76,0.0
I000241_2,O000241,P094,2,0,2648.0,1716.82,0.05
I000242_1,O000242,P068,1,0,3502.57,1829.36,0.3
I000242_2,O000242,P050,1,0,1241.14,748.37,0.05
I000242_3,O000242,P003,1,0,671.14,593.8,0.0
I000243_1,O000243,P044,1,0,2076.95,1529.57,0.0
I000244_1,O000244,P075,1,1,801.41,632.05,0.0
I000245_1,O000245,P016,1,0,2618.3,2126.82,0.1
I000246_1,O000246,P034,1,0,669.45,551.76,0.0
I000246_2,O000246,P065,1,0,2552.27,1840.19,0.2
I000247_1,O000247,P048,1,0,2569.14,2064.58,0.0
I000247_2,O000247,P078,1,0,2780.55,1751.62,0.0
I000247_3,O000247,P055,1,0,1666.24,1250.56,0.1
I000248_1,O000248,P070,1,0,3509.01,2889.93,0.05
I000248_2,O000248,P040,2,0,2214.75,1719.58,0.0
I000248_3,O000248,P119,3,0,616.14,550.1,0.0
I000249_1,O000249,P050,1,0,1224.69,748.37,0.2
I000249_2,O000249,P003,2,0,669.31,593.8,0.2
I000250_1,O000250,P098,3,0,335.25,210.13,0.1
I000251_1,O000251,P008,1,0,3027.04,2190.37,0.1
I000251_2,O000251,P053,1,0,3160.71,2330.08,0.0
I000252_1,O000252,P030,2,0,2482.39,1879.56,0.3
I000253_1,O000253,P054,1,0,354.09,290.26,0.0
I000253_2,O000253,P061,1,0,2651.62,1810.66,0.2
I000254_1,O000254,P044,1,0,2122.95,1529.57,0.1
I000254_2,O000254,P119,2,0,618.99,550.1,0.0
I000255_1,O000255,P109,1,0,2441.27,1696.43,0.0
I000255_2,O000255,P093,2,0,1050.57,614.67,0.1
I000256_1,O000256,P079,2,0,2193.12,1780.27,0.1
I000257_1,O000257,P058,1,0,1056.38,974.82,0.05
I000258_1,O000258,P058,1,0,1112.26,974.82,0.05
I000258_2,O000258,P087,1,0,1928.03,1487.18,0.1
I000259_1,O000259,P024,1,1,3082.71,2312.84,0.05
I000260_1,O000260,P108,1,0,1161.08,757.54,0.3
I000261_1,O000261,P069,1,0,3131.59,2596.65,0.1
I000262_1,O000262,P113,1,0,2435.63,1457.19,0.0
I000263_1,O000263,P023,1,0,2477.94,1316.59,0.0
I000263_2,O000263,P001,1,0,747.43,503.11,0.0
I000264_1,O000264,P084,1,0,1202.06,785.13,0.2
I000265_1,O000265,P039,2,0,2940.93,1842.48,0.0
I000266_1,O000266,P076,1,1,2558.49,1928.31,0.1
I000267_1,O000267,P044,1,0,2221.25,1529.57,0.0
I000267_2,O000267,P074,1,0,2768.55,2093.66,0.0
I000268_1,O000268,P066,1,0,630.75,449.79,0.0
I000268_2,O000268,P104,2,0,781.07,640.45,0.0
I000269_1,O000269,P007,1,0,2670.06,2152.99,0.1
I000270_1,O000270,P035,1,0,2509.3,1657.14,0.0
I000270_2,O000270,P115,1,0,2480.34,1821.73,0.05
I000271_1,O000271,P097,2,0,530.37,385.34,0.0
I000271_2,O000271,P057,1,0,2837.25,1751.13,0.05
I000272_1,O000272,P034,1,0,673.84,551.76,0.0
I000273_1,O000273,P027,1,0,2281.84,1900.67,0.0
I000274_1,O000274,P049,1,0,2839.52,1767.67,0.05
I000275_1,O000275,P027,2,0,2129.21,1900.67,0.0
I000275_2,O000275,P073,1,0,3240.21,2517.93,0.0
I000275_3,O000275,P096,3,0,3425.41,1989.35,0.0
I000276_1,O000276,P093,2,0,1101.85,614.67,0.0
I000276_2,O000276,P052,1,0,2841.73,2232.75,0.0
I000276_3,O000276,P072,1,0,1816.94,1369.26,0.0
I000277_1,O000277,P074,1,0,2606.8,2093.66,0.05
I000277_2,O000277,P034,3,0,690.84,551.76,0.2
I000277_3,O000277,P016,1,0,2724.93,2126.82,0.0
I000278_1,O000278,P073,1,0,3205.96,2517.93,0.1
I000278_2,O000278,P101,1,0,411.17,290.92,0.1
I000279_1,O000279,P023,1,0,2388.7,1316.59,0.1
I000280_1,O000280,P099,1,0,1122.4,579.06,0.0
I000281_1,O000281,P084,3,0,1149.7,785.13,0.2
I000282_1,O000282,P101,1,0,432.54,290.92,0.05
I000282_2,O000282,P010,1,0,713.24,468.72,0.1
I000283_1,O000283,P040,1,0,2187.82,1719.58,0.0
I000284_1,O000284,P039,1,0,2929.91,1842.48,0.0
I000285_1,O000285,P020,1,0,3636.36,2726.34,0.1
I000285_2,O000285,P019,2,0,2660.28,1463.41,0.1
I000285_3,O000285,P015,1,0,2082.68,1639.7,0.0
I000286_1,O000286,P033,2,0,2838.93,2420.38,0.0
I000286_2,O000286,P111,2,0,1089.21,738.87,0.05
I000287_1,O000287,P033,2,0,2951.78,2420.38,0.0
I000288_1,O000288,P033,1,0,2648.3,2420.38,0.1
I000288_2,O000288,P022,1,0,1918.52,1361.4,0.05
I000289_1,O000289,P015,1,0,2014.44,1639.7,0.1
I000289_2,O000289,P012,1,0,3805.8,2599.93,0.2
I000290_1,O000290,P001,1,0,820.41,503.11,0.2
I000291_1,O000291,P055,1,0,1810.41,1250.56,0.0
I000292_1,O000292,P110,1,0,554.04,387.41,0.05
I000293_1,O000293,P118,1,0,1223.56,778.87,0.05
I000293_2,O000293,P094,2,0,2885.93,1716.82,0.05
I000293_3,O000293,P071,1,0,1961.25,1171.43,0.0
I000294_1,O000294,P005,1,0,2344.83,1891.99,0.05
I000294_2,O000294,P088,1,0,307.96,167.15,0.0
I000295_1,O000295,P047,1,0,3481.39,2991.8,0.05
I000296_1,O000296,P006,1,0,2793.18,2483.13,0.0
I000296_2,O000296,P085,1,0,744.41,482.52,0.0
I000296_3,O000296,P015,2,0,2025.05,1639.7,0.2
I000297_1,O000297,P017,1,0,1878.82,1079.58,0.05
I000298_1,O000298,P028,1,0,1382.63,1251.02,0.05
I000299_1,O000299,P028,2,0,1410.8,1251.02,0.05
I000299_2,O000299,P054,1,0,352.58,290.26,0.1
I000300_1,O000300,P029,2,0,2972.61,2642.14,0.0
I000300_2,O000300,P025,2,0,759.5,526.03,0.0
I000301_1,O000301,P120,1,0,3306.5,2258.38,0.3
I000302_1,O000302,P017,1,0,1839.88,1079.58,0.05
I000302_2,O000302,P040,1,1,2107.45,1719.58,0.0
I000302_3,O000302,P013,1,0,1757.84,1078.11,0.3
I000303_1,O000303,P099,1,0,1107.21,579.06,0.1
I000303_2,O000303,P038,1,0,2341.38,1939.6,0.05
I000304_1,O000304,P002,1,0,2821.03,2136.38,0.0
I000305_1,O000305,P005,1,0,2228.26,1891.99,0.0
I000305_2,O000305,P105,1,0,1347.74,1048.44,0.1
I000306_1,O000306,P008,1,0,3034.08,2190.37,0.1
I000306_2,O000306,P099,1,0,1068.5,579.06,0.1
I000307_1,O000307,P057,1,0,2813.85,1751.13,0.2
I000307_2,O000307,P024,2,0,3135.9,2312.84,0.0
I000308_1,O000308,P084,1,0,1146.0,785.13,0.2
I000309_1,O000309,P120,3,0,3627.02,2258.38,0.1
I000309_2,O000309,P063,1,0,2297.51,1328.53,0.05
I000310_1,O000310,P073,2,0,2934.53,2517.93,0.2
I000310_2,O000310,P120,2,0,3258.65,2258.38,0.1
I000311_1,O000311,P118,1,0,1211.17,778.87,0.1
I000311_2,O000311,P029,1,0,2973.27,2642.14,0.2
I000312_1,O000312,P080,1,0,893.2,706.47,0.0
I000312_2,O000312,P118,1,0,1328.93,778.87,0.05
I000313_1,O000313,P021,2,0,3069.42,2007.08,0.05
I000313_2,O000313,P088,1,1,313.19,167.15,0.05
I000314_1,O000314,P104,1,0,890.35,640.45,0.0
I000314_2,O000314,P096,1,0,3183.23,1989.35,0.0
I000315_1,O000315,P062,1,0,1197.22,934.97,0.05
I000316_1,O000316,P060,1,0,3264.56,2190.75,0.0
I000316_2,O000316,P077,1,0,2999.01,2738.96,0.2
I000317_1,O000317,P007,1,0,2620.38,2152.99,0.0
I000318_1,O000318,P058,1,0,1028.28,974.82,0.0
I000319_1,O000319,P118,2,0,1171.18,778.87,0.0
I000319_2,O000319,P058,1,0,1095.01,974.82,0.05
I000320_1,O000320,P011,1,0,682.26,470.48,0.2
I000321_1,O000321,P047,1,0,3498.8,2991.8,0.0
I000322_1,O000322,P052,1,0,2598.16,2232.75,0.05
I000323_1,O000323,P097,1,0,518.86,385.34,0.05
I000323_2,O000323,P087,1,0,1922.76,1487.18,0.0
I000323_3,O000323,P017,3,0,1885.43,1079.58,0.0
I000324_1,O000324,P033,1,0,2811.46,2420.38,0.1
I000325_1,O000325,P009,1,0,185.78,142.71,0.0
I000326_1,O000326,P059,2,0,2770.8,2284.02,0.0
I000327_1,O000327,P061,1,0,2734.59,1810.66,0.3
I000328_1,O000328,P012,1,0,3543.86,2599.93,0.0
I000328_2,O000328,P064,1,0,256.5,140.8,0.0
I000329_1,O000329,P113,1,0,2118.25,1457.19,0.1
I000330_1,O000330,P038,1,0,2343.49,1939.6,0.0
I000331_1,O000331,P099,1,0,1034.56,579.06,0.2
I000332_1,O000332,P013,1,0,1742.65,1078.11,0.1
I000333_1,O000333,P052,1,0,2529.61,2232.75,0.1
I000334_1,O000334,P047,1,0,3296.2,2991.8,0.2
I000335_1,O000335,P082,1,0,2408.88,1528.85,0.05
I000336_1,O000336,P062,1,0,1226.4,934.97,0.05
I000337_1,O000337,P110,1,0,542.31,387.41,0.0
I000338_1,O000338,P057,1,0,2916.18,1751.13,0.0
I000339_1,O000339,P071,1,0,1906.03,1171.43,0.0
I000339_2,O000339,P027,1,0,2269.27,1900.67,0.0
I000340_1,O000340,P041,1,0,1615.38,1272.83,0.0
I000341_1,O000341,P109,1,0,2221.05,1696.43,0.2
I000342_1,O000342,P059,1,0,2441.61,2284.02,0.0
I000342_2,O000342,P056,1,0,677.67,467.73,0.05
I000343_1,O000343,P078,1,1,2664.23,1751.62,0.0
I000344_1,O000344,P016,2,0,2896.55,2126.82,0.0
I000344_2,O000344,P091,1,0,835.39,567.3,0.2
I000345_1,O000345,P096,1,0,3063.92,1989.35,0.2
I000346_1,O000346,P055,1,0,1893.17,1250.56,0.05
I000347_1,O000347,P009,1,0,200.44,142.71,0.0
I000347_2,O000347,P115,1,0,2612.34,1821.73,0.0
I000348_1,O000348,P093,1,0,1079.85,614.67,0.2
I000348_2,O000348,P110,2,0,564.63,387.41,0.0
I000348_3,O000348,P080,2,0,913.78,706.47,0.0
I000349_1,O000349,P086,1,0,561.75,301.67,0.05
I000349_2,O000349,P014,2,0,1408.25,956.53,0.05
I000350_1,O000350,P046,1,0,206.99,119.22,0.0
I000351_1,O000351,P093,1,0,1103.69,614.67,0.0
I000351_2,O000351,P106,1,0,2822.71,2402.81,0.0
I000351_3,O000351,P034,3,0,739.51,551.76,0.0
I000352_1,O000352,P066,2,0,566.82,449.79,0.1
I000353_1,O000353,P031,1,0,305.35,221.16,0.0
I000354_1,O000354,P106,1,0,2746.21,2402.81,0.0
I000354_2,O000354,P056,1,0,635.59,467.73,0.0
I000355_1,O000355,P028,2,0,1471.8,1251.02,0.05
I000355_2,O000355,P063,1,1,2183.03,1328.53,0.05
I000356_1,O000356,P101,1,0,434.1,290.92,0.0
I000357_1,O000357,P081,1,0,3332.23,2035.71,0.0
I000357_2,O000357,P055,2,0,1886.85,1250.56,0.05
I000358_1,O000358,P037,1,0,769.93,604.48,0.05
I000359_1,O000359,P021,1,0,2949.45,2007.08,0.05
I000359_2,O000359,P077,1,0,3265.46,2738.96,0.05
I000360_1,O000360,P016,1,0,2803.76,2126.82,0.1
I000361_1,O000361,P104,1,0,868.51,640.45,0.1
I000362_1,O000362,P091,3,0,773.97,567.3,0.2
I000362_2,O000362,P005,1,1,2248.34,1891.99,0.1
I000362_3,O000362,P012,2,0,3468.75,2599.93,0.05
I000363_1,O000363,P074,1,0,2718.14,2093.66,0.0
I000364_1,O000364,P044,1,1,2305.25,1529.57,0.0
I000365_1,O000365,P017,1,0,1805.65,1079.58,0.0
I000366_1,O000366,P045,1,0,1554.59,1393.5,0.2
I000366_2,O000366,P031,1,0,297.45,221.16,0.0
I000367_1,O000367,P054,1,0,349.8,290.26,0.2
I000368_1,O000368,P097,2,0,490.46,385.34,0.0
I000368_2,O000368,P016,1,0,2719.43,2126.82,0.0
I000368_3,O000368,P025,1,0,745.75,526.03,0.1
I000369_1,O000369,P042,1,0,3275.68,2480.29,0.0
I000370_1,O000370,P060,1,0,3598.63,2190.75,0.1
I000371_1,O000371,P042,1,0,3604.23,2480.29,0.0
I000371_2,O000371,P113,1,0,2171.23,1457.19,0.1
I000372_1,O000372,P088,1,0,311.15,167.15,0.0
I000373_1,O000373,P034,1,0,653.96,551.76,0.2
I000374_1,O000374,P062,1,0,1193.21,934.97,0.0
I000375_1,O000375,P001,1,0,777.85,503.11,0.0
I000376_1,O000376,P011,1,0,694.65,470.48,0.0
I000376_2,O000376,P082,2,0,2164.35,1528.85,0.0
I000377_1,O000377,P064,1,0,241.14,140.8,0.2
I000377_2,O000377,P070,1,0,3653.0,2889.93,0.0
I000378_1,O000378,P080,1,0,803.76,706.47,0.05
I000378_2,O000378,P075,2,0,855.45,632.05,0.3
I000379_1,O000379,P061,1,0,2515.55,1810.66,0.2
I000379_2,O000379,P017,1,0,1787.34,1079.58,0.0
I000380_1,O000380,P073,1,0,3275.44,2517.93,0.0
I000381_1,O000381,P010,1,0,747.95,468.72,0.0
I000382_1,O000382,P104,1,0,885.36,640.45,0.05
I000382_2,O000382,P109,1,0,2463.4,1696.43,0.0
I000383_1,O000383,P052,1,0,2577.29,2232.75,0.0
I000384_1,O000384,P055,1,0,1731.56,1250.56,0.0
I000385_1,O000385,P014,1,0,1535.12,956.53,0.05
I000386_1,O000386,P005,1,0,2183.9,1891.99,0.0
I000387_1,O000387,P087,1,0,1938.11,1487.18,0.0
I000387_2,O000387,P045,1,0,1614.86,1393.5,0.0
I000388_1,O000388,P044,1,0,2340.34,1529.57,0.0
I000389_1,O000389,P007,2,0,2644.73,2152.99,0.0
I000389_2,O000389,P016,1,0,2804.78,2126.82,0.05
I000390_1,O000390,P105,1,0,1363.27,1048.44,0.3
I000390_2,O000390,P083,1,0,990.36,674.18,0.1
I000391_1,O000391,P031,1,0,297.54,221.16,0.1
I000392_1,O000392,P052,2,0,2603.62,2232.75,0.1
I000392_2,O000392,P019,2,0,2583.35,1463.41,0.1
I000393_1,O000393,P022,1,0,2044.94,1361.4,0.2
I000393_2,O000393,P038,1,0,2314.38,1939.6,0.1
I000394_1,O000394,P022,2,0,1960.77,1361.4,0.05
I000394_2,O000394,P024,1,0,2968.91,2312.84,0.0
I000395_1,O000395,P047,1,0,3280.21,2991.8,0.0
I000396_1,O000396,P003,2,1,686.04,593.8,0.2
I000397_1,O000397,P109,1,0,2456.98,1696.43,0.0
I000398_1,O000398,P091,1,0,818.21,567.3,0.0
I000398_2,O000398,P101,2,0,414.76,290.92,0.05
I000399_1,O000399,P076,1,1,2747.73,1928.31,0.0
I000400_1,O000400,P107,2,0,917.43,517.21,0.1
I000401_1,O000401,P085,2,0,699.77,482.52,0.2
I000402_1,O000402,P015,1,0,2067.53,1639.7,0.05
I000403_1,O000403,P017,2,0,1851.79,1079.58,0.2
I000404_1,O000404,P025,1,0,792.99,526.03,0.3
I000405_1,O000405,P080,1,0,816.61,706.47,0.2
I000406_1,O000406,P003,1,0,706.75,593.8,0.0
I000406_2,O000406,P019,2,0,2367.63,1463.41,0.0
I000407_1,O000407,P103,1,0,3868.4,3087.95,0.1
I000408_1,O000408,P033,3,0,2685.56,2420.38,0.0
I000409_1,O000409,P009,1,0,190.79,142.71,0.3
I000410_1,O000410,P041,1,0,1714.05,1272.83,0.05
I000411_1,O000411,P008,2,0,3158.92,2190.37,0.05
I000412_1,O000412,P035,1,0,2431.21,1657.14,0.2
I000412_2,O000412,P070,1,0,3575.74,2889.93,0.0
I000413_1,O000413,P014,1,0,1526.36,956.53,0.1
I000414_1,O000414,P071,2,0,1969.41,1171.43,0.0
I000415_1,O000415,P112,1,0,1591.46,1059.45,0.2
I000416_1,O000416,P102,2,0,3244.71,2068.63,0.1
I000416_2,O000416,P088,1,0,310.73,167.15,0.0
I000416_3,O000416,P085,1,1,707.36,482.52,0.05
I000417_1,O000417,P042,1,0,3234.69,2480.29,0.2
I000417_2,O000417,P043,1,0,2441.97,2155.97,0.0
I000418_1,O000418,P065,1,0,2618.97,1840.19,0.0
I000419_1,O000419,P037,1,0,818.84,604.48,0.1
I000419_2,O000419,P016,2,0,2818.56,2126.82,0.2
I000419_3,O000419,P051,2,0,2489.92,1856.67,0.05
I000420_1,O000420,P108,2,0,1155.05,757.54,0.0
I000420_2,O000420,P076,1,0,2733.75,1928.31,0.1
I000420_3,O000420,P077,2,0,3086.21,2738.96,0.0
I000421_1,O000421,P120,1,0,3329.38,2258.38,0.0
I000422_1,O000422,P048,1,0,2529.21,2064.58,0.0
I000423_1,O000423,P068,1,0,3538.12,1829.36,0.3
I000424_1,O000424,P108,2,0,1161.96,757.54,0.1
I000424_2,O000424,P081,3,0,3282.86,2035.71,0.1
I000425_1,O000425,P107,1,0,812.51,517.21,0.0
I000425_2,O000425,P068,1,1,3310.68,1829.36,0.2
I000426_1,O000426,P022,2,0,2139.49,1361.4,0.1
I000426_2,O000426,P098,1,0,336.65,210.13,0.2
I000427_1,O000427,P054,3,3,339.36,290.26,0.05
I000428_1,O000428,P043,2,0,2499.95,2155.97,0.1
I000428_2,O000428,P039,1,0,2951.94,1842.48,0.0
I000429_1,O000429,P024,1,1,3349.08,2312.84,0.1
I000430_1,O000430,P070,1,0,3769.53,2889.93,0.2
I000431_1,O000431,P058,2,0,1161.75,974.82,0.1
I000431_2,O000431,P061,2,0,2575.2,1810.66,0.1
I000432_1,O000432,P021,1,0,3167.11,2007.08,0.2
I000432_2,O000432,P018,1,0,3009.15,1861.03,0.2
I000432_3,O000432,P001,1,1,807.87,503.11,0.05
I000433_1,O000433,P002,2,0,2967.64,2136.38,0.3
I000433_2,O000433,P052,3,0,2543.22,2232.75,0.0
I000434_1,O000434,P094,1,0,2778.78,1716.82,0.0
I000434_2,O000434,P069,1,0,2907.65,2596.65,0.3
I000434_3,O000434,P079,1,0,2199.49,1780.27,0.1
I000435_1,O000435,P048,1,0,2617.92,2064.58,0.2
I000436_1,O000436,P083,2,0,986.1,674.18,0.0
I000437_1,O000437,P093,1,0,1110.83,614.67,0.05
I000438_1,O000438,P090,1,0,1678.2,1197.25,0.1
I000439_1,O000439,P091,1,0,742.94,567.3,0.0
I000440_1,O000440,P091,1,0,812.03,567.3,0.0
I000440_2,O000440,P088,1,0,298.46,167.15,0.0
I000441_1,O000441,P108,1,0,1164.7,757.54,0.1
I000442_1,O000442,P105,2,0,1366.42,1048.44,0.05
I000443_1,O000443,P054,2,0,327.99,290.26,0.1
I000443_2,O000443,P032,2,0,772.9,692.6,0.1
I000444_1,O000444,P120,1,0,3678.74,2258.38,0.0
I000444_2,O000444,P001,1,0,777.37,503.11,0.05
I000445_1,O000445,P113,1,0,2424.36,1457.19,0.1
I000445_2,O000445,P035,1,0,2332.05,1657.14,0.1
I000446_1,O000446,P109,1,0,2467.88,1696.43,0.1
I000447_1,O000447,P054,1,0,333.49,290.26,0.0
I000448_1,O000448,P058,2,0,1066.73,974.82,0.05
I000449_1,O000449,P074,1,0,2799.59,2093.66,0.1
I000450_1,O000450,P010,2,0,756.44,468.72,0.3
I000450_2,O000450,P060,1,0,3429.02,2190.75,0.05
I000451_1,O000451,P028,1,0,1406.81,1251.02,0.0
I000451_2,O000451,P115,1,0,2469.7,1821.73,0.05
I000452_1,O000452,P025,1,1,815.77,526.03,0.1
I000453_1,O000453,P064,1,0,237.04,140.8,0.2
I000453_2,O000453,P067,1,0,1163.72,736.87,0.1
I000454_1,O000454,P074,1,0,2808.0,2093.66,0.0
I000455_1,O000455,P005,1,0,2395.8,1891.99,0.0
I000455_2,O000455,P108,1,0,1165.01,757.54,0.05
I000456_1,O000456,P016,1,0,2679.83,2126.82,0.1
I000457_1,O000457,P048,1,0,2527.27,2064.58,0.0
I000458_1,O000458,P020,2,0,3562.98,2726.34,0.2
I000459_1,O000459,P097,1,0,532.72,385.34,0.0
I000460_1,O000460,P097,1,0,506.59,385.34,0.0
I000461_1,O000461,P045,2,0,1762.27,1393.5,0.1
I000461_2,O000461,P021,1,0,3035.2,2007.08,0.0
I000462_1,O000462,P014,1,0,1345.7,956.53,0.1
I000463_1,O000463,P071,3,0,2005.8,1171.43,0.3
I000464_1,O000464,P052,1,0,2874.25,2232.75,0.1
I000465_1,O000465,P087,1,0,1826.5,1487.18,0.0
I000465_2,O000465,P094,1,1,2624.73,1716.82,0.1
I000466_1,O000466,P069,1,0,2843.49,2596.65,0.1
I000467_1,O000467,P112,2,0,1603.45,1059.45,0.2
I000468_1,O000468,P060,2,0,3276.41,2190.75,0.05
I000468_2,O000468,P009,1,0,178.02,142.71,0.0
I000469_1,O000469,P021,1,0,2971.39,2007.08,0.0
I000470_1,O000470,P043,2,0,2459.77,2155.97,0.2
I000470_2,O000470,P033,1,0,2997.86,2420.38,0.2
I000471_1,O000471,P091,1,0,829.36,567.3,0.0
I000471_2,O000471,P117,1,0,1567.27,1301.63,0.1
I000471_3,O000471,P095,1,0,3348.9,2194.24,0.0
I000472_1,O000472,P085,1,0,668.69,482.52,0.1
I000473_1,O000473,P077,1,0,3026.7,2738.96,0.05
I000474_1,O000474,P038,1,0,2619.33,1939.6,0.1
I000475_1,O000475,P087,1,0,1911.57,1487.18,0.1
I000475_2,O000475,P093,1,0,1002.01,614.67,0.2
I000476_1,O000476,P040,1,0,2054.87,1719.58,0.2
I000477_1,O000477,P062,1,0,1220.06,934.97,0.0
I000478_1,O000478,P001,1,0,775.93,503.11,0.1
I000479_1,O000479,P051,2,0,2635.04,1856.67,0.05
I000480_1,O000480,P038,1,0,2328.86,1939.6,0.1
I000480_2,O000480,P073,1,0,3290.21,2517.93,0.0
I000481_1,O000481,P021,1,0,2977.68,2007.08,0.0
I000482_1,O000482,P006,1,0,2838.07,2483.13,0.05
I000482_2,O000482,P099,1,1,1041.02,579.06,0.0
I000483_1,O000483,P017,1,0,1857.81,1079.58,0.2
I000484_1,O000484,P001,1,0,741.01,503.11,0.0
I000485_1,O000485,P022,2,0,2053.82,1361.4,0.1
I000486_1,O000486,P047,1,0,3328.49,2991.8,0.0
I000487_1,O000487,P095,1,0,3301.75,2194.24,0.0
I000488_1,O000488,P113,1,0,2309.43,1457.19,0.0
I000489_1,O000489,P005,1,0,2216.67,1891.99,0.0
I000490_1,O000490,P081,1,0,3171.51,2035.71,0.05
I000491_1,O000491,P064,1,0,256.75,140.8,0.05
I000491_2,O000491,P054,1,0,348.5,290.26,0.2
I000492_1,O000492,P057,1,1,2855.56,1751.13,0.0
I000493_1,O000493,P113,1,0,2361.79,1457.19,0.1
I000494_1,O000494,P013,1,0,1764.91,1078.11,0.0
I000495_1,O000495,P047,1,0,3317.9,2991.8,0.0
I000495_2,O000495,P050,2,0,1186.53,748.37,0.3
I000496_1,O000496,P107,1,0,860.62,517.21,0.05
I000497_1,O000497,P105,1,0,1338.59,1048.44,0.0
I000497_2,O000497,P087,1,0,1816.28,1487.18,0.0
I000497_3,O000497,P028,1,0,1570.18,1251.02,0.05
I000498_1,O000498,P103,1,0,3557.35,3087.95,0.0
I000499_1,O000499,P004,1,0,3319.65,2449.64,0.0
I000500_1,O000500,P059,1,0,2673.47,2284.02,0.1
I000500_2,O000500,P110,1,0,558.17,387.41,0.05
I000501_1,O000501,P104,1,0,773.39,640.45,0.0
I000502_1,O000502,P085,1,0,721.35,482.52,0.1
I000502_2,O000502,P063,1,0,2325.16,1328.53,0.0
I000503_1,O000503,P106,1,0,2849.65,2402.81,0.0
I000504_1,O000504,P069,1,0,2924.76,2596.65,0.05
I000505_1,O000505,P095,1,0,3123.08,2194.24,0.0
I000506_1,O000506,P087,1,0,1994.68,1487.18,0.2
I000507_1,O000507,P095,1,0,3438.85,2194.24,0.1
I000507_2,O000507,P083,1,0,960.06,674.18,0.1
I000508_1,O000508,P048,1,0,2525.94,2064.58,0.0
I000509_1,O000509,P069,1,0,2865.37,2596.65,0.3
I000510_1,O000510,P092,1,0,2472.96,1883.6,0.2
I000510_2,O000510,P038,1,0,2535.89,1939.6,0.0
I000511_1,O000511,P100,1,0,2957.13,2560.83,0.3
I000512_1,O000512,P032,1,0,858.99,692.6,0.05
I000513_1,O000513,P077,1,0,3139.32,2738.96,0.2
I000514_1,O000514,P075,1,0,901.23,632.05,0.0
I000515_1,O000515,P061,2,0,2706.08,1810.66,0.2
I000516_1,O000516,P018,3,0,3002.83,1861.03,0.0
I000517_1,O000517,P039,1,0,2746.64,1842.48,0.05
I000518_1,O000518,P046,1,0,216.6,119.22,0.2
I000519_1,O000519,P022,1,0,2035.08,1361.4,0.05
I000519_2,O000519,P107,2,0,876.27,517.21,0.0
I000520_1,O000520,P116,1,0,3035.88,2344.15,0.2
I000521_1,O000521,P026,1,0,3363.63,2746.76,0.0
I000522_1,O000522,P058,1,0,1056.11,974.82,0.05
I000523_1,O000523,P028,1,0,1413.85,1251.02,0.05
I000523_2,O000523,P037,1,1,814.28,604.48,0.0
I000523_3,O000523,P079,1,0,2224.24,1780.27,0.05
I000524_1,O000524,P006,2,0,2889.12,2483.13,0.0
I000524_2,O000524,P043,1,0,2725.27,2155.97,0.05
I000525_1,O000525,P049,1,0,2781.53,1767.67,0.0
I000526_1,O000526,P074,1,0,2510.47,2093.66,0.0
I000527_1,O000527,P056,2,0,682.07,467.73,0.0
I000528_1,O000528,P110,1,0,551.0,387.41,0.0
I000529_1,O000529,P057,1,0,2711.52,1751.13,0.2
I000529_2,O000529,P102,1,0,3279.95,2068.63,0.0
I000530_1,O000530,P038,1,0,2555.46,1939.6,0.0
I000530_2,O000530,P041,1,0,1730.91,1272.83,0.3
I000531_1,O000531,P007,1,0,2563.28,2152.99,0.0
I000532_1,O000532,P010,1,0,772.97,468.72,0.1
I000533_1,O000533,P056,1,0,695.07,467.73,0.2
I000534_1,O000534,P051,1,0,2533.49,1856.67,0.0
I000535_1,O000535,P067,1,0,1260.61,736.87,0.2
I000536_1,O000536,P003,1,0,711.0,593.8,0.05
I000536_2,O000536,P119,1,0,638.39,550.1,0.0
I000537_1,O000537,P060,1,0,3250.18,2190.75,0.0
I000537_2,O000537,P088,1,0,304.92,167.15,0.05
I000538_1,O000538,P105,2,0,1268.46,1048.44,0.1
I000539_1,O000539,P049,1,0,2826.19,1767.67,0.3
I000539_2,O000539,P100,1,0,3018.92,2560.83,0.2
I000540_1,O000540,P082,1,0,2161.25,1528.85,0.0
I000541_1,O000541,P086,1,0,537.63,301.67,0.05
I000542_1,O000542,P014,1,0,1463.05,956.53,0.1
I000543_1,O000543,P108,1,0,1121.07,757.54,0.05
I000544_1,O000544,P062,1,0,1229.75,934.97,0.1
I000544_2,O000544,P070,1,0,3412.32,2889.93,0.05
I000545_1,O000545,P071,1,0,1853.39,1171.43,0.05
I000546_1,O000546,P107,1,0,895.13,517.21,0.05
I000546_2,O000546,P085,1,0,761.84,482.52,0.2
I000546_3,O000546,P072,2,0,1774.17,1369.26,0.0
I000547_1,O000547,P013,1,0,1816.53,1078.11,0.0
I000547_2,O000547,P004,2,0,3206.31,2449.64,0.0
I000548_1,O000548,P094,1,1,2836.11,1716.82,0.0
I000548_2,O000548,P001,1,0,737.89,503.11,0.0
I000549_1,O000549,P046,2,0,226.53,119.22,0.2
I000550_1,O000550,P006,1,0,2949.81,2483.13,0.3
I000551_1,O000551,P032,1,0,828.79,692.6,0.0
I000552_1,O000552,P088,1,0,322.21,167.15,0.05
I000552_2,O000552,P064,1,0,248.77,140.8,0.05
I000553_1,O000553,P033,2,0,2987.27,2420.38,0.1
I000553_2,O000553,P010,1,0,721.33,468.72,0.0
I000554_1,O000554,P102,1,0,3440.33,2068.63,0.0
I000554_2,O000554,P049,2,0,2779.07,1767.67,0.0
I000555_1,O000555,P119,1,0,677.67,550.1,0.0
I000555_2,O000555,P086,2,0,544.46,301.67,0.05
I000556_1,O000556,P083,2,0,974.58,674.18,0.0
I000556_2,O000556,P019,1,1,2472.28,1463.41,0.0
I000557_1,O000557,P047,1,0,3741.63,2991.8,0.3
I000558_1,O000558,P115,1,1,2506.23,1821.73,0.0
I000559_1,O000559,P043,2,1,2731.92,2155.97,0.05
I000559_2,O000559,P064,1,0,253.49,140.8,0.05
I000560_1,O000560,P010,1,0,688.89,468.72,0.0
I000561_1,O000561,P048,1,0,2390.5,2064.58,0.05
I000562_1,O000562,P109,1,0,2259.34,1696.43,0.2
I000563_1,O000563,P020,1,0,3471.98,2726.34,0.0
I000563_2,O000563,P049,1,0,2636.92,1767.67,0.05
I000564_1,O000564,P029,1,0,2980.76,2642.14,0.1
I000564_2,O000564,P110,1,0,596.4,387.41,0.0
I000565_1,O000565,P079,1,0,2411.9,1780.27,0.0
I000566_1,O000566,P082,1,0,2193.23,1528.85,0.2
I000566_2,O000566,P087,1,0,1828.99,1487.18,0.05
I000567_1,O000567,P073,2,0,3292.16,2517.93,0.0
I000568_1,O000568,P011,2,0,707.05,470.48,0.0
I000569_1,O000569,P082,1,0,2352.47,1528.85,0.0
I000570_1,O000570,P078,1,0,2589.81,1751.62,0.1
I000570_2,O000570,P037,2,0,793.78,604.48,0.0
I000571_1,O000571,P112,1,0,1491.74,1059.45,0.2
I000572_1,O000572,P008,1,0,3191.25,2190.37,0.1
I000572_2,O000572,P110,1,0,595.54,387.41,0.1
I000573_1,O000573,P061,1,0,2881.81,1810.66,0.2
I000573_2,O000573,P062,1,0,1200.51,934.97,0.1
I000573_3,O000573,P027,1,0,2163.42,1900.67,0.0
I000574_1,O000574,P001,2,0,733.05,503.11,0.2
I000575_1,O000575,P010,2,0,757.43,468.72,0.0
I000576_1,O000576,P006,1,0,2751.34,2483.13,0.05
I000577_1,O000577,P063,2,0,2406.25,1328.53,0.05
I000577_2,O000577,P079,1,0,2441.73,1780.27,0.0
I000577_3,O000577,P077,1,0,3076.05,2738.96,0.2
I000578_1,O000578,P096,1,0,3202.63,1989.35,0.0
I000579_1,O000579,P115,1,1,2780.56,1821.73,0.0
I000580_1,O000580,P112,1,0,1522.53,1059.45,0.2
I000581_1,O000581,P076,1,0,2746.61,1928.31,0.2
I000581_2,O000581,P016,1,0,2804.99,2126.82,0.0
I000581_3,O000581,P054,1,0,363.88,290.26,0.1
I000582_1,O000582,P016,2,0,2885.99,2126.82,0.05
I000583_1,O000583,P021,1,0,3058.12,2007.08,0.0
I000583_2,O000583,P061,1,0,2690.65,1810.66,0.0
I000584_1,O000584,P070,1,0,3779.33,2889.93,0.0
I000585_1,O000585,P111,1,1,1114.23,738.87,0.1
I000585_2,O000585,P108,1,0,1113.97,757.54,0.0
I000585_3,O000585,P051,1,0,2612.97,1856.67,0.05
I000586_1,O000586,P114,1,0,1066.5,699.07,0.05
I000587_1,O000587,P093,1,0,967.64,614.67,0.0
I000588_1,O000588,P047,1,0,3373.79,2991.8,0.1
I000588_2,O000588,P078,1,0,2713.88,1751.62,0.0
I000589_1,O000589,P040,1,0,2066.42,1719.58,0.1
I000590_1,O000590,P112,3,0,1424.66,1059.45,0.0
I000590_2,O000590,P067,2,0,1196.75,736.87,0.1
I000591_1,O000591,P113,2,0,2179.79,1457.19,0.0
I000592_1,O000592,P007,1,0,2775.37,2152.99,0.05
I000593_1,O000593,P106,2,2,2699.26,2402.81,0.1
I000593_2,O000593,P051,1,1,2720.0,1856.67,0.2
I000594_1,O000594,P117,2,0,1626.63,1301.63,0.1
I000594_2,O000594,P015,1,0,2019.28,1639.7,0.2
I000595_1,O000595,P047,1,0,3387.08,2991.8,0.1
I000596_1,O000596,P081,2,0,3052.64,2035.71,0.05
I000596_2,O000596,P008,1,0,2985.96,2190.37,0.0
I000597_1,O000597,P026,1,0,3302.49,2746.76,0.05
I000598_1,O000598,P070,1,0,3802.47,2889.93,0.0
I000599_1,O000599,P020,1,0,3649.48,2726.34,0.0
I000600_1,O000600,P108,1,1,1154.41,757.54,0.05
I000600_2,O000600,P048,1,0,2421.41,2064.58,0.0
I000601_1,O000601,P108,2,0,1079.92,757.54,0.1
I000602_1,O000602,P036,2,2,2748.69,2239.64,0.0
I000603_1,O000603,P047,1,0,3494.93,2991.8,0.1
I000603_2,O000603,P097,3,0,503.49,385.34,0.0
I000604_1,O000604,P044,1,0,2107.95,1529.57,0.1
I000605_1,O000605,P054,2,0,325.91,290.26,0.05
I000605_2,O000605,P019,1,0,2531.63,1463.41,0.05
I000606_1,O000606,P111,1,0,1073.79,738.87,0.05
I000606_2,O000606,P040,2,0,2281.06,1719.58,0.1
I000607_1,O000607,P087,1,0,1883.92,1487.18,0.05
I000607_2,O000607,P017,1,0,1860.48,1079.58,0.1
I000607_3,O000607,P051,1,1,2674.03,1856.67,0.2
I000608_1,O000608,P108,1,0,1161.0,757.54,0.1
I000609_1,O000609,P056,1,0,652.57,467.73,0.05
I000610_1,O000610,P046,1,0,221.86,119.22,0.0
I000610_2,O000610,P029,1,1,2881.05,2642.14,0.1
I000611_1,O000611,P066,1,0,569.11,449.79,0.1
I000611_2,O000611,P002,1,0,2761.03,2136.38,0.05
I000611_3,O000611,P077,1,0,3125.62,2738.96,0.2
I000612_1,O000612,P111,1,0,1057.74,738.87,0.0
I000613_1,O000613,P032,1,0,810.73,692.6,0.1
I000613_2,O000613,P111,2,1,1111.28,738.87,0.1
I000614_1,O000614,P008,1,0,2972.36,2190.37,0.2
I000615_1,O000615,P035,1,0,2448.25,1657.14,0.0
I000616_1,O000616,P096,3,0,3205.86,1989.35,0.0
I000617_1,O000617,P100,1,0,3111.61,2560.83,0.05
I000618_1,O000618,P065,1,0,2389.36,1840.19,0.1
I000618_2,O000618,P013,1,0,1652.46,1078.11,0.1
I000619_1,O000619,P070,1,0,3494.45,2889.93,0.05
I000619_2,O000619,P067,2,0,1257.75,736.87,0.0
I000620_1,O000620,P024,1,0,3018.64,2312.84,0.0
I000620_2,O000620,P064,2,0,258.37,140.8,0.1
I000620_3,O000620,P021,1,0,3171.68,2007.08,0.0
I000621_1,O000621,P120,3,0,3510.52,2258.38,0.0
I000621_2,O000621,P064,1,0,262.79,140.8,0.1
I000622_1,O000622,P049,1,0,2617.24,1767.67,0.1
I000622_2,O000622,P021,1,0,3113.95,2007.08,0.1
I000623_1,O000623,P014,1,0,1467.67,956.53,0.2
I000623_2,O000623,P089,1,0,2484.72,1691.26,0.0
I000624_1,O000624,P078,1,0,2847.58,1751.62,0.0
I000624_2,O000624,P067,1,0,1124.4,736.87,0.05
I000624_3,O000624,P120,2,0,3613.36,2258.38,0.1
I000625_1,O000625,P025,1,0,743.9,526.03,0.0
I000625_2,O000625,P011,2,0,626.22,470.48,0.0
I000626_1,O000626,P093,1,0,1040.06,614.67,0.2
I000627_1,O000627,P021,1,0,3304.26,2007.08,0.1
I000627_2,O000627,P027,1,0,2084.64,1900.67,0.0
I000628_1,O000628,P090,1,0,1607.91,1197.25,0.0
I000629_1,O000629,P056,1,0,628.81,467.73,0.1
I000629_2,O000629,P046,1,0,213.89,119.22,0.0
I000630_1,O000630,P088,1,0,304.23,167.15,0.05
I000631_1,O000631,P114,2,0,1061.09,699.07,0.2
I000631_2,O000631,P033,2,0,2848.04,2420.38,0.0
I000632_1,O000632,P007,1,0,2706.58,2152.99,0.0
I000633_1,O000633,P005,1,0,2225.35,1891.99,0.05
I000634_1,O000634,P050,1,0,1160.03,748.37,0.0
I000635_1,O000635,P064,1,0,247.03,140.8,0.05
I000636_1,O000636,P061,1,0,2540.67,1810.66,0.2
I000637_1,O000637,P027,2,0,2130.87,1900.67,0.0
I000638_1,O000638,P077,1,0,3326.03,2738.96,0.05
I000638_2,O000638,P102,1,0,3667.01,2068.63,0.0
I000639_1,O000639,P060,1,0,3680.71,2190.75,0.0
I000639_2,O000639,P008,1,0,3196.27,2190.37,0.3
I000640_1,O000640,P100,1,0,2874.01,2560.83,0.0
I000640_2,O000640,P077,1,0,3269.69,2738.96,0.1
I000640_3,O000640,P034,2,0,728.48,551.76,0.2
I000641_1,O000641,P071,1,0,1994.09,1171.43,0.1
I000642_1,O000642,P112,1,0,1513.01,1059.45,0.05
I000642_2,O000642,P057,2,0,2741.22,1751.13,0.0
I000643_1,O000643,P005,3,0,2182.05,1891.99,0.2
I000644_1,O000644,P022,1,0,2117.02,1361.4,0.05
I000644_2,O000644,P098,1,0,346.4,210.13,0.0
I000645_1,O000645,P105,1,0,1207.67,1048.44,0.3
I000645_2,O000645,P118,1,0,1304.9,778.87,0.05
I000645_3,O000645,P026,1,0,3103.92,2746.76,0.1
I000646_1,O000646,P077,2,0,3100.34,2738.96,0.05
I000647_1,O000647,P039,1,0,3089.13,1842.48,0.0
I000648_1,O000648,P011,2,0,649.71,470.48,0.1
I000648_2,O000648,P004,1,0,3201.3,2449.64,0.0
I000649_1,O000649,P087,1,0,1812.74,1487.18,0.3
I000650_1,O000650,P068,2,0,3548.74,1829.36,0.0
I000651_1,O000651,P087,1,0,2005.31,1487.18,0.0
I000652_1,O000652,P034,1,0,671.19,551.76,0.3
I000652_2,O000652,P007,1,0,2675.85,2152.99,0.0
I000653_1,O000653,P062,1,0,1103.32,934.97,0.1
I000653_2,O000653,P066,1,1,632.57,449.79,0.1
I000653_3,O000653,P049,2,0,2643.63,1767.67,0.0
I000654_1,O000654,P072,1,0,1845.26,1369.26,0.0
I000654_2,O000654,P080,1,0,813.46,706.47,0.1
I000655_1,O000655,P009,1,0,177.63,142.71,0.0
I000655_2,O000655,P067,1,0,1115.2,736.87,0.0
I000656_1,O000656,P060,1,0,3424.05,2190.75,0.0
I000656_2,O000656,P053,3,0,3071.16,2330.08,0.1
I000657_1,O000657,P084,2,0,1088.63,785.13,0.1
I000657_2,O000657,P046,1,0,228.5,119.22,0.05
I000658_1,O000658,P029,2,0,2880.65,2642.14,0.1
I000658_2,O000658,P036,1,0,2792.49,2239.64,0.0
I000659_1,O000659,P008,1,0,2991.38,2190.37,0.05
I000659_2,O000659,P051,1,0,2489.69,1856.67,0.0
I000659_3,O000659,P053,1,0,3006.14,2330.08,0.0
I000660_1,O000660,P081,2,0,2942.63,2035.71,0.05
I000660_2,O000660,P033,1,0,2743.03,2420.38,0.1
I000661_1,O000661,P083,1,0,991.04,674.18,0.2
I000662_1,O000662,P078,1,0,2864.38,1751.62,0.1
I000663_1,O000663,P038,1,0,2393.37,1939.6,0.0
I000664_1,O000664,P032,1,0,796.11,692.6,0.0
I000665_1,O000665,P103,2,0,3723.27,3087.95,0.0
I000666_1,O000666,P118,1,0,1211.53,778.87,0.05
I000667_1,O000667,P059,2,0,2622.0,2284.02,0.1
I000668_1,O000668,P057,1,0,2833.2,1751.13,0.05
I000668_2,O000668,P101,1,0,427.4,290.92,0.1
I000669_1,O000669,P068,1,0,3099.03,1829.36,0.05
I000670_1,O000670,P091,1,0,756.28,567.3,0.0
I000670_2,O000670,P103,1,0,3483.91,3087.95,0.0
I000671_1,O000671,P001,1,0,733.35,503.11,0.1
I000671_2,O000671,P023,1,0,2219.71,1316.59,0.1
I000672_1,O000672,P022,1,0,2169.14,1361.4,0.2
I000672_2,O000672,P076,2,0,2465.41,1928.31,0.0
I000673_1,O000673,P043,1,0,2769.5,2155.97,0.0
I000673_2,O000673,P092,2,0,2526.6,1883.6,0.0
I000674_1,O000674,P069,1,0,3043.52,2596.65,0.2
I000675_1,O000675,P059,2,2,2436.98,2284.02,0.0
I000676_1,O000676,P101,1,0,396.06,290.92,0.1
I000677_1,O000677,P090,1,0,1733.66,1197.25,0.0
I000678_1,O000678,P021,3,0,3204.36,2007.08,0.0
I000679_1,O000679,P081,1,0,3293.57,2035.71,0.1
I000680_1,O000680,P026,1,0,3094.55,2746.76,0.05
I000681_1,O000681,P048,1,0,2582.01,2064.58,0.2
I000682_1,O000682,P004,1,0,3179.46,2449.64,0.0
I000682_2,O000682,P112,2,0,1548.75,1059.45,0.3
I000682_3,O000682,P101,1,0,387.79,290.92,0.3
I000683_1,O000683,P086,1,0,581.39,301.67,0.0
I000684_1,O000684,P063,1,0,2215.91,1328.53,0.1
I000685_1,O000685,P031,2,0,296.61,221.16,0.05
I000686_1,O000686,P110,1,0,606.49,387.41,0.0
I000687_1,O000687,P043,1,0,2691.33,2155.97,0.3
I000687_2,O000687,P009,1,0,183.88,142.71,0.0
I000687_3,O000687,P034,1,0,720.69,551.76,0.1
I000688_1,O000688,P002,1,0,2841.82,2136.38,0.0
I000689_1,O000689,P008,1,0,3217.7,2190.37,0.0
I000689_2,O000689,P026,2,0,3268.44,2746.76,0.05
I000690_1,O000690,P080,1,0,829.44,706.47,0.0
I000691_1,O000691,P067,1,0,1201.6,736.87,0.1
I000691_2,O000691,P118,1,0,1326.21,778.87,0.0
I000692_1,O000692,P014,1,0,1537.92,956.53,0.2
I000693_1,O000693,P076,1,0,2661.42,1928.31,0.0
I000694_1,O000694,P115,2,0,2708.11,1821.73,0.1
I000695_1,O000695,P034,1,0,655.07,551.76,0.0
I000695_2,O000695,P062,1,0,1169.69,934.97,0.0
I000696_1,O000696,P058,1,0,1045.52,974.82,0.0
I000696_2,O000696,P011,2,0,706.08,470.48,0.05
I000697_1,O000697,P021,1,0,3269.49,2007.08,0.0
I000698_1,O000698,P071,2,0,1879.88,1171.43,0.0
I000699_1,O000699,P035,1,0,2333.78,1657.14,0.2
I000699_2,O000699,P039,1,0,2871.23,1842.48,0.1
I000700_1,O000700,P042,1,0,3482.91,2480.29,0.0
I000701_1,O000701,P082,1,0,2312.93,1528.85,0.0
I000701_2,O000701,P106,1,0,2610.86,2402.81,0.0
I000701_3,O000701,P024,1,0,3155.36,2312.84,0.0
I000702_1,O000702,P011,1,0,685.1,470.48,0.0
I000702_2,O000702,P058,1,0,1072.37,974.82,0.0
I000703_1,O000703,P113,1,0,2436.38,1457.19,0.1
I000704_1,O000704,P021,1,0,2903.31,2007.08,0.05
I000704_2,O000704,P036,1,1,2798.37,2239.64,0.1
I000704_3,O000704,P100,1,0,3079.85,2560.83,0.1
I000705_1,O000705,P086,1,0,557.22,301.67,0.3
I000706_1,O000706,P044,1,0,2199.04,1529.57,0.2
I000706_2,O000706,P078,1,0,2712.87,1751.62,0.1
I000707_1,O000707,P117,1,0,1472.51,1301.63,0.0
I000707_2,O000707,P054,1,0,360.41,290.26,0.0
I000708_1,O000708,P051,1,0,2758.96,1856.67,0.1
I000709_1,O000709,P052,2,0,2834.92,2232.75,0.0
I000710_1,O000710,P117,1,0,1514.37,1301.63,0.0
I000711_1,O000711,P071,1,0,1840.24,1171.43,0.0
I000711_2,O000711,P106,1,0,2982.97,2402.81,0.1
I000712_1,O000712,P010,1,0,692.21,468.72,0.1
I000712_2,O000712,P033,1,0,2671.91,2420.38,0.05
I000713_1,O000713,P119,1,0,665.15,550.1,0.2
I000713_2,O000713,P072,1,0,1754.04,1369.26,0.2
I000714_1,O000714,P013,2,0,1691.11,1078.11,0.0
I000715_1,O000715,P030,3,0,2719.76,1879.56,0.0
I000715_2,O000715,P084,1,0,1168.6,785.13,0.0
I000716_1,O000716,P089,1,0,2602.16,1691.26,0.1
I000717_1,O000717,P118,2,0,1205.44,778.87,0.05
I000717_2,O000717,P101,1,0,437.94,290.92,0.2
I000718_1,O000718,P007,1,0,2571.24,2152.99,0.05
I000719_1,O000719,P093,1,0,970.25,614.67,0.1
I000719_2,O000719,P038,1,0,2490.36,1939.6,0.05
I000719_3,O000719,P066,1,0,627.17,449.79,0.05
I000720_1,O000720,P100,1,0,2859.92,2560.83,0.0
I000721_1,O000721,P054,2,0,364.06,290.26,0.05
I000722_1,O000722,P063,1,0,2350.91,1328.53,0.0
I000723_1,O000723,P058,2,0,1066.63,974.82,0.1
I000723_2,O000723,P026,1,0,2998.26,2746.76,0.0
I000724_1,O000724,P014,2,0,1426.94,956.53,0.1
I000725_1,O000725,P023,1,0,2185.86,1316.59,0.0
I000726_1,O000726,P072,1,0,1639.79,1369.26,0.0
I000726_2,O000726,P103,1,0,3366.67,3087.95,0.05
I000727_1,O000727,P034,1,0,647.62,551.76,0.2
I000728_1,O000728,P080,2,0,825.58,706.47,0.0
I000729_1,O000729,P058,1,0,1108.51,974.82,0.0
I000729_2,O000729,P046,1,0,224.55,119.22,0.05
I000730_1,O000730,P065,1,0,2298.4,1840.19,0.2
I000730_2,O000730,P026,1,0,3162.62,2746.76,0.05
I000731_1,O000731,P029,1,0,3163.96,2642.14,0.05
I000731_2,O000731,P050,1,0,1141.82,748.37,0.1
I000731_3,O000731,P022,1,0,1997.72,1361.4,0.0
I000732_1,O000732,P041,2,0,1794.6,1272.83,0.3
I000732_2,O000732,P048,1,0,2497.96,2064.58,0.0
I000733_1,O000733,P082,1,0,2210.92,1528.85,0.05
I000734_1,O000734,P059,1,0,2619.54,2284.02,0.0
I000735_1,O000735,P034,1,0,660.47,551.76,0.2
I000735_2,O000735,P051,1,0,2525.29,1856.67,0.0
I000736_1,O000736,P111,1,0,1086.57,738.87,0.0
I000736_2,O000736,P030,1,0,2553.1,1879.56,0.1
I000736_3,O000736,P060,1,0,3673.24,2190.75,0.0
I000737_1,O000737,P067,1,0,1125.31,736.87,0.2
I000737_2,O000737,P080,1,0,902.81,706.47,0.0
I000738_1,O000738,P120,1,0,3214.0,2258.38,0.1
I000738_2,O000738,P109,1,0,2363.79,1696.43,0.0
I000739_1,O000739,P026,1,0,3342.64,2746.76,0.0
I000739_2,O000739,P003,1,0,729.19,593.8,0.0
I000740_1,O000740,P010,1,0,761.33,468.72,0.1
I000740_2,O000740,P048,1,0,2553.51,2064.58,0.05
I000740_3,O000740,P016,1,0,2683.72,2126.82,0.0
I000741_1,O000741,P099,1,0,1103.62,579.06,0.0
I000741_2,O000741,P069,1,0,2905.98,2596.65,0.1
I000741_3,O000741,P051,1,0,2514.73,1856.67,0.05
I000742_1,O000742,P078,2,0,2680.94,1751.62,0.05
I000742_2,O000742,P052,1,0,2843.96,2232.75,0.05
I000743_1,O000743,P022,1,0,1947.86,1361.4,0.05
I000743_2,O000743,P023,1,0,2409.8,1316.59,0.05
I000744_1,O000744,P114,1,0,1131.62,699.07,0.1
I000744_2,O000744,P061,1,0,2863.24,1810.66,0.1
I000745_1,O000745,P008,3,0,3003.44,2190.37,0.0
I000745_2,O000745,P092,1,0,2433.14,1883.6,0.05
I000746_1,O000746,P082,1,0,2272.11,1528.85,0.0
I000746_2,O000746,P064,1,1,260.12,140.8,0.05
I000747_1,O000747,P007,1,0,2482.33,2152.99,0.0
I000748_1,O000748,P032,1,0,773.78,692.6,0.1
I000749_1,O000749,P032,1,0,873.88,692.6,0.0
I000749_2,O000749,P044,1,0,2346.88,1529.57,0.1
I000750_1,O000750,P003,2,0,658.44,593.8,0.05
I000750_2,O000750,P023,1,0,2210.01,1316.59,0.3
I000751_1,O000751,P109,1,0,2406.47,1696.43,0.1
I000752_1,O000752,P100,1,0,2841.16,2560.83,0.0
I000753_1,O000753,P044,1,0,2278.19,1529.57,0.1
I000754_1,O000754,P092,1,0,2393.07,1883.6,0.0
I000755_1,O000755,P104,1,0,830.14,640.45,0.1
I000756_1,O000756,P058,2,0,1175.15,974.82,0.0
I000756_2,O000756,P068,1,1,3518.73,1829.36,0.1
I000757_1,O000757,P037,1,0,808.86,604.48,0.0
I000757_2,O000757,P032,1,0,791.66,692.6,0.2
I000758_1,O000758,P113,1,0,2256.61,1457.19,0.2
I000759_1,O000759,P083,2,0,954.27,674.18,0.0
I000759_2,O000759,P027,1,0,2125.61,1900.67,0.05
I000759_3,O000759,P084,2,0,1207.18,785.13,0.1
I000760_1,O000760,P071,1,1,2048.67,1171.43,0.0
I000761_1,O000761,P058,2,0,1152.29,974.82,0.05
I000761_2,O000761,P026,1,0,3411.59,2746.76,0.0
I000762_1,O000762,P111,1,0,1120.73,738.87,0.05
I000762_2,O000762,P075,1,0,899.57,632.05,0.0
I000763_1,O000763,P085,1,0,749.12,482.52,0.0
I000764_1,O000764,P060,1,0,3480.05,2190.75,0.0
I000764_2,O000764,P068,2,0,3380.19,1829.36,0.0
I000765_1,O000765,P028,2,0,1574.74,1251.02,0.0
I000765_2,O000765,P083,2,0,909.75,674.18,0.2
I000766_1,O000766,P037,1,0,826.39,604.48,0.0
I000766_2,O000766,P031,2,0,306.19,221.16,0.0
I000766_3,O000766,P108,1,0,1087.5,757.54,0.05
I000767_1,O000767,P045,1,0,1773.17,1393.5,0.05
I000768_1,O000768,P040,2,0,2320.58,1719.58,0.0
I000768_2,O000768,P071,1,0,1880.87,1171.43,0.0
I000769_1,O000769,P032,1,0,788.29,692.6,0.1
I000770_1,O000770,P097,1,0,534.01,385.34,0.0
I000770_2,O000770,P025,1,0,802.31,526.03,0.0
I000770_3,O000770,P012,2,1,3436.55,2599.93,0.05
I000771_1,O000771,P012,1,0,3784.58,2599.93,0.05
I000771_2,O000771,P010,1,0,757.92,468.72,0.1
I000772_1,O000772,P031,1,0,289.47,221.16,0.0
I000772_2,O000772,P035,1,0,2303.97,1657.14,0.0
I000773_1,O000773,P108,1,0,1185.08,757.54,0.0
I000773_2,O000773,P002,1,0,2635.14,2136.38,0.1
I000774_1,O000774,P082,1,0,2129.7,1528.85,0.0
I000775_1,O000775,P066,1,0,593.45,449.79,0.2
I000776_1,O000776,P051,1,0,2657.43,1856.67,0.0
I000776_2,O000776,P009,1,0,181.99,142.71,0.1
I000777_1,O000777,P072,1,0,1797.42,1369.26,0.05
I000778_1,O000778,P050,1,0,1170.61,748.37,0.05
I000778_2,O000778,P025,2,0,780.39,526.03,0.3
I000778_3,O000778,P055,1,0,1796.16,1250.56,0.0
I000779_1,O000779,P107,1,0,879.79,517.21,0.0
I000779_2,O000779,P111,1,0,1167.11,738.87,0.1
I000780_1,O000780,P048,2,0,2584.98,2064.58,0.2
I000781_1,O000781,P116,1,0,2807.56,2344.15,0.1
I000782_1,O000782,P093,1,1,1091.98,614.67,0.05
I000783_1,O000783,P116,2,1,2722.55,2344.15,0.2
I000783_2,O000783,P036,1,0,2449.18,2239.64,0.0
I000784_1,O000784,P002,1,0,2677.95,2136.38,0.0
I000785_1,O000785,P108,1,0,1196.91,757.54,0.0
I000786_1,O000786,P059,2,0,2737.71,2284.02,0.0
I000787_1,O000787,P092,1,0,2652.2,1883.6,0.05
I000788_1,O000788,P045,1,0,1656.24,1393.5,0.0
I000788_2,O000788,P112,1,0,1543.73,1059.45,0.0
I000789_1,O000789,P056,1,0,707.61,467.73,0.2
I000790_1,O000790,P043,2,0,2750.62,2155.97,0.05
I000790_2,O000790,P062,1,0,1230.05,934.97,0.0
I000791_1,O000791,P016,1,0,2719.97,2126.82,0.0
I000791_2,O000791,P108,1,0,1061.31,757.54,0.0
I000791_3,O000791,P082,2,0,2240.26,1528.85,0.0
I000792_1,O000792,P105,2,0,1334.34,1048.44,0.1
I000793_1,O000793,P035,1,0,2332.12,1657.14,0.0
I000794_1,O000794,P014,1,0,1495.39,956.53,0.0
I000795_1,O000795,P107,1,0,911.1,517.21,0.2
I000795_2,O000795,P062,1,0,1193.87,934.97,0.05
I000796_1,O000796,P027,2,0,2248.59,1900.67,0.05
I000797_1,O000797,P061,3,0,2524.17,1810.66,0.1
I000798_1,O000798,P058,1,0,1063.67,974.82,0.05
I000798_2,O000798,P092,1,0,2709.83,1883.6,0.2
I000799_1,O000799,P016,1,0,2761.35,2126.82,0.2
I000799_2,O000799,P064,1,0,253.09,140.8,0.2
I000800_1,O000800,P109,1,0,2342.31,1696.43,0.0
I000800_2,O000800,P111,1,0,1161.3,738.87,0.0
I000801_1,O000801,P065,1,0,2534.7,1840.19,0.0
I000802_1,O000802,P096,1,0,3118.19,1989.35,0.0
I000803_1,O000803,P037,1,0,828.17,604.48,0.1
I000804_1,O000804,P096,1,0,3347.96,1989.35,0.3
I000804_2,O000804,P082,1,0,2342.4,1528.85,0.05
I000804_3,O000804,P039,1,0,2999.39,1842.48,0.05
I000805_1,O000805,P037,1,1,783.92,604.48,0.0
I000806_1,O000806,P042,1,0,3531.32,2480.29,0.1
I000806_2,O000806,P068,1,0,3479.8,1829.36,0.0
I000807_1,O000807,P015,1,0,2009.68,1639.7,0.1
I000808_1,O000808,P109,1,0,2228.05,1696.43,0.2
I000809_1,O000809,P094,1,0,2762.3,1716.82,0.3
I000810_1,O000810,P059,1,0,2439.82,2284.02,0.2
I000811_1,O000811,P114,1,0,1060.84,699.07,0.0
I000812_1,O000812,P034,1,0,684.06,551.76,0.1
I000813_1,O000813,P009,1,0,193.25,142.71,0.1
I000813_2,O000813,P038,1,0,2535.33,1939.6,0.2
I000814_1,O000814,P073,1,0,2900.86,2517.93,0.0
I000814_2,O000814,P028,1,0,1383.16,1251.02,0.0
I000815_1,O000815,P070,2,0,3652.9,2889.93,0.2
I000816_1,O000816,P081,1,0,3235.79,2035.71,0.0
I000816_2,O000816,P044,1,0,2107.52,1529.57,0.0
I000817_1,O000817,P086,2,0,545.03,301.67,0.1
I000817_2,O000817,P113,1,0,2156.65,1457.19,0.1
I000818_1,O000818,P023,1,0,2297.69,1316.59,0.0
I000818_2,O000818,P003,2,0,708.93,593.8,0.0
I000819_1,O000819,P059,1,0,2689.58,2284.02,0.0
I000820_1,O000820,P073,1,0,3255.79,2517.93,0.2
I000821_1,O000821,P061,1,0,2782.64,1810.66,0.0
I000821_2,O000821,P090,1,0,1652.07,1197.25,0.05
I000822_1,O000822,P080,1,1,892.62,706.47,0.0
I000822_2,O000822,P110,1,0,586.99,387.41,0.0
I000823_1,O000823,P037,1,0,844.26,604.48,0.05
I000823_2,O000823,P034,1,0,682.31,551.76,0.1
I000824_1,O000824,P097,1,0,515.83,385.34,0.3
I000825_1,O000825,P032,1,0,835.81,692.6,0.05
I000826_1,O000826,P051,3,0,2619.43,1856.67,0.2
I000827_1,O000827,P049,1,0,2481.81,1767.67,0.0
I000828_1,O000828,P109,1,0,2401.94,1696.43,0.0
I000828_2,O000828,P044,2,0,2102.68,1529.57,0.1
I000829_1,O000829,P048,1,1,2613.33,2064.58,0.05
I000830_1,O000830,P048,1,0,2531.13,2064.58,0.1
I000831_1,O000831,P016,1,1,2681.11,2126.82,0.1
I000832_1,O000832,P015,1,0,1960.2,1639.7,0.0
I000833_1,O000833,P088,1,0,306.21,167.15,0.05
I000833_2,O000833,P045,1,0,1696.97,1393.5,0.1
I000833_3,O000833,P076,1,0,2617.36,1928.31,0.1
I000834_1,O000834,P082,1,0,2327.27,1528.85,0.2
I000834_2,O000834,P079,1,0,2369.44,1780.27,0.1
I000834_3,O000834,P115,1,0,2431.15,1821.73,0.0
I000835_1,O000835,P026,2,0,3098.83,2746.76,0.1
I000836_1,O000836,P052,2,0,2781.33,2232.75,0.0
I000837_1,O000837,P046,1,1,203.88,119.22,0.05
I000837_2,O000837,P115,1,0,2673.58,1821.73,0.0
I000838_1,O000838,P054,1,0,348.07,290.26,0.1
I000839_1,O000839,P014,1,0,1498.93,956.53,0.0
I000839_2,O000839,P015,1,0,1864.0,1639.7,0.0
I000840_1,O000840,P119,1,0,622.2,550.1,0.05
I000841_1,O000841,P040,1,0,2188.42,1719.58,0.1
I000841_2,O000841,P056,1,0,629.59,467.73,0.05
I000842_1,O000842,P035,1,0,2397.18,1657.14,0.1
I000843_1,O000843,P017,2,0,1773.99,1079.58,0.0
I000844_1,O000844,P001,2,0,769.07,503.11,0.2
I000845_1,O000845,P044,1,0,2323.95,1529.57,0.0
I000846_1,O000846,P062,1,0,1160.67,934.97,0.05
I000846_2,O000846,P063,1,0,2171.17,1328.53,0.0
I000847_1,O000847,P016,1,0,2644.57,2126.82,0.2
I000847_2,O000847,P060,1,0,3709.82,2190.75,0.05
I000848_1,O000848,P025,1,0,798.53,526.03,0.1
I000849_1,O000849,P024,1,0,3224.9,2312.84,0.05
I000849_2,O000849,P105,1,0,1213.1,1048.44,0.05
I000850_1,O000850,P084,1,0,1197.09,785.13,0.05
I000851_1,O000851,P021,1,0,3144.72,2007.08,0.05
I000852_1,O000852,P093,1,0,1074.86,614.67,0.1
I000853_1,O000853,P044,1,0,2064.16,1529.57,0.0
I000854_1,O000854,P012,1,0,3741.27,2599.93,0.2
I000855_1,O000855,P035,1,0,2433.31,1657.14,0.05
I000855_2,O000855,P046,1,0,202.7,119.22,0.0
I000855_3,O000855,P032,1,0,790.64,692.6,0.0
I000856_1,O000856,P041,1,0,1764.86,1272.83,0.1
I000856_2,O000856,P042,1,0,3296.81,2480.29,0.1
I000857_1,O000857,P008,1,0,3339.06,2190.37,0.1
I000857_2,O000857,P057,1,0,2751.06,1751.13,0.0
I000858_1,O000858,P081,1,0,3286.29,2035.71,0.0
I000859_1,O000859,P023,1,0,2185.63,1316.59,0.0
I000859_2,O000859,P096,1,0,3398.33,1989.35,0.0
I000860_1,O000860,P084,1,0,1226.52,785.13,0.05
I000861_1,O000861,P014,1,0,1458.58,956.53,0.0
I000862_1,O000862,P088,1,1,327.88,167.15,0.0
I000863_1,O000863,P064,1,0,263.38,140.8,0.0
I000864_1,O000864,P093,2,0,1033.35,614.67,0.0
I000865_1,O000865,P103,2,0,3424.39,3087.95,0.05
I000866_1,O000866,P053,1,0,2946.06,2330.08,0.0
I000867_1,O000867,P117,1,0,1501.92,1301.63,0.05
I000867_2,O000867,P070,1,0,3751.6,2889.93,0.0
I000868_1,O000868,P069,1,0,3047.12,2596.65,0.05
I000869_1,O000869,P036,1,0,2512.86,2239.64,0.1
I000870_1,O000870,P045,2,0,1613.49,1393.5,0.0
I000870_2,O000870,P024,3,0,3161.41,2312.84,0.05
I000871_1,O000871,P055,1,0,1782.18,1250.56,0.1
I000872_1,O000872,P105,1,0,1209.02,1048.44,0.0
I000873_1,O000873,P075,1,0,879.02,632.05,0.1
I000874_1,O000874,P081,1,0,3363.75,2035.71,0.0
I000875_1,O000875,P021,1,0,2988.03,2007.08,0.2
I000876_1,O000876,P113,1,0,2417.46,1457.19,0.05
I000877_1,O000877,P047,1,0,3378.29,2991.8,0.0
I000878_1,O000878,P057,1,0,2967.48,1751.13,0.2
I000879_1,O000879,P038,1,0,2345.28,1939.6,0.05
I000880_1,O000880,P080,1,0,895.33,706.47,0.1
I000881_1,O000881,P082,1,0,2301.04,1528.85,0.0
I000882_1,O000882,P120,1,0,3668.08,2258.38,0.0
I000882_2,O000882,P077,1,0,3351.75,2738.96,0.1
I000883_1,O000883,P078,1,0,2613.38,1751.62,0.0
I000883_2,O000883,P035,1,0,2444.91,1657.14,0.0
I000884_1,O000884,P038,2,0,2498.71,1939.6,0.0
I000885_1,O000885,P067,1,0,1212.38,736.87,0.05
I000886_1,O000886,P078,1,0,2605.63,1751.62,0.1
I000887_1,O000887,P052,1,0,2554.8,2232.75,0.0
I000887_2,O000887,P089,2,0,2683.32,1691.26,0.2
I000887_3,O000887,P016,1,0,2967.37,2126.82,0.0
I000888_1,O000888,P038,1,0,2320.68,1939.6,0.0
I000889_1,O000889,P041,1,0,1658.71,1272.83,0.0
I000889_2,O000889,P043,1,0,2556.43,2155.97,0.3
I000889_3,O000889,P086,1,0,520.44,301.67,0.2
I000890_1,O000890,P110,2,0,608.4,387.41,0.05
I000891_1,O000891,P094,1,0,2846.59,1716.82,0.0
I000891_2,O000891,P005,1,0,2250.77,1891.99,0.2
I000892_1,O000892,P110,1,0,537.07,387.41,0.1
I000893_1,O000893,P054,1,0,355.24,290.26,0.0
I000894_1,O000894,P028,1,0,1506.39,1251.02,0.0
I000894_2,O000894,P007,2,0,2659.79,2152.99,0.0
I000895_1,O000895,P051,1,0,2629.35,1856.67,0.0
I000895_2,O000895,P032,2,0,858.15,692.6,0.0
I000896_1,O000896,P073,1,0,3125.15,2517.93,0.0
I000896_2,O000896,P109,1,0,2258.84,1696.43,0.05
I000897_1,O000897,P065,2,0,2351.53,1840.19,0.0
I000898_1,O000898,P075,1,0,849.52,632.05,0.0
I000898_2,O000898,P004,1,0,3243.8,2449.64,0.0
I000898_3,O000898,P023,1,0,2425.1,1316.59,0.05
I000899_1,O000899,P031,1,0,301.65,221.16,0.0
I000899_2,O000899,P097,3,0,510.07,385.34,0.0
I000899_3,O000899,P030,1,0,2613.74,1879.56,0.05
I000900_1,O000900,P002,1,0,2705.61,2136.38,0.2
I000900_2,O000900,P079,1,0,2322.75,1780.27,0.0
I000901_1,O000901,P040,2,0,2261.52,1719.58,0.0
I000902_1,O000902,P044,1,0,2161.06,1529.57,0.1
I000902_2,O000902,P086,1,0,568.98,301.67,0.2
I000903_1,O000903,P013,1,0,1849.55,1078.11,0.2
I000903_2,O000903,P083,1,0,908.49,674.18,0.1
I000904_1,O000904,P066,2,0,585.25,449.79,0.0
I000905_1,O000905,P005,1,0,2229.25,1891.99,0.1
I000906_1,O000906,P059,1,0,2683.61,2284.02,0.2
I000907_1,O000907,P118,1,0,1301.72,778.87,0.0
I000908_1,O000908,P065,1,0,2355.86,1840.19,0.1
I000908_2,O000908,P039,1,0,2847.85,1842.48,0.0
I000909_1,O000909,P028,1,0,1502.82,1251.02,0.0
I000910_1,O000910,P051,2,0,2514.35,1856.67,0.0
I000911_1,O000911,P093,1,0,1070.39,614.67,0.0
I000912_1,O000912,P091,1,1,808.31,567.3,0.05
I000913_1,O000913,P056,1,1,635.92,467.73,0.1
I000913_2,O000913,P009,1,0,196.07,142.71,0.1
I000913_3,O000913,P096,1,0,3417.21,1989.35,0.0
I000914_1,O000914,P057,1,0,2849.6,1751.13,0.0
I000915_1,O000915,P013,1,0,1639.93,1078.11,0.05
I000915_2,O000915,P066,1,0,586.88,449.79,0.05
I000916_1,O000916,P035,1,1,2318.56,1657.14,0.0
I000916_2,O000916,P066,1,0,597.05,449.79,0.0
I000916_3,O000916,P014,3,0,1510.06,956.53,0.05
I000917_1,O000917,P104,1,0,847.66,640.45,0.1
I000918_1,O000918,P115,1,0,2683.2,1821.73,0.0
I000919_1,O000919,P107,2,0,844.83,517.21,0.05
I000920_1,O000920,P032,1,0,870.22,692.6,0.05
I000921_1,O000921,P103,1,0,3842.74,3087.95,0.1
I000921_2,O000921,P020,1,0,3548.4,2726.34,0.1
I000922_1,O000922,P010,2,0,706.35,468.72,0.0
I000922_2,O000922,P078,1,0,2902.88,1751.62,0.2
I000923_1,O000923,P055,1,0,1839.89,1250.56,0.1
I000923_2,O000923,P005,1,0,2221.12,1891.99,0.0
I000924_1,O000924,P077,1,0,3033.19,2738.96,0.2
I000925_1,O000925,P073,1,0,3030.59,2517.93,0.05
I000925_2,O000925,P046,1,0,228.35,119.22,0.0
I000926_1,O000926,P087,1,0,1880.73,1487.18,0.05
I000926_2,O000926,P089,1,0,2556.17,1691.26,0.05
I000927_1,O000927,P085,1,1,698.44,482.52,0.0
I000928_1,O000928,P021,2,0,2989.44,2007.08,0.3
I000929_1,O000929,P025,1,0,731.36,526.03,0.2
I000930_1,O000930,P048,1,0,2652.13,2064.58,0.05
I000931_1,O000931,P089,1,0,2747.25,1691.26,0.2
I000931_2,O000931,P043,1,0,2549.79,2155.97,0.05
I000932_1,O000932,P088,1,0,296.12,167.15,0.0
I000933_1,O000933,P079,1,0,2348.8,1780.27,0.1
I000934_1,O000934,P093,1,0,971.73,614.67,0.2
I000934_2,O000934,P066,1,0,576.32,449.79,0.1
I000935_1,O000935,P018,1,0,2862.48,1861.03,0.2
I000935_2,O000935,P051,1,0,2717.83,1856.67,0.0
I000936_1,O000936,P097,1,0,518.98,385.34,0.0
I000936_2,O000936,P012,1,0,3461.51,2599.93,0.0
I000936_3,O000936,P063,1,0,2182.29,1328.53,0.2
I000937_1,O000937,P097,3,0,542.59,385.34,0.05
I000937_2,O000937,P108,1,0,1136.67,757.54,0.05
I000937_3,O000937,P079,1,0,2374.01,1780.27,0.05
I000938_1,O000938,P024,1,0,3277.41,2312.84,0.0
I000939_1,O000939,P108,2,1,1082.14,757.54,0.1
I000939_2,O000939,P077,1,0,3337.3,2738.96,0.0
I000940_1,O000940,P018,1,0,3097.63,1861.03,0.0
I000941_1,O000941,P048,1,1,2662.85,2064.58,0.0
I000942_1,O000942,P084,1,0,1237.0,785.13,0.0
I000943_1,O000943,P091,1,0,757.2,567.3,0.3
I000944_1,O000944,P075,2,0,906.34,632.05,0.05
I000945_1,O000945,P037,1,0,745.0,604.48,0.1
I000946_1,O000946,P003,1,0,657.67,593.8,0.0
I000946_2,O000946,P076,1,0,2451.34,1928.31,0.05
I000946_3,O000946,P114,1,0,1018.26,699.07,0.1
I000947_1,O000947,P063,1,0,2211.01,1328.53,0.0
I000947_2,O000947,P074,2,1,2847.98,2093.66,0.1
I000948_1,O000948,P083,1,0,909.8,674.18,0.1
I000948_2,O000948,P020,1,0,3219.69,2726.34,0.0
I000949_1,O000949,P077,3,0,3158.99,2738.96,0.2
I000949_2,O000949,P116,1,1,2897.02,2344.15,0.3
I000950_1,O000950,P010,1,0,703.06,468.72,0.1
I000950_2,O000950,P037,1,0,828.74,604.48,0.05
I000951_1,O000951,P084,1,0,1221.37,785.13,0.0
I000951_2,O000951,P034,2,0,704.8,551.76,0.1
I000952_1,O000952,P102,1,0,3342.44,2068.63,0.2
I000953_1,O000953,P002,1,0,2958.82,2136.38,0.0
I000954_1,O000954,P113,1,0,2192.89,1457.19,0.0
I000955_1,O000955,P087,2,0,2012.86,1487.18,0.1
I000956_1,O000956,P117,1,0,1545.5,1301.63,0.1
I000957_1,O000957,P041,1,0,1681.34,1272.83,0.1
I000957_2,O000957,P043,1,0,2422.49,2155.97,0.0
I000958_1,O000958,P079,1,0,2189.57,1780.27,0.3
I000959_1,O000959,P037,1,0,785.07,604.48,0.1
I000959_2,O000959,P097,1,0,504.16,385.34,0.0
I000960_1,O000960,P016,2,0,2705.07,2126.82,0.0
I000961_1,O000961,P003,2,1,707.34,593.8,0.05
I000961_2,O000961,P059,1,0,2446.94,2284.02,0.0
I000962_1,O000962,P045,1,0,1696.59,1393.5,0.2
I000962_2,O000962,P056,1,1,654.4,467.73,0.2
I000963_1,O000963,P020,1,0,3532.46,2726.34,0.0
I000964_1,O000964,P075,1,0,866.96,632.05,0.0
I000965_1,O000965,P114,1,0,1068.65,699.07,0.2
I000966_1,O000966,P066,1,0,563.63,449.79,0.05
I000966_2,O000966,P078,1,0,2827.76,1751.62,0.0
I000967_1,O000967,P045,1,0,1671.13,1393.5,0.2
I000967_2,O000967,P102,1,0,3613.31,2068.63,0.05
I000967_3,O000967,P095,1,0,3220.66,2194.24,0.0
I000968_1,O000968,P089,1,0,2488.92,1691.26,0.1
I000968_2,O000968,P119,1,0,650.3,550.1,0.1
I000969_1,O000969,P076,3,0,2540.93,1928.31,0.05
I000969_2,O000969,P018,2,0,2851.43,1861.03,0.0
I000970_1,O000970,P023,1,0,2459.01,1316.59,0.0
I000970_2,O000970,P089,2,0,2508.31,1691.26,0.05
I000970_3,O000970,P019,1,0,2321.36,1463.41,0.05
I000971_1,O000971,P096,1,0,3197.03,1989.35,0.1
I000971_2,O000971,P038,1,0,2592.26,1939.6,0.0
I000972_1,O000972,P041,1,0,1708.26,1272.83,0.1
I000973_1,O000973,P010,1,0,755.9,468.72,0.05
I000974_1,O000974,P044,2,2,2267.67,1529.57,0.1
I000974_2,O000974,P056,1,0,698.29,467.73,0.0
I000975_1,O000975,P046,2,0,226.09,119.22,0.0
I000976_1,O000976,P046,1,0,231.48,119.22,0.1
I000977_1,O000977,P095,1,0,3170.12,2194.24,0.0
I000978_1,O000978,P043,1,0,2427.53,2155.97,0.1
I000979_1,O000979,P034,3,0,735.97,551.76,0.05
I000980_1,O000980,P095,1,0,3157.97,2194.24,0.2
I000980_2,O000980,P085,2,0,704.8,482.52,0.2
I000981_1,O000981,P056,1,0,689.86,467.73,0.05
I000982_1,O000982,P089,1,0,2597.86,1691.26,0.0
I000983_1,O000983,P076,2,0,2729.05,1928.31,0.2
I000984_1,O000984,P009,1,0,180.24,142.71,0.0
I000985_1,O000985,P088,2,0,312.44,167.15,0.05
I000986_1,O000986,P056,1,0,689.82,467.73,0.05
I000986_2,O000986,P075,1,0,824.79,632.05,0.2
I000986_3,O000986,P015,2,0,2114.63,1639.7,0.1
I000987_1,O000987,P081,1,0,3166.63,2035.71,0.05
I000987_2,O000987,P057,2,0,2794.89,1751.13,0.05
I000988_1,O000988,P032,1,0,848.38,692.6,0.05
I000989_1,O000989,P038,1,0,2402.58,1939.6,0.05
I000990_1,O000990,P018,1,0,3053.6,1861.03,0.0
I000990_2,O000990,P015,1,0,1867.59,1639.7,0.0
I000991_1,O000991,P032,1,0,859.98,692.6,0.05
I000992_1,O000992,P119,1,0,658.37,550.1,0.05
I000992_2,O000992,P023,1,0,2203.37,1316.59,0.3
I000993_1,O000993,P048,1,0,2582.4,2064.58,0.0
I000994_1,O000994,P051,2,0,2543.11,1856.67,0.05
I000994_2,O000994,P050,1,0,1239.7,748.37,0.2
I000995_1,O000995,P067,1,0,1131.66,736.87,0.0
I000995_2,O000995,P008,2,0,3327.75,2190.37,0.0
I000995_3,O000995,P065,1,0,2344.4,1840.19,0.1
I000996_1,O000996,P047,1,0,3629.68,2991.8,0.3
I000997_1,O000997,P076,1,0,2697.46,1928.31,0.0
I000998_1,O000998,P027,1,0,2324.18,1900.67,0.2
I000998_2,O000998,P084,1,0,1124.63,785.13,0.2
I000999_1,O000999,P061,1,0,2698.87,1810.66,0.05
I001000_1,O001000,P035,2,0,2433.01,1657.14,0.2
I001001_1,O001001,P089,2,0,2655.14,1691.26,0.05
I001002_1,O001002,P021,1,0,3135.28,2007.08,0.05
I001003_1,O001003,P060,1,0,3499.29,2190.75,0.1
I001004_1,O001004,P015,1,0,1989.86,1639.7,0.0
I001005_1,O001005,P103,1,0,3547.9,3087.95,0.05
I001006_1,O001006,P096,1,1,3110.36,1989.35,0.05
I001006_2,O001006,P089,2,0,2440.98,1691.26,0.1
I001007_1,O001007,P041,1,0,1754.23,1272.83,0.2
I001008_1,O001008,P041,1,0,1642.26,1272.83,0.1
I001008_2,O001008,P052,1,0,2829.69,2232.75,0.1
I001009_1,O001009,P086,1,0,531.13,301.67,0.05
I001009_2,O001009,P050,2,0,1210.04,748.37,0.0
I001010_1,O001010,P027,1,0,2076.06,1900.67,0.05
I001010_2,O001010,P058,1,0,1135.07,974.82,0.0
I001011_1,O001011,P016,1,0,2876.85,2126.82,0.0
I001011_2,O001011,P062,1,0,1108.2,934.97,0.0
I001012_1,O001012,P005,1,0,2340.16,1891.99,0.05
I001012_2,O001012,P048,1,0,2633.43,2064.58,0.05
I001013_1,O001013,P067,1,0,1122.72,736.87,0.0
I001013_2,O001013,P036,1,1,2456.82,2239.64,0.0
I001014_1,O001014,P015,2,0,2007.19,1639.7,0.2
I001015_1,O001015,P051,1,0,2728.13,1856.67,0.0
I001015_2,O001015,P100,1,0,3034.8,2560.83,0.0
I001016_1,O001016,P069,1,0,2947.89,2596.65,0.1
I001017_1,O001017,P106,3,0,2879.78,2402.81,0.1
I001018_1,O001018,P062,2,0,1104.33,934.97,0.1
I001018_2,O001018,P111,1,0,1180.28,738.87,0.0
I001019_1,O001019,P050,1,0,1129.1,748.37,0.0
I001020_1,O001020,P065,2,0,2624.8,1840.19,0.0
I001020_2,O001020,P021,2,0,3071.22,2007.08,0.2
I001020_3,O001020,P012,1,0,3492.25,2599.93,0.0
I001021_1,O001021,P059,1,0,2766.33,2284.02,0.1
I001021_2,O001021,P060,1,0,3480.74,2190.75,0.05
I001022_1,O001022,P031,1,0,279.52,221.16,0.0
I001023_1,O001023,P092,1,0,2448.73,1883.6,0.1
I001024_1,O001024,P095,1,0,3431.38,2194.24,0.3
I001025_1,O001025,P019,1,0,2557.56,1463.41,0.0
I001025_2,O001025,P115,1,0,2555.73,1821.73,0.05
I001026_1,O001026,P034,1,0,681.01,551.76,0.05
I001027_1,O001027,P117,1,0,1499.17,1301.63,0.05
I001028_1,O001028,P070,1,0,3502.41,2889.93,0.1
I001028_2,O001028,P003,1,0,720.95,593.8,0.0
I001029_1,O001029,P049,2,0,2582.83,1767.67,0.0
I001030_1,O001030,P011,2,0,639.47,470.48,0.0
I001030_2,O001030,P061,1,0,2820.22,1810.66,0.0
I001031_1,O001031,P042,1,0,3324.66,2480.29,0.0
I001032_1,O001032,P053,1,0,3089.11,2330.08,0.0
I001033_1,O001033,P081,1,0,3314.95,2035.71,0.0
I001034_1,O001034,P083,1,0,877.2,674.18,0.2
I001034_2,O001034,P087,1,0,1799.29,1487.18,0.2
I001035_1,O001035,P018,1,0,2833.44,1861.03,0.1
I001035_2,O001035,P005,1,0,2196.73,1891.99,0.1
I001036_1,O001036,P003,1,0,644.01,593.8,0.2
I001036_2,O001036,P075,2,0,843.93,632.05,0.2
I001037_1,O001037,P110,1,0,597.6,387.41,0.3
I001037_2,O001037,P069,1,1,3128.37,2596.65,0.0
I001037_3,O001037,P111,1,0,1143.56,738.87,0.1
I001038_1,O001038,P036,1,0,2625.16,2239.64,0.05
I001039_1,O001039,P043,1,0,2690.1,2155.97,0.0
I001039_2,O001039,P056,1,0,707.11,467.73,0.0
I001040_1,O001040,P012,1,0,3636.21,2599.93,0.2
I001040_2,O001040,P011,1,0,687.02,470.48,0.05
I001040_3,O001040,P080,2,0,908.8,706.47,0.05
I001041_1,O001041,P050,1,0,1156.67,748.37,0.0
I001042_1,O001042,P090,1,0,1603.08,1197.25,0.05
I001043_1,O001043,P024,1,0,3097.93,2312.84,0.0
I001043_2,O001043,P119,1,0,633.82,550.1,0.05
I001044_1,O001044,P085,1,0,742.68,482.52,0.05
I001045_1,O001045,P064,2,0,249.39,140.8,0.0
I001046_1,O001046,P024,1,0,3121.71,2312.84,0.1
I001046_2,O001046,P013,2,0,1751.9,1078.11,0.0
I001047_1,O001047,P085,1,0,753.06,482.52,0.0
I001048_1,O001048,P018,1,0,3005.8,1861.03,0.0
I001049_1,O001049,P036,1,1,2767.17,2239.64,0.1
I001050_1,O001050,P073,1,0,2921.45,2517.93,0.0
I001050_2,O001050,P096,1,0,3011.66,1989.35,0.05
I001051_1,O001051,P024,1,0,3182.87,2312.84,0.0
I001052_1,O001052,P068,1,0,3420.92,1829.36,0.05
I001053_1,O001053,P079,1,1,2197.25,1780.27,0.0
I001054_1,O001054,P049,1,0,2674.47,1767.67,0.0
I001054_2,O001054,P054,1,0,350.05,290.26,0.1
I001055_1,O001055,P012,1,0,3532.69,2599.93,0.2
I001056_1,O001056,P047,1,1,3706.06,2991.8,0.0
I001057_1,O001057,P117,1,0,1606.14,1301.63,0.05
I001057_2,O001057,P010,1,0,747.66,468.72,0.0
I001058_1,O001058,P007,1,0,2778.14,2152.99,0.05
I001059_1,O001059,P080,1,0,820.35,706.47,0.2
I001060_1,O001060,P042,1,0,3422.19,2480.29,0.05
I001061_1,O001061,P080,2,0,843.79,706.47,0.0
I001061_2,O001061,P042,1,0,3625.34,2480.29,0.0
I001062_1,O001062,P115,1,0,2679.57,1821.73,0.05
I001063_1,O001063,P080,1,0,810.78,706.47,0.05
I001064_1,O001064,P068,2,2,3427.43,1829.36,0.3
I001064_2,O001064,P047,1,0,3359.39,2991.8,0.05
I001065_1,O001065,P102,1,0,3503.11,2068.63,0.3
I001065_2,O001065,P031,2,0,281.43,221.16,0.2
I001066_1,O001066,P032,1,0,825.16,692.6,0.0
I001067_1,O001067,P073,2,2,3077.72,2517.93,0.05
I001068_1,O001068,P044,2,0,2124.26,1529.57,0.05
I001069_1,O001069,P053,1,1,2809.15,2330.08,0.1
I001069_2,O001069,P120,1,0,3378.62,2258.38,0.1
I001070_1,O001070,P014,1,0,1423.21,956.53,0.0
I001071_1,O001071,P085,2,0,731.17,482.52,0.1
I001071_2,O001071,P005,2,0,2452.99,1891.99,0.2
I001072_1,O001072,P042,1,0,3346.29,2480.29,0.05
I001073_1,O001073,P025,1,0,744.47,526.03,0.0
I001074_1,O001074,P102,1,0,3381.61,2068.63,0.0
I001074_2,O001074,P067,1,0,1147.95,736.87,0.1
I001075_1,O001075,P053,1,0,2872.39,2330.08,0.1
I001075_2,O001075,P095,2,0,3365.01,2194.24,0.0
I001076_1,O001076,P009,2,0,189.71,142.71,0.05
I001076_2,O001076,P033,1,0,2926.45,2420.38,0.0
I001077_1,O001077,P026,1,0,3279.88,2746.76,0.1
I001078_1,O001078,P077,1,0,3018.89,2738.96,0.05
I001078_2,O001078,P049,1,0,2684.42,1767.67,0.0
I001079_1,O001079,P097,1,0,511.73,385.34,0.3
I001079_2,O001079,P052,1,0,2588.24,2232.75,0.05
I001080_1,O001080,P037,2,0,768.32,604.48,0.0
I001080_2,O001080,P010,1,0,778.69,468.72,0.2
I001080_3,O001080,P113,1,0,2407.97,1457.19,0.0
I001081_1,O001081,P007,1,0,2785.04,2152.99,0.0
I001081_2,O001081,P098,2,0,335.65,210.13,0.3
I001082_1,O001082,P101,1,0,399.97,290.92,0.0
I001083_1,O001083,P022,1,0,2002.6,1361.4,0.05
I001083_2,O001083,P034,1,0,692.8,551.76,0.0
I001084_1,O001084,P091,2,0,739.93,567.3,0.05
I001085_1,O001085,P055,1,0,1678.19,1250.56,0.05
I001086_1,O001086,P051,1,0,2457.15,1856.67,0.2
I001086_2,O001086,P119,1,0,638.8,550.1,0.05
I001087_1,O001087,P113,1,0,2184.54,1457.19,0.0
I001088_1,O001088,P083,1,0,975.6,674.18,0.2
I001089_1,O001089,P075,1,0,908.81,632.05,0.05
I001089_2,O001089,P047,1,0,3378.02,2991.8,0.0
I001090_1,O001090,P084,2,0,1105.01,785.13,0.1
I001090_2,O001090,P070,1,0,3786.2,2889.93,0.0
I001091_1,O001091,P075,1,0,921.7,632.05,0.0
I001091_2,O001091,P059,1,0,2517.74,2284.02,0.0
I001092_1,O001092,P021,1,0,3156.66,2007.08,0.0
I001092_2,O001092,P014,1,0,1400.65,956.53,0.1
I001093_1,O001093,P115,2,0,2777.45,1821.73,0.2
I001094_1,O001094,P022,1,0,2030.96,1361.4,0.0
I001094_2,O001094,P003,1,0,731.27,593.8,0.05
I001095_1,O001095,P064,2,0,239.71,140.8,0.3
I001095_2,O001095,P112,2,0,1508.54,1059.45,0.0
I001095_3,O001095,P106,1,0,2689.77,2402.81,0.0
I001096_1,O001096,P049,1,1,2740.58,1767.67,0.1
I001096_2,O001096,P094,1,0,2753.97,1716.82,0.05
I001097_1,O001097,P105,1,0,1192.55,1048.44,0.0
I001097_2,O001097,P077,1,0,3419.23,2738.96,0.05
I001098_1,O001098,P037,1,0,779.86,604.48,0.0
I001099_1,O001099,P105,2,0,1320.55,1048.44,0.0
I001100_1,O001100,P002,1,0,2663.4,2136.38,0.1
I001101_1,O001101,P006,1,0,2994.05,2483.13,0.05
I001102_1,O001102,P001,1,0,724.11,503.11,0.05
I001102_2,O001102,P117,1,0,1600.65,1301.63,0.2
I001102_3,O001102,P035,1,0,2416.0,1657.14,0.1
I001103_1,O001103,P051,1,0,2564.38,1856.67,0.2
I001104_1,O001104,P042,3,0,3395.49,2480.29,0.05
I001104_2,O001104,P081,1,0,3024.33,2035.71,0.0
I001105_1,O001105,P112,1,0,1578.06,1059.45,0.1
I001106_1,O001106,P002,1,0,2829.28,2136.38,0.0
I001107_1,O001107,P017,1,0,1807.42,1079.58,0.0
I001107_2,O001107,P031,1,0,300.78,221.16,0.05
I001108_1,O001108,P032,1,0,779.0,692.6,0.05
I001109_1,O001109,P063,1,0,2310.07,1328.53,0.2
I001110_1,O001110,P065,1,0,2396.08,1840.19,0.1
I001111_1,O001111,P003,1,0,704.74,593.8,0.0
I001111_2,O001111,P059,1,0,2522.65,2284.02,0.2
I001111_3,O001111,P008,1,0,3073.36,2190.37,0.0
I001112_1,O001112,P060,1,0,3375.65,2190.75,0.2
I001113_1,O001113,P085,1,0,747.23,482.52,0.05
I001114_1,O001114,P079,2,0,2428.0,1780.27,0.0
I001115_1,O001115,P030,1,0,2467.81,1879.56,0.1
I001115_2,O001115,P044,1,0,2292.65,1529.57,0.1
I001116_1,O001116,P107,1,0,834.57,517.21,0.0
I001117_1,O001117,P071,2,0,1988.72,1171.43,0.0
I001118_1,O001118,P094,1,0,2844.28,1716.82,0.2
I001118_2,O001118,P073,1,0,3199.47,2517.93,0.0
I001119_1,O001119,P066,2,0,555.52,449.79,0.2
I001120_1,O001120,P081,1,0,3251.51,2035.71,0.0
I001120_2,O001120,P037,2,0,799.92,604.48,0.0
I001120_3,O001120,P104,1,1,793.82,640.45,0.2
I001121_1,O001121,P100,1,0,3045.89,2560.83,0.2
I001121_2,O001121,P039,1,0,3104.01,1842.48,0.1
I001122_1,O001122,P079,1,1,2324.15,1780.27,0.05
I001123_1,O001123,P022,1,0,1928.77,1361.4,0.0
I001123_2,O001123,P029,1,0,3044.96,2642.14,0.0
I001124_1,O001124,P114,1,0,1130.59,699.07,0.0
I001125_1,O001125,P025,1,0,779.99,526.03,0.1
I001125_2,O001125,P105,1,0,1194.93,1048.44,0.05
I001125_3,O001125,P004,1,0,3422.41,2449.64,0.05
I001126_1,O001126,P090,2,0,1597.13,1197.25,0.1
I001127_1,O001127,P009,1,0,197.81,142.71,0.0
I001127_2,O001127,P027,1,0,2111.44,1900.67,0.0
I001127_3,O001127,P004,1,0,3374.73,2449.64,0.0
I001128_1,O001128,P026,1,0,3418.89,2746.76,0.05
I001128_2,O001128,P082,1,1,2393.95,1528.85,0.0
I001129_1,O001129,P046,1,0,208.22,119.22,0.0
I001129_2,O001129,P056,1,0,699.38,467.73,0.0
I001130_1,O001130,P006,1,0,3060.98,2483.13,0.0
I001131_1,O001131,P072,1,1,1676.38,1369.26,0.2
I001132_1,O001132,P046,1,0,207.66,119.22,0.0
I001133_1,O001133,P002,1,0,2730.03,2136.38,0.0
I001134_1,O001134,P095,1,0,3217.32,2194.24,0.05
I001135_1,O001135,P026,1,0,3096.24,2746.76,0.0
I001135_2,O001135,P069,1,0,2922.52,2596.65,0.0
I001136_1,O001136,P115,1,0,2613.98,1821.73,0.2
I001137_1,O001137,P072,1,0,1806.11,1369.26,0.0
I001137_2,O001137,P037,1,0,840.61,604.48,0.05
I001138_1,O001138,P048,2,0,2592.72,2064.58,0.0
I001139_1,O001139,P003,2,0,660.81,593.8,0.1
I001139_2,O001139,P114,1,0,1070.42,699.07,0.0
I001139_3,O001139,P118,1,0,1218.13,778.87,0.1
I001140_1,O001140,P002,1,0,2713.06,2136.38,0.05
I001141_1,O001141,P086,1,0,530.96,301.67,0.3
I001141_2,O001141,P076,1,0,2712.37,1928.31,0.2
I001142_1,O001142,P056,1,0,710.01,467.73,0.0
I001142_2,O001142,P018,1,0,3004.7,1861.03,0.1
I001143_1,O001143,P033,1,0,2927.94,2420.38,0.0
I001144_1,O001144,P031,2,2,289.01,221.16,0.05
I001144_2,O001144,P073,2,0,2964.35,2517.93,0.0
I001145_1,O001145,P102,1,0,3211.88,2068.63,0.05
I001146_1,O001146,P071,1,0,1913.7,1171.43,0.05
I001146_2,O001146,P081,2,0,3310.54,2035.71,0.1
I001147_1,O001147,P077,2,0,3422.87,2738.96,0.05
I001148_1,O001148,P099,1,0,999.69,579.06,0.2
I001148_2,O001148,P028,1,0,1478.11,1251.02,0.05
I001148_3,O001148,P070,1,0,3806.9,2889.93,0.0
I001149_1,O001149,P109,1,0,2227.71,1696.43,0.0
I001150_1,O001150,P027,1,0,2257.88,1900.67,0.1
I001150_2,O001150,P064,2,1,239.81,140.8,0.0
I001150_3,O001150,P072,1,0,1668.7,1369.26,0.0
I001151_1,O001151,P027,1,0,2265.76,1900.67,0.05
I001152_1,O001152,P005,1,0,2438.83,1891.99,0.05
I001153_1,O001153,P068,1,0,3178.36,1829.36,0.05
I001153_2,O001153,P040,2,0,2268.57,1719.58,0.05
I001154_1,O001154,P011,1,0,648.17,470.48,0.0
I001155_1,O001155,P029,1,0,2859.11,2642.14,0.0
I001156_1,O001156,P103,1,0,3607.13,3087.95,0.05
I001157_1,O001157,P037,1,0,776.63,604.48,0.3
I001157_2,O001157,P086,2,0,512.88,301.67,0.0
I001158_1,O001158,P120,1,0,3482.89,2258.38,0.05
I001159_1,O001159,P112,1,0,1503.16,1059.45,0.05
I001160_1,O001160,P097,1,0,509.36,385.34,0.0
I001161_1,O001161,P035,1,0,2196.57,1657.14,0.0
I001162_1,O001162,P043,1,0,2620.17,2155.97,0.0
I001163_1,O001163,P012,1,0,3696.58,2599.93,0.2
I001163_2,O001163,P100,1,0,2954.27,2560.83,0.0
I001164_1,O001164,P011,3,0,685.56,470.48,0.1
I001165_1,O001165,P109,1,0,2403.84,1696.43,0.05
I001166_1,O001166,P010,1,0,699.88,468.72,0.0
I001166_2,O001166,P028,2,0,1545.32,1251.02,0.0
I001167_1,O001167,P100,1,0,2748.57,2560.83,0.0
I001167_2,O001167,P055,1,0,1678.84,1250.56,0.3
I001168_1,O001168,P056,2,0,683.19,467.73,0.05
I001169_1,O001169,P017,1,0,1769.01,1079.58,0.1
I001169_2,O001169,P005,1,0,2236.32,1891.99,0.0
I001170_1,O001170,P015,1,0,1880.99,1639.7,0.1
I001170_2,O001170,P073,1,0,3224.75,2517.93,0.05
I001171_1,O001171,P002,2,0,2629.37,2136.38,0.05
I001171_2,O001171,P119,1,0,676.02,550.1,0.0
I001172_1,O001172,P104,1,0,827.09,640.45,0.2
I001172_2,O001172,P091,1,0,815.88,567.3,0.05
I001172_3,O001172,P061,1,0,2847.14,1810.66,0.0
I001173_1,O001173,P115,1,0,2528.69,1821.73,0.2
I001174_1,O001174,P080,1,0,838.12,706.47,0.1
I001174_2,O001174,P057,1,1,2901.56,1751.13,0.0
I001175_1,O001175,P106,1,0,2857.91,2402.81,0.2
I001175_2,O001175,P107,2,0,887.24,517.21,0.1
I001175_3,O001175,P014,2,0,1522.84,956.53,0.0
I001176_1,O001176,P083,2,0,937.0,674.18,0.0
I001177_1,O001177,P020,1,0,3266.41,2726.34,0.1
I001178_1,O001178,P054,3,0,364.09,290.26,0.05
I001179_1,O001179,P050,1,0,1233.61,748.37,0.0
I001180_1,O001180,P041,1,0,1711.58,1272.83,0.0
I001181_1,O001181,P089,1,0,2603.49,1691.26,0.3
I001182_1,O001182,P034,1,0,705.87,551.76,0.0
I001183_1,O001183,P104,1,0,850.97,640.45,0.2
I001183_2,O001183,P072,1,0,1769.63,1369.26,0.0
I001184_1,O001184,P016,1,0,2723.16,2126.82,0.0
I001185_1,O001185,P104,3,0,810.66,640.45,0.1
I001186_1,O001186,P058,1,0,1061.34,974.82,0.05
I001187_1,O001187,P031,3,0,306.34,221.16,0.2
I001187_2,O001187,P074,1,0,2626.56,2093.66,0.0
I001188_1,O001188,P024,2,0,3322.61,2312.84,0.0
I001189_1,O001189,P049,1,0,2622.81,1767.67,0.1
I001190_1,O001190,P116,1,0,2749.21,2344.15,0.0
I001191_1,O001191,P084,1,0,1200.17,785.13,0.2
I001192_1,O001192,P016,1,0,2959.3,2126.82,0.0
I001193_1,O001193,P005,1,0,2249.45,1891.99,0.0
I001194_1,O001194,P120,1,1,3222.24,2258.38,0.0
I001194_2,O001194,P081,1,0,3186.85,2035.71,0.0
I001195_1,O001195,P036,2,0,2709.05,2239.64,0.0
I001196_1,O001196,P098,1,0,332.74,210.13,0.1
I001197_1,O001197,P076,1,0,2407.16,1928.31,0.05
I001197_2,O001197,P008,1,0,3364.3,2190.37,0.0
I001198_1,O001198,P083,2,0,991.67,674.18,0.3
I001198_2,O001198,P105,1,0,1360.75,1048.44,0.05
I001199_1,O001199,P073,1,0,3234.54,2517.93,0.0
I001200_1,O001200,P033,1,0,2900.3,2420.38,0.0
I001200_2,O001200,P026,1,0,3424.81,2746.76,0.0
I001201_1,O001201,P026,1,0,3291.87,2746.76,0.05
I001202_1,O001202,P118,2,0,1274.18,778.87,0.3
I001202_2,O001202,P070,1,0,3336.17,2889.93,0.3
I001203_1,O001203,P027,1,0,2191.48,1900.67,0.0
I001203_2,O001203,P029,1,0,2963.81,2642.14,0.2
I001204_1,O001204,P064,1,0,258.66,140.8,0.0
I001205_1,O001205,P064,1,0,234.02,140.8,0.05
I001206_1,O001206,P076,1,0,2399.74,1928.31,0.05
I001207_1,O001207,P109,1,1,2211.07,1696.43,0.0
I001208_1,O001208,P005,1,0,2264.49,1891.99,0.0
I001209_1,O001209,P060,1,0,3518.57,2190.75,0.2
I001210_1,O001210,P100,1,0,2932.92,2560.83,0.2
I001211_1,O001211,P058,2,0,1070.14,974.82,0.0
I001211_2,O001211,P064,1,0,259.98,140.8,0.0
I001212_1,O001212,P064,1,0,231.85,140.8,0.0
I001212_2,O001212,P017,1,0,1903.14,1079.58,0.1
I001213_1,O001213,P072,1,0,1853.0,1369.26,0.0
I001214_1,O001214,P019,1,0,2381.15,1463.41,0.0
I001215_1,O001215,P043,1,0,2441.06,2155.97,0.0
I001216_1,O001216,P016,1,0,2577.93,2126.82,0.0
I001217_1,O001217,P042,1,0,3558.06,2480.29,0.05
I001217_2,O001217,P099,2,0,1071.32,579.06,0.1
I001218_1,O001218,P077,1,0,3131.87,2738.96,0.1
I001219_1,O001219,P033,1,0,2919.07,2420.38,0.0
I001219_2,O001219,P001,1,0,807.55,503.11,0.05
I001220_1,O001220,P069,1,0,2801.23,2596.65,0.05
I001220_2,O001220,P063,1,0,2121.43,1328.53,0.0
I001221_1,O001221,P105,1,0,1359.83,1048.44,0.0
I001222_1,O001222,P046,1,0,216.03,119.22,0.0
I001223_1,O001223,P017,1,0,1934.61,1079.58,0.0
I001224_1,O001224,P026,3,0,2993.74,2746.76,0.1
I001225_1,O001225,P017,1,0,1922.09,1079.58,0.1
I001226_1,O001226,P109,1,0,2265.78,1696.43,0.0
I001227_1,O001227,P056,1,0,684.71,467.73,0.0
I001228_1,O001228,P058,3,0,1023.25,974.82,0.0
I001229_1,O001229,P033,1,0,2797.32,2420.38,0.1
I001229_2,O001229,P063,3,0,2366.08,1328.53,0.0
I001230_1,O001230,P091,1,0,772.25,567.3,0.05
I001231_1,O001231,P049,1,0,2632.55,1767.67,0.1
I001232_1,O001232,P054,2,0,323.32,290.26,0.0
I001232_2,O001232,P084,1,0,1250.23,785.13,0.1
I001233_1,O001233,P079,1,0,2126.95,1780.27,0.05
I001233_2,O001233,P051,1,0,2565.21,1856.67,0.0
I001233_3,O001233,P040,1,1,2099.42,1719.58,0.1
I001234_1,O001234,P096,2,0,3346.99,1989.35,0.1
I001234_2,O001234,P113,1,1,2272.21,1457.19,0.05
I001234_3,O001234,P015,1,0,1887.6,1639.7,0.0
I001235_1,O001235,P029,1,0,2988.11,2642.14,0.1
I001235_2,O001235,P056,3,0,718.86,467.73,0.05
I001236_1,O001236,P045,1,0,1667.81,1393.5,0.05
I001237_1,O001237,P054,1,0,365.89,290.26,0.05
I001237_2,O001237,P118,1,0,1306.79,778.87,0.05
I001238_1,O001238,P088,1,0,295.57,167.15,0.2
I001239_1,O001239,P070,1,0,3323.93,2889.93,0.0
I001240_1,O001240,P033,1,0,2741.87,2420.38,0.0
I001240_2,O001240,P007,1,0,2676.03,2152.99,0.3
I001241_1,O001241,P109,1,0,2326.24,1696.43,0.0
I001242_1,O001242,P087,1,0,2031.79,1487.18,0.2
I001242_2,O001242,P112,1,0,1576.36,1059.45,0.0
I001243_1,O001243,P016,1,0,2734.94,2126.82,0.2
I001244_1,O001244,P041,2,0,1807.89,1272.83,0.2
I001245_1,O001245,P012,2,0,3641.12,2599.93,0.2
I001245_2,O001245,P097,2,0,493.51,385.34,0.05
I001246_1,O001246,P047,1,0,3418.92,2991.8,0.0
I001247_1,O001247,P042,1,0,3437.17,2480.29,0.1
I001247_2,O001247,P043,2,0,2538.4,2155.97,0.0
I001247_3,O001247,P078,2,0,2845.59,1751.62,0.2
I001248_1,O001248,P041,1,1,1638.35,1272.83,0.0
I001249_1,O001249,P098,1,0,338.57,210.13,0.2
I001250_1,O001250,P089,1,0,2542.0,1691.26,0.1
I001250_2,O001250,P030,1,0,2484.89,1879.56,0.0
I001250_3,O001250,P105,1,0,1250.26,1048.44,0.1
I001251_1,O001251,P108,1,0,1169.27,757.54,0.05
I001251_2,O001251,P109,1,0,2419.89,1696.43,0.0
I001252_1,O001252,P095,1,1,3570.86,2194.24,0.0
I001253_1,O001253,P075,1,0,889.02,632.05,0.2
I001254_1,O001254,P011,1,0,694.64,470.48,0.0
I001255_1,O001255,P115,1,0,2706.96,1821.73,0.2
I001256_1,O001256,P026,1,0,3279.09,2746.76,0.05
I001256_2,O001256,P069,1,0,2949.4,2596.65,0.05
I001256_3,O001256,P101,1,0,441.77,290.92,0.2
I001257_1,O001257,P007,1,0,2570.66,2152.99,0.0
I001258_1,O001258,P021,1,0,2880.72,2007.08,0.05
I001259_1,O001259,P113,2,0,2399.42,1457.19,0.0
I001259_2,O001259,P042,1,1,3283.83,2480.29,0.0
I001260_1,O001260,P043,1,1,2680.11,2155.97,0.05
I001261_1,O001261,P020,3,0,3438.52,2726.34,0.05
I001261_2,O001261,P095,1,0,3347.74,2194.24,0.05
I001261_3,O001261,P097,1,0,520.38,385.34,0.05
I001262_1,O001262,P078,1,0,2681.18,1751.62,0.0
I001262_2,O001262,P041,1,0,1821.91,1272.83,0.0
I001262_3,O001262,P026,1,0,3438.97,2746.76,0.1
I001263_1,O001263,P086,1,0,534.68,301.67,0.2
I001263_2,O001263,P078,3,0,2656.74,1751.62,0.1
I001264_1,O001264,P039,1,0,2940.04,1842.48,0.2
I001265_1,O001265,P106,1,0,2941.84,2402.81,0.0
I001266_1,O001266,P044,1,0,2194.48,1529.57,0.0
I001266_2,O001266,P022,2,0,1986.66,1361.4,0.05
I001267_1,O001267,P114,1,0,1068.6,699.07,0.0
I001267_2,O001267,P003,1,0,713.29,593.8,0.05
I001267_3,O001267,P042,2,0,3324.21,2480.29,0.2
I001268_1,O001268,P069,1,0,3102.91,2596.65,0.1
I001268_2,O001268,P038,1,0,2585.89,1939.6,0.0
I001269_1,O001269,P031,1,0,278.89,221.16,0.05
I001270_1,O001270,P006,1,0,3156.99,2483.13,0.0
I001270_2,O001270,P112,1,0,1585.22,1059.45,0.0
I001271_1,O001271,P038,2,0,2424.05,1939.6,0.0
I001272_1,O001272,P055,1,0,1817.65,1250.56,0.2
I001273_1,O001273,P046,1,0,232.09,119.22,0.1
I001274_1,O001274,P004,1,0,3432.66,2449.64,0.0
I001274_2,O001274,P057,1,0,2803.25,1751.13,0.0
I001275_1,O001275,P111,3,0,1088.1,738.87,0.05
I001275_2,O001275,P083,1,0,988.3,674.18,0.05
I001276_1,O001276,P006,1,0,2942.57,2483.13,0.2
I001277_1,O001277,P019,2,0,2596.98,1463.41,0.0
I001277_2,O001277,P104,1,0,863.84,640.45,0.0
I001278_1,O001278,P066,2,0,554.95,449.79,0.1
I001279_1,O001279,P034,1,0,670.1,551.76,0.1
I001280_1,O001280,P039,2,0,3063.33,1842.48,0.0
I001280_2,O001280,P051,2,0,2774.61,1856.67,0.0
I001281_1,O001281,P039,1,0,2839.57,1842.48,0.0
I001281_2,O001281,P021,2,0,3056.0,2007.08,0.05
I001282_1,O001282,P011,1,0,706.04,470.48,0.2
I001283_1,O001283,P057,1,0,2725.27,1751.13,0.0
I001283_2,O001283,P058,2,0,1144.65,974.82,0.1
I001284_1,O001284,P112,1,0,1449.27,1059.45,0.0
I001284_2,O001284,P055,1,0,1681.4,1250.56,0.0
I001285_1,O001285,P032,1,0,803.62,692.6,0.0
I001285_2,O001285,P035,1,0,2205.92,1657.14,0.0
I001286_1,O001286,P032,1,0,878.75,692.6,0.0
I001287_1,O001287,P051,1,0,2625.56,1856.67,0.0
I001287_2,O001287,P064,1,0,236.07,140.8,0.0
I001287_3,O001287,P043,1,0,2641.79,2155.97,0.05
I001288_1,O001288,P103,1,1,3558.53,3087.95,0.1
I001289_1,O001289,P029,1,0,3110.41,2642.14,0.0
I001289_2,O001289,P075,1,0,862.66,632.05,0.05
I001290_1,O001290,P095,1,0,3418.35,2194.24,0.05
I001290_2,O001290,P027,1,0,2104.11,1900.67,0.2
I001291_1,O001291,P039,1,0,3104.81,1842.48,0.0
I001291_2,O001291,P119,1,0,624.82,550.1,0.3
I001292_1,O001292,P117,1,0,1489.96,1301.63,0.0
I001292_2,O001292,P095,2,0,3372.01,2194.24,0.0
I001293_1,O001293,P010,1,0,717.95,468.72,0.0
I001294_1,O001294,P074,1,0,2681.36,2093.66,0.3
I001295_1,O001295,P082,1,0,2414.17,1528.85,0.0
I001296_1,O001296,P069,1,0,2904.65,2596.65,0.0
I001297_1,O001297,P040,1,0,2266.74,1719.58,0.05
I001297_2,O001297,P117,1,0,1602.69,1301.63,0.2
I001297_3,O001297,P048,1,0,2384.09,2064.58,0.0
I001298_1,O001298,P070,1,0,3400.11,2889.93,0.1
I001298_2,O001298,P015,1,0,2092.77,1639.7,0.2
I001299_1,O001299,P011,1,0,690.2,470.48,0.0
I001300_1,O001300,P063,2,0,2258.81,1328.53,0.0
I001300_2,O001300,P034,1,1,690.87,551.76,0.1
I001301_1,O001301,P102,1,0,3210.78,2068.63,0.05
I001302_1,O001302,P070,1,0,3711.92,2889.93,0.05
I001303_1,O001303,P070,1,0,3741.1,2889.93,0.1
I001303_2,O001303,P025,1,0,725.61,526.03,0.05
I001303_3,O001303,P105,1,0,1289.81,1048.44,0.0
I001304_1,O001304,P051,1,0,2565.01,1856.67,0.1
I001304_2,O001304,P074,1,0,2742.78,2093.66,0.0
I001304_3,O001304,P042,1,0,3625.59,2480.29,0.0
I001305_1,O001305,P094,1,0,2861.16,1716.82,0.05
I001305_2,O001305,P076,2,0,2577.58,1928.31,0.0
I001305_3,O001305,P062,1,0,1112.17,934.97,0.0
I001306_1,O001306,P085,1,0,698.68,482.52,0.1
I001307_1,O001307,P019,2,0,2633.11,1463.41,0.0
I001308_1,O001308,P120,1,0,3457.88,2258.38,0.0
I001309_1,O001309,P108,1,0,1077.94,757.54,0.05
I001309_2,O001309,P020,1,0,3544.03,2726.34,0.0
I001310_1,O001310,P087,1,0,1840.62,1487.18,0.0
I001311_1,O001311,P056,2,0,720.01,467.73,0.0
I001312_1,O001312,P052,1,0,2664.41,2232.75,0.2
I001313_1,O001313,P001,2,2,825.48,503.11,0.1
I001314_1,O001314,P048,1,0,2669.16,2064.58,0.0
I001315_1,O001315,P096,1,0,3336.17,1989.35,0.0
I001316_1,O001316,P094,1,0,2936.07,1716.82,0.05
I001316_2,O001316,P056,1,0,703.13,467.73,0.0
I001317_1,O001317,P018,1,0,3073.48,1861.03,0.0
I001317_2,O001317,P033,1,0,2734.64,2420.38,0.0
I001318_1,O001318,P082,1,0,2323.69,1528.85,0.1
I001318_2,O001318,P043,1,0,2629.37,2155.97,0.0
I001319_1,O001319,P037,1,0,773.52,604.48,0.1
I001320_1,O001320,P054,1,0,344.53,290.26,0.0
I001320_2,O001320,P082,2,0,2240.0,1528.85,0.0
I001321_1,O001321,P089,2,0,2724.72,1691.26,0.1
I001322_1,O001322,P038,3,0,2588.61,1939.6,0.0
I001322_2,O001322,P105,3,0,1281.15,1048.44,0.1
I001323_1,O001323,P027,2,0,2258.35,1900.67,0.0
I001324_1,O001324,P060,1,0,3380.69,2190.75,0.05
I001324_2,O001324,P014,1,0,1454.47,956.53,0.2
I001324_3,O001324,P029,1,0,3069.65,2642.14,0.05
I001325_1,O001325,P031,3,0,286.21,221.16,0.05
I001326_1,O001326,P033,1,0,2754.88,2420.38,0.1
I001327_1,O001327,P001,1,0,775.78,503.11,0.0
I001328_1,O001328,P115,1,0,2794.12,1821.73,0.3
I001329_1,O001329,P014,3,0,1346.46,956.53,0.0
I001329_2,O001329,P105,1,0,1226.95,1048.44,0.1
I001330_1,O001330,P108,1,0,1145.78,757.54,0.0
I001331_1,O001331,P045,2,0,1671.69,1393.5,0.0
I001331_2,O001331,P043,2,0,2491.71,2155.97,0.3
I001332_1,O001332,P118,1,0,1209.81,778.87,0.0
I001332_2,O001332,P064,2,0,238.64,140.8,0.1
I001332_3,O001332,P067,1,0,1138.96,736.87,0.0
I001333_1,O001333,P021,1,0,3297.0,2007.08,0.0
I001333_2,O001333,P001,1,0,737.44,503.11,0.0
I001333_3,O001333,P102,1,0,3509.58,2068.63,0.0
I001334_1,O001334,P005,2,0,2333.13,1891.99,0.05
I001334_2,O001334,P108,1,0,1094.76,757.54,0.0
I001335_1,O001335,P022,1,0,1932.05,1361.4,0.1
I001336_1,O001336,P087,1,0,1825.8,1487.18,0.05
I001336_2,O001336,P053,1,0,2907.72,2330.08,0.05
I001336_3,O001336,P021,1,0,3253.12,2007.08,0.05
I001337_1,O001337,P037,1,0,736.59,604.48,0.2
I001338_1,O001338,P037,1,0,765.5,604.48,0.0
I001338_2,O001338,P108,1,0,1089.06,757.54,0.05
I001339_1,O001339,P022,1,0,2179.58,1361.4,0.0
I001340_1,O001340,P032,1,0,816.69,692.6,0.1
I001341_1,O001341,P071,1,0,2040.88,1171.43,0.0
I001342_1,O001342,P043,1,0,2560.15,2155.97,0.1
I001342_2,O001342,P069,1,0,3059.19,2596.65,0.1
I001343_1,O001343,P040,1,0,2151.2,1719.58,0.0
I001343_2,O001343,P041,2,0,1730.36,1272.83,0.0
I001343_3,O001343,P021,1,0,2959.15,2007.08,0.0
I001344_1,O001344,P059,2,0,2743.22,2284.02,0.05
I001345_1,O001345,P070,1,0,3464.35,2889.93,0.2
I001346_1,O001346,P061,1,0,2676.67,1810.66,0.0
I001346_2,O001346,P044,1,0,2285.74,1529.57,0.0
I001347_1,O001347,P120,2,2,3298.82,2258.38,0.0
I001347_2,O001347,P002,1,0,2596.66,2136.38,0.0
I001348_1,O001348,P032,2,0,889.36,692.6,0.05
I001349_1,O001349,P012,1,0,3421.0,2599.93,0.2
I001350_1,O001350,P025,1,0,770.72,526.03,0.0
I001351_1,O001351,P111,1,0,1180.73,738.87,0.1
I001351_2,O001351,P119,1,0,637.54,550.1,0.3
I001352_1,O001352,P057,2,0,2932.79,1751.13,0.0
I001353_1,O001353,P007,1,0,2792.18,2152.99,0.0
I001353_2,O001353,P070,1,0,3368.59,2889.93,0.2
I001354_1,O001354,P113,2,0,2312.74,1457.19,0.0
I001355_1,O001355,P037,3,0,788.99,604.48,0.1
I001355_2,O001355,P079,1,0,2154.83,1780.27,0.0
I001355_3,O001355,P091,1,0,831.47,567.3,0.2
I001356_1,O001356,P010,2,0,697.3,468.72,0.0
I001356_2,O001356,P071,1,1,1872.57,1171.43,0.0
I001357_1,O001357,P014,2,0,1547.13,956.53,0.0
I001357_2,O001357,P046,1,0,228.25,119.22,0.05
I001358_1,O001358,P117,1,0,1482.7,1301.63,0.0
I001359_1,O001359,P044,3,0,2218.91,1529.57,0.05
I001360_1,O001360,P073,1,0,3158.07,2517.93,0.05
I001360_2,O001360,P075,1,0,811.48,632.05,0.0
I001361_1,O001361,P038,2,0,2313.44,1939.6,0.0
I001361_2,O001361,P002,1,0,2809.17,2136.38,0.1
I001362_1,O001362,P094,1,0,2616.16,1716.82,0.2
I001362_2,O001362,P051,1,0,2756.64,1856.67,0.1
I001363_1,O001363,P002,1,0,2793.78,2136.38,0.05
I001364_1,O001364,P016,1,0,2813.1,2126.82,0.2
I001365_1,O001365,P112,1,0,1603.92,1059.45,0.0
I001366_1,O001366,P013,1,0,1851.61,1078.11,0.05
I001366_2,O001366,P001,2,0,780.77,503.11,0.2
I001367_1,O001367,P075,1,0,879.91,632.05,0.05
I001367_2,O001367,P113,1,0,2409.2,1457.19,0.0
I001368_1,O001368,P120,1,0,3650.69,2258.38,0.2
I001368_2,O001368,P030,1,0,2677.09,1879.56,0.2
I001369_1,O001369,P036,1,0,2554.86,2239.64,0.05
I001369_2,O001369,P030,1,0,2749.6,1879.56,0.2
I001369_3,O001369,P054,1,0,342.0,290.26,0.05
I001370_1,O001370,P088,1,0,286.09,167.15,0.05
I001371_1,O001371,P022,1,0,2156.52,1361.4,0.1
I001372_1,O001372,P058,2,0,1078.86,974.82,0.2
I001373_1,O001373,P095,1,0,3477.72,2194.24,0.1
I001374_1,O001374,P084,1,0,1178.08,785.13,0.05
I001375_1,O001375,P043,3,0,2479.56,2155.97,0.1
I001375_2,O001375,P060,1,0,3233.17,2190.75,0.0
I001376_1,O001376,P005,1,0,2457.7,1891.99,0.05
I001377_1,O001377,P016,2,0,2790.41,2126.82,0.05
I001378_1,O001378,P002,1,0,2785.74,2136.38,0.0
I001379_1,O001379,P104,2,0,846.2,640.45,0.1
I001380_1,O001380,P106,1,0,2768.34,2402.81,0.0
I001380_2,O001380,P018,2,0,2822.07,1861.03,0.1
I001381_1,O001381,P076,1,0,2699.98,1928.31,0.1
I001381_2,O001381,P053,1,0,3093.86,2330.08,0.0
I001382_1,O001382,P066,1,0,585.28,449.79,0.05
I001382_2,O001382,P090,1,0,1733.62,1197.25,0.05
I001383_1,O001383,P088,1,1,315.75,167.15,0.05
I001384_1,O001384,P007,1,0,2840.0,2152.99,0.0
I001384_2,O001384,P066,1,0,607.72,449.79,0.05
I001384_3,O001384,P106,2,0,2759.81,2402.81,0.0
I001385_1,O001385,P007,1,0,2604.13,2152.99,0.05
I001386_1,O001386,P070,1,0,3508.47,2889.93,0.0
I001386_2,O001386,P013,1,0,1661.77,1078.11,0.05
I001387_1,O001387,P063,1,0,2309.04,1328.53,0.2
I001388_1,O001388,P050,1,0,1201.37,748.37,0.2
I001388_2,O001388,P045,1,0,1667.4,1393.5,0.05
I001389_1,O001389,P120,1,0,3497.38,2258.38,0.05
I001390_1,O001390,P108,1,0,1157.89,757.54,0.05
I001391_1,O001391,P079,1,0,2230.24,1780.27,0.0
I001392_1,O001392,P054,2,0,349.7,290.26,0.1
I001392_2,O001392,P029,1,0,2912.87,2642.14,0.2
I001393_1,O001393,P015,1,0,2092.27,1639.7,0.1
I001394_1,O001394,P029,2,0,3218.83,2642.14,0.05
I001395_1,O001395,P080,1,0,845.58,706.47,0.2
I001396_1,O001396,P086,1,0,559.03,301.67,0.0
I001397_1,O001397,P073,1,0,3094.66,2517.93,0.0
I001397_2,O001397,P109,2,0,2334.57,1696.43,0.1
I001398_1,O001398,P064,2,0,254.57,140.8,0.3
I001398_2,O001398,P066,1,0,561.64,449.79,0.0
I001399_1,O001399,P074,1,0,2729.06,2093.66,0.2
I001400_1,O001400,P103,1,0,3516.48,3087.95,0.1
I001401_1,O001401,P113,1,0,2133.76,1457.19,0.05
I001402_1,O001402,P083,1,1,983.86,674.18,0.1
I001402_2,O001402,P117,1,0,1471.11,1301.63,0.3
I001403_1,O001403,P079,1,0,2346.87,1780.27,0.0
I001403_2,O001403,P019,1,0,2371.4,1463.41,0.2
I001404_1,O001404,P013,1,0,1734.04,1078.11,0.0
I001404_2,O001404,P024,1,0,3075.19,2312.84,0.0
I001405_1,O001405,P102,1,0,3572.92,2068.63,0.1
I001406_1,O001406,P019,1,0,2512.15,1463.41,0.0
I001406_2,O001406,P099,2,1,1069.11,579.06,0.05
I001407_1,O001407,P075,2,0,856.73,632.05,0.1
I001408_1,O001408,P021,1,0,3070.03,2007.08,0.1
I001408_2,O001408,P029,1,0,3101.86,2642.14,0.05
I001408_3,O001408,P070,1,0,3717.03,2889.93,0.05
I001409_1,O001409,P031,3,3,308.36,221.16,0.2
I001410_1,O001410,P099,1,0,1038.09,579.06,0.0
I001411_1,O001411,P061,1,0,2880.09,1810.66,0.0
I001411_2,O001411,P097,1,1,534.33,385.34,0.1
I001412_1,O001412,P048,1,1,2370.82,2064.58,0.05
I001412_2,O001412,P014,2,0,1536.95,956.53,0.05
I001412_3,O001412,P054,1,0,360.44,290.26,0.1
I001413_1,O001413,P116,1,1,2731.33,2344.15,0.1
I001413_2,O001413,P052,2,0,2645.21,2232.75,0.2
I001414_1,O001414,P114,2,0,1140.26,699.07,0.0
I001415_1,O001415,P102,2,0,3505.31,2068.63,0.2
I001415_2,O001415,P069,2,0,2916.97,2596.65,0.0
I001416_1,O001416,P061,1,0,2786.86,1810.66,0.0
I001417_1,O001417,P020,3,0,3569.55,2726.34,0.0
I001418_1,O001418,P092,1,0,2468.06,1883.6,0.0
I001418_2,O001418,P043,1,0,2500.19,2155.97,0.0
I001419_1,O001419,P008,1,0,3174.33,2190.37,0.1
I001419_2,O001419,P109,1,0,2206.29,1696.43,0.0
I001420_1,O001420,P068,2,2,3533.62,1829.36,0.0
I001420_2,O001420,P061,1,0,2701.43,1810.66,0.1
I001421_1,O001421,P040,1,0,2153.72,1719.58,0.1
I001421_2,O001421,P113,1,0,2243.01,1457.19,0.2
I001422_1,O001422,P093,1,1,1061.82,614.67,0.0
I001422_2,O001422,P083,1,1,869.11,674.18,0.0
I001423_1,O001423,P086,1,0,550.74,301.67,0.0
I001423_2,O001423,P053,1,0,2822.06,2330.08,0.0
I001424_1,O001424,P108,1,0,1103.75,757.54,0.1
I001425_1,O001425,P064,1,0,242.39,140.8,0.0
I001426_1,O001426,P101,1,0,402.4,290.92,0.0
I001427_1,O001427,P114,1,0,1081.08,699.07,0.0
I001428_1,O001428,P007,1,0,2588.69,2152.99,0.1
I001428_2,O001428,P050,1,0,1162.2,748.37,0.3
I001429_1,O001429,P072,1,0,1651.83,1369.26,0.1
I001429_2,O001429,P082,1,0,2307.4,1528.85,0.0
I001430_1,O001430,P096,3,0,3048.61,1989.35,0.1
I001431_1,O001431,P049,2,0,2610.81,1767.67,0.05
I001432_1,O001432,P049,1,0,2757.13,1767.67,0.3
I001432_2,O001432,P040,1,0,2172.94,1719.58,0.1
I001433_1,O001433,P010,1,0,717.36,468.72,0.0
I001433_2,O001433,P043,1,0,2634.21,2155.97,0.05
I001434_1,O001434,P081,1,0,3159.23,2035.71,0.1
I001434_2,O001434,P093,2,0,1110.56,614.67,0.0
I001435_1,O001435,P089,1,0,2705.76,1691.26,0.0
I001436_1,O001436,P074,1,0,2801.16,2093.66,0.1
I001437_1,O001437,P117,1,0,1658.52,1301.63,0.0
I001437_2,O001437,P016,1,0,2747.43,2126.82,0.2
I001438_1,O001438,P053,2,0,2858.32,2330.08,0.1
I001438_2,O001438,P087,2,0,1800.19,1487.18,0.0
I001438_3,O001438,P052,1,1,2518.09,2232.75,0.05
I001439_1,O001439,P027,1,0,2038.9,1900.67,0.3
I001439_2,O001439,P114,1,0,1036.58,699.07,0.05
I001440_1,O001440,P011,2,0,693.12,470.48,0.1
I001440_2,O001440,P081,3,0,3258.12,2035.71,0.2
I001440_3,O001440,P004,3,0,3255.97,2449.64,0.0
I001441_1,O001441,P048,1,0,2575.89,2064.58,0.1
I001441_2,O001441,P084,1,0,1183.25,785.13,0.05
I001441_3,O001441,P004,1,0,3136.42,2449.64,0.05
I001442_1,O001442,P031,1,0,295.48,221.16,0.1
I001443_1,O001443,P077,1,0,3067.82,2738.96,0.0
I001444_1,O001444,P104,2,2,851.38,640.45,0.05
I001445_1,O001445,P120,2,0,3298.32,2258.38,0.0
I001446_1,O001446,P044,1,0,2225.57,1529.57,0.0
I001447_1,O001447,P032,2,0,871.38,692.6,0.2
I001448_1,O001448,P114,2,0,1141.44,699.07,0.1
I001449_1,O001449,P092,1,0,2642.63,1883.6,0.2
I001449_2,O001449,P116,1,0,2770.53,2344.15,0.05
I001450_1,O001450,P099,1,0,1056.7,579.06,0.2
I001451_1,O001451,P101,1,0,443.98,290.92,0.05
I001451_2,O001451,P105,1,0,1326.87,1048.44,0.0
I001452_1,O001452,P075,3,0,858.65,632.05,0.05
I001452_2,O001452,P062,1,0,1157.99,934.97,0.0
I001452_3,O001452,P105,1,0,1222.5,1048.44,0.0
I001453_1,O001453,P099,1,0,1023.69,579.06,0.0
I001453_2,O001453,P011,1,0,683.35,470.48,0.0
I001454_1,O001454,P053,3,0,2966.53,2330.08,0.0
I001455_1,O001455,P044,2,0,2244.05,1529.57,0.1
I001455_2,O001455,P018,2,0,3074.48,1861.03,0.05
I001456_1,O001456,P116,1,0,2711.28,2344.15,0.1
I001456_2,O001456,P120,1,0,3494.89,2258.38,0.1
I001457_1,O001457,P050,1,0,1268.46,748.37,0.1
I001457_2,O001457,P034,1,0,698.22,551.76,0.1
I001458_1,O001458,P075,1,0,861.1,632.05,0.05
I001459_1,O001459,P107,1,0,821.82,517.21,0.0
I001460_1,O001460,P099,2,2,1080.53,579.06,0.2
I001461_1,O001461,P086,1,0,551.32,301.67,0.05
I001462_1,O001462,P014,1,0,1534.68,956.53,0.0
I001462_2,O001462,P070,1,0,3542.9,2889.93,0.1
I001463_1,O001463,P030,1,0,2571.5,1879.56,0.0
I001463_2,O001463,P020,1,0,3359.48,2726.34,0.0
I001463_3,O001463,P082,1,0,2217.68,1528.85,0.0
I001464_1,O001464,P113,1,0,2324.46,1457.19,0.3
I001465_1,O001465,P025,1,0,712.2,526.03,0.0
I001466_1,O001466,P074,1,0,2535.69,2093.66,0.05
I001466_2,O001466,P004,2,0,3003.34,2449.64,0.05
I001467_1,O001467,P010,1,0,716.14,468.72,0.2
I001467_2,O001467,P075,1,0,849.73,632.05,0.05
I001468_1,O001468,P050,1,0,1136.17,748.37,0.2
I001469_1,O001469,P002,1,0,2599.77,2136.38,0.2
I001470_1,O001470,P045,1,0,1757.56,1393.5,0.05
I001471_1,O001471,P044,2,0,2263.67,1529.57,0.0
I001472_1,O001472,P023,1,0,2256.01,1316.59,0.0
I001472_2,O001472,P088,1,1,290.18,167.15,0.1
I001473_1,O001473,P099,1,0,1110.93,579.06,0.0
I001474_1,O001474,P004,1,0,3330.41,2449.64,0.0
I001474_2,O001474,P013,3,0,1724.27,1078.11,0.05
I001475_1,O001475,P011,3,0,683.89,470.48,0.05
I001475_2,O001475,P031,1,0,283.35,221.16,0.0
I001476_1,O001476,P052,2,0,2728.04,2232.75,0.0
I001476_2,O001476,P096,1,0,3372.11,1989.35,0.1
I001477_1,O001477,P118,1,0,1311.74,778.87,0.0
I001478_1,O001478,P095,1,0,3455.87,2194.24,0.05
I001479_1,O001479,P004,1,0,3163.77,2449.64,0.1
I001480_1,O001480,P088,1,0,324.82,167.15,0.05
I001481_1,O001481,P097,1,0,522.74,385.34,0.1
I001481_2,O001481,P094,1,0,2716.84,1716.82,0.0
I001481_3,O001481,P003,1,0,662.32,593.8,0.05
I001482_1,O001482,P065,2,0,2578.78,1840.19,0.0
I001482_2,O001482,P029,1,0,2908.82,2642.14,0.3
I001483_1,O001483,P052,1,0,2722.51,2232.75,0.1
I001483_2,O001483,P042,1,0,3687.74,2480.29,0.0
I001483_3,O001483,P073,1,1,2968.1,2517.93,0.2
I001484_1,O001484,P036,2,0,2658.5,2239.64,0.05
I001484_2,O001484,P084,1,0,1228.53,785.13,0.0
I001485_1,O001485,P028,1,0,1420.19,1251.02,0.0
I001486_1,O001486,P051,2,0,2509.09,1856.67,0.0
I001487_1,O001487,P060,1,0,3316.28,2190.75,0.05
I001487_2,O001487,P029,1,0,3031.82,2642.14,0.0
I001488_1,O001488,P001,1,0,757.93,503.11,0.05
I001488_2,O001488,P022,1,0,2169.07,1361.4,0.0
I001488_3,O001488,P088,1,0,323.77,167.15,0.1
I001489_1,O001489,P007,1,0,2785.85,2152.99,0.0
I001489_2,O001489,P041,1,0,1747.16,1272.83,0.1
I001489_3,O001489,P118,1,0,1305.45,778.87,0.05
I001490_1,O001490,P038,1,0,2605.2,1939.6,0.1
I001490_2,O001490,P005,1,0,2168.08,1891.99,0.0
I001491_1,O001491,P037,2,0,838.89,604.48,0.0
I001491_2,O001491,P087,1,0,1800.05,1487.18,0.0
I001492_1,O001492,P028,1,0,1575.89,1251.02,0.0
I001492_2,O001492,P060,1,0,3463.24,2190.75,0.05
I001492_3,O001492,P038,1,1,2331.13,1939.6,0.1
I001493_1,O001493,P053,1,0,3024.45,2330.08,0.05
I001493_2,O001493,P044,1,0,2290.91,1529.57,0.05
I001493_3,O001493,P071,2,0,2097.82,1171.43,0.1
I001494_1,O001494,P074,2,0,2776.57,2093.66,0.0
I001495_1,O001495,P030,1,0,2703.38,1879.56,0.0
I001495_2,O001495,P010,1,0,733.95,468.72,0.2
I001496_1,O001496,P082,1,0,2190.06,1528.85,0.05
I001497_1,O001497,P087,1,0,1952.61,1487.18,0.2
I001497_2,O001497,P024,1,1,3320.95,2312.84,0.05
I001498_1,O001498,P062,1,0,1219.27,934.97,0.1
I001499_1,O001499,P108,2,0,1152.56,757.54,0.0
I001499_2,O001499,P103,1,0,3670.42,3087.95,0.05
I001499_3,O001499,P066,1,0,564.84,449.79,0.0
I001500_1,O001500,P050,1,0,1198.98,748.37,0.2
I001501_1,O001501,P120,1,0,3518.91,2258.38,0.1
I001501_2,O001501,P061,1,0,2534.46,1810.66,0.0
I001502_1,O001502,P098,1,0,353.56,210.13,0.2
I001502_2,O001502,P011,1,0,700.77,470.48,0.1
I001503_1,O001503,P037,2,0,745.52,604.48,0.2
I001504_1,O001504,P076,1,0,2467.71,1928.31,0.2
I001504_2,O001504,P101,2,0,430.11,290.92,0.05
I001505_1,O001505,P094,2,0,2923.55,1716.82,0.0
I001505_2,O001505,P084,1,0,1090.02,785.13,0.0
I001505_3,O001505,P068,2,0,3137.98,1829.36,0.1
I001506_1,O001506,P120,1,0,3429.17,2258.38,0.05
I001507_1,O001507,P056,1,0,703.27,467.73,0.0
I001508_1,O001508,P063,1,0,2241.77,1328.53,0.0
I001509_1,O001509,P014,1,0,1368.95,956.53,0.1
I001510_1,O001510,P033,1,0,2802.02,2420.38,0.0
I001510_2,O001510,P006,1,0,3029.62,2483.13,0.0
I001511_1,O001511,P064,1,0,242.87,140.8,0.2
I001512_1,O001512,P045,2,0,1702.03,1393.5,0.3
I001513_1,O001513,P091,1,0,772.19,567.3,0.05
I001514_1,O001514,P025,1,0,803.61,526.03,0.1
I001514_2,O001514,P026,1,0,3157.04,2746.76,0.2
I001515_1,O001515,P024,1,0,3018.42,2312.84,0.0
I001516_1,O001516,P078,1,0,2882.43,1751.62,0.0
I001517_1,O001517,P110,1,0,556.76,387.41,0.0
I001518_1,O001518,P039,1,0,2922.17,1842.48,0.05
I001519_1,O001519,P098,1,0,338.62,210.13,0.2
I001519_2,O001519,P101,2,0,403.7,290.92,0.2
I001520_1,O001520,P076,1,0,2418.41,1928.31,0.05
I001521_1,O001521,P099,1,0,994.76,579.06,0.2
I001521_2,O001521,P052,1,1,2785.3,2232.75,0.1
I001522_1,O001522,P081,2,0,3262.57,2035.71,0.05
I001522_2,O001522,P031,2,0,299.09,221.16,0.0
I001523_1,O001523,P006,1,0,3132.22,2483.13,0.0
I001523_2,O001523,P002,1,0,2910.57,2136.38,0.0
I001524_1,O001524,P076,1,0,2577.85,1928.31,0.3
I001525_1,O001525,P019,2,0,2525.79,1463.41,0.0
I001526_1,O001526,P056,3,0,670.9,467.73,0.1
I001527_1,O001527,P089,2,0,2409.17,1691.26,0.0
I001528_1,O001528,P043,1,0,2611.33,2155.97,0.05
I001528_2,O001528,P037,1,0,822.65,604.48,0.0
I001529_1,O001529,P086,1,0,516.07,301.67,0.1
I001530_1,O001530,P023,1,0,2438.58,1316.59,0.1
I001530_2,O001530,P058,1,1,1046.95,974.82,0.1
I001531_1,O001531,P068,1,0,3111.21,1829.36,0.1
I001531_2,O001531,P009,1,0,192.64,142.71,0.0
I001531_3,O001531,P116,1,0,2779.43,2344.15,0.0
I001532_1,O001532,P034,1,0,648.76,551.76,0.3
I001533_1,O001533,P058,2,0,1062.61,974.82,0.1
I001533_2,O001533,P036,1,0,2481.1,2239.64,0.1
I001533_3,O001533,P118,1,0,1194.09,778.87,0.0
I001534_1,O001534,P081,2,0,3077.38,2035.71,0.2
I001535_1,O001535,P104,1,0,815.42,640.45,0.1
I001536_1,O001536,P073,1,0,3256.83,2517.93,0.0
I001537_1,O001537,P065,1,0,2493.09,1840.19,0.0
I001537_2,O001537,P066,1,0,569.52,449.79,0.2
I001538_1,O001538,P052,1,0,2849.3,2232.75,0.1
I001538_2,O001538,P010,1,0,682.47,468.72,0.0
I001539_1,O001539,P005,1,0,2359.48,1891.99,0.1
I001539_2,O001539,P001,1,0,764.34,503.11,0.2
I001539_3,O001539,P086,1,0,553.25,301.67,0.2
I001540_1,O001540,P036,2,0,2767.46,2239.64,0.05
I001540_2,O001540,P039,1,0,2903.0,1842.48,0.0
I001540_3,O001540,P108,1,1,1051.12,757.54,0.05
I001541_1,O001541,P033,2,0,2981.6,2420.38,0.0
I001542_1,O001542,P118,1,0,1192.42,778.87,0.0
I001543_1,O001543,P106,1,0,2610.75,2402.81,0.05
I001543_2,O001543,P019,1,0,2640.74,1463.41,0.1
I001544_1,O001544,P092,1,0,2458.44,1883.6,0.1
I001545_1,O001545,P067,1,0,1241.71,736.87,0.0
I001545_2,O001545,P094,1,0,2823.85,1716.82,0.0
I001546_1,O001546,P034,2,0,734.18,551.76,0.0
I001546_2,O001546,P044,2,0,2114.13,1529.57,0.0
I001547_1,O001547,P042,1,0,3523.46,2480.29,0.0
I001547_2,O001547,P007,1,1,2833.37,2152.99,0.1
I001548_1,O001548,P084,1,0,1239.14,785.13,0.1
I001549_1,O001549,P120,1,0,3604.24,2258.38,0.1
I001549_2,O001549,P074,1,0,2489.74,2093.66,0.2
I001549_3,O001549,P028,1,0,1414.97,1251.02,0.05
I001550_1,O001550,P071,1,0,1960.38,1171.43,0.2
I001551_1,O001551,P116,1,0,2792.26,2344.15,0.0
I001552_1,O001552,P091,1,0,802.39,567.3,0.05
I001552_2,O001552,P116,1,0,3005.16,2344.15,0.0
I001553_1,O001553,P048,1,0,2669.73,2064.58,0.2
I001554_1,O001554,P090,2,0,1773.42,1197.25,0.05
I001555_1,O001555,P037,1,0,746.89,604.48,0.0
I001556_1,O001556,P093,1,0,998.37,614.67,0.1
I001556_2,O001556,P083,2,0,928.63,674.18,0.0
I001557_1,O001557,P034,1,0,685.61,551.76,0.0
I001558_1,O001558,P097,1,0,538.58,385.34,0.05
I001558_2,O001558,P047,2,0,3269.66,2991.8,0.0
I001559_1,O001559,P093,1,0,976.11,614.67,0.0
I001560_1,O001560,P027,1,1,2036.57,1900.67,0.1
I001560_2,O001560,P035,1,0,2220.65,1657.14,0.2
I001560_3,O001560,P036,1,0,2637.22,2239.64,0.0
I001561_1,O001561,P059,2,2,2768.46,2284.02,0.0
I001562_1,O001562,P005,1,0,2366.5,1891.99,0.0
I001563_1,O001563,P064,1,0,234.51,140.8,0.2
I001563_2,O001563,P078,1,0,2873.78,1751.62,0.0
I001563_3,O001563,P012,1,1,3898.13,2599.93,0.1
I001564_1,O001564,P043,1,0,2504.18,2155.97,0.2
I001565_1,O001565,P038,1,0,2439.22,1939.6,0.05
I001566_1,O001566,P052,2,0,2866.04,2232.75,0.1
I001567_1,O001567,P082,1,0,2098.73,1528.85,0.0
I001567_2,O001567,P051,1,0,2789.33,1856.67,0.05
I001568_1,O001568,P094,1,1,2706.0,1716.82,0.1
I001569_1,O001569,P118,1,0,1170.64,778.87,0.0
I001569_2,O001569,P120,2,0,3658.88,2258.38,0.0
I001570_1,O001570,P106,1,1,2624.27,2402.81,0.0
I001571_1,O001571,P039,1,0,2751.46,1842.48,0.0
I001572_1,O001572,P039,1,0,2882.29,1842.48,0.0
I001573_1,O001573,P117,1,0,1550.11,1301.63,0.0
I001573_2,O001573,P044,1,0,2294.98,1529.57,0.3
I001573_3,O001573,P022,1,0,2082.22,1361.4,0.05
I001574_1,O001574,P085,1,0,745.25,482.52,0.0
I001574_2,O001574,P037,2,0,804.93,604.48,0.0
I001575_1,O001575,P087,2,0,1812.85,1487.18,0.1
I001576_1,O001576,P111,1,0,1053.07,738.87,0.2
I001577_1,O001577,P001,2,0,758.16,503.11,0.1
I001577_2,O001577,P077,1,0,3216.84,2738.96,0.2
I001578_1,O001578,P033,2,0,2957.54,2420.38,0.0
I001578_2,O001578,P095,1,0,3531.92,2194.24,0.0
I001578_3,O001578,P008,2,0,3292.51,2190.37,0.0
I001579_1,O001579,P080,1,0,819.01,706.47,0.1
I001579_2,O001579,P064,1,0,246.27,140.8,0.0
I001580_1,O001580,P076,2,0,2681.55,1928.31,0.1
I001581_1,O001581,P003,2,0,717.51,593.8,0.1
I001582_1,O001582,P047,1,0,3705.28,2991.8,0.0
I001582_2,O001582,P001,1,0,752.37,503.11,0.0
I001583_1,O001583,P090,2,0,1623.47,1197.25,0.05
I001584_1,O001584,P075,1,0,813.63,632.05,0.2
I001585_1,O001585,P060,2,0,3281.62,2190.75,0.0
I001585_2,O001585,P001,1,0,822.85,503.11,0.2
I001586_1,O001586,P025,2,0,756.78,526.03,0.2
I001587_1,O001587,P116,1,0,3012.16,2344.15,0.1
I001588_1,O001588,P083,2,0,895.35,674.18,0.05
I001589_1,O001589,P028,1,0,1517.94,1251.02,0.0
I001589_2,O001589,P039,1,0,2940.77,1842.48,0.2
I001590_1,O001590,P095,1,0,3278.29,2194.24,0.2
I001591_1,O001591,P041,1,0,1793.35,1272.83,0.3
I001591_2,O001591,P087,1,0,1990.27,1487.18,0.0
I001591_3,O001591,P079,1,0,2194.12,1780.27,0.1
I001592_1,O001592,P065,1,0,2635.22,1840.19,0.0
I001593_1,O001593,P011,1,0,681.84,470.48,0.1
I001594_1,O001594,P088,1,0,301.64,167.15,0.05
I001594_2,O001594,P035,1,0,2486.06,1657.14,0.2
I001595_1,O001595,P115,2,0,2466.59,1821.73,0.1
I001595_2,O001595,P002,2,0,2806.59,2136.38,0.0
I001596_1,O001596,P047,1,0,3682.67,2991.8,0.0
I001596_2,O001596,P010,1,0,769.51,468.72,0.0
I001597_1,O001597,P090,1,0,1720.26,1197.25,0.05
I001598_1,O001598,P042,1,0,3375.3,2480.29,0.1
I001599_1,O001599,P003,1,0,722.29,593.8,0.05
I001599_2,O001599,P055,1,0,1803.79,1250.56,0.05
I001600_1,O001600,P090,3,0,1808.78,1197.25,0.05
I001600_2,O001600,P032,1,0,881.55,692.6,0.2
I001600_3,O001600,P067,1,0,1229.07,736.87,0.05
I001601_1,O001601,P118,1,0,1325.41,778.87,0.0
I001601_2,O001601,P093,2,0,1082.03,614.67,0.0
I001602_1,O001602,P074,1,0,2611.03,2093.66,0.05
I001602_2,O001602,P027,1,0,2217.07,1900.67,0.1
I001603_1,O001603,P050,1,0,1226.15,748.37,0.3
I001604_1,O001604,P109,1,0,2320.33,1696.43,0.0
I001605_1,O001605,P076,1,0,2722.98,1928.31,0.1
I001606_1,O001606,P046,1,0,219.42,119.22,0.0
I001607_1,O001607,P087,1,0,1875.88,1487.18,0.0
I001608_1,O001608,P061,1,0,2781.24,1810.66,0.0
I001609_1,O001609,P093,2,0,1103.04,614.67,0.0
I001609_2,O001609,P011,1,1,711.78,470.48,0.3
I001610_1,O001610,P103,2,0,3780.64,3087.95,0.0
I001611_1,O001611,P011,2,0,668.82,470.48,0.0
I001612_1,O001612,P061,1,0,2645.45,1810.66,0.05
I001613_1,O001613,P012,2,0,3761.38,2599.93,0.2
I001614_1,O001614,P080,1,0,842.01,706.47,0.2
I001614_2,O001614,P028,2,0,1526.43,1251.02,0.0
I001615_1,O001615,P113,1,0,2135.88,1457.19,0.1
I001616_1,O001616,P108,1,1,1150.59,757.54,0.0
I001617_1,O001617,P042,1,0,3515.9,2480.29,0.05
I001617_2,O001617,P045,2,0,1577.05,1393.5,0.05
I001617_3,O001617,P038,1,0,2511.0,1939.6,0.1
I001618_1,O001618,P010,1,0,734.43,468.72,0.05
I001619_1,O001619,P060,1,0,3708.11,2190.75,0.0
I001620_1,O001620,P007,1,0,2642.0,2152.99,0.0
I001620_2,O001620,P023,1,0,2234.96,1316.59,0.2
I001621_1,O001621,P075,2,0,821.27,632.05,0.1
I001621_2,O001621,P078,1,0,2813.93,1751.62,0.05
I001622_1,O001622,P115,1,0,2503.63,1821.73,0.05
I001622_2,O001622,P065,1,0,2474.79,1840.19,0.3
I001623_1,O001623,P112,1,0,1608.07,1059.45,0.05
I001624_1,O001624,P020,1,0,3686.58,2726.34,0.0
I001625_1,O001625,P110,1,0,611.19,387.41,0.1
I001626_1,O001626,P086,1,0,557.64,301.67,0.3
I001627_1,O001627,P091,2,0,743.65,567.3,0.05
I001628_1,O001628,P120,1,0,3545.27,2258.38,0.1
I001629_1,O001629,P077,1,0,3067.74,2738.96,0.2
I001629_2,O001629,P037,1,0,766.55,604.48,0.0
I001630_1,O001630,P104,1,0,774.72,640.45,0.05
I001631_1,O001631,P099,2,0,1057.57,579.06,0.05
I001632_1,O001632,P016,1,0,2759.83,2126.82,0.0
I001632_2,O001632,P119,1,0,680.66,550.1,0.2
I001633_1,O001633,P080,1,0,888.95,706.47,0.05
I001634_1,O001634,P049,2,0,2528.01,1767.67,0.0
I001635_1,O001635,P022,1,0,2061.52,1361.4,0.0
I001636_1,O001636,P005,1,1,2144.63,1891.99,0.1
I001636_2,O001636,P078,1,0,2719.89,1751.62,0.0
I001637_1,O001637,P083,1,0,865.89,674.18,0.0
I001637_2,O001637,P111,1,0,1163.1,738.87,0.0
I001638_1,O001638,P108,1,0,1182.96,757.54,0.1
I001639_1,O001639,P096,1,0,3173.87,1989.35,0.0
I001639_2,O001639,P076,1,0,2704.5,1928.31,0.0
I001640_1,O001640,P079,2,0,2190.85,1780.27,0.1
I001640_2,O001640,P052,2,0,2788.76,2232.75,0.2
I001640_3,O001640,P056,3,0,718.35,467.73,0.0
I001641_1,O001641,P040,1,0,2227.1,1719.58,0.05
I001642_1,O001642,P086,1,1,579.02,301.67,0.0
I001643_1,O001643,P113,3,0,2381.11,1457.19,0.05
I001644_1,O001644,P007,1,0,2639.6,2152.99,0.0
I001644_2,O001644,P041,1,0,1770.75,1272.83,0.1
I001645_1,O001645,P045,1,0,1631.8,1393.5,0.0
I001645_2,O001645,P007,1,0,2489.04,2152.99,0.0
I001645_3,O001645,P097,1,0,559.16,385.34,0.0
I001646_1,O001646,P015,1,0,1902.65,1639.7,0.0
I001646_2,O001646,P025,1,0,799.66,526.03,0.0
I001647_1,O001647,P032,1,0,836.63,692.6,0.1
I001648_1,O001648,P006,1,0,2949.33,2483.13,0.2
I001648_2,O001648,P103,1,0,3719.18,3087.95,0.0
I001648_3,O001648,P067,1,0,1166.45,736.87,0.2
I001649_1,O001649,P060,1,0,3692.82,2190.75,0.2
I001650_1,O001650,P104,1,0,837.86,640.45,0.05
I001651_1,O001651,P001,1,0,739.69,503.11,0.05
I001652_1,O001652,P003,1,0,676.09,593.8,0.1
I001653_1,O001653,P082,1,0,2384.03,1528.85,0.0
I001653_2,O001653,P110,2,0,540.88,387.41,0.2
I001654_1,O001654,P006,1,0,2842.19,2483.13,0.05
I001655_1,O001655,P019,1,1,2660.97,1463.41,0.05
I001655_2,O001655,P056,2,0,641.08,467.73,0.0
I001655_3,O001655,P092,1,0,2411.31,1883.6,0.0
I001656_1,O001656,P014,1,0,1383.42,956.53,0.1
I001656_2,O001656,P107,1,0,868.25,517.21,0.05
I001657_1,O001657,P072,2,0,1685.62,1369.26,0.05
I001658_1,O001658,P035,1,0,2348.27,1657.14,0.0
I001658_2,O001658,P012,1,0,3676.96,2599.93,0.05
I001659_1,O001659,P106,1,0,2821.23,2402.81,0.2
I001660_1,O001660,P104,1,0,825.71,640.45,0.0
I001660_2,O001660,P023,1,0,2157.13,1316.59,0.0
I001660_3,O001660,P030,1,0,2425.82,1879.56,0.0
I001661_1,O001661,P044,1,0,2094.77,1529.57,0.0
I001662_1,O001662,P092,1,0,2671.36,1883.6,0.0
I001662_2,O001662,P019,1,1,2550.4,1463.41,0.05
I001663_1,O001663,P009,1,0,181.41,142.71,0.05
I001664_1,O001664,P113,2,0,2290.96,1457.19,0.2
I001664_2,O001664,P080,1,0,836.35,706.47,0.0
I001665_1,O001665,P051,1,0,2808.05,1856.67,0.2
I001665_2,O001665,P045,3,0,1766.86,1393.5,0.1
I001665_3,O001665,P041,1,0,1617.1,1272.83,0.0
I001666_1,O001666,P035,1,0,2260.61,1657.14,0.05
I001667_1,O001667,P101,1,0,434.05,290.92,0.0
I001667_2,O001667,P022,1,0,2139.56,1361.4,0.0
I001668_1,O001668,P085,1,0,714.77,482.52,0.0
I001669_1,O001669,P017,1,0,1859.83,1079.58,0.2
I001670_1,O001670,P094,1,0,2796.44,1716.82,0.05
I001670_2,O001670,P048,1,0,2621.8,2064.58,0.0
I001671_1,O001671,P105,1,0,1207.29,1048.44,0.0
I001672_1,O001672,P085,1,0,697.03,482.52,0.05
I001672_2,O001672,P049,1,0,2478.48,1767.67,0.0
I001673_1,O001673,P022,1,0,1934.9,1361.4,0.1
I001674_1,O001674,P071,1,0,1881.87,1171.43,0.0
I001674_2,O001674,P112,1,0,1439.31,1059.45,0.0
I001674_3,O001674,P006,1,1,3143.49,2483.13,0.05
I001675_1,O001675,P021,1,0,2914.24,2007.08,0.0
I001675_2,O001675,P072,1,0,1808.59,1369.26,0.1
I001675_3,O001675,P070,1,0,3755.04,2889.93,0.1
I001676_1,O001676,P030,1,0,2756.33,1879.56,0.05
I001677_1,O001677,P118,1,0,1289.03,778.87,0.2
I001678_1,O001678,P076,1,0,2581.34,1928.31,0.1
I001678_2,O001678,P021,2,0,3285.63,2007.08,0.0
I001679_1,O001679,P097,1,0,492.26,385.34,0.0
I001680_1,O001680,P055,1,0,1774.54,1250.56,0.0
I001681_1,O001681,P119,2,0,664.0,550.1,0.3
I001681_2,O001681,P036,1,0,2455.97,2239.64,0.2
I001682_1,O001682,P027,1,0,2195.61,1900.67,0.05
I001682_2,O001682,P049,1,0,2685.48,1767.67,0.0
I001683_1,O001683,P067,1,0,1138.88,736.87,0.05
I001684_1,O001684,P059,1,0,2597.63,2284.02,0.0
I001685_1,O001685,P065,2,0,2447.14,1840.19,0.2
I001685_2,O001685,P073,1,0,3262.34,2517.93,0.05
I001686_1,O001686,P119,1,0,634.43,550.1,0.0
I001686_2,O001686,P028,1,0,1588.55,1251.02,0.0
I001687_1,O001687,P026,2,0,3327.98,2746.76,0.2
I001688_1,O001688,P073,2,0,3190.36,2517.93,0.1
I001689_1,O001689,P066,1,0,560.23,449.79,0.0
I001690_1,O001690,P019,1,0,2670.49,1463.41,0.05
I001691_1,O001691,P117,1,0,1473.37,1301.63,0.0
I001692_1,O001692,P103,1,0,3830.56,3087.95,0.05
I001693_1,O001693,P018,2,1,3007.59,1861.03,0.05
I001694_1,O001694,P069,1,0,2965.05,2596.65,0.0
I001694_2,O001694,P046,1,0,221.58,119.22,0.2
I001694_3,O001694,P112,1,0,1447.16,1059.45,0.0
I001695_1,O001695,P017,1,0,1895.86,1079.58,0.0
I001695_2,O001695,P033,2,0,2697.63,2420.38,0.05
I001696_1,O001696,P009,2,0,181.69,142.71,0.0
I001696_2,O001696,P055,1,0,1787.18,1250.56,0.1
I001697_1,O001697,P097,1,0,513.34,385.34,0.2
I001698_1,O001698,P027,1,0,2193.18,1900.67,0.0
I001698_2,O001698,P053,2,0,3035.86,2330.08,0.2
I001699_1,O001699,P013,1,0,1718.45,1078.11,0.0
I001699_2,O001699,P051,1,0,2670.96,1856.67,0.0
I001700_1,O001700,P033,1,0,2648.44,2420.38,0.1
I001701_1,O001701,P053,1,0,2909.78,2330.08,0.0
I001702_1,O001702,P019,2,0,2652.76,1463.41,0.0
I001702_2,O001702,P063,2,0,2207.52,1328.53,0.0
I001702_3,O001702,P102,1,0,3343.76,2068.63,0.1
I001703_1,O001703,P108,2,0,1158.61,757.54,0.0
I001704_1,O001704,P005,1,0,2395.17,1891.99,0.0
I001705_1,O001705,P111,1,0,1197.55,738.87,0.05
I001705_2,O001705,P056,1,0,661.87,467.73,0.2
I001706_1,O001706,P074,1,0,2706.18,2093.66,0.1
I001707_1,O001707,P049,1,1,2834.3,1767.67,0.3
I001708_1,O001708,P102,1,0,3256.19,2068.63,0.1
I001708_2,O001708,P027,1,0,2153.79,1900.67,0.0
I001709_1,O001709,P039,1,0,2933.2,1842.48,0.0
I001709_2,O001709,P012,1,0,3649.82,2599.93,0.2
I001710_1,O001710,P110,1,0,577.2,387.41,0.0
I001711_1,O001711,P024,1,0,3152.96,2312.84,0.2
I001711_2,O001711,P018,1,0,2702.49,1861.03,0.05
I001712_1,O001712,P065,1,0,2314.83,1840.19,0.0
I001713_1,O001713,P096,1,0,3136.54,1989.35,0.3
I001714_1,O001714,P008,1,0,3275.46,2190.37,0.0
I001714_2,O001714,P104,1,0,824.31,640.45,0.0
I001715_1,O001715,P103,1,0,3540.29,3087.95,0.2
I001715_2,O001715,P119,1,0,623.03,550.1,0.0
I001716_1,O001716,P016,1,0,2614.79,2126.82,0.3
I001716_2,O001716,P031,1,0,291.14,221.16,0.05
I001717_1,O001717,P115,1,0,2691.93,1821.73,0.0
I001718_1,O001718,P106,2,0,2597.38,2402.81,0.0
I001719_1,O001719,P053,1,1,2947.42,2330.08,0.1
I001719_2,O001719,P010,1,0,682.58,468.72,0.05
I001720_1,O001720,P106,1,0,2880.15,2402.81,0.0
I001720_2,O001720,P103,1,0,3454.17,3087.95,0.0
I001721_1,O001721,P065,1,0,2343.0,1840.19,0.0
I001722_1,O001722,P088,2,0,324.18,167.15,0.0
I001723_1,O001723,P033,1,0,2692.3,2420.38,0.3
I001723_2,O001723,P080,1,0,859.73,706.47,0.0
I001724_1,O001724,P022,1,0,1933.27,1361.4,0.0
I001724_2,O001724,P056,3,0,707.26,467.73,0.05
I001725_1,O001725,P046,1,0,210.04,119.22,0.0
I001726_1,O001726,P041,1,0,1619.85,1272.83,0.2
I001727_1,O001727,P096,1,0,3254.68,1989.35,0.05
I001727_2,O001727,P050,1,0,1136.89,748.37,0.0
I001728_1,O001728,P004,2,0,3354.03,2449.64,0.0
I001728_2,O001728,P057,2,0,2704.43,1751.13,0.05
I001729_1,O001729,P030,2,0,2460.02,1879.56,0.1
I001729_2,O001729,P073,1,0,3068.68,2517.93,0.0
I001729_3,O001729,P100,1,0,2890.7,2560.83,0.05
I001730_1,O001730,P086,1,0,516.42,301.67,0.0
I001731_1,O001731,P116,1,0,2724.85,2344.15,0.0
I001732_1,O001732,P039,1,0,2739.26,1842.48,0.1
I001733_1,O001733,P015,1,0,1964.59,1639.7,0.2
I001734_1,O001734,P020,1,0,3566.06,2726.34,0.1
I001734_2,O001734,P115,1,0,2599.54,1821.73,0.0
I001734_3,O001734,P118,2,0,1244.01,778.87,0.05
I001735_1,O001735,P114,1,0,1135.44,699.07,0.1
I001736_1,O001736,P106,2,0,2746.2,2402.81,0.0
I001737_1,O001737,P112,1,0,1596.65,1059.45,0.0
I001738_1,O001738,P020,1,0,3600.75,2726.34,0.0
I001739_1,O001739,P098,1,0,323.98,210.13,0.05
I001739_2,O001739,P116,1,0,3022.45,2344.15,0.05
I001740_1,O001740,P048,2,0,2567.35,2064.58,0.0
I001740_2,O001740,P044,1,0,2110.89,1529.57,0.3
I001740_3,O001740,P057,2,2,2728.98,1751.13,0.1
I001741_1,O001741,P037,1,0,816.18,604.48,0.1
I001742_1,O001742,P031,1,0,298.39,221.16,0.0
I001743_1,O001743,P083,1,0,984.11,674.18,0.05
I001743_2,O001743,P100,1,0,2866.9,2560.83,0.1
I001744_1,O001744,P001,1,0,742.15,503.11,0.05
I001744_2,O001744,P016,1,1,2751.63,2126.82,0.0
I001745_1,O001745,P111,1,0,1157.88,738.87,0.1
I001745_2,O001745,P099,1,0,1105.1,579.06,0.0
I001746_1,O001746,P118,2,0,1223.6,778.87,0.0
I001746_2,O001746,P016,1,0,2624.02,2126.82,0.0
I001746_3,O001746,P024,1,0,3307.86,2312.84,0.05
I001747_1,O001747,P040,1,0,2165.52,1719.58,0.2
I001748_1,O001748,P062,1,0,1238.08,934.97,0.1
I001749_1,O001749,P030,1,0,2604.8,1879.56,0.2
I001750_1,O001750,P073,1,0,3046.76,2517.93,0.0
I001751_1,O001751,P046,1,0,220.46,119.22,0.0
I001751_2,O001751,P088,3,0,291.65,167.15,0.05
I001751_3,O001751,P074,1,0,2627.01,2093.66,0.1
I001752_1,O001752,P110,2,0,605.58,387.41,0.1
I001752_2,O001752,P079,1,0,2305.86,1780.27,0.2
I001752_3,O001752,P019,1,0,2560.18,1463.41,0.0
I001753_1,O001753,P006,1,0,3040.66,2483.13,0.05
I001753_2,O001753,P079,2,0,2205.77,1780.27,0.05
I001754_1,O001754,P032,1,0,829.94,692.6,0.05
I001754_2,O001754,P060,1,0,3337.7,2190.75,0.1
I001755_1,O001755,P064,1,0,255.62,140.8,0.0
I001756_1,O001756,P116,1,0,2732.54,2344.15,0.2
I001756_2,O001756,P005,1,0,2158.1,1891.99,0.0
I001757_1,O001757,P007,1,0,2565.67,2152.99,0.0
I001758_1,O001758,P043,1,0,2446.46,2155.97,0.0
I001759_1,O001759,P014,2,0,1497.75,956.53,0.0
I001759_2,O001759,P117,1,0,1533.48,1301.63,0.0
I001760_1,O001760,P028,1,0,1389.28,1251.02,0.1
I001760_2,O001760,P103,1,0,3585.09,3087.95,0.0
I001761_1,O001761,P087,1,0,1863.07,1487.18,0.0
I001762_1,O001762,P035,2,0,2395.07,1657.14,0.0
I001762_2,O001762,P063,1,0,2288.11,1328.53,0.0
I001763_1,O001763,P105,1,0,1287.01,1048.44,0.05
I001764_1,O001764,P120,1,0,3582.05,2258.38,0.0
I001764_2,O001764,P080,1,0,822.54,706.47,0.0
I001765_1,O001765,P019,1,0,2464.96,1463.41,0.1
I001765_2,O001765,P067,1,0,1223.19,736.87,0.0
I001766_1,O001766,P057,1,0,2832.37,1751.13,0.1
I001767_1,O001767,P036,1,0,2739.5,2239.64,0.2
I001767_2,O001767,P116,1,0,3004.91,2344.15,0.1
I001768_1,O001768,P024,1,0,3029.44,2312.84,0.05
I001769_1,O001769,P105,1,0,1270.42,1048.44,0.0
I001770_1,O001770,P006,1,0,3095.2,2483.13,0.0
I001770_2,O001770,P105,1,0,1217.89,1048.44,0.05
I001771_1,O001771,P096,1,1,3337.84,1989.35,0.2
I001771_2,O001771,P100,2,1,3121.84,2560.83,0.0
I001772_1,O001772,P076,2,0,2695.63,1928.31,0.1
I001773_1,O001773,P040,1,0,2215.82,1719.58,0.0
I001773_2,O001773,P039,1,0,3038.12,1842.48,0.0
I001773_3,O001773,P116,1,0,2997.3,2344.15,0.3
I001774_1,O001774,P037,1,0,757.67,604.48,0.0
I001774_2,O001774,P044,1,0,2207.05,1529.57,0.3
I001775_1,O001775,P065,2,0,2599.58,1840.19,0.1
I001775_2,O001775,P041,1,0,1775.19,1272.83,0.05
I001776_1,O001776,P117,1,0,1635.97,1301.63,0.3
I001777_1,O001777,P081,1,0,3347.41,2035.71,0.1
I001778_1,O001778,P047,2,0,3283.59,2991.8,0.0
I001779_1,O001779,P057,1,0,2850.75,1751.13,0.2
I001780_1,O001780,P028,1,0,1504.16,1251.02,0.05
I001780_2,O001780,P091,2,1,783.36,567.3,0.0
I001781_1,O001781,P098,1,0,361.22,210.13,0.0
I001782_1,O001782,P017,1,1,1819.4,1079.58,0.0
I001782_2,O001782,P107,1,0,830.73,517.21,0.0
I001783_1,O001783,P028,1,0,1462.15,1251.02,0.0
I001784_1,O001784,P078,1,0,2539.45,1751.62,0.0
I001785_1,O001785,P081,1,0,3094.07,2035.71,0.0
I001786_1,O001786,P058,1,0,1057.02,974.82,0.0
I001787_1,O001787,P055,1,0,1897.68,1250.56,0.1
I001787_2,O001787,P106,1,0,2795.43,2402.81,0.2
I001788_1,O001788,P031,1,0,291.25,221.16,0.05
I001788_2,O001788,P044,2,0,2132.42,1529.57,0.1
I001789_1,O001789,P067,1,0,1252.52,736.87,0.2
I001789_2,O001789,P014,1,0,1366.23,956.53,0.0
I001790_1,O001790,P036,1,0,2547.12,2239.64,0.1
I001790_2,O001790,P064,1,0,241.31,140.8,0.0
I001791_1,O001791,P010,1,0,783.31,468.72,0.1
I001792_1,O001792,P069,2,0,3146.0,2596.65,0.0
I001793_1,O001793,P005,1,0,2178.26,1891.99,0.1
I001793_2,O001793,P076,1,0,2645.59,1928.31,0.0
I001794_1,O001794,P077,1,0,3336.25,2738.96,0.0
I001794_2,O001794,P014,1,0,1411.33,956.53,0.05
I001795_1,O001795,P103,1,0,3662.01,3087.95,0.1
I001796_1,O001796,P035,1,0,2508.86,1657.14,0.0
I001796_2,O001796,P031,1,0,279.51,221.16,0.05
I001797_1,O001797,P055,2,0,1906.23,1250.56,0.05
I001797_2,O001797,P089,2,0,2630.75,1691.26,0.0
I001798_1,O001798,P070,1,0,3500.29,2889.93,0.0
I001798_2,O001798,P015,1,1,1979.84,1639.7,0.05
I001799_1,O001799,P104,2,0,844.65,640.45,0.0
I001800_1,O001800,P006,1,0,3064.84,2483.13,0.0
I001800_2,O001800,P107,1,0,811.23,517.21,0.1
I001801_1,O001801,P043,1,0,2458.31,2155.97,0.0
I001801_2,O001801,P072,1,0,1805.73,1369.26,0.1
I001802_1,O001802,P108,1,0,1156.04,757.54,0.0
I001803_1,O001803,P034,1,0,714.44,551.76,0.05
I001803_2,O001803,P061,1,0,2808.72,1810.66,0.1
I001804_1,O001804,P076,2,0,2594.06,1928.31,0.0
I001805_1,O001805,P003,1,0,658.45,593.8,0.0
I001806_1,O001806,P026,1,1,3146.74,2746.76,0.1
I001807_1,O001807,P003,2,0,646.67,593.8,0.2
I001807_2,O001807,P045,2,0,1586.69,1393.5,0.1
I001808_1,O001808,P047,1,0,3277.59,2991.8,0.1
I001809_1,O001809,P112,1,0,1573.83,1059.45,0.05
I001810_1,O001810,P055,3,0,1901.16,1250.56,0.1
I001810_2,O001810,P072,2,2,1639.86,1369.26,0.1
I001810_3,O001810,P005,1,0,2422.32,1891.99,0.1
I001811_1,O001811,P070,1,0,3588.41,2889.93,0.2
I001811_2,O001811,P099,1,0,988.35,579.06,0.05
I001812_1,O001812,P114,1,0,1021.77,699.07,0.1
I001812_2,O001812,P062,1,1,1182.47,934.97,0.0
I001813_1,O001813,P008,2,0,3094.2,2190.37,0.0
I001813_2,O001813,P087,2,0,1835.78,1487.18,0.0
I001813_3,O001813,P005,1,0,2370.61,1891.99,0.1
I001814_1,O001814,P098,2,0,331.74,210.13,0.0
I001814_2,O001814,P027,1,0,2259.99,1900.67,0.1
I001815_1,O001815,P120,1,0,3490.13,2258.38,0.2
I001815_2,O001815,P047,2,0,3254.19,2991.8,0.1
I001816_1,O001816,P056,1,0,632.92,467.73,0.2
I001816_2,O001816,P044,1,0,2320.47,1529.57,0.0
I001817_1,O001817,P090,2,0,1715.33,1197.25,0.1
I001817_2,O001817,P070,2,0,3562.3,2889.93,0.1
I001818_1,O001818,P095,1,0,3136.03,2194.24,0.0
I001819_1,O001819,P114,1,0,1009.29,699.07,0.0
I001819_2,O001819,P055,1,0,1771.36,1250.56,0.1
I001820_1,O001820,P020,1,0,3387.41,2726.34,0.0
I001821_1,O001821,P103,2,0,3811.36,3087.95,0.2
I001822_1,O001822,P093,1,0,982.74,614.67,0.2
I001823_1,O001823,P081,1,0,3269.24,2035.71,0.05
I001823_2,O001823,P041,2,0,1707.83,1272.83,0.05
I001824_1,O001824,P094,2,0,2988.24,1716.82,0.1
I001825_1,O001825,P070,1,0,3374.58,2889.93,0.1
I001826_1,O001826,P109,2,0,2333.95,1696.43,0.05
I001827_1,O001827,P057,1,0,2741.58,1751.13,0.0
I001828_1,O001828,P048,1,1,2429.91,2064.58,0.0
I001829_1,O001829,P015,1,0,1980.45,1639.7,0.05
I001829_2,O001829,P047,1,0,3655.7,2991.8,0.2
I001830_1,O001830,P043,1,0,2643.14,2155.97,0.0
I001831_1,O001831,P017,1,0,1948.77,1079.58,0.05
I001831_2,O001831,P065,1,0,2374.09,1840.19,0.1
I001831_3,O001831,P087,2,0,1837.71,1487.18,0.1
I001832_1,O001832,P090,1,0,1809.9,1197.25,0.2
I001832_2,O001832,P025,2,0,731.1,526.03,0.0
I001833_1,O001833,P060,1,0,3471.9,2190.75,0.0
I001833_2,O001833,P087,2,0,2025.11,1487.18,0.3
I001834_1,O001834,P118,2,0,1274.75,778.87,0.0
I001835_1,O001835,P064,1,0,263.04,140.8,0.0
I001836_1,O001836,P072,2,0,1854.42,1369.26,0.05
I001837_1,O001837,P016,1,0,2816.3,2126.82,0.3
I001837_2,O001837,P103,1,0,3649.0,3087.95,0.0
I001838_1,O001838,P026,1,0,3075.88,2746.76,0.05
I001839_1,O001839,P062,1,0,1225.87,934.97,0.1
I001840_1,O001840,P027,1,0,2204.09,1900.67,0.1
I001840_2,O001840,P049,1,0,2825.63,1767.67,0.0
I001840_3,O001840,P029,1,0,2929.51,2642.14,0.2
I001841_1,O001841,P023,1,0,2315.07,1316.59,0.05
I001842_1,O001842,P044,1,0,2053.64,1529.57,0.0
I001843_1,O001843,P060,1,0,3534.08,2190.75,0.05
I001844_1,O001844,P001,1,0,773.74,503.11,0.1
I001844_2,O001844,P044,1,0,2133.99,1529.57,0.0
I001844_3,O001844,P103,1,0,3478.08,3087.95,0.0
I001845_1,O001845,P001,1,0,758.71,503.11,0.0
I001846_1,O001846,P065,2,2,2607.2,1840.19,0.0
I001846_2,O001846,P027,1,0,2275.25,1900.67,0.1
I001846_3,O001846,P054,1,0,352.75,290.26,0.0
I001847_1,O001847,P019,1,0,2347.52,1463.41,0.0
I001848_1,O001848,P018,1,0,2854.77,1861.03,0.1
I001848_2,O001848,P037,1,0,739.57,604.48,0.0
I001849_1,O001849,P120,1,0,3317.95,2258.38,0.2
I001850_1,O001850,P096,1,0,3377.45,1989.35,0.05
I001851_1,O001851,P045,1,0,1686.86,1393.5,0.1
I001851_2,O001851,P119,1,0,603.05,550.1,0.2
I001852_1,O001852,P051,1,0,2668.36,1856.67,0.0
I001853_1,O001853,P058,1,0,1160.76,974.82,0.0
I001853_2,O001853,P086,1,0,572.85,301.67,0.0
I001854_1,O001854,P037,1,1,801.29,604.48,0.0
I001854_2,O001854,P117,1,0,1463.97,1301.63,0.05
I001855_1,O001855,P095,2,0,3200.28,2194.24,0.05
I001856_1,O001856,P022,1,0,2115.92,1361.4,0.0
I001857_1,O001857,P002,1,0,2636.31,2136.38,0.2
I001858_1,O001858,P043,1,0,2422.18,2155.97,0.05
I001859_1,O001859,P096,1,0,3137.35,1989.35,0.1
I001859_2,O001859,P007,1,0,2524.24,2152.99,0.05
I001860_1,O001860,P083,1,0,901.19,674.18,0.1
I001861_1,O001861,P006,1,0,2910.81,2483.13,0.0
I001862_1,O001862,P026,1,0,3005.59,2746.76,0.3
I001863_1,O001863,P010,1,0,687.64,468.72,0.2
I001864_1,O001864,P108,1,0,1113.33,757.54,0.0
I001864_2,O001864,P020,1,0,3245.45,2726.34,0.05
I001865_1,O001865,P027,1,0,2071.6,1900.67,0.1
I001865_2,O001865,P079,1,0,2347.4,1780.27,0.2
I001865_3,O001865,P024,1,0,2917.35,2312.84,0.1
I001866_1,O001866,P039,1,0,3092.17,1842.48,0.0
I001867_1,O001867,P025,1,0,713.51,526.03,0.0
I001868_1,O001868,P069,1,0,2991.31,2596.65,0.0
I001868_2,O001868,P062,1,0,1129.6,934.97,0.3
I001869_1,O001869,P111,1,0,1096.03,738.87,0.0
I001870_1,O001870,P025,2,0,780.07,526.03,0.0
I001870_2,O001870,P013,1,0,1784.62,1078.11,0.0
I001871_1,O001871,P078,1,0,2670.81,1751.62,0.05
I001871_2,O001871,P077,2,0,3153.99,2738.96,0.0
I001872_1,O001872,P051,1,0,2600.7,1856.67,0.05
I001872_2,O001872,P035,2,0,2208.74,1657.14,0.1
I001873_1,O001873,P094,2,0,2994.21,1716.82,0.0
I001874_1,O001874,P062,1,0,1161.19,934.97,0.0
I001874_2,O001874,P023,1,0,2225.96,1316.59,0.3
I001875_1,O001875,P028,1,1,1458.94,1251.02,0.05
I001875_2,O001875,P020,1,0,3477.35,2726.34,0.2
I001876_1,O001876,P035,2,0,2234.46,1657.14,0.05
I001876_2,O001876,P057,1,0,2627.84,1751.13,0.3
I001877_1,O001877,P066,1,0,610.82,449.79,0.0
I001877_2,O001877,P072,1,0,1795.73,1369.26,0.3
I001877_3,O001877,P100,1,0,3128.93,2560.83,0.0
I001878_1,O001878,P101,1,0,417.25,290.92,0.0
I001878_2,O001878,P087,1,0,1945.44,1487.18,0.05
I001879_1,O001879,P036,1,0,2468.36,2239.64,0.1
I001880_1,O001880,P108,2,0,1065.06,757.54,0.0
I001881_1,O001881,P042,1,0,3247.56,2480.29,0.0
I001882_1,O001882,P008,1,0,3237.86,2190.37,0.0
I001883_1,O001883,P021,1,0,3243.01,2007.08,0.1
I001884_1,O001884,P098,1,1,323.92,210.13,0.0
I001885_1,O001885,P099,1,0,1020.54,579.06,0.1
I001885_2,O001885,P038,1,0,2439.14,1939.6,0.2
I001886_1,O001886,P118,2,0,1335.28,778.87,0.3
I001886_2,O001886,P050,1,0,1198.01,748.37,0.0
I001886_3,O001886,P027,1,0,2058.28,1900.67,0.0
I001887_1,O001887,P067,1,0,1150.35,736.87,0.0
I001888_1,O001888,P008,1,0,3252.76,2190.37,0.0
I001888_2,O001888,P080,1,0,859.32,706.47,0.0
I001889_1,O001889,P001,2,0,808.6,503.11,0.05
I001889_2,O001889,P023,1,0,2405.09,1316.59,0.0
I001890_1,O001890,P099,1,0,1005.05,579.06,0.1
I001891_1,O001891,P088,1,0,302.34,167.15,0.2
I001892_1,O001892,P105,1,0,1244.01,1048.44,0.05
I001893_1,O001893,P051,1,0,2768.54,1856.67,0.05
I001894_1,O001894,P027,1,0,2198.11,1900.67,0.0
I001895_1,O001895,P069,1,0,2919.68,2596.65,0.0
I001895_2,O001895,P116,1,0,2776.62,2344.15,0.2
I001896_1,O001896,P018,1,0,3014.49,1861.03,0.1
I001897_1,O001897,P044,1,0,2112.58,1529.57,0.1
I001897_2,O001897,P096,1,0,3237.58,1989.35,0.0
I001898_1,O001898,P019,1,0,2578.57,1463.41,0.1
I001899_1,O001899,P032,1,0,789.66,692.6,0.0
I001899_2,O001899,P003,2,0,708.47,593.8,0.0
I001900_1,O001900,P050,1,0,1187.68,748.37,0.0
I001900_2,O001900,P119,1,0,638.19,550.1,0.3
I001901_1,O001901,P073,1,0,3253.46,2517.93,0.0
I001902_1,O001902,P040,1,0,2055.94,1719.58,0.05
I001902_2,O001902,P036,2,0,2602.86,2239.64,0.0
I001903_1,O001903,P071,3,0,2028.78,1171.43,0.05
I001904_1,O001904,P002,2,0,2810.67,2136.38,0.1
I001905_1,O001905,P043,1,0,2542.65,2155.97,0.0
I001905_2,O001905,P040,1,0,2267.57,1719.58,0.05
I001906_1,O001906,P096,1,0,3137.48,1989.35,0.2
I001907_1,O001907,P026,1,1,3107.97,2746.76,0.2
I001907_2,O001907,P110,2,0,610.8,387.41,0.0
I001908_1,O001908,P098,1,0,362.48,210.13,0.0
I001909_1,O001909,P109,1,1,2298.38,1696.43,0.05
I001910_1,O001910,P003,1,0,683.37,593.8,0.05
I001910_2,O001910,P057,1,0,2782.54,1751.13,0.05
I001910_3,O001910,P065,1,0,2549.97,1840.19,0.05
I001911_1,O001911,P025,1,0,752.27,526.03,0.1
I001911_2,O001911,P059,2,2,2505.98,2284.02,0.05
I001912_1,O001912,P013,2,0,1779.95,1078.11,0.0
I001912_2,O001912,P119,1,0,607.1,550.1,0.1
I001912_3,O001912,P060,1,0,3458.03,2190.75,0.0
I001913_1,O001913,P002,2,0,2962.99,2136.38,0.0
I001914_1,O001914,P104,1,0,810.35,640.45,0.0
I001915_1,O001915,P008,1,0,3328.72,2190.37,0.05
I001915_2,O001915,P022,1,0,1993.56,1361.4,0.1
I001916_1,O001916,P062,1,0,1134.3,934.97,0.1
I001916_2,O001916,P099,1,0,1091.88,579.06,0.0
I001917_1,O001917,P011,1,0,635.87,470.48,0.2
I001918_1,O001918,P048,1,0,2563.8,2064.58,0.05
I001918_2,O001918,P066,1,0,572.12,449.79,0.05
I001919_1,O001919,P111,2,0,1043.24,738.87,0.0
I001919_2,O001919,P035,1,0,2375.94,1657.14,0.0
I001920_1,O001920,P061,1,0,2887.6,1810.66,0.1
I001920_2,O001920,P015,1,0,1853.83,1639.7,0.0
I001921_1,O001921,P007,1,0,2544.09,2152.99,0.0
I001922_1,O001922,P022,1,0,2180.78,1361.4,0.0
I001923_1,O001923,P045,1,0,1622.62,1393.5,0.3
I001924_1,O001924,P004,1,0,3085.05,2449.64,0.0
I001925_1,O001925,P114,1,0,1056.45,699.07,0.05
I001925_2,O001925,P057,1,0,2780.76,1751.13,0.1
I001926_1,O001926,P009,1,0,193.11,142.71,0.1
I001926_2,O001926,P011,1,0,663.53,470.48,0.0
I001926_3,O001926,P120,1,0,3352.71,2258.38,0.05
I001927_1,O001927,P027,2,0,2306.29,1900.67,0.1
I001928_1,O001928,P011,1,1,661.31,470.48,0.3
I001929_1,O001929,P050,1,0,1141.18,748.37,0.1
I001929_2,O001929,P064,1,0,233.77,140.8,0.2
I001929_3,O001929,P085,2,0,663.08,482.52,0.05
I001930_1,O001930,P063,1,0,2311.72,1328.53,0.2
I001930_2,O001930,P019,1,0,2663.38,1463.41,0.2
I001931_1,O001931,P001,1,0,803.54,503.11,0.05
I001931_2,O001931,P066,2,0,573.55,449.79,0.0
I001932_1,O001932,P059,1,0,2638.6,2284.02,0.0
I001933_1,O001933,P041,1,0,1684.43,1272.83,0.05
I001933_2,O001933,P074,2,0,2750.63,2093.66,0.0
I001934_1,O001934,P091,1,0,825.96,567.3,0.0
I001935_1,O001935,P030,1,0,2773.69,1879.56,0.0
I001936_1,O001936,P042,1,0,3469.18,2480.29,0.05
I001937_1,O001937,P033,1,0,2779.98,2420.38,0.05
I001937_2,O001937,P090,1,0,1796.73,1197.25,0.05
I001937_3,O001937,P100,2,0,3045.79,2560.83,0.05
I001938_1,O001938,P107,1,0,834.27,517.21,0.0
I001939_1,O001939,P114,1,0,1085.92,699.07,0.0
I001940_1,O001940,P076,1,0,2445.29,1928.31,0.05
I001941_1,O001941,P026,1,0,3133.86,2746.76,0.0
I001942_1,O001942,P110,1,0,604.6,387.41,0.2
I001943_1,O001943,P058,1,0,1078.8,974.82,0.0
I001943_2,O001943,P102,1,0,3454.17,2068.63,0.05
I001944_1,O001944,P070,2,0,3507.72,2889.93,0.1
I001945_1,O001945,P048,2,0,2479.76,2064.58,0.2
I001945_2,O001945,P018,2,0,2722.64,1861.03,0.0
I001945_3,O001945,P090,1,0,1666.94,1197.25,0.0
I001946_1,O001946,P120,1,0,3671.57,2258.38,0.2
I001947_1,O001947,P002,1,0,2614.56,2136.38,0.1
I001947_2,O001947,P027,1,0,2156.31,1900.67,0.05
I001947_3,O001947,P021,1,0,3036.18,2007.08,0.0
I001948_1,O001948,P109,2,0,2247.18,1696.43,0.05
I001949_1,O001949,P028,1,0,1577.09,1251.02,0.1
I001949_2,O001949,P023,2,0,2249.95,1316.59,0.1
I001950_1,O001950,P098,1,0,333.44,210.13,0.0
I001951_1,O001951,P005,1,0,2451.13,1891.99,0.1
I001951_2,O001951,P086,1,0,555.03,301.67,0.0
I001952_1,O001952,P091,1,0,749.94,567.3,0.05
I001952_2,O001952,P072,2,0,1857.69,1369.26,0.05
I001953_1,O001953,P047,2,0,3474.99,2991.8,0.0
I001954_1,O001954,P078,2,0,2839.56,1751.62,0.0
I001955_1,O001955,P033,1,0,2879.78,2420.38,0.0
I001956_1,O001956,P002,1,0,2785.61,2136.38,0.1
I001956_2,O001956,P004,1,0,3231.4,2449.64,0.0
I001957_1,O001957,P006,1,1,2974.24,2483.13,0.0
I001958_1,O001958,P024,2,0,2949.38,2312.84,0.0
I001959_1,O001959,P117,2,0,1670.21,1301.63,0.05
I001959_2,O001959,P044,1,0,2124.74,1529.57,0.05
I001960_1,O001960,P081,3,0,3180.39,2035.71,0.0
I001961_1,O001961,P090,2,0,1651.07,1197.25,0.0
I001961_2,O001961,P021,1,0,3176.88,2007.08,0.05
I001962_1,O001962,P107,1,0,835.77,517.21,0.0
I001963_1,O001963,P027,1,0,2295.71,1900.67,0.0
I001964_1,O001964,P101,1,0,418.92,290.92,0.05
I001964_2,O001964,P004,1,0,3252.28,2449.64,0.05
I001965_1,O001965,P016,2,0,2931.96,2126.82,0.05
I001966_1,O001966,P069,2,0,2813.8,2596.65,0.0
I001967_1,O001967,P110,1,0,600.88,387.41,0.05
I001967_2,O001967,P063,1,0,2393.81,1328.53,0.1
I001967_3,O001967,P061,2,0,2551.8,1810.66,0.2
I001968_1,O001968,P052,1,0,2853.24,2232.75,0.0
I001968_2,O001968,P041,1,0,1737.64,1272.83,0.0
I001969_1,O001969,P113,1,0,2149.59,1457.19,0.1
I001970_1,O001970,P064,2,0,230.55,140.8,0.05
I001971_1,O001971,P088,1,0,314.05,167.15,0.2
I001972_1,O001972,P117,1,0,1640.08,1301.63,0.0
I001972_2,O001972,P018,2,0,2901.35,1861.03,0.1
I001973_1,O001973,P020,1,0,3243.23,2726.34,0.2
I001974_1,O001974,P049,1,0,2727.17,1767.67,0.1
I001975_1,O001975,P081,1,0,3141.86,2035.71,0.2
I001976_1,O001976,P001,1,0,784.57,503.11,0.1
I001976_2,O001976,P050,1,0,1254.6,748.37,0.1
I001977_1,O001977,P103,3,0,3541.9,3087.95,0.0
I001977_2,O001977,P007,2,0,2785.69,2152.99,0.0
I001978_1,O001978,P004,2,0,3207.92,2449.64,0.05
I001978_2,O001978,P095,1,0,3303.59,2194.24,0.05
I001979_1,O001979,P016,1,0,2624.37,2126.82,0.05
I001980_1,O001980,P063,1,0,2164.48,1328.53,0.1
I001981_1,O001981,P060,1,0,3325.74,2190.75,0.1
I001981_2,O001981,P085,1,0,671.29,482.52,0.0
I001982_1,O001982,P013,1,0,1804.29,1078.11,0.0
I001982_2,O001982,P081,1,0,3346.78,2035.71,0.2
I001982_3,O001982,P086,1,0,537.06,301.67,0.3
I001983_1,O001983,P022,1,0,1903.37,1361.4,0.0
I001984_1,O001984,P019,1,0,2410.11,1463.41,0.2
I001985_1,O001985,P100,2,0,2979.16,2560.83,0.1
I001986_1,O001986,P034,1,0,644.39,551.76,0.0
I001986_2,O001986,P056,3,0,640.42,467.73,0.1
I001987_1,O001987,P013,2,0,1855.68,1078.11,0.1
I001988_1,O001988,P003,1,1,703.56,593.8,0.1
I001989_1,O001989,P103,1,0,3659.72,3087.95,0.05
I001990_1,O001990,P037,1,0,782.02,604.48,0.0
I001991_1,O001991,P011,1,0,646.36,470.48,0.0
I001991_2,O001991,P059,1,0,2519.91,2284.02,0.05
I001991_3,O001991,P055,1,0,1838.65,1250.56,0.0
I001992_1,O001992,P012,1,0,3872.2,2599.93,0.05
I001993_1,O001993,P035,2,0,2366.2,1657.14,0.0
I001994_1,O001994,P029,1,0,3221.67,2642.14,0.1
I001995_1,O001995,P039,2,0,2867.71,1842.48,0.0
I001995_2,O001995,P022,1,0,1895.42,1361.4,0.0
I001996_1,O001996,P012,2,0,3568.09,2599.93,0.0
I001997_1,O001997,P028,1,0,1572.31,1251.02,0.1
I001997_2,O001997,P101,1,0,415.94,290.92,0.0
I001998_1,O001998,P032,2,0,864.89,692.6,0.1
I001998_2,O001998,P035,1,0,2356.06,1657.14,0.2
I001999_1,O001999,P027,2,0,2042.53,1900.67,0.2
I002000_1,O002000,P105,1,0,1265.08,1048.44,0.2
I002000_2,O002000,P071,1,0,1892.07,1171.43,0.1
I002000_3,O002000,P050,1,0,1260.58,748.37,0.0
I002001_1,O002001,P057,1,0,2663.01,1751.13,0.1
I002001_2,O002001,P052,1,0,2599.18,2232.75,0.05
I002002_1,O002002,P005,1,0,2175.91,1891.99,0.2
I002002_2,O002002,P090,1,0,1783.47,1197.25,0.1
I002003_1,O002003,P038,1,0,2539.42,1939.6,0.0
I002003_2,O002003,P088,1,0,319.54,167.15,0.0
I002004_1,O002004,P029,2,0,2983.71,2642.14,0.05
I002005_1,O002005,P107,1,0,931.54,517.21,0.2
I002005_2,O002005,P012,2,0,3811.49,2599.93,0.1
I002006_1,O002006,P011,1,0,713.19,470.48,0.0
I002007_1,O002007,P020,1,0,3207.91,2726.34,0.1
I002007_2,O002007,P039,1,0,3024.47,1842.48,0.05
I002008_1,O002008,P075,1,0,862.54,632.05,0.1
I002008_2,O002008,P024,1,0,3073.07,2312.84,0.2
I002008_3,O002008,P070,2,0,3574.08,2889.93,0.3
I002009_1,O002009,P054,2,2,368.77,290.26,0.1
I002010_1,O002010,P098,1,0,353.87,210.13,0.0
I002010_2,O002010,P105,2,0,1189.4,1048.44,0.0
I002011_1,O002011,P061,1,0,2816.45,1810.66,0.0
I002011_2,O002011,P083,1,0,930.49,674.18,0.0
I002012_1,O002012,P112,2,0,1527.15,1059.45,0.1
I002013_1,O002013,P070,1,0,3553.0,2889.93,0.0
I002014_1,O002014,P060,1,0,3230.52,2190.75,0.0
I002015_1,O002015,P058,1,0,1046.79,974.82,0.0
I002016_1,O002016,P017,2,0,1986.25,1079.58,0.2
I002016_2,O002016,P058,1,0,1158.39,974.82,0.1
I002017_1,O002017,P013,1,0,1767.2,1078.11,0.05
I002018_1,O002018,P090,1,0,1788.22,1197.25,0.0
I002018_2,O002018,P045,2,0,1659.51,1393.5,0.05
I002019_1,O002019,P110,1,0,571.26,387.41,0.3
I002020_1,O002020,P082,1,0,2218.12,1528.85,0.0
I002020_2,O002020,P062,1,0,1166.41,934.97,0.0
I002021_1,O002021,P102,1,0,3618.62,2068.63,0.0
I002022_1,O002022,P078,1,0,2758.37,1751.62,0.0
I002023_1,O002023,P069,1,1,3008.72,2596.65,0.1
I002023_2,O002023,P097,1,0,509.35,385.34,0.2
I002023_3,O002023,P060,1,0,3433.21,2190.75,0.05
I002024_1,O002024,P076,1,0,2473.4,1928.31,0.0
I002025_1,O002025,P085,1,0,679.87,482.52,0.05
I002026_1,O002026,P018,2,0,2895.93,1861.03,0.0
I002026_2,O002026,P067,2,0,1178.42,736.87,0.0
I002027_1,O002027,P021,1,0,3115.94,2007.08,0.1
I002028_1,O002028,P055,2,0,1815.11,1250.56,0.1
I002029_1,O002029,P008,1,1,2979.96,2190.37,0.05
I002030_1,O002030,P017,1,0,1803.45,1079.58,0.0
I002031_1,O002031,P054,2,0,369.35,290.26,0.0
I002031_2,O002031,P089,1,0,2569.3,1691.26,0.0
I002032_1,O002032,P053,1,0,2887.66,2330.08,0.1
I002033_1,O002033,P119,2,0,663.21,550.1,0.0
I002034_1,O002034,P065,2,0,2407.04,1840.19,0.05
I002035_1,O002035,P084,3,2,1149.24,785.13,0.2
I002035_2,O002035,P092,1,0,2482.57,1883.6,0.05
I002036_1,O002036,P055,1,0,1671.71,1250.56,0.0
I002036_2,O002036,P114,1,0,1045.39,699.07,0.2
I002037_1,O002037,P111,1,1,1077.87,738.87,0.1
I002038_1,O002038,P117,1,0,1482.74,1301.63,0.2
I002039_1,O002039,P059,3,1,2773.36,2284.02,0.05
I002039_2,O002039,P061,2,0,2737.57,1810.66,0.0
I002040_1,O002040,P115,1,0,2466.39,1821.73,0.1
I002041_1,O002041,P032,1,0,799.52,692.6,0.05
I002042_1,O002042,P041,1,0,1758.47,1272.83,0.1
I002043_1,O002043,P106,2,0,2748.72,2402.81,0.2
I002043_2,O002043,P031,2,0,282.69,221.16,0.0
I002044_1,O002044,P114,1,0,1048.51,699.07,0.2
I002045_1,O002045,P053,1,0,3071.15,2330.08,0.2
I002045_2,O002045,P069,1,0,3108.73,2596.65,0.3
I002046_1,O002046,P087,1,0,2002.43,1487.18,0.0
I002047_1,O002047,P044,1,0,2258.0,1529.57,0.05
I002047_2,O002047,P038,2,0,2413.66,1939.6,0.0
I002047_3,O002047,P108,1,0,1147.38,757.54,0.0
I002048_1,O002048,P086,1,0,526.21,301.67,0.2
I002049_1,O002049,P008,1,0,3039.01,2190.37,0.0
I002050_1,O002050,P079,1,0,2222.76,1780.27,0.0
I002051_1,O002051,P047,1,0,3273.54,2991.8,0.05
I002052_1,O002052,P051,2,0,2645.76,1856.67,0.05
I002053_1,O002053,P015,1,0,1930.32,1639.7,0.0
I002054_1,O002054,P071,1,0,1921.18,1171.43,0.0
I002055_1,O002055,P057,1,0,2955.35,1751.13,0.0
I002056_1,O002056,P001,1,0,815.44,503.11,0.0
I002056_2,O002056,P015,2,0,1943.1,1639.7,0.05
I002057_1,O002057,P061,1,0,2520.85,1810.66,0.05
I002058_1,O002058,P012,1,0,3516.73,2599.93,0.1
I002058_2,O002058,P094,1,0,2776.75,1716.82,0.0
I002059_1,O002059,P068,1,0,3490.91,1829.36,0.1
I002060_1,O002060,P070,1,0,3508.08,2889.93,0.05
I002060_2,O002060,P018,1,0,2978.5,1861.03,0.3
I002061_1,O002061,P075,1,0,830.87,632.05,0.0
I002061_2,O002061,P067,2,0,1232.47,736.87,0.0
I002061_3,O002061,P020,1,0,3519.8,2726.34,0.1
I002062_1,O002062,P066,2,0,584.86,449.79,0.0
I002063_1,O002063,P031,1,0,280.32,221.16,0.05
I002064_1,O002064,P081,1,0,2954.27,2035.71,0.1
I002064_2,O002064,P038,2,0,2425.7,1939.6,0.05
I002065_1,O002065,P028,2,0,1539.68,1251.02,0.05
I002066_1,O002066,P025,2,0,710.0,526.03,0.05
I002066_2,O002066,P108,2,0,1130.18,757.54,0.05
I002067_1,O002067,P069,1,0,3026.29,2596.65,0.0
I002068_1,O002068,P088,1,1,326.53,167.15,0.0
I002069_1,O002069,P091,1,0,757.99,567.3,0.05
I002069_2,O002069,P114,1,0,1013.75,699.07,0.1
I002070_1,O002070,P002,1,0,2934.39,2136.38,0.05
I002070_2,O002070,P021,1,0,3309.75,2007.08,0.0
I002071_1,O002071,P063,1,0,2306.2,1328.53,0.0
I002072_1,O002072,P096,1,0,3032.1,1989.35,0.0
I002073_1,O002073,P092,1,1,2676.14,1883.6,0.0
I002073_2,O002073,P080,1,0,856.62,706.47,0.3
I002074_1,O002074,P103,1,0,3786.68,3087.95,0.0
I002074_2,O002074,P075,1,0,836.97,632.05,0.2
I002074_3,O002074,P021,1,0,2934.91,2007.08,0.0
I002075_1,O002075,P023,1,0,2344.64,1316.59,0.0
I002076_1,O002076,P116,1,0,2937.7,2344.15,0.0
I002077_1,O002077,P071,2,0,1975.42,1171.43,0.1
I002078_1,O002078,P081,1,0,3264.53,2035.71,0.05
I002079_1,O002079,P064,1,0,253.21,140.8,0.0
I002079_2,O002079,P063,1,0,2137.98,1328.53,0.05
I002080_1,O002080,P042,2,0,3542.82,2480.29,0.0
I002080_2,O002080,P013,2,0,1667.85,1078.11,0.05
I002081_1,O002081,P075,1,0,849.9,632.05,0.05
I002082_1,O002082,P091,1,0,774.42,567.3,0.0
I002082_2,O002082,P100,1,0,2755.01,2560.83,0.2
I002083_1,O002083,P025,2,0,795.38,526.03,0.0
I002083_2,O002083,P034,1,0,651.09,551.76,0.05
I002084_1,O002084,P005,2,0,2283.07,1891.99,0.0
I002085_1,O002085,P013,1,0,1823.44,1078.11,0.0
I002086_1,O002086,P030,2,0,2737.49,1879.56,0.0
I002086_2,O002086,P057,1,0,2609.07,1751.13,0.05
I002086_3,O002086,P011,2,0,685.63,470.48,0.05
I002087_1,O002087,P037,1,1,815.15,604.48,0.1
I002088_1,O002088,P029,1,0,2835.76,2642.14,0.0
I002089_1,O002089,P013,2,0,1745.16,1078.11,0.0
I002090_1,O002090,P003,1,0,682.92,593.8,0.0
I002090_2,O002090,P073,1,0,3291.78,2517.93,0.0
I002091_1,O002091,P096,1,0,3422.45,1989.35,0.2
I002092_1,O002092,P077,1,0,3342.02,2738.96,0.05
I002092_2,O002092,P029,1,0,3006.64,2642.14,0.0
I002093_1,O002093,P095,1,0,3450.35,2194.24,0.0
I002093_2,O002093,P062,1,0,1235.39,934.97,0.1
I002094_1,O002094,P090,1,0,1671.03,1197.25,0.1
I002094_2,O002094,P049,1,0,2810.91,1767.67,0.05
I002095_1,O002095,P069,1,0,2854.94,2596.65,0.0
I002096_1,O002096,P070,1,0,3635.94,2889.93,0.1
I002097_1,O002097,P050,1,0,1180.82,748.37,0.0
I002098_1,O002098,P044,1,0,2056.17,1529.57,0.2
I002098_2,O002098,P093,1,0,985.48,614.67,0.2
I002098_3,O002098,P060,1,0,3561.41,2190.75,0.05
I002099_1,O002099,P029,1,0,2871.67,2642.14,0.05
I002100_1,O002100,P093,1,0,1049.18,614.67,0.1
I002100_2,O002100,P010,1,1,749.52,468.72,0.0
I002101_1,O002101,P119,1,0,687.85,550.1,0.1
I002102_1,O002102,P098,1,0,362.61,210.13,0.05
I002102_2,O002102,P069,1,0,2824.7,2596.65,0.05
I002102_3,O002102,P102,1,0,3616.82,2068.63,0.2
I002103_1,O002103,P011,1,0,677.7,470.48,0.1
I002103_2,O002103,P073,2,0,3249.41,2517.93,0.2
I002104_1,O002104,P008,1,0,3182.42,2190.37,0.1
I002104_2,O002104,P058,1,1,1084.3,974.82,0.2
I002105_1,O002105,P033,1,0,3002.85,2420.38,0.0
I002105_2,O002105,P043,1,0,2595.15,2155.97,0.1
I002106_1,O002106,P072,1,0,1757.98,1369.26,0.1
I002106_2,O002106,P098,1,0,363.86,210.13,0.0
I002107_1,O002107,P062,1,0,1080.34,934.97,0.05
I002108_1,O002108,P029,1,0,2976.44,2642.14,0.0
I002109_1,O002109,P019,1,0,2427.81,1463.41,0.1
I002109_2,O002109,P094,1,0,2931.51,1716.82,0.1
I002110_1,O002110,P016,1,0,2721.39,2126.82,0.0
I002110_2,O002110,P029,1,0,3018.41,2642.14,0.2
I002111_1,O002111,P060,1,0,3490.91,2190.75,0.0
I002112_1,O002112,P069,1,0,2736.4,2596.65,0.2
I002113_1,O002113,P058,1,1,1081.8,974.82,0.2
I002113_2,O002113,P068,1,0,3089.44,1829.36,0.0
I002114_1,O002114,P072,1,0,1816.28,1369.26,0.0
I002115_1,O002115,P056,1,1,662.41,467.73,0.05
I002116_1,O002116,P101,1,0,424.54,290.92,0.0
I002116_2,O002116,P060,1,1,3292.26,2190.75,0.0
I002117_1,O002117,P012,1,0,3867.08,2599.93,0.0
I002117_2,O002117,P032,1,0,874.73,692.6,0.1
I002118_1,O002118,P051,1,0,2675.23,1856.67,0.0
I002119_1,O002119,P005,1,0,2325.56,1891.99,0.05
I002119_2,O002119,P093,1,0,1068.6,614.67,0.1
I002120_1,O002120,P098,1,0,368.74,210.13,0.0
I002120_2,O002120,P109,1,0,2345.09,1696.43,0.2
I002120_3,O002120,P043,1,0,2521.4,2155.97,0.05
I002121_1,O002121,P095,1,0,3491.28,2194.24,0.0
I002121_2,O002121,P015,1,1,1962.57,1639.7,0.1
I002122_1,O002122,P071,1,0,2057.3,1171.43,0.3
I002123_1,O002123,P010,1,0,716.78,468.72,0.0
I002123_2,O002123,P012,1,0,3507.95,2599.93,0.0
I002124_1,O002124,P066,1,0,610.12,449.79,0.2
I002125_1,O002125,P087,1,0,2021.84,1487.18,0.3
I002125_2,O002125,P035,1,0,2344.15,1657.14,0.0
I002125_3,O002125,P002,2,0,2675.68,2136.38,0.2
I002126_1,O002126,P070,2,0,3798.87,2889.93,0.05
I002126_2,O002126,P023,2,0,2472.98,1316.59,0.1
I002126_3,O002126,P076,2,0,2495.02,1928.31,0.1
I002127_1,O002127,P041,1,0,1652.77,1272.83,0.2
I002128_1,O002128,P082,1,0,2116.18,1528.85,0.3
I002128_2,O002128,P072,1,1,1840.35,1369.26,0.0
I002129_1,O002129,P036,1,0,2703.31,2239.64,0.0
I002130_1,O002130,P012,1,0,3855.12,2599.93,0.05
I002130_2,O002130,P087,1,0,1982.68,1487.18,0.0
I002130_3,O002130,P082,1,0,2156.92,1528.85,0.0
I002131_1,O002131,P019,1,0,2575.46,1463.41,0.0
I002131_2,O002131,P055,1,0,1715.27,1250.56,0.3
I002132_1,O002132,P015,3,0,1842.08,1639.7,0.2
I002132_2,O002132,P085,1,0,723.45,482.52,0.0
I002133_1,O002133,P039,2,2,3127.13,1842.48,0.05
I002134_1,O002134,P059,1,1,2483.23,2284.02,0.05
I002135_1,O002135,P067,1,0,1259.48,736.87,0.05
I002135_2,O002135,P119,2,0,671.89,550.1,0.05
I002135_3,O002135,P045,2,1,1627.96,1393.5,0.0
I002136_1,O002136,P064,1,0,231.79,140.8,0.05
I002137_1,O002137,P079,3,0,2378.23,1780.27,0.0
I002138_1,O002138,P025,1,0,714.1,526.03,0.05
I002138_2,O002138,P034,1,0,732.07,551.76,0.05
I002139_1,O002139,P096,2,0,3118.46,1989.35,0.0
I002140_1,O002140,P061,3,1,2535.15,1810.66,0.0
I002141_1,O002141,P028,1,0,1429.81,1251.02,0.1
I002142_1,O002142,P031,2,0,301.93,221.16,0.2
I002143_1,O002143,P049,1,0,2535.36,1767.67,0.1
I002144_1,O002144,P049,1,0,2718.5,1767.67,0.0
I002145_1,O002145,P083,1,0,900.71,674.18,0.0
I002146_1,O002146,P103,1,0,3590.23,3087.95,0.0
I002146_2,O002146,P013,3,0,1702.89,1078.11,0.0
I002147_1,O002147,P074,1,0,2716.89,2093.66,0.0
I002147_2,O002147,P108,1,0,1119.95,757.54,0.1
I002148_1,O002148,P103,1,0,3653.21,3087.95,0.0
I002148_2,O002148,P030,2,0,2438.7,1879.56,0.0
I002149_1,O002149,P020,1,0,3334.71,2726.34,0.1
I002150_1,O002150,P004,1,0,3435.82,2449.64,0.05
I002150_2,O002150,P023,1,0,2157.18,1316.59,0.0
I002151_1,O002151,P088,2,2,328.09,167.15,0.1
I002152_1,O002152,P034,1,1,719.38,551.76,0.0
I002153_1,O002153,P046,2,0,202.79,119.22,0.1
I002153_2,O002153,P115,2,0,2744.11,1821.73,0.1
I002154_1,O002154,P055,1,0,1883.03,1250.56,0.05
I002155_1,O002155,P019,1,0,2443.68,1463.41,0.1
I002156_1,O002156,P083,1,0,981.8,674.18,0.0
I002156_2,O002156,P026,1,0,3241.52,2746.76,0.05
I002157_1,O002157,P047,1,0,3274.42,2991.8,0.05
I002157_2,O002157,P044,1,0,2305.5,1529.57,0.05
I002158_1,O002158,P038,1,1,2347.69,1939.6,0.0
I002158_2,O002158,P108,1,0,1113.4,757.54,0.0
I002159_1,O002159,P002,1,0,2892.85,2136.38,0.1
I002160_1,O002160,P101,1,0,440.25,290.92,0.05
I002160_2,O002160,P067,1,0,1204.75,736.87,0.0
I002160_3,O002160,P079,1,0,2277.86,1780.27,0.05
I002161_1,O002161,P098,1,0,337.7,210.13,0.05
I002161_2,O002161,P031,1,0,293.02,221.16,0.1
I002162_1,O002162,P041,1,0,1806.38,1272.83,0.05
I002162_2,O002162,P077,1,1,3261.76,2738.96,0.0
I002163_1,O002163,P115,2,0,2664.9,1821.73,0.0
I002164_1,O002164,P060,1,0,3362.78,2190.75,0.0
I002164_2,O002164,P081,1,0,2972.57,2035.71,0.1
I002165_1,O002165,P092,2,0,2665.48,1883.6,0.0
I002165_2,O002165,P004,1,0,3361.6,2449.64,0.1
I002166_1,O002166,P044,1,0,2339.34,1529.57,0.05
I002166_2,O002166,P031,1,0,301.28,221.16,0.2
I002167_1,O002167,P046,1,0,220.46,119.22,0.05
I002168_1,O002168,P058,2,0,1113.39,974.82,0.2
I002168_2,O002168,P088,2,0,303.87,167.15,0.2
I002169_1,O002169,P016,1,1,2638.36,2126.82,0.0
I002169_2,O002169,P058,1,0,1071.73,974.82,0.2
I002169_3,O002169,P084,1,0,1103.49,785.13,0.2
I002170_1,O002170,P021,1,0,3110.7,2007.08,0.0
I002171_1,O002171,P086,1,1,551.39,301.67,0.05
I002171_2,O002171,P058,1,0,1068.06,974.82,0.2
I002172_1,O002172,P110,1,0,586.99,387.41,0.05
I002172_2,O002172,P067,1,0,1234.39,736.87,0.1
I002173_1,O002173,P024,1,0,3032.98,2312.84,0.2
I002174_1,O002174,P055,2,0,1694.14,1250.56,0.0
I002175_1,O002175,P109,1,0,2169.18,1696.43,0.0
I002176_1,O002176,P114,1,0,1000.48,699.07,0.05
I002177_1,O002177,P006,1,0,2893.1,2483.13,0.3
I002178_1,O002178,P116,1,0,3007.35,2344.15,0.1
I002178_2,O002178,P098,1,0,362.23,210.13,0.0
I002179_1,O002179,P086,3,0,536.69,301.67,0.0
I002179_2,O002179,P040,1,0,2155.64,1719.58,0.3
I002180_1,O002180,P089,1,1,2435.3,1691.26,0.1
I002180_2,O002180,P042,1,0,3445.65,2480.29,0.05
I002180_3,O002180,P077,2,0,3382.17,2738.96,0.0
I002181_1,O002181,P096,1,0,3139.18,1989.35,0.1
I002182_1,O002182,P056,1,0,644.38,467.73,0.2
I002182_2,O002182,P008,1,0,3221.34,2190.37,0.2
I002183_1,O002183,P028,1,0,1458.0,1251.02,0.1
I002184_1,O002184,P061,1,0,2718.01,1810.66,0.0
I002185_1,O002185,P107,1,0,930.79,517.21,0.1
I002186_1,O002186,P006,1,0,3103.53,2483.13,0.0
I002187_1,O002187,P031,1,0,293.09,221.16,0.0
I002188_1,O002188,P084,1,0,1109.59,785.13,0.2
I002188_2,O002188,P115,1,0,2472.22,1821.73,0.05
I002189_1,O002189,P023,1,0,2225.6,1316.59,0.2
I002189_2,O002189,P083,1,0,871.69,674.18,0.05
I002189_3,O002189,P045,1,0,1658.69,1393.5,0.0
I002190_1,O002190,P073,2,2,3150.87,2517.93,0.0
I002190_2,O002190,P070,2,0,3674.15,2889.93,0.0
I002191_1,O002191,P102,1,0,3341.77,2068.63,0.0
I002191_2,O002191,P001,1,0,729.87,503.11,0.05
I002191_3,O002191,P057,1,0,2971.26,1751.13,0.0
I002192_1,O002192,P018,1,0,2971.66,1861.03,0.0
I002193_1,O002193,P021,1,0,3105.16,2007.08,0.1
I002194_1,O002194,P074,1,0,2557.16,2093.66,0.1
I002195_1,O002195,P017,1,0,2025.29,1079.58,0.0
I002196_1,O002196,P102,2,0,3557.74,2068.63,0.0
I002197_1,O002197,P031,1,0,306.39,221.16,0.1
I002197_2,O002197,P020,1,0,3306.23,2726.34,0.1
I002198_1,O002198,P113,1,0,2415.6,1457.19,0.3
I002199_1,O002199,P018,1,0,3081.01,1861.03,0.0
I002199_2,O002199,P099,1,0,1080.26,579.06,0.05
I002200_1,O002200,P023,1,0,2463.94,1316.59,0.05
I002200_2,O002200,P070,1,0,3462.73,2889.93,0.0
I002201_1,O002201,P072,1,1,1649.82,1369.26,0.0
I002201_2,O002201,P034,2,0,673.84,551.76,0.0
I002202_1,O002202,P040,1,0,2334.21,1719.58,0.0
I002202_2,O002202,P084,1,0,1133.91,785.13,0.2
I002203_1,O002203,P078,1,0,2785.03,1751.62,0.0
I002203_2,O002203,P019,1,0,2539.91,1463.41,0.0
I002204_1,O002204,P099,1,0,979.29,579.06,0.3
I002205_1,O002205,P093,1,1,1013.79,614.67,0.05
I002206_1,O002206,P090,2,0,1830.21,1197.25,0.0
I002206_2,O002206,P012,2,0,3730.93,2599.93,0.0
I002207_1,O002207,P035,1,0,2236.02,1657.14,0.0
I002208_1,O002208,P022,1,0,1957.47,1361.4,0.0
I002208_2,O002208,P065,1,1,2613.29,1840.19,0.0
I002209_1,O002209,P106,2,0,2745.39,2402.81,0.0
I002210_1,O002210,P041,1,0,1659.29,1272.83,0.0
I002211_1,O002211,P106,1,0,2765.94,2402.81,0.2
I002212_1,O002212,P080,1,0,875.06,706.47,0.0
I002212_2,O002212,P030,2,0,2539.53,1879.56,0.1
I002213_1,O002213,P039,1,0,3061.4,1842.48,0.05
I002214_1,O002214,P062,2,0,1195.59,934.97,0.2
I002215_1,O002215,P080,2,0,913.16,706.47,0.0
I002215_2,O002215,P005,1,0,2365.33,1891.99,0.0
I002216_1,O002216,P090,1,0,1597.92,1197.25,0.3
I002216_2,O002216,P097,1,0,503.22,385.34,0.1
I002217_1,O002217,P003,1,0,690.04,593.8,0.0
I002218_1,O002218,P038,1,0,2412.0,1939.6,0.0
I002218_2,O002218,P046,1,0,206.42,119.22,0.0
I002219_1,O002219,P015,1,0,1916.09,1639.7,0.1
I002220_1,O002220,P064,1,0,232.89,140.8,0.2
I002220_2,O002220,P011,1,0,650.27,470.48,0.1
I002221_1,O002221,P011,1,0,646.79,470.48,0.1
I002221_2,O002221,P006,1,0,2954.72,2483.13,0.0
I002222_1,O002222,P031,1,0,299.68,221.16,0.2
I002222_2,O002222,P063,2,1,2119.94,1328.53,0.05
I002223_1,O002223,P085,2,0,744.5,482.52,0.0
I002224_1,O002224,P116,1,0,3027.86,2344.15,0.2
I002224_2,O002224,P024,1,0,3290.12,2312.84,0.0
I002225_1,O002225,P030,2,0,2697.61,1879.56,0.0
I002225_2,O002225,P002,1,0,2642.55,2136.38,0.2
I002226_1,O002226,P106,1,0,2680.61,2402.81,0.0
I002226_2,O002226,P038,1,0,2571.29,1939.6,0.0
I002227_1,O002227,P082,1,0,2271.08,1528.85,0.3
I002227_2,O002227,P108,1,0,1088.31,757.54,0.0
I002227_3,O002227,P102,1,0,3440.66,2068.63,0.0
I002228_1,O002228,P052,2,0,2882.97,2232.75,0.0
I002229_1,O002229,P013,1,0,1672.11,1078.11,0.2
I002229_2,O002229,P086,1,0,564.9,301.67,0.3
I002229_3,O002229,P113,1,0,2344.41,1457.19,0.1
I002230_1,O002230,P049,1,0,2818.51,1767.67,0.1
I002230_2,O002230,P096,1,0,3333.2,1989.35,0.2
I002231_1,O002231,P034,1,0,665.39,551.76,0.2
I002231_2,O002231,P006,1,0,2986.7,2483.13,0.2
I002232_1,O002232,P071,1,0,1914.44,1171.43,0.2
I002232_2,O002232,P063,2,0,2276.27,1328.53,0.3
I002233_1,O002233,P097,2,0,487.67,385.34,0.1
I002234_1,O002234,P016,1,0,2799.66,2126.82,0.1
I002234_2,O002234,P051,1,0,2604.57,1856.67,0.0
I002234_3,O002234,P032,2,0,816.35,692.6,0.0
I002235_1,O002235,P087,3,0,1843.44,1487.18,0.05
I002235_2,O002235,P017,1,1,1817.21,1079.58,0.0
I002236_1,O002236,P013,2,0,1690.15,1078.11,0.05
I002237_1,O002237,P116,1,0,2921.86,2344.15,0.1
I002238_1,O002238,P119,1,0,672.46,550.1,0.0
I002239_1,O002239,P071,1,0,2100.56,1171.43,0.05
I002239_2,O002239,P051,1,0,2486.67,1856.67,0.0
I002239_3,O002239,P065,2,0,2410.1,1840.19,0.1
I002240_1,O002240,P013,1,0,1798.16,1078.11,0.0
I002240_2,O002240,P047,1,0,3307.21,2991.8,0.0
I002241_1,O002241,P037,2,0,750.49,604.48,0.05
I002242_1,O002242,P057,1,0,2754.45,1751.13,0.0
I002242_2,O002242,P119,1,0,629.41,550.1,0.0
I002243_1,O002243,P116,1,0,2729.66,2344.15,0.2
I002243_2,O002243,P084,1,0,1222.71,785.13,0.05
I002244_1,O002244,P063,1,0,2356.58,1328.53,0.05
I002244_2,O002244,P019,2,0,2384.41,1463.41,0.0
I002244_3,O002244,P007,1,0,2615.39,2152.99,0.05
I002245_1,O002245,P026,1,0,3310.4,2746.76,0.05
I002246_1,O002246,P036,2,2,2617.33,2239.64,0.3
I002247_1,O002247,P059,3,0,2642.89,2284.02,0.2
I002247_2,O002247,P101,1,0,407.22,290.92,0.0
I002247_3,O002247,P051,1,0,2610.36,1856.67,0.05
I002248_1,O002248,P075,1,0,889.3,632.05,0.0
I002248_2,O002248,P088,1,0,290.38,167.15,0.2
I002248_3,O002248,P022,2,0,1937.81,1361.4,0.2
I002249_1,O002249,P071,1,0,1951.21,1171.43,0.05
I002250_1,O002250,P045,1,0,1773.66,1393.5,0.0
I002251_1,O002251,P030,1,0,2562.33,1879.56,0.05
I002251_2,O002251,P024,1,0,2945.61,2312.84,0.0
I002252_1,O002252,P079,1,0,2414.67,1780.27,0.1
I002252_2,O002252,P113,1,0,2175.14,1457.19,0.2
I002253_1,O002253,P083,1,0,983.27,674.18,0.05
I002253_2,O002253,P104,1,0,794.17,640.45,0.0
I002254_1,O002254,P074,1,0,2582.07,2093.66,0.1
I002255_1,O002255,P073,1,0,3260.97,2517.93,0.0
I002256_1,O002256,P085,1,0,727.72,482.52,0.05
I002256_2,O002256,P077,2,0,3253.8,2738.96,0.1
I002257_1,O002257,P032,1,0,872.2,692.6,0.0
I002257_2,O002257,P120,1,0,3481.3,2258.38,0.2
I002258_1,O002258,P016,1,0,2918.25,2126.82,0.1
I002258_2,O002258,P035,1,0,2407.94,1657.14,0.0
I002258_3,O002258,P032,1,0,777.62,692.6,0.2
I002259_1,O002259,P061,1,1,2716.98,1810.66,0.0
I002260_1,O002260,P044,2,0,2091.22,1529.57,0.05
I002261_1,O002261,P086,2,0,549.2,301.67,0.0
I002261_2,O002261,P001,1,0,795.11,503.11,0.2
I002262_1,O002262,P064,2,0,232.9,140.8,0.1
I002262_2,O002262,P033,1,0,2715.37,2420.38,0.05
I002263_1,O002263,P079,1,0,2161.57,1780.27,0.0
I002263_2,O002263,P037,1,0,763.84,604.48,0.0
I002264_1,O002264,P044,1,0,2215.45,1529.57,0.0
I002265_1,O002265,P020,1,0,3324.37,2726.34,0.05
I002266_1,O002266,P084,1,0,1188.36,785.13,0.3
I002266_2,O002266,P104,1,0,858.69,640.45,0.1
I002267_1,O002267,P069,2,0,2928.66,2596.65,0.0
I002268_1,O002268,P049,1,0,2471.75,1767.67,0.0
I002269_1,O002269,P081,1,0,3324.47,2035.71,0.0
I002269_2,O002269,P109,1,0,2260.46,1696.43,0.05
I002270_1,O002270,P096,1,0,3083.48,1989.35,0.1
I002271_1,O002271,P006,1,0,3136.39,2483.13,0.05
I002271_2,O002271,P003,1,1,703.23,593.8,0.0
I002272_1,O002272,P040,1,0,2350.95,1719.58,0.0
I002273_1,O002273,P081,1,0,3265.27,2035.71,0.0
I002274_1,O002274,P053,1,0,2992.34,2330.08,0.1
I002274_2,O002274,P016,1,0,2837.04,2126.82,0.0
I002274_3,O002274,P089,2,0,2739.49,1691.26,0.2
I002275_1,O002275,P025,1,0,815.42,526.03,0.05
I002275_2,O002275,P079,1,0,2379.21,1780.27,0.0
I002276_1,O002276,P046,1,0,204.8,119.22,0.05
I002276_2,O002276,P008,1,0,3182.9,2190.37,0.0
I002276_3,O002276,P029,1,0,2968.16,2642.14,0.05
I002277_1,O002277,P098,1,0,348.52,210.13,0.05
I002278_1,O002278,P073,1,0,3249.38,2517.93,0.2
I002279_1,O002279,P017,1,0,1938.68,1079.58,0.2
I002279_2,O002279,P083,1,0,878.41,674.18,0.1
I002280_1,O002280,P084,2,0,1237.54,785.13,0.3
I002281_1,O002281,P027,1,0,2232.4,1900.67,0.0
I002281_2,O002281,P071,2,1,1889.06,1171.43,0.2
I002282_1,O002282,P006,1,0,3011.31,2483.13,0.05
I002283_1,O002283,P103,2,0,3817.93,3087.95,0.0
I002284_1,O002284,P118,2,0,1296.18,778.87,0.0
I002284_2,O002284,P075,1,0,816.4,632.05,0.2
I002285_1,O002285,P003,1,0,707.2,593.8,0.0
I002286_1,O002286,P011,1,0,705.47,470.48,0.2
I002287_1,O002287,P033,1,0,2806.08,2420.38,0.1
I002287_2,O002287,P108,2,0,1148.92,757.54,0.0
I002288_1,O002288,P109,1,0,2476.5,1696.43,0.3
I002288_2,O002288,P019,1,0,2552.06,1463.41,0.05
I002289_1,O002289,P010,2,0,717.07,468.72,0.1
I002289_2,O002289,P105,1,0,1208.14,1048.44,0.0
I002290_1,O002290,P091,1,0,757.45,567.3,0.0
I002290_2,O002290,P016,1,0,2874.3,2126.82,0.0
I002290_3,O002290,P039,1,0,2939.8,1842.48,0.0
I002291_1,O002291,P093,1,0,997.55,614.67,0.05
I002291_2,O002291,P053,1,0,2992.41,2330.08,0.05
I002292_1,O002292,P072,1,0,1673.34,1369.26,0.0
I002292_2,O002292,P021,1,0,2966.61,2007.08,0.0
I002293_1,O002293,P018,1,1,2972.29,1861.03,0.2
I002293_2,O002293,P078,1,0,2893.92,1751.62,0.3
I002294_1,O002294,P014,1,0,1405.68,956.53,0.1
I002294_2,O002294,P054,1,0,352.07,290.26,0.2
I002295_1,O002295,P083,1,0,870.13,674.18,0.0
I002295_2,O002295,P003,1,0,696.27,593.8,0.2
I002296_1,O002296,P025,1,0,807.86,526.03,0.05
I002296_2,O002296,P074,1,0,2577.85,2093.66,0.05
I002297_1,O002297,P075,1,0,860.03,632.05,0.05
I002297_2,O002297,P083,1,0,970.49,674.18,0.2
I002298_1,O002298,P110,3,0,548.25,387.41,0.05
I002298_2,O002298,P032,1,0,820.02,692.6,0.2
I002299_1,O002299,P119,2,0,636.29,550.1,0.3
I002299_2,O002299,P096,1,0,3176.15,1989.35,0.0
I002300_1,O002300,P043,2,0,2479.06,2155.97,0.0
I002300_2,O002300,P098,1,0,329.02,210.13,0.05
I002301_1,O002301,P080,1,0,893.17,706.47,0.05
I002302_1,O002302,P097,1,0,512.64,385.34,0.1
I002303_1,O002303,P019,2,0,2381.7,1463.41,0.0
I002303_2,O002303,P116,1,1,2806.2,2344.15,0.1
I002304_1,O002304,P042,1,0,3268.54,2480.29,0.05
I002305_1,O002305,P058,1,0,1070.32,974.82,0.1
I002305_2,O002305,P047,1,0,3295.2,2991.8,0.05
I002306_1,O002306,P067,1,0,1165.14,736.87,0.3
I002307_1,O002307,P035,1,0,2441.87,1657.14,0.0
I002308_1,O002308,P053,1,0,3043.04,2330.08,0.0
I002308_2,O002308,P008,1,0,3156.7,2190.37,0.0
I002309_1,O002309,P006,1,0,2864.65,2483.13,0.2
I002310_1,O002310,P046,1,0,210.05,119.22,0.1
I002310_2,O002310,P095,1,0,3175.11,2194.24,0.0
I002311_1,O002311,P113,2,0,2253.22,1457.19,0.0
I002312_1,O002312,P066,1,0,587.82,449.79,0.05
I002313_1,O002313,P031,1,0,290.12,221.16,0.0
I002314_1,O002314,P091,1,0,767.2,567.3,0.05
I002314_2,O002314,P113,1,1,2121.49,1457.19,0.1
I002315_1,O002315,P012,1,0,3892.31,2599.93,0.0
I002316_1,O002316,P091,1,0,774.97,567.3,0.05
I002316_2,O002316,P042,1,0,3509.63,2480.29,0.0
I002317_1,O002317,P105,3,0,1351.9,1048.44,0.0
I002318_1,O002318,P064,1,0,233.24,140.8,0.2
I002318_2,O002318,P103,1,0,3386.48,3087.95,0.2
I002319_1,O002319,P120,2,0,3374.82,2258.38,0.2
I002319_2,O002319,P056,2,0,659.74,467.73,0.1
I002319_3,O002319,P114,1,0,1118.46,699.07,0.0
I002320_1,O002320,P090,1,0,1811.74,1197.25,0.2
I002321_1,O002321,P044,1,0,2140.92,1529.57,0.1
I002322_1,O002322,P120,1,0,3617.43,2258.38,0.05
I002323_1,O002323,P011,1,0,706.32,470.48,0.1
I002323_2,O002323,P044,1,0,2250.89,1529.57,0.3
I002324_1,O002324,P052,1,0,2568.2,2232.75,0.0
I002325_1,O002325,P075,1,0,894.79,632.05,0.0
I002325_2,O002325,P038,1,0,2581.77,1939.6,0.0
I002326_1,O002326,P073,1,0,3190.39,2517.93,0.1
I002326_2,O002326,P029,1,0,2924.47,2642.14,0.05
I002327_1,O002327,P073,1,0,2976.11,2517.93,0.0
I002328_1,O002328,P072,1,0,1872.66,1369.26,0.0
I002329_1,O002329,P107,2,0,865.03,517.21,0.05
I002330_1,O002330,P116,2,0,3011.23,2344.15,0.2
I002331_1,O002331,P025,2,0,760.48,526.03,0.05
I002331_2,O002331,P106,1,0,2676.08,2402.81,0.05
I002332_1,O002332,P044,2,0,2291.31,1529.57,0.0
I002332_2,O002332,P008,2,0,3170.05,2190.37,0.1
I002333_1,O002333,P055,2,0,1854.07,1250.56,0.05
I002334_1,O002334,P068,1,0,3102.57,1829.36,0.1
I002335_1,O002335,P096,2,0,3034.56,1989.35,0.2
I002335_2,O002335,P020,1,0,3260.15,2726.34,0.0
I002336_1,O002336,P035,1,0,2322.93,1657.14,0.1
I002337_1,O002337,P071,1,0,1983.51,1171.43,0.05
I002338_1,O002338,P105,1,0,1364.44,1048.44,0.0
I002339_1,O002339,P042,1,0,3435.13,2480.29,0.05
I002340_1,O002340,P043,1,0,2689.86,2155.97,0.1
I002341_1,O002341,P047,1,0,3630.92,2991.8,0.2
I002341_2,O002341,P072,1,0,1806.95,1369.26,0.2
I002341_3,O002341,P074,1,1,2649.59,2093.66,0.0
I002342_1,O002342,P109,1,0,2320.54,1696.43,0.05
I002342_2,O002342,P022,1,0,2179.49,1361.4,0.05
I002343_1,O002343,P075,2,0,800.44,632.05,0.1
I002344_1,O002344,P047,2,0,3587.33,2991.8,0.05
I002344_2,O002344,P071,1,0,2037.86,1171.43,0.05
I002345_1,O002345,P097,1,0,517.29,385.34,0.05
I002346_1,O002346,P009,1,0,184.9,142.71,0.1
I002346_2,O002346,P036,2,0,2735.86,2239.64,0.0
I002346_3,O002346,P013,1,0,1715.38,1078.11,0.1
I002347_1,O002347,P111,2,0,1166.06,738.87,0.0
I002347_2,O002347,P097,1,0,523.4,385.34,0.1
I002347_3,O002347,P119,1,0,603.33,550.1,0.3
I002348_1,O002348,P101,2,0,399.53,290.92,0.2
I002349_1,O002349,P092,1,0,2698.21,1883.6,0.0
I002350_1,O002350,P112,1,0,1564.85,1059.45,0.2
I002351_1,O002351,P053,2,0,3070.11,2330.08,0.0
I002351_2,O002351,P042,1,0,3499.67,2480.29,0.0
I002351_3,O002351,P075,1,0,823.81,632.05,0.2
I002352_1,O002352,P043,1,0,2687.69,2155.97,0.0
I002353_1,O002353,P082,1,0,2405.99,1528.85,0.1
I002353_2,O002353,P032,1,1,826.79,692.6,0.0
I002354_1,O002354,P056,1,0,657.06,467.73,0.0
I002354_2,O002354,P096,2,0,3129.5,1989.35,0.1
I002355_1,O002355,P066,1,0,557.5,449.79,0.05
I002356_1,O002356,P061,1,0,2739.0,1810.66,0.2
I002356_2,O002356,P025,1,0,751.71,526.03,0.1
I002357_1,O002357,P061,1,0,2685.39,1810.66,0.05
I002357_2,O002357,P054,1,0,330.98,290.26,0.05
I002358_1,O002358,P107,1,1,839.62,517.21,0.2
I002359_1,O002359,P014,2,0,1439.74,956.53,0.1
I002359_2,O002359,P116,1,1,2903.88,2344.15,0.05
I002360_1,O002360,P036,1,0,2622.1,2239.64,0.0
I002360_2,O002360,P080,1,0,820.3,706.47,0.1
I002361_1,O002361,P012,1,0,3898.09,2599.93,0.0
I002362_1,O002362,P065,1,0,2426.29,1840.19,0.1
I002363_1,O002363,P097,1,0,488.94,385.34,0.0
I002364_1,O002364,P051,2,0,2534.73,1856.67,0.05
I002365_1,O002365,P065,1,0,2426.37,1840.19,0.1
I002366_1,O002366,P076,1,0,2742.47,1928.31,0.05
I002366_2,O002366,P023,1,0,2192.88,1316.59,0.0
I002366_3,O002366,P078,1,0,2764.7,1751.62,0.05
I002367_1,O002367,P077,1,0,3046.68,2738.96,0.1
I002367_2,O002367,P056,1,0,638.6,467.73,0.0
I002368_1,O002368,P071,1,0,2027.27,1171.43,0.2
I002369_1,O002369,P083,1,0,914.52,674.18,0.1
I002369_2,O002369,P066,1,0,558.73,449.79,0.2
I002370_1,O002370,P072,1,0,1771.4,1369.26,0.0
I002370_2,O002370,P088,1,0,327.02,167.15,0.1
I002370_3,O002370,P082,1,0,2305.67,1528.85,0.2
I002371_1,O002371,P057,1,0,2619.62,1751.13,0.0
I002371_2,O002371,P012,2,0,3387.29,2599.93,0.05
I002372_1,O002372,P024,1,0,3118.54,2312.84,0.0
I002373_1,O002373,P103,1,0,3752.13,3087.95,0.1
I002374_1,O002374,P062,1,0,1159.52,934.97,0.3
I002374_2,O002374,P044,1,0,2161.61,1529.57,0.0
I002374_3,O002374,P041,1,0,1698.69,1272.83,0.2
I002375_1,O002375,P106,1,0,2633.08,2402.81,0.05
I002376_1,O002376,P110,1,0,547.41,387.41,0.3
I002376_2,O002376,P098,1,0,348.49,210.13,0.05
I002377_1,O002377,P056,1,1,682.23,467.73,0.0
I002377_2,O002377,P047,1,0,3460.16,2991.8,0.05
I002378_1,O002378,P033,2,0,2827.61,2420.38,0.05
I002378_2,O002378,P004,1,0,3148.49,2449.64,0.0
I002379_1,O002379,P012,1,0,3677.76,2599.93,0.3
I002379_2,O002379,P115,1,0,2735.66,1821.73,0.0
I002380_1,O002380,P026,1,0,3091.6,2746.76,0.0
I002380_2,O002380,P119,1,0,627.84,550.1,0.1
I002381_1,O002381,P098,1,0,322.14,210.13,0.0
I002382_1,O002382,P002,1,0,2863.53,2136.38,0.0
I002382_2,O002382,P074,1,0,2686.24,2093.66,0.2
I002383_1,O002383,P096,2,0,3171.21,1989.35,0.0
I002384_1,O002384,P008,1,0,3103.02,2190.37,0.0
I002385_1,O002385,P046,3,0,229.53,119.22,0.05
I002386_1,O002386,P111,1,0,1131.47,738.87,0.1
I002387_1,O002387,P035,1,0,2360.41,1657.14,0.05
I002388_1,O002388,P038,1,1,2322.77,1939.6,0.2
I002389_1,O002389,P040,1,0,2239.83,1719.58,0.05
I002390_1,O002390,P009,1,0,197.04,142.71,0.05
I002390_2,O002390,P005,1,0,2215.46,1891.99,0.05
I002391_1,O002391,P052,1,0,2643.4,2232.75,0.05
I002392_1,O002392,P093,2,0,969.18,614.67,0.0
I002393_1,O002393,P010,1,0,706.21,468.72,0.0
I002394_1,O002394,P045,1,0,1724.17,1393.5,0.0
I002395_1,O002395,P091,1,0,804.22,567.3,0.0
I002395_2,O002395,P102,1,0,3627.1,2068.63,0.0
I002395_3,O002395,P088,1,0,320.11,167.15,0.2
I002396_1,O002396,P022,2,0,2133.05,1361.4,0.0
I002397_1,O002397,P118,1,0,1247.59,778.87,0.0
I002398_1,O002398,P032,1,0,778.31,692.6,0.1
I002399_1,O002399,P071,1,0,1930.12,1171.43,0.0
I002400_1,O002400,P111,1,1,1084.13,738.87,0.05
I002401_1,O002401,P072,2,0,1672.43,1369.26,0.05
I002402_1,O002402,P105,1,0,1196.61,1048.44,0.05
I002402_2,O002402,P086,3,0,541.4,301.67,0.0
I002403_1,O002403,P005,1,0,2468.95,1891.99,0.1
I002404_1,O002404,P054,1,0,348.55,290.26,0.2
I002405_1,O002405,P063,1,0,2285.77,1328.53,0.05
I002405_2,O002405,P010,1,0,702.35,468.72,0.1
I002406_1,O002406,P021,1,0,3086.95,2007.08,0.1
I002407_1,O002407,P007,2,0,2574.4,2152.99,0.0
I002407_2,O002407,P083,1,0,869.21,674.18,0.0
I002407_3,O002407,P073,1,1,2872.97,2517.93,0.1
I002408_1,O002408,P015,2,0,2118.04,1639.7,0.2
I002408_2,O002408,P062,1,0,1218.04,934.97,0.1
I002408_3,O002408,P045,1,0,1693.48,1393.5,0.0
I002409_1,O002409,P012,1,0,3470.86,2599.93,0.0
I002410_1,O002410,P069,1,0,2816.54,2596.65,0.0
I002410_2,O002410,P108,1,0,1141.3,757.54,0.0
I002411_1,O002411,P075,2,0,857.14,632.05,0.1
I002412_1,O002412,P003,1,0,706.96,593.8,0.1
I002413_1,O002413,P022,1,0,2035.98,1361.4,0.2
I002413_2,O002413,P078,1,0,2916.59,1751.62,0.1
I002413_3,O002413,P083,1,0,871.3,674.18,0.0
I002414_1,O002414,P044,1,0,2360.9,1529.57,0.05
I002414_2,O002414,P052,2,0,2605.51,2232.75,0.1
I002415_1,O002415,P045,1,0,1779.96,1393.5,0.1
I002416_1,O002416,P088,1,0,317.8,167.15,0.3
I002416_2,O002416,P105,1,0,1210.43,1048.44,0.05
I002416_3,O002416,P008,1,0,3275.13,2190.37,0.0
I002417_1,O002417,P118,1,0,1303.59,778.87,0.0
I002418_1,O002418,P044,1,0,2193.07,1529.57,0.1
I002419_1,O002419,P003,1,0,695.66,593.8,0.0
I002419_2,O002419,P058,1,0,1088.77,974.82,0.05
I002420_1,O002420,P116,1,0,2783.77,2344.15,0.0
I002420_2,O002420,P093,1,0,1005.74,614.67,0.0
I002421_1,O002421,P028,1,0,1442.04,1251.02,0.0
I002421_2,O002421,P024,2,0,3170.31,2312.84,0.2
I002422_1,O002422,P024,1,0,3355.1,2312.84,0.05
I002422_2,O002422,P075,1,0,890.88,632.05,0.05
I002422_3,O002422,P013,1,0,1860.51,1078.11,0.0
I002423_1,O002423,P061,1,0,2816.37,1810.66,0.0
I002424_1,O002424,P060,1,0,3673.88,2190.75,0.1
I002424_2,O002424,P090,2,0,1695.23,1197.25,0.2
I002425_1,O002425,P077,1,0,3074.35,2738.96,0.1
I002426_1,O002426,P072,1,0,1764.69,1369.26,0.05
I002427_1,O002427,P041,1,0,1756.44,1272.83,0.05
I002427_2,O002427,P107,2,0,891.41,517.21,0.2
I002428_1,O002428,P102,1,0,3525.45,2068.63,0.1
I002429_1,O002429,P033,2,0,2832.19,2420.38,0.1
I002430_1,O002430,P120,2,0,3242.68,2258.38,0.0
I002431_1,O002431,P095,1,0,3569.46,2194.24,0.2
I002432_1,O002432,P114,1,0,1004.5,699.07,0.2
I002433_1,O002433,P068,1,0,3367.02,1829.36,0.05
I002434_1,O002434,P056,2,0,670.96,467.73,0.05
I002435_1,O002435,P010,3,0,772.45,468.72,0.0
I002436_1,O002436,P097,2,0,523.14,385.34,0.0
I002437_1,O002437,P036,1,1,2524.03,2239.64,0.05
I002438_1,O002438,P021,1,0,3011.6,2007.08,0.0
I002438_2,O002438,P052,1,0,2815.89,2232.75,0.0
I002438_3,O002438,P041,1,0,1766.79,1272.83,0.2
I002439_1,O002439,P112,1,0,1407.02,1059.45,0.1
I002440_1,O002440,P070,1,0,3343.83,2889.93,0.0
I002441_1,O002441,P049,1,0,2807.68,1767.67,0.0
I002441_2,O002441,P078,2,0,2867.68,1751.62,0.0
I002442_1,O002442,P043,1,0,2602.86,2155.97,0.0
I002442_2,O002442,P025,1,0,768.66,526.03,0.2
I002443_1,O002443,P116,1,0,2676.06,2344.15,0.05
I002444_1,O002444,P012,1,0,3732.96,2599.93,0.05
I002444_2,O002444,P019,1,0,2439.04,1463.41,0.0
I002445_1,O002445,P010,1,0,698.68,468.72,0.1
I002446_1,O002446,P070,1,0,3402.6,2889.93,0.0
I002447_1,O002447,P023,1,1,2153.15,1316.59,0.05
I002447_2,O002447,P105,1,0,1327.95,1048.44,0.0
I002448_1,O002448,P037,1,0,808.91,604.48,0.05
I002449_1,O002449,P111,1,0,1059.75,738.87,0.0
I002450_1,O002450,P050,1,0,1145.64,748.37,0.1
I002451_1,O002451,P056,1,0,683.3,467.73,0.0
I002451_2,O002451,P010,1,0,767.31,468.72,0.1
I002452_1,O002452,P079,1,1,2312.93,1780.27,0.0
I002453_1,O002453,P041,1,0,1626.04,1272.83,0.05
I002453_2,O002453,P011,2,0,630.26,470.48,0.0
I002454_1,O002454,P020,2,0,3667.97,2726.34,0.0
I002455_1,O002455,P068,1,0,3223.34,1829.36,0.0
I002456_1,O002456,P068,1,1,3103.6,1829.36,0.0
I002457_1,O002457,P082,3,0,2290.55,1528.85,0.05
I002457_2,O002457,P102,2,0,3619.34,2068.63,0.1
I002458_1,O002458,P029,1,0,2844.65,2642.14,0.0
I002459_1,O002459,P004,1,0,3098.2,2449.64,0.05
I002460_1,O002460,P058,1,0,1032.27,974.82,0.05
I002461_1,O002461,P069,1,0,2932.9,2596.65,0.0
I002462_1,O002462,P020,1,1,3299.3,2726.34,0.05
I002462_2,O002462,P006,1,0,2913.83,2483.13,0.05
I002463_1,O002463,P058,2,0,1087.48,974.82,0.0
I002464_1,O002464,P093,1,0,1027.46,614.67,0.2
I002465_1,O002465,P090,2,0,1750.13,1197.25,0.0
I002466_1,O002466,P009,1,0,176.6,142.71,0.0
I002467_1,O002467,P046,2,0,218.82,119.22,0.0
I002467_2,O002467,P044,2,0,2335.59,1529.57,0.05
I002468_1,O002468,P053,1,0,2957.41,2330.08,0.2
I002468_2,O002468,P113,1,0,2331.89,1457.19,0.05
I002469_1,O002469,P013,1,0,1734.92,1078.11,0.1
I002469_2,O002469,P118,1,0,1258.6,778.87,0.05
I002470_1,O002470,P114,1,0,1085.12,699.07,0.05
I002470_2,O002470,P113,1,0,2153.47,1457.19,0.05
I002470_3,O002470,P110,2,0,535.73,387.41,0.05
I002471_1,O002471,P114,1,0,1122.13,699.07,0.2
I002472_1,O002472,P104,1,0,886.58,640.45,0.1
I002473_1,O002473,P103,1,0,3460.16,3087.95,0.3
I002473_2,O002473,P007,2,0,2765.15,2152.99,0.0
I002474_1,O002474,P082,1,0,2189.77,1528.85,0.1
I002474_2,O002474,P100,1,0,2974.02,2560.83,0.05
I002474_3,O002474,P052,1,0,2754.13,2232.75,0.1
I002475_1,O002475,P083,1,0,970.11,674.18,0.05
I002475_2,O002475,P036,3,0,2470.17,2239.64,0.2
I002476_1,O002476,P041,1,0,1627.29,1272.83,0.05
I002476_2,O002476,P067,1,0,1157.78,736.87,0.2
I002477_1,O002477,P105,2,0,1224.58,1048.44,0.0
I002477_2,O002477,P103,1,0,3591.57,3087.95,0.0
I002477_3,O002477,P013,1,0,1683.01,1078.11,0.05
I002478_1,O002478,P050,2,0,1168.6,748.37,0.1
I002478_2,O002478,P112,1,0,1471.91,1059.45,0.1
I002478_3,O002478,P019,1,0,2572.98,1463.41,0.1
I002479_1,O002479,P079,1,0,2380.91,1780.27,0.0
I002480_1,O002480,P113,1,0,2212.26,1457.19,0.0
I002481_1,O002481,P082,1,1,2166.97,1528.85,0.05
I002482_1,O002482,P046,1,0,230.68,119.22,0.3
I002482_2,O002482,P102,1,0,3442.36,2068.63,0.0
I002482_3,O002482,P086,1,0,536.32,301.67,0.1
I002483_1,O002483,P065,1,0,2404.64,1840.19,0.05
I002484_1,O002484,P088,1,0,326.53,167.15,0.0
I002484_2,O002484,P065,1,0,2323.69,1840.19,0.05
I002485_1,O002485,P107,3,0,810.11,517.21,0.0
I002486_1,O002486,P058,1,0,1053.05,974.82,0.3
I002486_2,O002486,P053,1,1,3085.56,2330.08,0.0
I002487_1,O002487,P011,1,0,629.22,470.48,0.0
I002487_2,O002487,P066,2,1,617.94,449.79,0.0
I002487_3,O002487,P052,2,0,2667.0,2232.75,0.0
I002488_1,O002488,P018,1,0,2701.98,1861.03,0.05
I002489_1,O002489,P058,1,0,1161.76,974.82,0.05
I002490_1,O002490,P104,1,0,869.89,640.45,0.05
I002491_1,O002491,P079,3,0,2298.44,1780.27,0.0
I002491_2,O002491,P040,1,0,2117.08,1719.58,0.0
I002492_1,O002492,P041,1,0,1851.81,1272.83,0.0
I002492_2,O002492,P052,1,0,2737.42,2232.75,0.0
I002493_1,O002493,P112,2,0,1417.59,1059.45,0.1
I002494_1,O002494,P070,1,0,3607.7,2889.93,0.05
I002494_2,O002494,P113,3,0,2287.44,1457.19,0.0
I002495_1,O002495,P063,1,0,2407.32,1328.53,0.0
I002495_2,O002495,P054,1,0,336.2,290.26,0.0
I002496_1,O002496,P018,2,0,2999.19,1861.03,0.0
I002496_2,O002496,P038,1,0,2577.45,1939.6,0.2
I002497_1,O002497,P059,1,0,2561.82,2284.02,0.05
I002497_2,O002497,P107,1,0,895.63,517.21,0.05
I002498_1,O002498,P074,1,0,2741.49,2093.66,0.0
I002498_2,O002498,P002,1,0,2652.92,2136.38,0.0
I002498_3,O002498,P106,1,0,2647.75,2402.81,0.0
I002499_1,O002499,P066,1,0,588.05,449.79,0.0
I002500_1,O002500,P053,2,0,3024.97,2330.08,0.0
I002501_1,O002501,P120,1,0,3562.15,2258.38,0.0
I002502_1,O002502,P043,2,0,2687.65,2155.97,0.2
I002502_2,O002502,P032,1,0,775.97,692.6,0.1
I002503_1,O002503,P027,1,0,2047.49,1900.67,0.0
I002504_1,O002504,P059,1,0,2682.19,2284.02,0.0
I002505_1,O002505,P007,1,0,2615.73,2152.99,0.0
I002506_1,O002506,P091,1,0,818.56,567.3,0.2
I002506_2,O002506,P062,1,0,1205.63,934.97,0.0
I002507_1,O002507,P083,1,0,946.27,674.18,0.0
I002508_1,O002508,P076,1,0,2499.58,1928.31,0.0
I002509_1,O002509,P092,1,0,2548.1,1883.6,0.1
I002509_2,O002509,P048,1,0,2623.58,2064.58,0.0
I002510_1,O002510,P009,1,0,191.3,142.71,0.05
I002511_1,O002511,P058,1,0,1116.05,974.82,0.0
I002512_1,O002512,P114,1,0,1031.85,699.07,0.2
I002513_1,O002513,P086,1,0,511.52,301.67,0.2
I002513_2,O002513,P112,1,0,1465.67,1059.45,0.0
I002514_1,O002514,P117,1,0,1520.9,1301.63,0.0
I002515_1,O002515,P102,1,0,3426.58,2068.63,0.0
I002516_1,O002516,P027,2,0,2164.9,1900.67,0.0
I002516_2,O002516,P116,1,0,2969.1,2344.15,0.1
I002517_1,O002517,P050,2,0,1252.18,748.37,0.1
I002518_1,O002518,P099,1,0,1114.11,579.06,0.0
I002518_2,O002518,P009,1,0,192.61,142.71,0.0
I002519_1,O002519,P033,1,0,2925.01,2420.38,0.2
I002520_1,O002520,P001,3,0,753.3,503.11,0.05
I002520_2,O002520,P003,1,0,676.41,593.8,0.0
I002521_1,O002521,P050,1,0,1127.17,748.37,0.1
I002521_2,O002521,P073,1,0,2975.58,2517.93,0.1
I002522_1,O002522,P009,2,0,189.41,142.71,0.1
I002523_1,O002523,P106,1,0,2696.6,2402.81,0.1
I002524_1,O002524,P004,1,0,3305.79,2449.64,0.05
I002524_2,O002524,P038,1,0,2444.45,1939.6,0.0
I002524_3,O002524,P061,1,0,2563.91,1810.66,0.0
I002525_1,O002525,P007,1,0,2724.08,2152.99,0.0
I002526_1,O002526,P065,1,0,2539.37,1840.19,0.1
I002526_2,O002526,P058,2,0,1092.59,974.82,0.0
I002526_3,O002526,P072,1,0,1808.12,1369.26,0.2
I002527_1,O002527,P112,1,0,1533.4,1059.45,0.05
I002527_2,O002527,P018,2,0,2722.9,1861.03,0.0
I002527_3,O002527,P092,2,0,2391.84,1883.6,0.05
I002528_1,O002528,P086,2,0,524.29,301.67,0.0
I002528_2,O002528,P034,1,0,695.7,551.76,0.0
I002529_1,O002529,P116,1,1,2800.07,2344.15,0.2
I002530_1,O002530,P018,1,0,3010.99,1861.03,0.2
I002531_1,O002531,P114,1,0,1089.39,699.07,0.1
I002532_1,O002532,P026,1,0,3248.2,2746.76,0.0
I002533_1,O002533,P024,1,0,3053.29,2312.84,0.1
I002534_1,O002534,P039,1,0,3101.21,1842.48,0.05
I002534_2,O002534,P103,1,1,3635.81,3087.95,0.05
I002535_1,O002535,P036,1,0,2515.48,2239.64,0.0
I002536_1,O002536,P033,1,0,2848.67,2420.38,0.0
I002537_1,O002537,P067,1,1,1136.67,736.87,0.05
I002537_2,O002537,P004,2,0,3279.32,2449.64,0.05
I002538_1,O002538,P084,1,0,1226.6,785.13,0.05
I002538_2,O002538,P059,2,0,2760.53,2284.02,0.3
I002539_1,O002539,P059,1,0,2429.7,2284.02,0.0
I002539_2,O002539,P067,1,0,1164.66,736.87,0.05
I002540_1,O002540,P075,2,0,845.52,632.05,0.2
I002541_1,O002541,P068,1,0,3263.7,1829.36,0.05
I002542_1,O002542,P055,1,0,1796.74,1250.56,0.0
I002542_2,O002542,P053,2,0,2823.47,2330.08,0.05
I002543_1,O002543,P009,1,0,181.61,142.71,0.05
I002544_1,O002544,P069,1,0,2779.29,2596.65,0.1
I002545_1,O002545,P005,1,0,2161.33,1891.99,0.0
I002546_1,O002546,P114,1,0,1092.31,699.07,0.1
I002546_2,O002546,P004,1,0,3045.61,2449.64,0.2
I002546_3,O002546,P109,1,0,2270.86,1696.43,0.05
I002547_1,O002547,P106,2,0,2722.57,2402.81,0.0
I002548_1,O002548,P002,2,0,2943.36,2136.38,0.0
I002548_2,O002548,P013,1,0,1790.98,1078.11,0.0
I002549_1,O002549,P111,1,0,1111.67,738.87,0.0
I002550_1,O002550,P051,1,0,2724.35,1856.67,0.0
I002551_1,O002551,P017,1,0,1982.76,1079.58,0.3
I002551_2,O002551,P046,1,0,214.16,119.22,0.0
I002552_1,O002552,P085,1,0,720.14,482.52,0.3
I002552_2,O002552,P111,1,0,1078.36,738.87,0.0
I002553_1,O002553,P051,1,0,2587.97,1856.67,0.05
I002554_1,O002554,P027,1,0,2251.05,1900.67,0.05
I002554_2,O002554,P085,1,0,680.29,482.52,0.05
I002554_3,O002554,P014,2,0,1496.63,956.53,0.0
I002555_1,O002555,P049,1,1,2699.97,1767.67,0.0
I002555_2,O002555,P066,1,0,616.04,449.79,0.0
I002555_3,O002555,P090,1,1,1642.42,1197.25,0.0
I002556_1,O002556,P030,3,0,2426.19,1879.56,0.0
I002556_2,O002556,P068,3,0,3249.11,1829.36,0.05
I002556_3,O002556,P042,1,0,3220.3,2480.29,0.2
I002557_1,O002557,P075,1,0,856.28,632.05,0.2
I002557_2,O002557,P069,1,0,3066.54,2596.65,0.0
I002558_1,O002558,P046,1,0,214.2,119.22,0.3
I002559_1,O002559,P065,1,0,2610.46,1840.19,0.0
I002560_1,O002560,P094,1,0,2963.69,1716.82,0.1
I002560_2,O002560,P009,1,0,194.55,142.71,0.0
I002561_1,O002561,P114,1,0,1054.26,699.07,0.05
I002562_1,O002562,P051,1,0,2796.24,1856.67,0.0
I002563_1,O002563,P119,2,0,686.02,550.1,0.0
I002564_1,O002564,P101,1,0,434.81,290.92,0.0
I002564_2,O002564,P097,1,0,546.89,385.34,0.0
I002565_1,O002565,P074,1,0,2631.85,2093.66,0.2
I002565_2,O002565,P093,1,0,988.13,614.67,0.1
I002566_1,O002566,P105,1,0,1225.68,1048.44,0.05
I002567_1,O002567,P033,1,0,2655.57,2420.38,0.0
I002568_1,O002568,P010,1,0,726.26,468.72,0.1
I002568_2,O002568,P028,1,0,1396.37,1251.02,0.1
I002569_1,O002569,P043,1,0,2476.22,2155.97,0.0
I002570_1,O002570,P084,2,1,1111.88,785.13,0.3
I002571_1,O002571,P019,1,0,2454.56,1463.41,0.1
I002572_1,O002572,P029,1,0,2818.49,2642.14,0.05
I002573_1,O002573,P073,1,0,2904.17,2517.93,0.05
I002573_2,O002573,P061,1,0,2792.04,1810.66,0.0
I002573_3,O002573,P097,1,0,526.82,385.34,0.0
I002574_1,O002574,P057,2,0,2792.84,1751.13,0.05
I002575_1,O002575,P091,1,0,775.53,567.3,0.05
I002576_1,O002576,P108,2,0,1190.36,757.54,0.2
I002577_1,O002577,P005,1,0,2224.0,1891.99,0.0
I002577_2,O002577,P054,1,0,345.14,290.26,0.1
I002578_1,O002578,P007,1,0,2661.85,2152.99,0.05
I002579_1,O002579,P119,1,0,650.11,550.1,0.0
I002580_1,O002580,P114,1,0,1074.8,699.07,0.05
I002581_1,O002581,P097,1,0,537.96,385.34,0.1
I002581_2,O002581,P083,1,0,911.93,674.18,0.1
I002582_1,O002582,P029,1,0,2841.18,2642.14,0.05
I002583_1,O002583,P084,1,0,1149.73,785.13,0.0
I002583_2,O002583,P090,1,0,1644.43,1197.25,0.2
I002584_1,O002584,P112,2,0,1458.27,1059.45,0.1
I002584_2,O002584,P111,1,0,1124.16,738.87,0.0
I002585_1,O002585,P097,1,0,509.55,385.34,0.0
I002586_1,O002586,P087,1,0,1980.54,1487.18,0.0
I002586_2,O002586,P076,1,0,2495.93,1928.31,0.0
I002587_1,O002587,P041,1,0,1617.04,1272.83,0.1
I002588_1,O002588,P025,1,0,747.72,526.03,0.05
I002589_1,O002589,P082,1,0,2363.18,1528.85,0.05
I002590_1,O002590,P012,1,0,3521.54,2599.93,0.0
I002590_2,O002590,P054,2,0,361.9,290.26,0.05
I002590_3,O002590,P090,1,0,1593.05,1197.25,0.05
I002591_1,O002591,P100,1,0,2732.76,2560.83,0.1
I002592_1,O002592,P117,1,1,1536.74,1301.63,0.2
I002593_1,O002593,P101,1,0,424.56,290.92,0.05
I002593_2,O002593,P010,2,0,746.06,468.72,0.0
I002594_1,O002594,P013,2,0,1815.99,1078.11,0.2
I002594_2,O002594,P019,1,0,2619.73,1463.41,0.0
I002595_1,O002595,P063,1,0,2172.53,1328.53,0.0
I002595_2,O002595,P072,2,0,1865.98,1369.26,0.0
I002595_3,O002595,P058,1,0,1123.41,974.82,0.0
I002596_1,O002596,P069,2,0,3112.76,2596.65,0.0
I002597_1,O002597,P052,1,0,2505.36,2232.75,0.0
I002598_1,O002598,P103,1,0,3509.0,3087.95,0.0
I002598_2,O002598,P015,3,0,2105.28,1639.7,0.0
I002599_1,O002599,P089,1,0,2629.22,1691.26,0.05
I002600_1,O002600,P040,2,1,2340.69,1719.58,0.0
I002600_2,O002600,P053,1,0,3150.61,2330.08,0.1
I002601_1,O002601,P073,1,0,3131.16,2517.93,0.0
I002602_1,O002602,P038,1,0,2637.97,1939.6,0.0
I002603_1,O002603,P057,1,0,2789.54,1751.13,0.05
I002603_2,O002603,P056,2,0,702.1,467.73,0.05
I002604_1,O002604,P018,1,0,3076.51,1861.03,0.05
I002605_1,O002605,P028,1,0,1400.38,1251.02,0.05
I002605_2,O002605,P023,1,0,2191.18,1316.59,0.05
I002606_1,O002606,P091,2,0,792.34,567.3,0.0
I002606_2,O002606,P100,1,0,2988.19,2560.83,0.05
I002607_1,O002607,P104,2,0,828.2,640.45,0.0
I002607_2,O002607,P048,1,0,2514.87,2064.58,0.0
I002607_3,O002607,P059,2,0,2607.48,2284.02,0.2
I002608_1,O002608,P085,1,0,729.69,482.52,0.0
I002608_2,O002608,P047,2,0,3468.04,2991.8,0.05
I002609_1,O002609,P002,1,0,2641.59,2136.38,0.1
I002610_1,O002610,P111,2,0,1157.23,738.87,0.1
I002610_2,O002610,P069,1,0,3126.42,2596.65,0.0
I002611_1,O002611,P061,2,0,2846.15,1810.66,0.0
I002611_2,O002611,P114,1,0,1035.31,699.07,0.0
I002611_3,O002611,P016,1,0,2795.9,2126.82,0.0
I002612_1,O002612,P111,1,0,1157.74,738.87,0.0
I002613_1,O002613,P054,1,0,351.89,290.26,0.1
I002613_2,O002613,P069,1,0,3050.97,2596.65,0.0
I002613_3,O002613,P030,1,0,2596.25,1879.56,0.1
I002614_1,O002614,P054,1,0,347.58,290.26,0.0
I002614_2,O002614,P075,1,0,919.99,632.05,0.0
I002615_1,O002615,P021,1,0,3104.44,2007.08,0.0
I002616_1,O002616,P032,1,0,796.98,692.6,0.0
I002617_1,O002617,P034,2,0,696.33,551.76,0.0
I002618_1,O002618,P024,1,0,3040.08,2312.84,0.0
I002618_2,O002618,P028,1,0,1576.88,1251.02,0.0
I002619_1,O002619,P026,1,0,3202.59,2746.76,0.0
I002619_2,O002619,P010,1,0,740.79,468.72,0.0
I002619_3,O002619,P034,2,0,663.39,551.76,0.1
I002620_1,O002620,P050,1,1,1153.45,748.37,0.05
I002620_2,O002620,P077,1,0,3153.95,2738.96,0.0
I002621_1,O002621,P032,1,0,820.58,692.6,0.05
I002621_2,O002621,P040,3,0,2079.88,1719.58,0.05
I002621_3,O002621,P078,1,0,2560.58,1751.62,0.1
I002622_1,O002622,P003,2,0,688.47,593.8,0.1
I002622_2,O002622,P092,2,0,2504.69,1883.6,0.1
I002623_1,O002623,P001,1,0,780.5,503.11,0.0
I002624_1,O002624,P021,1,0,3099.13,2007.08,0.1
I002625_1,O002625,P043,1,0,2508.76,2155.97,0.0
I002626_1,O002626,P017,1,0,1916.11,1079.58,0.0
I002627_1,O002627,P119,1,0,683.38,550.1,0.0
I002628_1,O002628,P112,1,0,1541.78,1059.45,0.0
I002628_2,O002628,P034,2,0,651.82,551.76,0.05
I002629_1,O002629,P105,1,0,1197.79,1048.44,0.0
I002629_2,O002629,P065,1,0,2427.7,1840.19,0.0
I002630_1,O002630,P002,1,0,2885.21,2136.38,0.05
I002630_2,O002630,P040,2,0,2077.72,1719.58,0.05
I002631_1,O002631,P088,1,0,296.13,167.15,0.0
I002632_1,O002632,P072,1,0,1672.48,1369.26,0.1
I002632_2,O002632,P113,1,0,2350.44,1457.19,0.0
I002633_1,O002633,P103,2,0,3533.21,3087.95,0.0
I002634_1,O002634,P118,1,0,1188.32,778.87,0.05
I002635_1,O002635,P003,1,0,727.95,593.8,0.2
I002636_1,O002636,P120,2,0,3652.66,2258.38,0.0
I002636_2,O002636,P109,1,0,2271.86,1696.43,0.05
I002637_1,O002637,P087,2,0,1925.35,1487.18,0.05
I002637_2,O002637,P018,1,0,2806.26,1861.03,0.0
I002638_1,O002638,P117,1,0,1547.23,1301.63,0.0
I002638_2,O002638,P007,1,0,2635.4,2152.99,0.05
I002638_3,O002638,P072,1,0,1663.93,1369.26,0.1
I002639_1,O002639,P120,2,0,3473.17,2258.38,0.1
I002640_1,O002640,P075,1,0,851.83,632.05,0.0
I002640_2,O002640,P014,1,1,1544.64,956.53,0.0
I002641_1,O002641,P055,1,0,1783.31,1250.56,0.1
I002642_1,O002642,P037,1,1,805.52,604.48,0.0
I002642_2,O002642,P007,1,0,2667.34,2152.99,0.3
I002642_3,O002642,P084,1,0,1148.4,785.13,0.05
I002643_1,O002643,P073,1,0,3045.69,2517.93,0.0
I002643_2,O002643,P105,1,0,1295.39,1048.44,0.05
I002644_1,O002644,P006,1,0,2794.26,2483.13,0.05
I002644_2,O002644,P040,1,0,2260.56,1719.58,0.2
I002645_1,O002645,P098,2,0,361.65,210.13,0.1
I002646_1,O002646,P120,2,0,3574.3,2258.38,0.05
I002646_2,O002646,P087,1,0,1872.69,1487.18,0.05
I002647_1,O002647,P024,1,0,3249.28,2312.84,0.0
I002648_1,O002648,P114,1,0,1100.78,699.07,0.0
I002648_2,O002648,P067,1,0,1110.59,736.87,0.05
I002648_3,O002648,P020,1,0,3500.19,2726.34,0.1
I002649_1,O002649,P104,2,0,793.74,640.45,0.0
I002650_1,O002650,P052,1,0,2782.14,2232.75,0.05
I002650_2,O002650,P044,1,0,2334.44,1529.57,0.05
I002650_3,O002650,P001,1,0,766.57,503.11,0.05
I002651_1,O002651,P030,1,0,2567.55,1879.56,0.1
I002651_2,O002651,P017,2,0,1883.48,1079.58,0.2
I002651_3,O002651,P107,1,0,909.01,517.21,0.2
I002652_1,O002652,P072,1,0,1670.11,1369.26,0.1
I002653_1,O002653,P059,1,0,2685.48,2284.02,0.1
I002654_1,O002654,P090,1,0,1713.56,1197.25,0.0
I002655_1,O002655,P029,1,0,3237.21,2642.14,0.0
I002656_1,O002656,P092,1,0,2534.1,1883.6,0.0
I002656_2,O002656,P047,1,0,3445.84,2991.8,0.0
I002657_1,O002657,P102,1,0,3479.66,2068.63,0.1
I002657_2,O002657,P022,1,0,2091.55,1361.4,0.1
I002657_3,O002657,P101,1,0,442.06,290.92,0.0
I002658_1,O002658,P003,2,0,714.18,593.8,0.0
I002659_1,O002659,P116,1,0,3037.13,2344.15,0.2
I002659_2,O002659,P024,1,0,3182.78,2312.84,0.0
I002660_1,O002660,P069,2,0,2944.45,2596.65,0.1
I002661_1,O002661,P039,1,0,3083.42,1842.48,0.0
I002662_1,O002662,P062,1,0,1183.13,934.97,0.1
I002663_1,O002663,P071,1,0,2088.99,1171.43,0.0
I002664_1,O002664,P014,1,0,1423.46,956.53,0.1
I002664_2,O002664,P015,1,0,1989.29,1639.7,0.0
I002665_1,O002665,P069,1,0,3107.69,2596.65,0.1
I002665_2,O002665,P044,1,0,2340.85,1529.57,0.05
I002666_1,O002666,P100,1,0,2875.38,2560.83,0.0
I002667_1,O002667,P074,1,0,2536.15,2093.66,0.1
I002667_2,O002667,P020,1,0,3524.56,2726.34,0.0
I002668_1,O002668,P025,1,0,781.22,526.03,0.1
I002669_1,O002669,P090,2,0,1789.69,1197.25,0.0
I002669_2,O002669,P040,1,0,2124.43,1719.58,0.0
I002670_1,O002670,P015,2,0,2103.24,1639.7,0.0
I002671_1,O002671,P092,1,0,2589.77,1883.6,0.05
I002671_2,O002671,P050,1,0,1224.22,748.37,0.05
I002672_1,O002672,P104,2,0,844.65,640.45,0.1
I002672_2,O002672,P115,1,0,2777.07,1821.73,0.05
I002673_1,O002673,P031,2,0,302.77,221.16,0.05
I002673_2,O002673,P090,1,0,1613.62,1197.25,0.0
I002674_1,O002674,P105,1,0,1196.85,1048.44,0.0
I002674_2,O002674,P005,1,0,2245.36,1891.99,0.0
I002675_1,O002675,P075,1,1,886.41,632.05,0.0
I002676_1,O002676,P018,1,0,2857.69,1861.03,0.1
I002676_2,O002676,P082,1,0,2236.87,1528.85,0.05
I002677_1,O002677,P094,2,0,2736.94,1716.82,0.0
I002678_1,O002678,P006,1,0,2755.41,2483.13,0.0
I002679_1,O002679,P093,1,1,1105.05,614.67,0.3
I002680_1,O002680,P075,1,0,910.23,632.05,0.3
I002680_2,O002680,P103,1,0,3605.78,3087.95,0.2
I002681_1,O002681,P102,2,0,3384.62,2068.63,0.0
I002682_1,O002682,P012,1,0,3789.16,2599.93,0.0
I002682_2,O002682,P033,2,0,2734.1,2420.38,0.05
I002683_1,O002683,P031,2,0,312.64,221.16,0.05
I002684_1,O002684,P101,2,2,401.97,290.92,0.1
I002684_2,O002684,P046,1,0,211.25,119.22,0.1
I002685_1,O002685,P089,1,0,2685.4,1691.26,0.1
I002686_1,O002686,P061,2,0,2620.27,1810.66,0.05
I002686_2,O002686,P069,3,0,2847.86,2596.65,0.1
I002687_1,O002687,P067,1,0,1235.62,736.87,0.0
I002687_2,O002687,P090,1,0,1614.49,1197.25,0.05
I002688_1,O002688,P096,1,1,3173.85,1989.35,0.1
I002689_1,O002689,P083,1,0,916.56,674.18,0.1
I002690_1,O002690,P010,2,0,725.55,468.72,0.1
I002690_2,O002690,P054,1,0,349.6,290.26,0.0
I002691_1,O002691,P119,1,0,620.46,550.1,0.05
I002692_1,O002692,P055,1,0,1862.38,1250.56,0.05
I002693_1,O002693,P063,1,0,2212.88,1328.53,0.0
I002694_1,O002694,P082,1,0,2374.53,1528.85,0.0
I002694_2,O002694,P059,1,0,2576.32,2284.02,0.2
I002694_3,O002694,P045,1,0,1591.63,1393.5,0.05
I002695_1,O002695,P029,1,0,3117.31,2642.14,0.2
I002695_2,O002695,P055,2,0,1773.37,1250.56,0.1
I002696_1,O002696,P040,1,0,2251.07,1719.58,0.2
I002697_1,O002697,P062,1,0,1177.77,934.97,0.2
I002698_1,O002698,P042,1,0,3384.36,2480.29,0.05
I002699_1,O002699,P035,1,1,2364.58,1657.14,0.1
I002700_1,O002700,P036,1,0,2650.18,2239.64,0.0
I002701_1,O002701,P018,1,0,2825.47,1861.03,0.0
I002702_1,O002702,P047,2,0,3576.17,2991.8,0.05
I002702_2,O002702,P003,1,0,647.16,593.8,0.0
I002703_1,O002703,P031,1,0,310.99,221.16,0.2
I002704_1,O002704,P083,1,0,908.21,674.18,0.3
I002705_1,O002705,P049,2,0,2713.18,1767.67,0.05
I002706_1,O002706,P092,1,0,2390.05,1883.6,0.0
I002707_1,O002707,P064,1,0,260.35,140.8,0.1
I002707_2,O002707,P021,1,0,2983.35,2007.08,0.0
I002708_1,O002708,P038,1,0,2635.4,1939.6,0.0
I002708_2,O002708,P083,1,0,950.87,674.18,0.0
I002708_3,O002708,P009,2,0,200.49,142.71,0.2
I002709_1,O002709,P053,1,0,3046.94,2330.08,0.0
I002709_2,O002709,P001,1,0,804.05,503.11,0.3
I002710_1,O002710,P117,1,0,1647.95,1301.63,0.1
I002711_1,O002711,P012,1,1,3401.23,2599.93,0.05
I002712_1,O002712,P023,1,0,2285.91,1316.59,0.1
I002713_1,O002713,P049,1,0,2837.7,1767.67,0.0
I002713_2,O002713,P019,2,0,2634.31,1463.41,0.05
I002714_1,O002714,P103,1,1,3537.03,3087.95,0.0
I002715_1,O002715,P085,1,0,759.05,482.52,0.0
I002716_1,O002716,P014,2,0,1475.4,956.53,0.05
I002716_2,O002716,P004,1,0,3333.24,2449.64,0.0
I002716_3,O002716,P085,1,0,709.91,482.52,0.05
I002717_1,O002717,P004,1,0,3049.86,2449.64,0.05
I002718_1,O002718,P074,1,0,2770.36,2093.66,0.05
I002718_2,O002718,P033,1,0,2827.22,2420.38,0.0
I002719_1,O002719,P026,1,0,3322.09,2746.76,0.0
I002720_1,O002720,P091,1,0,764.01,567.3,0.0
I002721_1,O002721,P001,1,0,792.89,503.11,0.05
I002721_2,O002721,P094,1,0,2787.48,1716.82,0.1
I002722_1,O002722,P007,1,0,2680.93,2152.99,0.0
I002722_2,O002722,P097,1,0,514.03,385.34,0.1
I002723_1,O002723,P027,1,0,2285.86,1900.67,0.05
I002724_1,O002724,P044,1,0,2082.98,1529.57,0.3
I002724_2,O002724,P048,1,0,2494.99,2064.58,0.05
I002724_3,O002724,P056,2,0,649.44,467.73,0.0
I002725_1,O002725,P002,1,1,2917.23,2136.38,0.2
I002726_1,O002726,P026,3,0,3318.92,2746.76,0.0
I002726_2,O002726,P114,1,0,1054.77,699.07,0.1
I002727_1,O002727,P052,1,0,2540.24,2232.75,0.2
I002727_2,O002727,P062,1,1,1201.39,934.97,0.05
I002727_3,O002727,P002,2,0,2616.51,2136.38,0.0
I002728_1,O002728,P082,1,0,2192.94,1528.85,0.0
I002729_1,O002729,P032,1,0,836.92,692.6,0.0
I002729_2,O002729,P053,1,0,2932.21,2330.08,0.0
I002729_3,O002729,P105,1,0,1320.81,1048.44,0.0
I002730_1,O002730,P060,2,0,3480.53,2190.75,0.3
I002731_1,O002731,P040,1,0,2330.5,1719.58,0.0
I002732_1,O002732,P082,1,0,2265.93,1528.85,0.1
I002733_1,O002733,P073,1,0,3039.56,2517.93,0.05
I002733_2,O002733,P063,1,0,2340.35,1328.53,0.0
I002734_1,O002734,P041,1,0,1828.97,1272.83,0.05
I002735_1,O002735,P008,1,0,3037.64,2190.37,0.1
I002735_2,O002735,P112,1,0,1553.47,1059.45,0.0
I002736_1,O002736,P062,1,0,1110.53,934.97,0.0
I002736_2,O002736,P116,1,0,2829.05,2344.15,0.0
I002737_1,O002737,P084,1,0,1126.98,785.13,0.1
I002738_1,O002738,P080,1,0,833.14,706.47,0.3
I002738_2,O002738,P061,1,0,2819.74,1810.66,0.0
I002739_1,O002739,P039,1,0,2846.22,1842.48,0.0
I002740_1,O002740,P043,2,0,2490.38,2155.97,0.1
I002741_1,O002741,P120,3,0,3223.46,2258.38,0.1
I002741_2,O002741,P059,1,0,2589.23,2284.02,0.0
I002742_1,O002742,P035,1,0,2440.06,1657.14,0.0
I002743_1,O002743,P051,1,0,2769.06,1856.67,0.0
I002743_2,O002743,P031,1,0,293.3,221.16,0.0
I002744_1,O002744,P040,1,0,2305.18,1719.58,0.2
I002745_1,O002745,P020,1,1,3248.82,2726.34,0.2
I002745_2,O002745,P090,1,0,1749.18,1197.25,0.05
I002745_3,O002745,P032,1,0,879.3,692.6,0.0
I002746_1,O002746,P066,1,0,572.27,449.79,0.3
I002746_2,O002746,P034,1,0,701.78,551.76,0.1
I002746_3,O002746,P037,1,0,780.94,604.48,0.05
I002747_1,O002747,P118,2,0,1330.6,778.87,0.2
I002748_1,O002748,P116,1,0,3037.96,2344.15,0.05
I002749_1,O002749,P019,2,0,2545.27,1463.41,0.0
I002749_2,O002749,P083,2,0,915.64,674.18,0.1
I002750_1,O002750,P075,1,0,920.4,632.05,0.05
I002750_2,O002750,P076,1,0,2547.08,1928.31,0.1
I002751_1,O002751,P013,1,0,1709.7,1078.11,0.2
I002751_2,O002751,P004,1,0,3334.46,2449.64,0.1
I002751_3,O002751,P042,1,0,3577.12,2480.29,0.1
I002752_1,O002752,P109,1,0,2209.43,1696.43,0.0
I002753_1,O002753,P065,1,0,2486.89,1840.19,0.1
I002754_1,O002754,P106,2,0,2802.89,2402.81,0.0
I002754_2,O002754,P088,1,0,289.85,167.15,0.1
I002754_3,O002754,P083,1,0,927.8,674.18,0.1
I002755_1,O002755,P047,1,1,3251.38,2991.8,0.0
I002756_1,O002756,P039,2,0,2747.57,1842.48,0.05
I002756_2,O002756,P041,2,0,1744.51,1272.83,0.0
I002757_1,O002757,P062,1,0,1219.96,934.97,0.0
I002758_1,O002758,P016,1,0,2778.2,2126.82,0.1
I002759_1,O002759,P057,1,0,2824.45,1751.13,0.1
I002759_2,O002759,P073,1,0,2913.79,2517.93,0.3
I002760_1,O002760,P085,1,0,753.33,482.52,0.05
I002760_2,O002760,P111,1,0,1107.74,738.87,0.0
I002761_1,O002761,P091,2,0,782.95,567.3,0.1
I002762_1,O002762,P086,1,0,526.72,301.67,0.0
I002762_2,O002762,P044,1,0,2273.42,1529.57,0.0
I002762_3,O002762,P017,2,0,1900.22,1079.58,0.05
I002763_1,O002763,P036,1,0,2522.12,2239.64,0.05
I002763_2,O002763,P108,2,0,1078.44,757.54,0.2
I002763_3,O002763,P077,1,0,3198.82,2738.96,0.05
I002764_1,O002764,P086,1,0,566.92,301.67,0.05
I002765_1,O002765,P104,2,0,822.76,640.45,0.05
I002765_2,O002765,P050,1,0,1217.93,748.37,0.05
I002766_1,O002766,P032,1,0,876.59,692.6,0.05
I002767_1,O002767,P114,3,0,1009.22,699.07,0.0
I002767_2,O002767,P097,1,0,500.45,385.34,0.0
I002768_1,O002768,P099,1,0,1049.46,579.06,0.0
I002768_2,O002768,P097,1,0,492.43,385.34,0.0
I002769_1,O002769,P086,1,0,575.39,301.67,0.2
I002769_2,O002769,P106,1,0,2939.7,2402.81,0.0
I002770_1,O002770,P030,2,0,2481.51,1879.56,0.0
I002771_1,O002771,P026,1,0,3165.72,2746.76,0.1
I002772_1,O002772,P081,1,0,3322.67,2035.71,0.0
I002772_2,O002772,P054,1,0,330.1,290.26,0.0
I002772_3,O002772,P012,3,0,3792.07,2599.93,0.0
I002773_1,O002773,P001,1,0,808.32,503.11,0.1
I002774_1,O002774,P032,2,0,803.63,692.6,0.2
I002774_2,O002774,P053,1,0,2828.2,2330.08,0.2
I002775_1,O002775,P103,2,0,3736.19,3087.95,0.0
I002776_1,O002776,P058,1,0,1123.18,974.82,0.0
I002776_2,O002776,P067,1,0,1192.51,736.87,0.0
I002777_1,O002777,P044,1,1,2235.34,1529.57,0.05
I002777_2,O002777,P020,1,0,3666.23,2726.34,0.05
I002778_1,O002778,P050,1,0,1142.2,748.37,0.0
I002779_1,O002779,P088,1,0,318.23,167.15,0.05
I002779_2,O002779,P003,1,0,739.78,593.8,0.05
I002780_1,O002780,P079,1,0,2185.9,1780.27,0.2
I002781_1,O002781,P090,2,0,1708.84,1197.25,0.1
I002781_2,O002781,P083,2,0,976.12,674.18,0.1
I002782_1,O002782,P092,1,0,2410.83,1883.6,0.05
I002783_1,O002783,P036,1,0,2456.3,2239.64,0.3
I002784_1,O002784,P024,1,1,3267.58,2312.84,0.05
I002784_2,O002784,P068,1,0,3360.4,1829.36,0.2
I002785_1,O002785,P092,1,0,2574.44,1883.6,0.0
I002786_1,O002786,P050,1,0,1225.73,748.37,0.05
I002786_2,O002786,P119,1,0,638.7,550.1,0.0
I002786_3,O002786,P045,2,0,1672.78,1393.5,0.05
I002787_1,O002787,P090,3,0,1790.91,1197.25,0.1
I002788_1,O002788,P068,1,0,3354.4,1829.36,0.2
I002788_2,O002788,P060,1,0,3589.88,2190.75,0.05
I002789_1,O002789,P030,2,0,2504.16,1879.56,0.0
I002789_2,O002789,P036,3,0,2537.38,2239.64,0.2
I002789_3,O002789,P073,1,0,3032.37,2517.93,0.2
I002790_1,O002790,P107,1,0,835.96,517.21,0.05
I002791_1,O002791,P003,2,0,709.96,593.8,0.0
I002792_1,O002792,P039,1,0,3015.03,1842.48,0.1
I002792_2,O002792,P102,1,0,3337.93,2068.63,0.1
I002793_1,O002793,P108,1,0,1045.73,757.54,0.0
I002793_2,O002793,P077,2,0,3386.19,2738.96,0.0
I002794_1,O002794,P067,1,0,1175.19,736.87,0.05
I002795_1,O002795,P066,1,0,570.61,449.79,0.2
I002795_2,O002795,P027,3,0,2053.16,1900.67,0.05
I002796_1,O002796,P047,1,0,3655.37,2991.8,0.0
I002796_2,O002796,P113,1,0,2217.51,1457.19,0.1
I002797_1,O002797,P035,1,0,2239.52,1657.14,0.0
I002797_2,O002797,P068,2,0,3222.71,1829.36,0.1
I002797_3,O002797,P073,1,0,3089.31,2517.93,0.0
I002798_1,O002798,P041,1,0,1615.23,1272.83,0.0
I002798_2,O002798,P014,1,0,1398.98,956.53,0.0
I002799_1,O002799,P098,1,0,370.91,210.13,0.0
I002800_1,O002800,P009,1,0,184.63,142.71,0.0
I002801_1,O002801,P031,1,0,280.28,221.16,0.05
I002802_1,O002802,P117,1,0,1545.86,1301.63,0.0
I002803_1,O002803,P104,1,0,794.22,640.45,0.0
I002803_2,O002803,P080,2,0,892.95,706.47,0.2
I002803_3,O002803,P015,1,1,1882.07,1639.7,0.0
I002804_1,O002804,P108,1,0,1099.13,757.54,0.0
I002805_1,O002805,P113,2,0,2154.12,1457.19,0.2
I002805_2,O002805,P120,1,0,3361.56,2258.38,0.0
I002806_1,O002806,P006,1,0,2828.61,2483.13,0.1
I002807_1,O002807,P100,1,0,3006.8,2560.83,0.0
I002808_1,O002808,P072,1,0,1639.6,1369.26,0.05
I002809_1,O002809,P082,1,0,2166.42,1528.85,0.05
I002810_1,O002810,P071,1,0,2117.54,1171.43,0.0
I002811_1,O002811,P001,1,0,756.16,503.11,0.1
I002811_2,O002811,P115,1,0,2764.34,1821.73,0.2
I002812_1,O002812,P113,1,0,2390.22,1457.19,0.1
I002812_2,O002812,P103,1,0,3600.34,3087.95,0.0
I002812_3,O002812,P120,2,0,3433.75,2258.38,0.2
I002813_1,O002813,P090,1,0,1663.89,1197.25,0.0
I002813_2,O002813,P102,1,0,3342.32,2068.63,0.0
I002814_1,O002814,P049,1,0,2825.06,1767.67,0.05
I002815_1,O002815,P046,1,0,223.45,119.22,0.0
I002816_1,O002816,P117,1,0,1569.15,1301.63,0.05
I002817_1,O002817,P051,1,0,2485.3,1856.67,0.0
I002818_1,O002818,P069,1,0,2884.49,2596.65,0.0
I002818_2,O002818,P099,1,0,1060.1,579.06,0.1
I002819_1,O002819,P015,1,0,1887.8,1639.7,0.0
I002820_1,O002820,P011,2,0,717.33,470.48,0.0
I002820_2,O002820,P006,2,0,3005.62,2483.13,0.0
I002821_1,O002821,P064,1,0,242.57,140.8,0.0
I002821_2,O002821,P017,1,0,1856.45,1079.58,0.1
I002822_1,O002822,P016,1,1,2653.12,2126.82,0.0
I002823_1,O002823,P056,1,0,708.2,467.73,0.05
I002823_2,O002823,P050,1,0,1251.21,748.37,0.2
I002824_1,O002824,P089,2,0,2554.85,1691.26,0.3
I002825_1,O002825,P015,1,0,1841.57,1639.7,0.1
I002826_1,O002826,P051,1,0,2548.11,1856.67,0.0
I002827_1,O002827,P073,1,0,2935.93,2517.93,0.05
I002828_1,O002828,P098,1,0,342.58,210.13,0.0
I002829_1,O002829,P089,1,0,2580.0,1691.26,0.05
I002830_1,O002830,P069,3,0,2771.89,2596.65,0.2
I002831_1,O002831,P101,1,0,386.62,290.92,0.05
I002832_1,O002832,P048,1,0,2383.65,2064.58,0.0
I002833_1,O002833,P062,1,0,1189.31,934.97,0.0
I002834_1,O002834,P075,1,0,855.51,632.05,0.0
I002835_1,O002835,P044,1,0,2296.64,1529.57,0.2
I002835_2,O002835,P066,1,0,592.22,449.79,0.1
I002835_3,O002835,P114,1,0,1084.12,699.07,0.1
I002836_1,O002836,P054,3,0,344.69,290.26,0.0
I002836_2,O002836,P046,1,0,210.57,119.22,0.1
I002836_3,O002836,P030,1,0,2475.04,1879.56,0.05
I002837_1,O002837,P079,1,0,2295.11,1780.27,0.0
I002838_1,O002838,P019,1,0,2403.57,1463.41,0.1
I002839_1,O002839,P118,1,0,1284.53,778.87,0.0
I002840_1,O002840,P005,2,0,2304.37,1891.99,0.0
I002841_1,O002841,P011,1,0,671.04,470.48,0.0
I002842_1,O002842,P107,2,0,829.82,517.21,0.0
I002842_2,O002842,P005,1,0,2152.99,1891.99,0.1
I002843_1,O002843,P012,2,0,3788.78,2599.93,0.2
I002844_1,O002844,P116,1,0,2983.16,2344.15,0.0
I002844_2,O002844,P035,2,0,2429.76,1657.14,0.1
I002845_1,O002845,P112,3,0,1528.33,1059.45,0.05
I002846_1,O002846,P091,2,0,782.72,567.3,0.0
I002846_2,O002846,P035,3,0,2381.37,1657.14,0.3
I002847_1,O002847,P029,2,0,3219.2,2642.14,0.1
I002848_1,O002848,P024,1,0,3194.0,2312.84,0.1
I002848_2,O002848,P079,1,0,2135.88,1780.27,0.1
I002848_3,O002848,P082,1,0,2167.14,1528.85,0.0
I002849_1,O002849,P090,1,0,1595.98,1197.25,0.2
I002850_1,O002850,P103,2,0,3839.1,3087.95,0.0
I002850_2,O002850,P100,2,0,2857.24,2560.83,0.3
I002851_1,O002851,P010,1,0,765.07,468.72,0.2
I002851_2,O002851,P104,1,0,810.69,640.45,0.2
I002852_1,O002852,P011,1,0,642.83,470.48,0.0
I002852_2,O002852,P074,2,0,2775.16,2093.66,0.05
I002853_1,O002853,P020,1,0,3496.95,2726.34,0.1
I002853_2,O002853,P081,1,1,3322.22,2035.71,0.05
I002854_1,O002854,P044,2,0,2150.95,1529.57,0.0
I002855_1,O002855,P043,2,0,2431.24,2155.97,0.05
I002856_1,O002856,P115,1,1,2431.54,1821.73,0.0
I002856_2,O002856,P005,1,0,2420.72,1891.99,0.0
I002856_3,O002856,P094,2,0,2633.04,1716.82,0.2
I002857_1,O002857,P066,1,0,583.07,449.79,0.0
I002857_2,O002857,P015,1,0,1938.78,1639.7,0.0
I002858_1,O002858,P070,1,0,3463.68,2889.93,0.3
I002858_2,O002858,P028,1,0,1586.9,1251.02,0.0
I002859_1,O002859,P088,2,0,309.1,167.15,0.1
I002859_2,O002859,P039,1,0,2795.9,1842.48,0.05
I002860_1,O002860,P044,1,0,2352.95,1529.57,0.0
I002861_1,O002861,P055,2,0,1733.12,1250.56,0.0
I002861_2,O002861,P118,1,0,1283.94,778.87,0.3
I002862_1,O002862,P021,1,0,3197.01,2007.08,0.2
I002862_2,O002862,P065,3,0,2469.41,1840.19,0.05
I002862_3,O002862,P025,2,0,799.97,526.03,0.05
I002863_1,O002863,P064,1,0,259.36,140.8,0.1
I002864_1,O002864,P004,1,0,3020.06,2449.64,0.05
I002864_2,O002864,P055,1,0,1856.4,1250.56,0.2
I002865_1,O002865,P108,1,0,1090.35,757.54,0.0
I002865_2,O002865,P089,1,1,2736.06,1691.26,0.05
I002866_1,O002866,P072,2,0,1815.58,1369.26,0.1
I002866_2,O002866,P074,1,0,2806.68,2093.66,0.0
I002867_1,O002867,P077,1,0,3258.36,2738.96,0.1
I002867_2,O002867,P009,2,0,188.23,142.71,0.2
I002868_1,O002868,P049,1,0,2519.3,1767.67,0.2
I002868_2,O002868,P068,1,0,3286.66,1829.36,0.1
I002869_1,O002869,P070,1,0,3738.82,2889.93,0.0
I002870_1,O002870,P060,1,0,3605.89,2190.75,0.0
I002871_1,O002871,P109,1,0,2422.32,1696.43,0.0
I002872_1,O002872,P096,1,0,3427.83,1989.35,0.2
I002873_1,O002873,P070,1,0,3355.08,2889.93,0.1
I002874_1,O002874,P110,1,0,569.82,387.41,0.05
I002875_1,O002875,P078,1,0,2596.75,1751.62,0.1
I002875_2,O002875,P003,1,0,686.05,593.8,0.05
I002876_1,O002876,P089,1,0,2603.14,1691.26,0.0
I002877_1,O002877,P068,2,0,3259.45,1829.36,0.2
I002877_2,O002877,P082,2,0,2396.21,1528.85,0.0
I002878_1,O002878,P088,1,0,322.4,167.15,0.0
I002878_2,O002878,P050,1,0,1199.57,748.37,0.05
I002879_1,O002879,P107,2,2,858.18,517.21,0.0
I002880_1,O002880,P116,2,0,2783.73,2344.15,0.0
I002881_1,O002881,P013,1,0,1822.0,1078.11,0.1
I002881_2,O002881,P086,2,0,506.89,301.67,0.0
I002882_1,O002882,P006,1,1,2798.34,2483.13,0.0
I002882_2,O002882,P091,1,0,750.13,567.3,0.2
I002883_1,O002883,P052,1,0,2793.92,2232.75,0.05
I002883_2,O002883,P102,2,0,3528.09,2068.63,0.2
I002884_1,O002884,P001,1,0,810.51,503.11,0.05
I002885_1,O002885,P027,2,2,2327.65,1900.67,0.1
I002886_1,O002886,P025,2,0,722.97,526.03,0.05
I002887_1,O002887,P001,1,0,787.18,503.11,0.1
I002888_1,O002888,P017,1,0,1833.81,1079.58,0.05
I002889_1,O002889,P109,1,0,2278.54,1696.43,0.1
I002890_1,O002890,P107,1,0,888.09,517.21,0.1
I002891_1,O002891,P012,2,0,3571.47,2599.93,0.0
I002891_2,O002891,P104,1,0,800.75,640.45,0.05
I002892_1,O002892,P081,1,0,3125.88,2035.71,0.05
I002892_2,O002892,P117,1,1,1527.47,1301.63,0.05
I002893_1,O002893,P077,1,0,3367.0,2738.96,0.1
I002893_2,O002893,P103,1,0,3768.78,3087.95,0.0
I002894_1,O002894,P061,1,0,2688.8,1810.66,0.05
I002895_1,O002895,P060,2,0,3574.8,2190.75,0.2
I002895_2,O002895,P085,1,0,681.23,482.52,0.1
I002896_1,O002896,P013,2,0,1659.04,1078.11,0.3
I002897_1,O002897,P019,1,0,2600.44,1463.41,0.05
I002898_1,O002898,P036,2,0,2522.64,2239.64,0.0
I002898_2,O002898,P039,2,0,3111.81,1842.48,0.2
I002899_1,O002899,P024,1,0,3302.95,2312.84,0.1
I002899_2,O002899,P053,1,0,3005.14,2330.08,0.0
I002900_1,O002900,P037,1,0,793.57,604.48,0.0
I002901_1,O002901,P008,1,0,3303.26,2190.37,0.05
I002901_2,O002901,P027,1,0,2079.03,1900.67,0.2
I002902_1,O002902,P117,2,0,1560.02,1301.63,0.2
I002903_1,O002903,P085,1,0,739.39,482.52,0.05
I002903_2,O002903,P040,1,0,2254.06,1719.58,0.05
I002904_1,O002904,P108,2,0,1066.01,757.54,0.05
I002904_2,O002904,P075,2,0,908.23,632.05,0.05
I002904_3,O002904,P038,1,0,2474.41,1939.6,0.05
I002905_1,O002905,P042,1,0,3559.22,2480.29,0.05
I002905_2,O002905,P020,1,0,3657.92,2726.34,0.1
I002906_1,O002906,P053,1,0,2820.46,2330.08,0.3
I002907_1,O002907,P071,1,0,2032.51,1171.43,0.2
I002907_2,O002907,P075,1,1,901.67,632.05,0.05
I002907_3,O002907,P074,1,0,2600.99,2093.66,0.0
I002908_1,O002908,P118,1,0,1173.56,778.87,0.05
I002909_1,O002909,P026,1,0,3402.4,2746.76,0.0
I002909_2,O002909,P005,1,0,2143.86,1891.99,0.05
I002910_1,O002910,P041,2,1,1610.16,1272.83,0.05
I002911_1,O002911,P026,1,0,3273.98,2746.76,0.1
I002912_1,O002912,P045,1,1,1704.72,1393.5,0.05
I002912_2,O002912,P017,1,0,1768.52,1079.58,0.1
I002913_1,O002913,P030,1,0,2731.13,1879.56,0.1
I002913_2,O002913,P062,1,0,1186.02,934.97,0.05
I002914_1,O002914,P066,1,0,601.45,449.79,0.2
I002914_2,O002914,P074,1,0,2739.21,2093.66,0.2
I002915_1,O002915,P019,1,0,2322.2,1463.41,0.2
I002915_2,O002915,P083,3,0,892.64,674.18,0.0
I002916_1,O002916,P097,3,0,518.54,385.34,0.1
I002916_2,O002916,P018,1,0,2880.89,1861.03,0.05
I002917_1,O002917,P080,2,0,844.63,706.47,0.0
I002918_1,O002918,P120,1,0,3649.33,2258.38,0.05
I002919_1,O002919,P067,1,0,1134.58,736.87,0.0
I002919_2,O002919,P013,1,0,1659.4,1078.11,0.05
I002919_3,O002919,P103,1,0,3605.11,3087.95,0.0
I002920_1,O002920,P116,1,0,2806.32,2344.15,0.0
I002920_2,O002920,P119,1,0,618.5,550.1,0.3
I002921_1,O002921,P101,2,0,393.23,290.92,0.0
I002921_2,O002921,P094,1,0,2830.8,1716.82,0.2
I002921_3,O002921,P104,2,0,837.43,640.45,0.0
I002922_1,O002922,P094,1,0,2938.0,1716.82,0.0
I002923_1,O002923,P040,2,0,2299.82,1719.58,0.1
I002924_1,O002924,P065,2,0,2413.49,1840.19,0.0
I002925_1,O002925,P024,1,0,3244.13,2312.84,0.2
I002926_1,O002926,P046,1,0,204.7,119.22,0.1
I002927_1,O002927,P020,1,0,3524.11,2726.34,0.0
I002928_1,O002928,P052,1,0,2511.91,2232.75,0.0
I002928_2,O002928,P110,1,0,581.79,387.41,0.05
I002929_1,O002929,P063,1,0,2308.87,1328.53,0.05
I002930_1,O002930,P089,3,0,2746.87,1691.26,0.0
I002930_2,O002930,P091,1,0,794.59,567.3,0.1
I002930_3,O002930,P102,1,0,3503.27,2068.63,0.05
I002931_1,O002931,P063,1,0,2225.89,1328.53,0.1
I002931_2,O002931,P095,1,0,3392.74,2194.24,0.05
I002932_1,O002932,P030,1,0,2465.59,1879.56,0.0
I002933_1,O002933,P028,2,0,1395.65,1251.02,0.3
I002934_1,O002934,P032,1,0,805.76,692.6,0.05
I002935_1,O002935,P087,1,0,1957.85,1487.18,0.0
I002936_1,O002936,P050,1,0,1132.24,748.37,0.1
I002937_1,O002937,P044,1,0,2343.78,1529.57,0.0
I002938_1,O002938,P091,1,0,755.61,567.3,0.0
I002938_2,O002938,P060,1,0,3646.51,2190.75,0.2
I002939_1,O002939,P025,1,0,785.66,526.03,0.3
I002939_2,O002939,P099,1,0,1109.88,579.06,0.0
I002939_3,O002939,P118,1,0,1340.05,778.87,0.3
I002940_1,O002940,P053,2,0,2840.83,2330.08,0.2
I002941_1,O002941,P060,1,0,3533.26,2190.75,0.05
I002941_2,O002941,P036,1,0,2715.47,2239.64,0.0
I002942_1,O002942,P090,1,0,1724.47,1197.25,0.2
I002943_1,O002943,P111,1,0,1182.44,738.87,0.0
I002943_2,O002943,P101,2,0,438.19,290.92,0.1
I002944_1,O002944,P114,1,0,1143.86,699.07,0.0
I002944_2,O002944,P119,1,0,646.45,550.1,0.0
I002945_1,O002945,P029,1,0,3040.84,2642.14,0.0
I002945_2,O002945,P087,2,0,1998.89,1487.18,0.05
I002946_1,O002946,P008,1,0,3070.05,2190.37,0.05
I002947_1,O002947,P120,2,0,3636.33,2258.38,0.1
I002947_2,O002947,P080,1,0,906.14,706.47,0.3
I002948_1,O002948,P030,2,0,2571.38,1879.56,0.05
I002949_1,O002949,P036,1,0,2677.6,2239.64,0.0
I002949_2,O002949,P119,2,0,683.87,550.1,0.05
I002950_1,O002950,P094,1,1,2784.05,1716.82,0.0
I002951_1,O002951,P051,1,0,2545.39,1856.67,0.0
I002952_1,O002952,P104,1,0,792.25,640.45,0.0
I002952_2,O002952,P085,1,0,722.83,482.52,0.0
I002953_1,O002953,P034,1,0,717.26,551.76,0.2
I002954_1,O002954,P043,1,0,2608.34,2155.97,0.05
I002954_2,O002954,P036,2,0,2758.86,2239.64,0.05
I002954_3,O002954,P114,1,0,1037.5,699.07,0.2
I002955_1,O002955,P120,1,0,3330.45,2258.38,0.05
I002956_1,O002956,P094,1,0,2814.23,1716.82,0.1
I002956_2,O002956,P118,1,0,1302.6,778.87,0.0
I002957_1,O002957,P038,1,0,2509.29,1939.6,0.1
I002957_2,O002957,P106,1,0,2731.54,2402.81,0.0
I002957_3,O002957,P077,1,0,2990.75,2738.96,0.05
I002958_1,O002958,P116,1,0,2854.48,2344.15,0.0
I002959_1,O002959,P024,1,0,3147.01,2312.84,0.2
I002960_1,O002960,P039,2,0,3055.82,1842.48,0.1
I002961_1,O002961,P104,1,0,819.02,640.45,0.1
I002962_1,O002962,P009,1,0,199.32,142.71,0.3
I002963_1,O002963,P029,1,0,3034.42,2642.14,0.3
I002963_2,O002963,P069,1,0,3136.4,2596.65,0.05
I002964_1,O002964,P088,2,0,327.7,167.15,0.0
I002964_2,O002964,P042,3,1,3332.52,2480.29,0.0
I002965_1,O002965,P065,1,0,2509.49,1840.19,0.0
I002966_1,O002966,P051,1,0,2474.76,1856.67,0.0
I002966_2,O002966,P101,1,1,431.93,290.92,0.0
I002966_3,O002966,P053,2,0,3090.1,2330.08,0.1
I002967_1,O002967,P112,1,0,1457.25,1059.45,0.1
I002967_2,O002967,P053,1,0,2931.96,2330.08,0.1
I002968_1,O002968,P107,1,0,848.87,517.21,0.05
I002968_2,O002968,P075,1,0,882.73,632.05,0.0
I002968_3,O002968,P010,1,0,761.86,468.72,0.0
I002969_1,O002969,P014,1,0,1363.64,956.53,0.0
I002969_2,O002969,P024,1,0,3223.49,2312.84,0.05
I002970_1,O002970,P040,1,0,2331.07,1719.58,0.0
I002971_1,O002971,P061,1,0,2700.92,1810.66,0.05
I002972_1,O002972,P096,1,0,3355.99,1989.35,0.2
I002973_1,O002973,P092,1,0,2478.7,1883.6,0.0
I002974_1,O002974,P061,1,0,2570.63,1810.66,0.1
I002974_2,O002974,P008,1,0,2958.52,2190.37,0.0
I002975_1,O002975,P049,1,0,2683.95,1767.67,0.05
I002975_2,O002975,P031,1,0,299.33,221.16,0.05
I002976_1,O002976,P108,1,0,1175.09,757.54,0.0
I002976_2,O002976,P062,1,0,1094.25,934.97,0.2
I002977_1,O002977,P026,2,0,2992.58,2746.76,0.05
I002977_2,O002977,P059,1,0,2585.13,2284.02,0.05
I002978_1,O002978,P028,1,0,1506.02,1251.02,0.1
I002979_1,O002979,P077,1,0,3024.14,2738.96,0.0
I002980_1,O002980,P048,2,0,2643.59,2064.58,0.1
I002981_1,O002981,P023,2,0,2155.69,1316.59,0.3
I002981_2,O002981,P082,1,0,2259.35,1528.85,0.0
I002982_1,O002982,P033,1,1,2861.3,2420.38,0.1
I002983_1,O002983,P028,1,0,1557.33,1251.02,0.0
I002983_2,O002983,P044,2,0,2154.06,1529.57,0.05
I002984_1,O002984,P050,1,0,1124.45,748.37,0.2
I002984_2,O002984,P077,1,0,3077.57,2738.96,0.1
I002985_1,O002985,P105,1,0,1295.76,1048.44,0.05
I002986_1,O002986,P078,2,0,2865.14,1751.62,0.0
I002986_2,O002986,P011,1,0,631.89,470.48,0.0
I002987_1,O002987,P118,1,0,1323.0,778.87,0.2
I002988_1,O002988,P113,1,0,2433.09,1457.19,0.2
I002988_2,O002988,P040,1,0,2343.99,1719.58,0.2
I002989_1,O002989,P015,1,0,2012.58,1639.7,0.1
I002990_1,O002990,P084,2,0,1205.34,785.13,0.0
I002991_1,O002991,P035,1,0,2276.96,1657.14,0.1
I002991_2,O002991,P036,1,0,2459.85,2239.64,0.0
I002992_1,O002992,P004,2,0,3428.0,2449.64,0.0
I002993_1,O002993,P027,1,0,2138.03,1900.67,0.0
I002993_2,O002993,P081,2,0,3133.24,2035.71,0.0
I002994_1,O002994,P120,1,0,3274.44,2258.38,0.0
I002995_1,O002995,P020,1,0,3522.56,2726.34,0.0
I002996_1,O002996,P027,2,0,2093.67,1900.67,0.0
I002997_1,O002997,P103,1,0,3515.23,3087.95,0.0
I002998_1,O002998,P088,1,0,320.36,167.15,0.0
I002998_2,O002998,P014,1,0,1544.76,956.53,0.1
I002998_3,O002998,P107,2,0,849.71,517.21,0.1
I002999_1,O002999,P053,1,0,2910.16,2330.08,0.2
I003000_1,O003000,P080,1,1,859.12,706.47,0.3
I003000_2,O003000,P107,1,0,842.4,517.21,0.05
I003001_1,O003001,P098,1,0,327.5,210.13,0.1
I003002_1,O003002,P002,1,0,2816.12,2136.38,0.05
I003003_1,O003003,P081,1,0,3123.87,2035.71,0.0
I003003_2,O003003,P116,1,0,2671.46,2344.15,0.0
I003004_1,O003004,P101,1,0,407.0,290.92,0.2
I003005_1,O003005,P022,1,0,1959.67,1361.4,0.0
I003006_1,O003006,P092,1,0,2359.27,1883.6,0.05
I003006_2,O003006,P104,1,0,817.39,640.45,0.0
I003007_1,O003007,P072,1,1,1685.31,1369.26,0.0
I003008_1,O003008,P096,1,0,3397.73,1989.35,0.0
I003009_1,O003009,P047,1,0,3693.8,2991.8,0.05
I003010_1,O003010,P009,2,0,200.5,142.71,0.0
I003010_2,O003010,P066,1,0,568.51,449.79,0.1
I003010_3,O003010,P002,1,0,2852.97,2136.38,0.0
I003011_1,O003011,P119,2,0,659.08,550.1,0.2
I003012_1,O003012,P081,1,0,2984.77,2035.71,0.0
I003012_2,O003012,P023,1,0,2423.99,1316.59,0.1
I003013_1,O003013,P020,1,0,3622.18,2726.34,0.0
I003013_2,O003013,P064,1,0,258.38,140.8,0.0
I003014_1,O003014,P018,1,0,2711.33,1861.03,0.1
I003015_1,O003015,P085,1,0,741.87,482.52,0.05
I003016_1,O003016,P110,1,0,542.72,387.41,0.0
I003017_1,O003017,P031,1,0,285.59,221.16,0.1
I003018_1,O003018,P107,1,0,932.38,517.21,0.0
I003018_2,O003018,P047,1,0,3475.6,2991.8,0.05
I003019_1,O003019,P020,3,0,3591.67,2726.34,0.2
I003019_2,O003019,P099,1,1,1078.17,579.06,0.0
I003019_3,O003019,P021,1,0,3118.22,2007.08,0.1
I003020_1,O003020,P109,1,0,2344.09,1696.43,0.0
I003021_1,O003021,P021,1,0,3308.42,2007.08,0.05
I003021_2,O003021,P014,1,0,1407.95,956.53,0.0
I003022_1,O003022,P032,3,0,855.7,692.6,0.2
I003023_1,O003023,P008,1,0,3034.6,2190.37,0.1
I003023_2,O003023,P021,1,0,2948.58,2007.08,0.0
I003023_3,O003023,P103,1,0,3584.43,3087.95,0.2
I003024_1,O003024,P071,1,0,1870.7,1171.43,0.2
I003024_2,O003024,P028,2,0,1437.47,1251.02,0.2
I003025_1,O003025,P035,1,0,2255.68,1657.14,0.05
I003025_2,O003025,P102,1,0,3526.29,2068.63,0.0
I003026_1,O003026,P117,1,0,1604.65,1301.63,0.05
I003026_2,O003026,P082,1,0,2278.16,1528.85,0.2
I003027_1,O003027,P039,2,0,2904.15,1842.48,0.0
I003028_1,O003028,P054,2,0,370.52,290.26,0.05
I003029_1,O003029,P117,3,0,1622.93,1301.63,0.2
I003030_1,O003030,P090,1,0,1595.44,1197.25,0.0
I003031_1,O003031,P027,1,0,2196.8,1900.67,0.0
I003031_2,O003031,P009,1,0,195.17,142.71,0.1
I003032_1,O003032,P065,1,0,2400.1,1840.19,0.0
I003032_2,O003032,P013,1,0,1800.75,1078.11,0.0
I003032_3,O003032,P032,1,0,857.38,692.6,0.0
I003033_1,O003033,P007,1,0,2632.54,2152.99,0.1
I003033_2,O003033,P016,1,1,2874.15,2126.82,0.05
I003034_1,O003034,P103,1,0,3805.65,3087.95,0.05
I003034_2,O003034,P087,1,0,1841.43,1487.18,0.05
I003035_1,O003035,P019,1,0,2422.16,1463.41,0.0
I003036_1,O003036,P002,1,0,2934.27,2136.38,0.2
I003036_2,O003036,P064,1,0,257.87,140.8,0.0
I003037_1,O003037,P101,1,0,428.97,290.92,0.05
I003038_1,O003038,P020,2,0,3225.17,2726.34,0.2
I003038_2,O003038,P086,1,0,520.06,301.67,0.2
I003039_1,O003039,P077,1,0,3350.7,2738.96,0.2
I003040_1,O003040,P010,1,0,726.89,468.72,0.05
I003041_1,O003041,P095,1,0,3208.37,2194.24,0.0
I003041_2,O003041,P009,1,0,182.2,142.71,0.0
I003042_1,O003042,P065,1,0,2324.82,1840.19,0.1
I003043_1,O003043,P007,1,0,2740.4,2152.99,0.1
I003043_2,O003043,P030,1,0,2687.18,1879.56,0.1
I003043_3,O003043,P074,1,0,2508.14,2093.66,0.05
I003044_1,O003044,P063,1,0,2131.08,1328.53,0.2
I003045_1,O003045,P009,1,0,186.37,142.71,0.1
I003046_1,O003046,P071,1,0,1967.66,1171.43,0.1
I003047_1,O003047,P102,1,0,3510.87,2068.63,0.1
I003047_2,O003047,P076,2,0,2438.63,1928.31,0.0
I003048_1,O003048,P064,1,0,242.36,140.8,0.05
I003049_1,O003049,P047,1,0,3429.32,2991.8,0.1
I003050_1,O003050,P092,1,0,2458.42,1883.6,0.0
I003050_2,O003050,P007,1,1,2507.07,2152.99,0.0
I003050_3,O003050,P048,2,0,2529.14,2064.58,0.1
I003051_1,O003051,P090,2,0,1597.21,1197.25,0.0
I003052_1,O003052,P006,1,0,2858.64,2483.13,0.1
I003052_2,O003052,P035,1,1,2374.81,1657.14,0.2
I003052_3,O003052,P113,2,0,2131.9,1457.19,0.0
I003053_1,O003053,P043,1,0,2474.66,2155.97,0.1
I003054_1,O003054,P103,2,0,3470.18,3087.95,0.0
I003055_1,O003055,P030,1,0,2527.86,1879.56,0.2
I003056_1,O003056,P034,1,0,658.2,551.76,0.0
I003056_2,O003056,P104,1,0,849.92,640.45,0.0
I003057_1,O003057,P061,1,0,2515.79,1810.66,0.05
I003058_1,O003058,P085,2,0,682.35,482.52,0.0
I003058_2,O003058,P046,1,0,230.75,119.22,0.2
I003059_1,O003059,P042,1,0,3243.56,2480.29,0.0
I003059_2,O003059,P040,2,0,2078.16,1719.58,0.0
I003060_1,O003060,P076,2,0,2423.01,1928.31,0.0
I003060_2,O003060,P114,1,0,1111.25,699.07,0.0
I003060_3,O003060,P105,1,0,1364.13,1048.44,0.0
I003061_1,O003061,P029,1,0,3233.1,2642.14,0.0
I003062_1,O003062,P087,1,0,1869.01,1487.18,0.0
I003063_1,O003063,P092,2,0,2636.83,1883.6,0.0
I003063_2,O003063,P072,1,0,1709.95,1369.26,0.0
I003064_1,O003064,P110,1,0,559.93,387.41,0.0
I003064_2,O003064,P030,1,0,2651.07,1879.56,0.0
I003065_1,O003065,P106,1,0,2599.1,2402.81,0.0
I003066_1,O003066,P049,1,0,2659.68,1767.67,0.05
I003067_1,O003067,P039,2,0,3002.38,1842.48,0.05
I003068_1,O003068,P116,1,0,2647.01,2344.15,0.2
I003069_1,O003069,P069,1,0,2848.45,2596.65,0.1
I003069_2,O003069,P033,3,0,2764.57,2420.38,0.0
I003070_1,O003070,P026,1,0,3360.8,2746.76,0.05
I003071_1,O003071,P001,1,0,742.12,503.11,0.2
I003072_1,O003072,P020,1,0,3436.57,2726.34,0.0
I003072_2,O003072,P072,1,0,1828.78,1369.26,0.3
I003073_1,O003073,P019,1,0,2465.33,1463.41,0.0
I003074_1,O003074,P043,1,0,2779.7,2155.97,0.0
I003075_1,O003075,P089,1,0,2681.17,1691.26,0.0
I003075_2,O003075,P008,2,0,3312.73,2190.37,0.1
I003075_3,O003075,P049,1,0,2589.72,1767.67,0.0
I003076_1,O003076,P105,1,0,1304.93,1048.44,0.0
I003076_2,O003076,P033,2,0,2730.77,2420.38,0.0
I003077_1,O003077,P017,1,0,1772.54,1079.58,0.0
I003078_1,O003078,P039,1,0,2910.23,1842.48,0.2
I003079_1,O003079,P115,2,0,2616.97,1821.73,0.0
I003079_2,O003079,P106,1,0,2601.45,2402.81,0.0
I003080_1,O003080,P069,2,0,2938.78,2596.65,0.1
I003081_1,O003081,P075,1,0,885.69,632.05,0.05
I003081_2,O003081,P067,1,0,1101.48,736.87,0.0
I003082_1,O003082,P076,1,0,2694.46,1928.31,0.0
I003083_1,O003083,P009,1,0,188.0,142.71,0.2
I003084_1,O003084,P045,1,0,1608.8,1393.5,0.0
I003084_2,O003084,P087,1,0,1923.12,1487.18,0.1
I003085_1,O003085,P032,1,0,812.06,692.6,0.0
I003085_2,O003085,P094,1,0,2985.32,1716.82,0.05
I003086_1,O003086,P039,1,0,3003.47,1842.48,0.05
I003087_1,O003087,P056,1,0,677.78,467.73,0.05
I003088_1,O003088,P101,1,0,395.68,290.92,0.0
I003088_2,O003088,P050,1,0,1159.18,748.37,0.0
I003088_3,O003088,P087,1,0,1827.15,1487.18,0.05
I003089_1,O003089,P102,1,0,3232.02,2068.63,0.0
I003090_1,O003090,P117,1,0,1554.52,1301.63,0.0
I003090_2,O003090,P047,1,0,3382.25,2991.8,0.2
I003091_1,O003091,P018,2,0,2716.74,1861.03,0.3
I003092_1,O003092,P064,1,0,256.21,140.8,0.05
I003093_1,O003093,P063,1,0,2340.06,1328.53,0.0
I003093_2,O003093,P096,1,0,3131.72,1989.35,0.0
I003094_1,O003094,P064,2,0,243.9,140.8,0.0
I003095_1,O003095,P095,1,0,3385.64,2194.24,0.1
I003096_1,O003096,P038,1,0,2364.32,1939.6,0.05
I003096_2,O003096,P029,2,0,2865.09,2642.14,0.1
I003097_1,O003097,P042,1,0,3220.68,2480.29,0.05
I003098_1,O003098,P006,1,0,2860.21,2483.13,0.05
I003098_2,O003098,P007,1,0,2545.24,2152.99,0.0
I003098_3,O003098,P096,1,0,3007.68,1989.35,0.1
I003099_1,O003099,P079,1,0,2285.04,1780.27,0.0
I003100_1,O003100,P010,1,1,755.24,468.72,0.05
I003100_2,O003100,P104,1,0,789.99,640.45,0.05
I003101_1,O003101,P085,1,1,691.13,482.52,0.05
I003102_1,O003102,P013,2,0,1868.06,1078.11,0.05
I003103_1,O003103,P101,1,0,426.62,290.92,0.0
I003103_2,O003103,P005,2,0,2390.32,1891.99,0.05
I003104_1,O003104,P002,1,1,2897.64,2136.38,0.05
I003104_2,O003104,P004,1,0,3237.77,2449.64,0.1
I003104_3,O003104,P007,1,0,2803.04,2152.99,0.1
I003105_1,O003105,P081,1,0,3077.12,2035.71,0.1
I003105_2,O003105,P065,1,0,2390.44,1840.19,0.0
I003106_1,O003106,P097,1,0,517.37,385.34,0.1
I003107_1,O003107,P108,2,0,1167.59,757.54,0.0
I003107_2,O003107,P097,2,0,537.9,385.34,0.0
I003108_1,O003108,P101,1,0,387.01,290.92,0.0
I003108_2,O003108,P094,1,0,2640.6,1716.82,0.0
I003108_3,O003108,P038,1,0,2634.22,1939.6,0.0
I003109_1,O003109,P018,1,0,2803.23,1861.03,0.0
I003110_1,O003110,P030,1,0,2605.75,1879.56,0.0
I003111_1,O003111,P118,1,0,1209.0,778.87,0.0
I003112_1,O003112,P103,1,0,3500.17,3087.95,0.0
I003112_2,O003112,P081,2,0,3348.12,2035.71,0.0
I003112_3,O003112,P041,1,0,1616.2,1272.83,0.0
I003113_1,O003113,P069,1,0,3069.33,2596.65,0.0
I003113_2,O003113,P061,1,0,2732.61,1810.66,0.05
I003114_1,O003114,P105,1,0,1362.99,1048.44,0.1
I003114_2,O003114,P049,3,0,2779.96,1767.67,0.1
I003115_1,O003115,P045,2,0,1577.69,1393.5,0.0
I003116_1,O003116,P006,1,1,3023.34,2483.13,0.0
I003117_1,O003117,P036,1,0,2518.34,2239.64,0.0
I003117_2,O003117,P088,1,0,309.66,167.15,0.2
I003118_1,O003118,P030,1,0,2681.46,1879.56,0.0
I003118_2,O003118,P073,2,0,3283.55,2517.93,0.1
I003119_1,O003119,P003,1,0,658.31,593.8,0.05
I003120_1,O003120,P066,2,0,571.22,449.79,0.0
I003120_2,O003120,P004,1,0,3273.87,2449.64,0.05
I003121_1,O003121,P051,1,0,2458.23,1856.67,0.05
I003122_1,O003122,P018,2,0,2700.96,1861.03,0.1
I003122_2,O003122,P048,1,0,2450.42,2064.58,0.0
I003122_3,O003122,P026,2,0,3023.3,2746.76,0.3
I003123_1,O003123,P017,1,0,1935.05,1079.58,0.1
I003124_1,O003124,P105,1,0,1317.16,1048.44,0.2
I003125_1,O003125,P109,1,0,2293.87,1696.43,0.05
I003126_1,O003126,P118,1,0,1257.64,778.87,0.2
I003126_2,O003126,P024,1,0,3334.15,2312.84,0.1
I003126_3,O003126,P063,2,0,2408.78,1328.53,0.0
I003127_1,O003127,P016,1,0,2842.21,2126.82,0.05
I003128_1,O003128,P005,1,0,2246.15,1891.99,0.2
I003128_2,O003128,P056,2,0,644.17,467.73,0.2
I003129_1,O003129,P049,2,0,2580.68,1767.67,0.0
I003129_2,O003129,P009,1,0,182.74,142.71,0.1
I003129_3,O003129,P048,1,0,2636.59,2064.58,0.05
I003130_1,O003130,P053,2,0,2831.2,2330.08,0.0
I003131_1,O003131,P004,2,0,3048.22,2449.64,0.2
I003131_2,O003131,P061,1,0,2699.24,1810.66,0.0
I003132_1,O003132,P076,2,0,2747.02,1928.31,0.2
I003132_2,O003132,P106,2,0,2920.45,2402.81,0.0
I003132_3,O003132,P114,1,0,1017.94,699.07,0.1
I003133_1,O003133,P079,1,0,2300.19,1780.27,0.0
I003134_1,O003134,P091,1,0,766.98,567.3,0.05
I003135_1,O003135,P053,1,0,2969.55,2330.08,0.05
I003135_2,O003135,P088,1,0,317.3,167.15,0.0
I003135_3,O003135,P083,1,0,881.73,674.18,0.0
I003136_1,O003136,P110,1,0,597.19,387.41,0.0
I003136_2,O003136,P041,1,0,1671.75,1272.83,0.1
I003137_1,O003137,P111,1,0,1061.49,738.87,0.0
I003138_1,O003138,P110,1,0,602.48,387.41,0.1
I003138_2,O003138,P089,1,0,2700.57,1691.26,0.05
I003139_1,O003139,P032,2,1,814.33,692.6,0.1
I003140_1,O003140,P027,1,0,2123.35,1900.67,0.0
I003141_1,O003141,P113,1,0,2408.9,1457.19,0.0
I003142_1,O003142,P054,1,0,361.45,290.26,0.0
I003143_1,O003143,P004,2,0,3143.63,2449.64,0.2
I003144_1,O003144,P101,1,0,425.83,290.92,0.05
I003145_1,O003145,P083,2,0,865.29,674.18,0.0
I003146_1,O003146,P034,1,0,671.01,551.76,0.0
I003146_2,O003146,P055,1,0,1898.52,1250.56,0.05
I003147_1,O003147,P022,1,0,1896.31,1361.4,0.05
I003147_2,O003147,P038,3,0,2486.1,1939.6,0.2
I003148_1,O003148,P050,2,0,1168.19,748.37,0.2
I003148_2,O003148,P040,1,0,2206.38,1719.58,0.05
I003149_1,O003149,P037,1,0,744.51,604.48,0.1
I003149_2,O003149,P029,1,0,3038.1,2642.14,0.0
I003150_1,O003150,P010,2,0,695.73,468.72,0.0
I003151_1,O003151,P062,1,0,1087.42,934.97,0.05
I003151_2,O003151,P051,1,1,2507.82,1856.67,0.0
I003152_1,O003152,P100,1,0,2742.46,2560.83,0.05
I003153_1,O003153,P044,1,0,2179.55,1529.57,0.0
I003154_1,O003154,P120,1,0,3548.95,2258.38,0.0
I003155_1,O003155,P041,1,0,1810.65,1272.83,0.0
I003156_1,O003156,P016,1,1,2849.95,2126.82,0.0
I003156_2,O003156,P004,1,0,3384.89,2449.64,0.0
I003157_1,O003157,P016,1,1,2683.11,2126.82,0.0
I003158_1,O003158,P017,1,0,1857.45,1079.58,0.0
I003159_1,O003159,P112,2,0,1557.93,1059.45,0.1
I003160_1,O003160,P099,1,0,1078.88,579.06,0.05
I003161_1,O003161,P006,1,0,2801.75,2483.13,0.0
I003161_2,O003161,P009,1,0,185.29,142.71,0.0
I003162_1,O003162,P029,1,0,3095.49,2642.14,0.0
I003162_2,O003162,P072,1,0,1680.73,1369.26,0.2
I003163_1,O003163,P023,1,0,2269.67,1316.59,0.0
I003163_2,O003163,P029,1,0,2858.8,2642.14,0.05
I003164_1,O003164,P014,1,0,1486.04,956.53,0.3
I003165_1,O003165,P117,2,0,1546.48,1301.63,0.05
I003165_2,O003165,P023,1,0,2322.44,1316.59,0.0
I003166_1,O003166,P027,1,0,2151.4,1900.67,0.0
I003167_1,O003167,P082,1,0,2231.14,1528.85,0.1
I003167_2,O003167,P085,1,0,744.84,482.52,0.05
I003168_1,O003168,P051,1,0,2536.87,1856.67,0.2
I003168_2,O003168,P041,1,0,1763.44,1272.83,0.05
I003169_1,O003169,P101,1,0,399.83,290.92,0.05
I003170_1,O003170,P012,1,0,3396.23,2599.93,0.1
I003171_1,O003171,P036,1,0,2552.01,2239.64,0.1
I003171_2,O003171,P069,1,0,2733.22,2596.65,0.05
I003172_1,O003172,P063,1,0,2249.38,1328.53,0.0
I003173_1,O003173,P032,1,0,781.68,692.6,0.1
I003174_1,O003174,P100,1,0,3000.05,2560.83,0.0
I003175_1,O003175,P006,2,0,2912.8,2483.13,0.0
I003175_2,O003175,P068,2,0,3121.96,1829.36,0.1
I003176_1,O003176,P010,1,0,760.39,468.72,0.0
I003176_2,O003176,P102,1,0,3601.88,2068.63,0.2
I003177_1,O003177,P095,1,0,3549.06,2194.24,0.1
I003177_2,O003177,P058,1,0,1157.0,974.82,0.1
I003178_1,O003178,P002,1,0,2803.64,2136.38,0.0
I003178_2,O003178,P036,2,0,2493.46,2239.64,0.0
I003178_3,O003178,P035,2,0,2416.9,1657.14,0.1
I003179_1,O003179,P102,1,0,3548.2,2068.63,0.0
I003179_2,O003179,P063,1,1,2107.08,1328.53,0.0
I003180_1,O003180,P026,1,0,3309.04,2746.76,0.1
I003180_2,O003180,P089,1,0,2519.3,1691.26,0.2
I003181_1,O003181,P062,1,0,1219.24,934.97,0.1
I003181_2,O003181,P072,1,0,1656.02,1369.26,0.2
I003182_1,O003182,P006,1,0,2903.61,2483.13,0.1
I003182_2,O003182,P033,1,0,2648.73,2420.38,0.05
I003183_1,O003183,P010,1,0,713.0,468.72,0.0
I003183_2,O003183,P070,1,0,3429.88,2889.93,0.0
I003183_3,O003183,P094,2,0,2800.19,1716.82,0.1
I003184_1,O003184,P071,2,0,1935.43,1171.43,0.0
I003185_1,O003185,P105,1,0,1357.62,1048.44,0.3
I003186_1,O003186,P037,1,0,785.07,604.48,0.0
I003186_2,O003186,P091,1,0,754.74,567.3,0.0
I003187_1,O003187,P070,1,0,3598.03,2889.93,0.0
I003187_2,O003187,P090,2,0,1598.68,1197.25,0.1
I003188_1,O003188,P056,1,0,699.69,467.73,0.0
I003188_2,O003188,P072,3,0,1734.46,1369.26,0.05
I003189_1,O003189,P062,1,0,1222.81,934.97,0.2
I003190_1,O003190,P119,1,0,627.96,550.1,0.05
I003191_1,O003191,P107,1,0,916.9,517.21,0.1
I003192_1,O003192,P033,1,0,2663.94,2420.38,0.05
I003193_1,O003193,P047,1,1,3291.44,2991.8,0.0
I003194_1,O003194,P039,1,0,2863.45,1842.48,0.0
I003195_1,O003195,P089,1,1,2541.15,1691.26,0.0
I003196_1,O003196,P068,1,0,3264.87,1829.36,0.1
I003197_1,O003197,P064,1,0,260.93,140.8,0.1
I003198_1,O003198,P052,1,0,2540.98,2232.75,0.0
I003199_1,O003199,P113,1,0,2362.03,1457.19,0.1
I003199_2,O003199,P116,1,0,2829.26,2344.15,0.0
I003200_1,O003200,P072,1,0,1863.61,1369.26,0.0
I003201_1,O003201,P100,1,0,2979.91,2560.83,0.05
I003201_2,O003201,P040,1,0,2166.91,1719.58,0.05
I003201_3,O003201,P066,2,0,627.31,449.79,0.3
I003202_1,O003202,P001,2,0,753.8,503.11,0.1
I003203_1,O003203,P016,3,2,2628.04,2126.82,0.3
I003204_1,O003204,P065,1,0,2358.3,1840.19,0.1
I003204_2,O003204,P015,1,0,1940.69,1639.7,0.0
I003205_1,O003205,P007,1,0,2529.43,2152.99,0.05
I003206_1,O003206,P009,1,0,190.23,142.71,0.3
I003206_2,O003206,P022,1,0,1930.14,1361.4,0.05
I003207_1,O003207,P102,2,0,3420.44,2068.63,0.0
I003208_1,O003208,P058,3,2,1057.99,974.82,0.1
I003208_2,O003208,P089,1,1,2605.13,1691.26,0.1
I003209_1,O003209,P095,1,0,3294.9,2194.24,0.1
I003209_2,O003209,P111,1,0,1193.74,738.87,0.0
I003210_1,O003210,P024,1,0,3108.14,2312.84,0.0
I003211_1,O003211,P036,1,0,2752.05,2239.64,0.0
I003211_2,O003211,P080,1,0,919.81,706.47,0.05
I003212_1,O003212,P043,1,0,2502.79,2155.97,0.05
I003213_1,O003213,P080,1,0,856.75,706.47,0.2
I003214_1,O003214,P112,1,0,1484.12,1059.45,0.0
I003214_2,O003214,P099,2,2,1024.06,579.06,0.0
I003215_1,O003215,P019,1,0,2607.02,1463.41,0.0
I003216_1,O003216,P070,1,0,3600.47,2889.93,0.05
I003217_1,O003217,P113,2,0,2200.12,1457.19,0.1
I003217_2,O003217,P058,1,1,1059.6,974.82,0.1
I003218_1,O003218,P057,2,0,2918.44,1751.13,0.0
I003218_2,O003218,P030,1,1,2715.4,1879.56,0.0
I003219_1,O003219,P039,1,0,2870.84,1842.48,0.1
I003219_2,O003219,P001,1,0,743.29,503.11,0.0
I003220_1,O003220,P048,1,0,2438.55,2064.58,0.05
I003221_1,O003221,P090,1,0,1642.41,1197.25,0.05
I003221_2,O003221,P068,1,1,3450.76,1829.36,0.0
I003222_1,O003222,P031,1,0,290.75,221.16,0.1
I003223_1,O003223,P064,1,0,264.8,140.8,0.1
I003224_1,O003224,P050,1,1,1185.22,748.37,0.0
I003225_1,O003225,P036,1,0,2741.59,2239.64,0.0
I003226_1,O003226,P115,1,0,2544.73,1821.73,0.05
I003227_1,O003227,P098,1,0,323.83,210.13,0.1
I003227_2,O003227,P024,1,0,3091.68,2312.84,0.2
I003228_1,O003228,P101,1,0,430.9,290.92,0.1
I003228_2,O003228,P063,2,0,2102.04,1328.53,0.05
I003229_1,O003229,P114,2,0,1062.05,699.07,0.2
I003230_1,O003230,P095,2,0,3470.11,2194.24,0.1
I003231_1,O003231,P008,1,0,3194.41,2190.37,0.0
I003231_2,O003231,P103,1,0,3865.31,3087.95,0.1
I003232_1,O003232,P067,1,0,1186.17,736.87,0.1
I003232_2,O003232,P105,1,0,1300.53,1048.44,0.0
I003233_1,O003233,P049,1,0,2816.63,1767.67,0.1
I003234_1,O003234,P094,1,0,2675.81,1716.82,0.1
I003234_2,O003234,P008,1,1,3001.63,2190.37,0.05
I003235_1,O003235,P114,1,0,1110.88,699.07,0.0
I003236_1,O003236,P021,1,0,3015.36,2007.08,0.0
I003237_1,O003237,P093,1,0,1080.26,614.67,0.2
I003238_1,O003238,P049,1,0,2559.31,1767.67,0.1
I003239_1,O003239,P057,2,0,2585.25,1751.13,0.05
I003240_1,O003240,P116,1,0,2814.45,2344.15,0.2
I003240_2,O003240,P007,1,0,2610.72,2152.99,0.0
I003241_1,O003241,P086,1,0,554.59,301.67,0.05
I003242_1,O003242,P029,1,0,3035.33,2642.14,0.2
I003243_1,O003243,P103,1,0,3570.29,3087.95,0.0
I003243_2,O003243,P028,2,0,1420.56,1251.02,0.05
I003244_1,O003244,P014,3,0,1380.85,956.53,0.05
I003245_1,O003245,P093,1,1,1054.1,614.67,0.0
I003246_1,O003246,P101,1,0,433.13,290.92,0.05
I003246_2,O003246,P013,1,0,1811.16,1078.11,0.0
I003246_3,O003246,P099,1,0,1038.88,579.06,0.1
I003247_1,O003247,P104,1,0,824.99,640.45,0.05
I003248_1,O003248,P006,1,0,3012.77,2483.13,0.1
I003248_2,O003248,P085,1,0,700.42,482.52,0.0
I003249_1,O003249,P065,1,0,2317.28,1840.19,0.0
I003250_1,O003250,P089,2,0,2433.85,1691.26,0.05
I003250_2,O003250,P042,1,0,3362.95,2480.29,0.0
I003251_1,O003251,P074,1,0,2707.92,2093.66,0.1
I003252_1,O003252,P014,1,0,1368.2,956.53,0.0
I003252_2,O003252,P052,1,0,2713.85,2232.75,0.0
I003252_3,O003252,P006,2,0,3138.44,2483.13,0.05
I003253_1,O003253,P036,1,0,2488.5,2239.64,0.05
I003253_2,O003253,P018,1,0,3093.15,1861.03,0.0
I003254_1,O003254,P082,1,0,2313.04,1528.85,0.1
I003254_2,O003254,P055,1,0,1744.2,1250.56,0.05
I003255_1,O003255,P099,1,0,1068.0,579.06,0.0
I003256_1,O003256,P095,1,0,3553.99,2194.24,0.0
I003257_1,O003257,P040,1,0,2289.27,1719.58,0.2
I003257_2,O003257,P093,1,0,982.38,614.67,0.0
I003258_1,O003258,P030,1,0,2706.86,1879.56,0.05
I003258_2,O003258,P047,1,0,3510.99,2991.8,0.0
I003259_1,O003259,P027,1,0,2066.25,1900.67,0.0
I003259_2,O003259,P017,2,0,1787.67,1079.58,0.0
I003259_3,O003259,P014,1,0,1413.57,956.53,0.0
I003260_1,O003260,P109,3,0,2325.44,1696.43,0.05
I003261_1,O003261,P022,1,0,2018.04,1361.4,0.0
I003262_1,O003262,P044,1,0,2058.13,1529.57,0.1
I003262_2,O003262,P003,1,0,685.66,593.8,0.3
I003263_1,O003263,P005,1,0,2338.97,1891.99,0.0
I003264_1,O003264,P088,1,0,286.39,167.15,0.0
I003265_1,O003265,P006,2,0,3063.63,2483.13,0.0
I003266_1,O003266,P031,2,0,303.57,221.16,0.1
I003266_2,O003266,P094,2,0,2963.7,1716.82,0.0
I003267_1,O003267,P013,1,0,1841.78,1078.11,0.0
I003268_1,O003268,P098,2,0,346.1,210.13,0.0
I003268_2,O003268,P049,1,0,2765.58,1767.67,0.0
I003269_1,O003269,P094,1,0,2828.36,1716.82,0.0
I003270_1,O003270,P069,1,0,2934.91,2596.65,0.05
I003271_1,O003271,P020,1,0,3390.24,2726.34,0.2
I003272_1,O003272,P011,1,1,702.5,470.48,0.0
I003272_2,O003272,P112,1,0,1405.94,1059.45,0.2
I003273_1,O003273,P026,1,1,3391.03,2746.76,0.05
I003273_2,O003273,P043,1,0,2420.86,2155.97,0.0
I003274_1,O003274,P003,1,0,672.79,593.8,0.0
I003274_2,O003274,P079,1,0,2328.76,1780.27,0.2
I003274_3,O003274,P029,1,0,2832.78,2642.14,0.1
I003275_1,O003275,P102,1,0,3407.96,2068.63,0.1
I003275_2,O003275,P062,1,0,1207.6,934.97,0.05
I003276_1,O003276,P027,2,0,2337.83,1900.67,0.1
I003277_1,O003277,P028,1,0,1404.35,1251.02,0.1
I003277_2,O003277,P058,1,0,1103.59,974.82,0.05
I003278_1,O003278,P024,2,0,3232.03,2312.84,0.2
I003279_1,O003279,P016,1,0,2644.02,2126.82,0.1
I003280_1,O003280,P094,1,0,2716.36,1716.82,0.1
I003281_1,O003281,P103,1,0,3399.95,3087.95,0.05
I003282_1,O003282,P112,1,0,1468.82,1059.45,0.05
I003283_1,O003283,P067,1,0,1152.8,736.87,0.0
I003283_2,O003283,P001,1,0,761.2,503.11,0.0
I003284_1,O003284,P019,1,0,2551.54,1463.41,0.2
I003285_1,O003285,P086,1,1,548.65,301.67,0.1
I003285_2,O003285,P064,1,0,230.75,140.8,0.2
I003286_1,O003286,P036,1,0,2473.84,2239.64,0.0
I003286_2,O003286,P065,1,0,2548.71,1840.19,0.1
I003287_1,O003287,P007,1,0,2660.32,2152.99,0.0
I003288_1,O003288,P106,2,0,2744.95,2402.81,0.0
I003289_1,O003289,P075,2,0,893.57,632.05,0.0
I003289_2,O003289,P116,1,0,3023.68,2344.15,0.0
I003290_1,O003290,P078,1,0,2618.72,1751.62,0.2
I003290_2,O003290,P119,1,0,620.92,550.1,0.2
I003291_1,O003291,P087,2,0,1925.67,1487.18,0.0
I003292_1,O003292,P019,1,0,2613.86,1463.41,0.05
I003293_1,O003293,P115,1,0,2579.17,1821.73,0.0
I003293_2,O003293,P027,1,0,2222.15,1900.67,0.0
I003293_3,O003293,P029,1,0,3059.65,2642.14,0.2
I003294_1,O003294,P068,2,0,3110.08,1829.36,0.0
I003295_1,O003295,P009,1,0,192.99,142.71,0.05
I003296_1,O003296,P001,1,0,726.88,503.11,0.0
I003296_2,O003296,P090,1,0,1712.06,1197.25,0.2
I003297_1,O003297,P039,1,0,2748.64,1842.48,0.1
I003298_1,O003298,P031,1,0,295.31,221.16,0.0
I003298_2,O003298,P062,1,0,1114.58,934.97,0.1
I003299_1,O003299,P096,1,0,3363.32,1989.35,0.05
I003299_2,O003299,P031,1,0,285.65,221.16,0.2
I003300_1,O003300,P024,1,0,3155.93,2312.84,0.05
I003301_1,O003301,P025,1,0,711.32,526.03,0.0
I003302_1,O003302,P035,2,1,2498.5,1657.14,0.05
I003302_2,O003302,P080,1,0,879.17,706.47,0.05
I003303_1,O003303,P028,1,0,1573.29,1251.02,0.1
I003304_1,O003304,P001,1,0,756.81,503.11,0.2
I003305_1,O003305,P010,1,0,683.48,468.72,0.0
I003306_1,O003306,P063,1,0,2355.52,1328.53,0.0
I003307_1,O003307,P106,2,0,2797.99,2402.81,0.2
I003308_1,O003308,P063,2,0,2255.91,1328.53,0.2
I003308_2,O003308,P065,1,0,2411.02,1840.19,0.0
I003309_1,O003309,P050,1,0,1173.26,748.37,0.05
I003309_2,O003309,P053,1,0,2810.82,2330.08,0.1
I003310_1,O003310,P046,1,0,215.12,119.22,0.0
I003311_1,O003311,P109,1,0,2234.44,1696.43,0.0
I003312_1,O003312,P100,3,0,2927.72,2560.83,0.05
I003313_1,O003313,P070,1,0,3701.88,2889.93,0.2
I003313_2,O003313,P038,1,0,2452.18,1939.6,0.0
I003314_1,O003314,P087,1,0,2061.52,1487.18,0.0
I003315_1,O003315,P062,1,0,1218.35,934.97,0.0
I003316_1,O003316,P023,1,0,2429.28,1316.59,0.2
I003317_1,O003317,P109,1,0,2365.48,1696.43,0.05
I003318_1,O003318,P007,1,0,2518.37,2152.99,0.05
I003318_2,O003318,P053,2,1,2954.18,2330.08,0.05
I003319_1,O003319,P059,1,0,2763.36,2284.02,0.1
I003320_1,O003320,P088,1,0,292.24,167.15,0.0
I003321_1,O003321,P052,1,0,2737.17,2232.75,0.0
I003322_1,O003322,P004,1,0,3173.55,2449.64,0.0
I003322_2,O003322,P041,1,0,1781.14,1272.83,0.0
I003323_1,O003323,P090,1,0,1739.78,1197.25,0.0
I003324_1,O003324,P048,1,0,2412.3,2064.58,0.1
I003325_1,O003325,P046,1,0,227.68,119.22,0.05
I003325_2,O003325,P016,1,0,2761.56,2126.82,0.0
I003326_1,O003326,P038,1,1,2463.91,1939.6,0.0
I003327_1,O003327,P009,1,0,187.67,142.71,0.0
I003328_1,O003328,P012,1,0,3898.21,2599.93,0.05
I003329_1,O003329,P106,1,0,2772.71,2402.81,0.2
I003330_1,O003330,P009,1,1,196.55,142.71,0.0
I003330_2,O003330,P109,1,0,2431.09,1696.43,0.2
I003330_3,O003330,P092,2,0,2708.99,1883.6,0.2
I003331_1,O003331,P098,1,0,344.28,210.13,0.1
I003332_1,O003332,P002,1,0,2955.56,2136.38,0.2
I003333_1,O003333,P104,1,0,775.69,640.45,0.0
I003334_1,O003334,P047,1,0,3398.19,2991.8,0.2
I003335_1,O003335,P104,1,0,862.04,640.45,0.0
I003336_1,O003336,P117,2,2,1594.97,1301.63,0.05
I003336_2,O003336,P018,1,0,2697.52,1861.03,0.05
I003337_1,O003337,P108,1,0,1112.7,757.54,0.1
I003338_1,O003338,P063,3,0,2357.45,1328.53,0.05
I003339_1,O003339,P106,2,0,2844.55,2402.81,0.0
I003339_2,O003339,P086,1,0,528.28,301.67,0.1
I003340_1,O003340,P011,1,0,630.34,470.48,0.2
I003340_2,O003340,P096,1,0,3248.8,1989.35,0.2
I003341_1,O003341,P022,1,0,2019.98,1361.4,0.0
I003341_2,O003341,P102,1,0,3369.37,2068.63,0.2
I003341_3,O003341,P069,1,0,2944.63,2596.65,0.05
I003342_1,O003342,P023,1,0,2302.01,1316.59,0.3
I003342_2,O003342,P056,1,0,676.62,467.73,0.05
I003343_1,O003343,P040,1,0,2299.28,1719.58,0.0
I003344_1,O003344,P013,2,1,1853.3,1078.11,0.0
I003345_1,O003345,P061,1,0,2794.76,1810.66,0.0
I003345_2,O003345,P063,1,0,2288.94,1328.53,0.05
I003345_3,O003345,P025,1,0,795.06,526.03,0.0
I003346_1,O003346,P086,1,0,516.72,301.67,0.0
I003347_1,O003347,P112,1,0,1499.57,1059.45,0.0
I003347_2,O003347,P074,1,0,2621.72,2093.66,0.0
I003348_1,O003348,P041,2,0,1695.69,1272.83,0.0
I003349_1,O003349,P003,2,0,702.48,593.8,0.0
I003350_1,O003350,P002,1,0,2616.7,2136.38,0.0
I003351_1,O003351,P024,1,0,3118.86,2312.84,0.2
I003352_1,O003352,P114,1,0,1043.07,699.07,0.1
I003352_2,O003352,P042,2,0,3268.87,2480.29,0.0
I003352_3,O003352,P039,1,0,3080.41,1842.48,0.0
I003353_1,O003353,P001,1,0,754.64,503.11,0.0
I003354_1,O003354,P117,1,0,1628.6,1301.63,0.1
I003354_2,O003354,P119,1,0,654.23,550.1,0.2
I003355_1,O003355,P102,1,0,3424.81,2068.63,0.0
I003356_1,O003356,P023,2,0,2466.61,1316.59,0.05
I003356_2,O003356,P053,1,0,2969.33,2330.08,0.05
I003357_1,O003357,P105,2,0,1201.17,1048.44,0.05
I003357_2,O003357,P012,1,0,3694.37,2599.93,0.05
I003358_1,O003358,P047,1,0,3448.53,2991.8,0.0
I003359_1,O003359,P103,1,0,3646.54,3087.95,0.05
I003360_1,O003360,P046,1,0,222.91,119.22,0.05
I003361_1,O003361,P032,1,0,856.38,692.6,0.0
I003362_1,O003362,P057,1,1,2750.78,1751.13,0.05
I003363_1,O003363,P073,1,0,3059.38,2517.93,0.1
I003364_1,O003364,P092,1,0,2607.41,1883.6,0.2
I003364_2,O003364,P096,1,0,3172.72,1989.35,0.0
I003364_3,O003364,P050,1,0,1154.26,748.37,0.0
I003365_1,O003365,P052,1,1,2773.69,2232.75,0.0
I003365_2,O003365,P049,1,0,2815.56,1767.67,0.1
I003366_1,O003366,P090,1,0,1832.06,1197.25,0.0
I003367_1,O003367,P042,1,0,3669.35,2480.29,0.0
I003367_2,O003367,P043,2,0,2577.92,2155.97,0.0
I003368_1,O003368,P017,1,0,1777.99,1079.58,0.05
I003368_2,O003368,P033,1,0,2645.89,2420.38,0.0
I003369_1,O003369,P009,1,0,180.24,142.71,0.0
I003370_1,O003370,P024,1,0,3018.26,2312.84,0.1
I003370_2,O003370,P095,1,0,3183.0,2194.24,0.05
I003371_1,O003371,P097,2,0,527.21,385.34,0.1
I003371_2,O003371,P102,1,0,3276.85,2068.63,0.1
I003372_1,O003372,P079,1,0,2426.55,1780.27,0.0
I003373_1,O003373,P056,1,0,700.02,467.73,0.0
I003373_2,O003373,P028,1,0,1513.32,1251.02,0.0
I003374_1,O003374,P108,1,0,1153.09,757.54,0.2
I003375_1,O003375,P042,1,0,3386.56,2480.29,0.1
I003376_1,O003376,P096,1,0,3136.57,1989.35,0.05
I003376_2,O003376,P120,2,0,3557.85,2258.38,0.05
I003377_1,O003377,P057,1,0,2792.22,1751.13,0.0
I003378_1,O003378,P036,1,0,2493.06,2239.64,0.1
I003378_2,O003378,P025,1,0,741.42,526.03,0.05
I003379_1,O003379,P092,1,0,2631.93,1883.6,0.0
I003379_2,O003379,P079,1,0,2214.03,1780.27,0.0
I003380_1,O003380,P010,1,0,780.6,468.72,0.0
I003380_2,O003380,P083,1,0,872.09,674.18,0.2
I003381_1,O003381,P071,1,0,1866.51,1171.43,0.1
I003382_1,O003382,P006,1,0,2753.12,2483.13,0.0
I003382_2,O003382,P046,1,0,233.13,119.22,0.2
I003383_1,O003383,P036,1,0,2617.51,2239.64,0.0
I003384_1,O003384,P033,1,1,2711.69,2420.38,0.0
I003384_2,O003384,P114,1,0,1064.07,699.07,0.1
I003384_3,O003384,P085,1,0,672.88,482.52,0.2
I003385_1,O003385,P080,2,0,919.21,706.47,0.0
I003385_2,O003385,P101,1,0,402.63,290.92,0.2
I003385_3,O003385,P053,1,0,2798.17,2330.08,0.0
I003386_1,O003386,P080,2,0,812.85,706.47,0.0
I003386_2,O003386,P118,1,1,1278.68,778.87,0.05
I003387_1,O003387,P031,1,0,309.81,221.16,0.1
I003388_1,O003388,P112,2,0,1513.04,1059.45,0.0
I003388_2,O003388,P117,1,0,1557.23,1301.63,0.05
I003388_3,O003388,P027,2,0,2174.91,1900.67,0.1
I003389_1,O003389,P107,1,1,822.31,517.21,0.2
I003390_1,O003390,P069,1,0,3116.66,2596.65,0.05
I003391_1,O003391,P020,2,0,3273.06,2726.34,0.1
I003392_1,O003392,P091,1,0,807.04,567.3,0.3
I003393_1,O003393,P052,1,0,2537.41,2232.75,0.0
I003393_2,O003393,P079,1,0,2280.7,1780.27,0.0
I003393_3,O003393,P099,1,0,1111.67,579.06,0.0
I003394_1,O003394,P068,1,0,3471.67,1829.36,0.2
I003394_2,O003394,P035,3,0,2291.61,1657.14,0.1
I003395_1,O003395,P044,1,0,2221.0,1529.57,0.2
I003396_1,O003396,P005,1,0,2273.96,1891.99,0.2
I003397_1,O003397,P094,1,0,2805.18,1716.82,0.2
I003398_1,O003398,P042,1,0,3589.26,2480.29,0.2
I003399_1,O003399,P062,1,0,1166.73,934.97,0.05
I003399_2,O003399,P023,2,0,2283.95,1316.59,0.0
I003400_1,O003400,P059,1,0,2470.27,2284.02,0.2
I003400_2,O003400,P051,1,0,2687.89,1856.67,0.0
I003401_1,O003401,P116,2,0,2738.46,2344.15,0.0
I003401_2,O003401,P003,1,1,727.72,593.8,0.0
I003402_1,O003402,P015,1,0,2113.35,1639.7,0.0
I003403_1,O003403,P114,2,0,1010.58,699.07,0.0
I003404_1,O003404,P051,2,0,2483.85,1856.67,0.0
I003404_2,O003404,P114,1,0,1038.91,699.07,0.05
I003404_3,O003404,P050,1,0,1218.22,748.37,0.0
I003405_1,O003405,P063,1,0,2177.55,1328.53,0.2
I003405_2,O003405,P088,1,0,315.24,167.15,0.1
I003406_1,O003406,P081,1,0,2956.92,2035.71,0.2
I003407_1,O003407,P078,2,0,2910.71,1751.62,0.2
I003408_1,O003408,P048,1,0,2381.97,2064.58,0.0
I003409_1,O003409,P101,1,0,411.61,290.92,0.0
I003409_2,O003409,P003,1,0,721.51,593.8,0.0
I003410_1,O003410,P012,1,0,3776.42,2599.93,0.1
I003410_2,O003410,P009,2,0,180.38,142.71,0.0
I003411_1,O003411,P084,1,0,1127.74,785.13,0.05
I003412_1,O003412,P099,2,1,1057.34,579.06,0.0
I003413_1,O003413,P119,2,0,664.65,550.1,0.05
I003414_1,O003414,P013,1,0,1753.76,1078.11,0.0
I003414_2,O003414,P012,1,0,3624.53,2599.93,0.05
I003415_1,O003415,P103,2,0,3486.81,3087.95,0.0
I003416_1,O003416,P041,1,0,1792.42,1272.83,0.05
I003417_1,O003417,P100,2,0,3089.32,2560.83,0.0
I003417_2,O003417,P106,1,0,2769.27,2402.81,0.0
I003418_1,O003418,P108,1,0,1092.36,757.54,0.0
I003418_2,O003418,P034,1,0,702.88,551.76,0.05
I003419_1,O003419,P080,1,0,876.25,706.47,0.0
I003419_2,O003419,P019,1,0,2382.29,1463.41,0.0
I003420_1,O003420,P104,1,0,874.23,640.45,0.05
I003421_1,O003421,P015,2,0,1924.06,1639.7,0.2
I003422_1,O003422,P013,3,0,1793.94,1078.11,0.0
I003423_1,O003423,P088,1,0,317.46,167.15,0.0
I003423_2,O003423,P003,1,0,664.32,593.8,0.0
I003424_1,O003424,P014,1,0,1435.52,956.53,0.05
I003424_2,O003424,P055,1,0,1848.33,1250.56,0.2
I003425_1,O003425,P079,1,0,2328.8,1780.27,0.1
I003425_2,O003425,P072,1,0,1764.4,1369.26,0.0
I003425_3,O003425,P011,1,0,673.2,470.48,0.2
I003426_1,O003426,P040,1,0,2179.08,1719.58,0.2
I003426_2,O003426,P005,1,0,2145.12,1891.99,0.0
I003427_1,O003427,P070,1,0,3679.56,2889.93,0.0
I003428_1,O003428,P071,1,0,2000.29,1171.43,0.2
I003428_2,O003428,P051,3,0,2535.74,1856.67,0.05
I003428_3,O003428,P050,1,0,1227.92,748.37,0.0
I003429_1,O003429,P075,3,0,852.58,632.05,0.0
I003429_2,O003429,P074,2,0,2814.36,2093.66,0.05
I003430_1,O003430,P093,2,0,1005.49,614.67,0.3
I003430_2,O003430,P102,2,0,3509.35,2068.63,0.1
I003430_3,O003430,P114,1,0,1021.79,699.07,0.0
I003431_1,O003431,P020,2,0,3681.53,2726.34,0.05
I003432_1,O003432,P109,1,1,2449.28,1696.43,0.3
I003433_1,O003433,P022,1,0,2022.95,1361.4,0.0
I003434_1,O003434,P071,2,0,1953.12,1171.43,0.0
I003434_2,O003434,P115,1,0,2553.07,1821.73,0.0
I003434_3,O003434,P079,1,1,2278.73,1780.27,0.0
I003435_1,O003435,P062,1,0,1115.39,934.97,0.2
I003436_1,O003436,P083,1,0,959.04,674.18,0.1
I003437_1,O003437,P037,1,0,765.46,604.48,0.0
I003437_2,O003437,P056,1,0,663.96,467.73,0.1
I003438_1,O003438,P023,1,0,2237.33,1316.59,0.05
I003439_1,O003439,P011,2,0,697.86,470.48,0.0
I003439_2,O003439,P019,1,1,2542.71,1463.41,0.1
I003440_1,O003440,P060,1,0,3428.02,2190.75,0.0
I003440_2,O003440,P090,1,0,1667.35,1197.25,0.1
I003441_1,O003441,P050,1,0,1133.58,748.37,0.0
I003441_2,O003441,P075,1,0,818.26,632.05,0.1
I003442_1,O003442,P054,1,0,337.68,290.26,0.0
I003443_1,O003443,P106,1,0,2820.14,2402.81,0.3
I003443_2,O003443,P004,1,0,3045.55,2449.64,0.1
I003444_1,O003444,P081,1,0,3006.0,2035.71,0.0
I003444_2,O003444,P046,1,0,206.27,119.22,0.05
I003445_1,O003445,P097,2,1,536.03,385.34,0.3
I003445_2,O003445,P029,2,0,3182.17,2642.14,0.0
I003446_1,O003446,P057,1,0,2597.02,1751.13,0.0
I003447_1,O003447,P050,2,0,1158.62,748.37,0.3
I003447_2,O003447,P062,1,0,1237.95,934.97,0.05
I003448_1,O003448,P080,1,0,843.06,706.47,0.0
I003449_1,O003449,P033,1,0,2828.04,2420.38,0.1
I003449_2,O003449,P100,1,0,2800.2,2560.83,0.0
I003450_1,O003450,P004,1,0,3422.19,2449.64,0.05
I003451_1,O003451,P045,1,0,1570.08,1393.5,0.0
I003452_1,O003452,P049,1,0,2687.97,1767.67,0.1
I003452_2,O003452,P068,2,0,3217.46,1829.36,0.1
I003453_1,O003453,P010,1,0,702.03,468.72,0.0
I003454_1,O003454,P083,1,0,966.0,674.18,0.3
I003454_2,O003454,P057,2,0,2736.63,1751.13,0.0
I003455_1,O003455,P075,1,0,895.79,632.05,0.0
I003456_1,O003456,P056,2,0,644.81,467.73,0.2
I003457_1,O003457,P089,1,0,2492.47,1691.26,0.05
I003458_1,O003458,P016,2,0,2881.95,2126.82,0.1
I003459_1,O003459,P056,2,0,698.5,467.73,0.2
I003459_2,O003459,P072,3,0,1804.27,1369.26,0.0
I003459_3,O003459,P070,1,0,3793.34,2889.93,0.0
I003460_1,O003460,P035,1,0,2223.22,1657.14,0.0
I003460_2,O003460,P003,1,1,736.28,593.8,0.0
I003461_1,O003461,P014,1,0,1524.11,956.53,0.05
I003461_2,O003461,P096,2,0,3125.46,1989.35,0.1
I003462_1,O003462,P011,1,0,698.6,470.48,0.0
I003462_2,O003462,P067,1,0,1179.73,736.87,0.1
I003463_1,O003463,P001,1,0,756.46,503.11,0.0
I003463_2,O003463,P043,1,0,2661.18,2155.97,0.0
I003464_1,O003464,P034,1,0,728.37,551.76,0.1
I003464_2,O003464,P016,1,0,2709.76,2126.82,0.05
I003464_3,O003464,P036,1,0,2792.85,2239.64,0.0
I003465_1,O003465,P079,1,0,2416.98,1780.27,0.05
I003465_2,O003465,P047,1,0,3426.05,2991.8,0.2
I003466_1,O003466,P043,1,0,2559.82,2155.97,0.0
I003466_2,O003466,P010,1,0,776.15,468.72,0.0
I003467_1,O003467,P032,1,0,872.22,692.6,0.1
I003468_1,O003468,P105,1,0,1299.52,1048.44,0.0
I003468_2,O003468,P048,1,0,2418.65,2064.58,0.0
I003468_3,O003468,P092,1,0,2514.85,1883.6,0.1
I003469_1,O003469,P023,2,0,2324.19,1316.59,0.1
I003470_1,O003470,P105,3,0,1339.25,1048.44,0.0
I003470_2,O003470,P094,1,0,2735.77,1716.82,0.0
I003471_1,O003471,P116,1,0,3010.71,2344.15,0.2
I003471_2,O003471,P048,1,0,2338.5,2064.58,0.0
I003472_1,O003472,P082,1,0,2271.31,1528.85,0.2
I003473_1,O003473,P016,2,0,2610.02,2126.82,0.0
I003474_1,O003474,P025,1,0,722.68,526.03,0.0
I003474_2,O003474,P037,2,2,829.07,604.48,0.05
I003475_1,O003475,P080,1,0,869.35,706.47,0.05
I003476_1,O003476,P031,1,0,311.21,221.16,0.0
I003477_1,O003477,P099,1,0,1105.01,579.06,0.05
I003477_2,O003477,P114,1,1,1081.76,699.07,0.2
I003478_1,O003478,P084,2,0,1249.02,785.13,0.05
I003478_2,O003478,P102,1,0,3381.5,2068.63,0.1
I003478_3,O003478,P061,1,0,2840.95,1810.66,0.05
I003479_1,O003479,P015,1,0,1910.7,1639.7,0.0
I003480_1,O003480,P113,2,0,2223.44,1457.19,0.0
I003481_1,O003481,P026,1,0,3125.26,2746.76,0.1
I003482_1,O003482,P023,1,0,2221.65,1316.59,0.1
I003482_2,O003482,P044,1,0,2062.21,1529.57,0.2
I003482_3,O003482,P006,1,0,2788.7,2483.13,0.1
I003483_1,O003483,P025,1,0,748.44,526.03,0.2
I003484_1,O003484,P007,1,0,2704.38,2152.99,0.0
I003484_2,O003484,P043,1,0,2642.84,2155.97,0.0
I003485_1,O003485,P089,1,0,2762.83,1691.26,0.3
I003485_2,O003485,P116,3,0,2919.82,2344.15,0.05
I003486_1,O003486,P034,1,0,664.69,551.76,0.0
I003487_1,O003487,P063,1,0,2153.16,1328.53,0.2
I003488_1,O003488,P038,2,0,2376.38,1939.6,0.05
I003488_2,O003488,P014,1,0,1359.91,956.53,0.1
I003489_1,O003489,P071,1,0,2013.22,1171.43,0.3
I003490_1,O003490,P071,1,0,1974.46,1171.43,0.0
I003491_1,O003491,P074,1,0,2810.77,2093.66,0.1
I003491_2,O003491,P077,2,1,3139.01,2738.96,0.0
I003492_1,O003492,P082,1,0,2326.35,1528.85,0.1
I003493_1,O003493,P024,1,0,2933.56,2312.84,0.05
I003494_1,O003494,P085,2,0,754.19,482.52,0.0
I003495_1,O003495,P081,1,0,3037.53,2035.71,0.0
I003496_1,O003496,P079,2,0,2199.34,1780.27,0.0
I003497_1,O003497,P103,1,0,3691.73,3087.95,0.1
I003497_2,O003497,P026,2,2,3068.78,2746.76,0.0
I003497_3,O003497,P002,1,0,2774.1,2136.38,0.1
I003498_1,O003498,P084,1,0,1172.11,785.13,0.05
I003499_1,O003499,P032,1,0,784.33,692.6,0.1
I003499_2,O003499,P076,3,0,2749.38,1928.31,0.0
I003500_1,O003500,P016,1,0,2825.63,2126.82,0.2
I003500_2,O003500,P081,1,0,3020.17,2035.71,0.05
I003501_1,O003501,P102,2,0,3375.01,2068.63,0.05
I003502_1,O003502,P048,1,0,2528.16,2064.58,0.0
I003502_2,O003502,P098,2,0,351.28,210.13,0.05
I003502_3,O003502,P087,1,0,1873.59,1487.18,0.05
I003503_1,O003503,P070,2,1,3362.52,2889.93,0.2
I003503_2,O003503,P082,1,0,2108.85,1528.85,0.2
I003504_1,O003504,P106,1,0,2614.53,2402.81,0.1
I003504_2,O003504,P096,1,0,3375.42,1989.35,0.05
I003504_3,O003504,P067,1,1,1170.62,736.87,0.1
I003505_1,O003505,P073,1,0,2962.88,2517.93,0.2
I003506_1,O003506,P097,1,0,549.55,385.34,0.0
I003507_1,O003507,P086,2,0,571.07,301.67,0.1
I003508_1,O003508,P119,1,0,654.35,550.1,0.3
I003509_1,O003509,P045,1,0,1588.41,1393.5,0.1
I003510_1,O003510,P053,1,1,2960.78,2330.08,0.05
I003511_1,O003511,P118,1,1,1313.32,778.87,0.1
I003511_2,O003511,P089,1,0,2675.64,1691.26,0.0
I003512_1,O003512,P093,1,0,977.97,614.67,0.1
I003512_2,O003512,P100,1,0,3007.89,2560.83,0.0
I003513_1,O003513,P052,1,0,2853.03,2232.75,0.1
I003514_1,O003514,P032,1,0,777.61,692.6,0.2
I003514_2,O003514,P077,1,0,3349.99,2738.96,0.2
I003514_3,O003514,P070,1,0,3395.43,2889.93,0.1
I003515_1,O003515,P033,1,0,2845.13,2420.38,0.0
I003515_2,O003515,P068,2,0,3203.09,1829.36,0.3
I003516_1,O003516,P082,1,0,2373.27,1528.85,0.1
I003517_1,O003517,P093,1,0,979.14,614.67,0.0
I003517_2,O003517,P112,2,0,1538.92,1059.45,0.05
I003518_1,O003518,P006,1,0,2909.06,2483.13,0.2
I003518_2,O003518,P008,1,0,3248.38,2190.37,0.0
I003519_1,O003519,P060,1,0,3449.44,2190.75,0.2
I003519_2,O003519,P044,1,0,2317.2,1529.57,0.05
I003519_3,O003519,P083,1,0,920.68,674.18,0.05
I003520_1,O003520,P107,1,0,928.47,517.21,0.1
I003521_1,O003521,P046,1,0,216.79,119.22,0.1
I003521_2,O003521,P092,1,0,2451.31,1883.6,0.05
I003522_1,O003522,P040,2,0,2107.83,1719.58,0.1
I003522_2,O003522,P039,1,0,2959.8,1842.48,0.0
I003523_1,O003523,P101,1,0,407.61,290.92,0.0
I003523_2,O003523,P089,2,0,2723.0,1691.26,0.05
I003523_3,O003523,P066,1,0,634.63,449.79,0.0
I003524_1,O003524,P097,1,0,538.25,385.34,0.0
I003525_1,O003525,P009,1,0,196.55,142.71,0.0
I003526_1,O003526,P110,1,0,554.62,387.41,0.05
I003526_2,O003526,P041,1,0,1782.61,1272.83,0.0
I003527_1,O003527,P036,1,0,2485.42,2239.64,0.1
I003527_2,O003527,P040,1,0,2259.09,1719.58,0.1
I003527_3,O003527,P002,1,1,2863.15,2136.38,0.0
I003528_1,O003528,P010,2,2,729.32,468.72,0.05
I003529_1,O003529,P071,1,0,1947.9,1171.43,0.0
I003529_2,O003529,P061,1,1,2708.36,1810.66,0.0
I003530_1,O003530,P101,1,0,444.75,290.92,0.0
I003530_2,O003530,P067,3,0,1178.67,736.87,0.3
I003531_1,O003531,P003,1,0,731.11,593.8,0.0
I003532_1,O003532,P072,1,0,1879.53,1369.26,0.0
I003532_2,O003532,P113,1,0,2413.91,1457.19,0.05
I003533_1,O003533,P054,1,0,343.06,290.26,0.2
I003533_2,O003533,P018,1,0,2980.63,1861.03,0.0
I003534_1,O003534,P120,1,0,3628.9,2258.38,0.05
I003534_2,O003534,P020,1,0,3357.99,2726.34,0.0
I003534_3,O003534,P060,1,0,3598.95,2190.75,0.2
I003535_1,O003535,P053,1,0,3204.12,2330.08,0.2
I003535_2,O003535,P086,1,0,522.1,301.67,0.1
I003536_1,O003536,P007,1,0,2514.98,2152.99,0.05
I003537_1,O003537,P116,1,0,2813.97,2344.15,0.1
I003537_2,O003537,P103,1,0,3678.87,3087.95,0.1
I003538_1,O003538,P087,2,0,2037.25,1487.18,0.05
I003539_1,O003539,P007,1,0,2771.54,2152.99,0.05
I003539_2,O003539,P114,1,0,1060.41,699.07,0.1
I003539_3,O003539,P072,1,0,1743.57,1369.26,0.1
I003540_1,O003540,P072,1,0,1775.38,1369.26,0.2
I003540_2,O003540,P053,3,0,3147.47,2330.08,0.0
I003541_1,O003541,P041,1,0,1654.52,1272.83,0.05
I003541_2,O003541,P005,1,0,2222.06,1891.99,0.1
I003542_1,O003542,P003,1,0,697.06,593.8,0.0
I003542_2,O003542,P015,1,0,2060.0,1639.7,0.0
I003543_1,O003543,P100,1,1,2851.96,2560.83,0.0
I003543_2,O003543,P090,2,0,1649.65,1197.25,0.1
I003544_1,O003544,P029,1,0,3061.56,2642.14,0.0
I003545_1,O003545,P065,1,0,2552.83,1840.19,0.0
I003545_2,O003545,P039,1,0,3137.28,1842.48,0.05
I003546_1,O003546,P119,1,0,601.26,550.1,0.0
I003547_1,O003547,P021,3,0,2910.21,2007.08,0.1
I003548_1,O003548,P019,1,0,2566.26,1463.41,0.2
I003549_1,O003549,P060,1,0,3588.99,2190.75,0.1
I003549_2,O003549,P070,1,0,3546.42,2889.93,0.0
I003550_1,O003550,P112,1,0,1430.26,1059.45,0.05
I003551_1,O003551,P082,1,0,2232.8,1528.85,0.05
I003551_2,O003551,P108,1,0,1070.02,757.54,0.05
I003552_1,O003552,P056,1,0,696.18,467.73,0.0
I003553_1,O003553,P049,1,0,2519.0,1767.67,0.3
I003553_2,O003553,P114,1,0,1054.8,699.07,0.0
I003554_1,O003554,P084,1,0,1227.73,785.13,0.0
I003554_2,O003554,P088,1,0,323.97,167.15,0.3
I003555_1,O003555,P078,1,0,2902.2,1751.62,0.05
I003555_2,O003555,P041,1,0,1801.84,1272.83,0.05
I003556_1,O003556,P118,1,0,1216.57,778.87,0.05
I003556_2,O003556,P002,1,0,2916.25,2136.38,0.05
I003557_1,O003557,P037,1,0,768.08,604.48,0.0
I003557_2,O003557,P099,1,1,994.55,579.06,0.05
I003558_1,O003558,P027,1,0,2082.31,1900.67,0.0
I003558_2,O003558,P065,2,0,2584.08,1840.19,0.0
I003559_1,O003559,P038,2,0,2575.87,1939.6,0.1
I003560_1,O003560,P113,1,0,2270.25,1457.19,0.0
I003561_1,O003561,P116,1,0,2815.17,2344.15,0.0
I003562_1,O003562,P082,1,1,2171.01,1528.85,0.1
I003562_2,O003562,P054,1,0,342.47,290.26,0.0
I003562_3,O003562,P024,1,1,2917.27,2312.84,0.0
I003563_1,O003563,P029,1,0,3214.08,2642.14,0.0
I003563_2,O003563,P030,1,0,2662.86,1879.56,0.05
I003564_1,O003564,P100,2,0,3025.87,2560.83,0.05
I003565_1,O003565,P040,1,0,2273.68,1719.58,0.3
I003566_1,O003566,P015,1,0,1919.18,1639.7,0.0
I003566_2,O003566,P032,1,0,873.72,692.6,0.0
I003567_1,O003567,P085,1,0,691.43,482.52,0.0
I003567_2,O003567,P110,1,1,595.47,387.41,0.05
I003568_1,O003568,P109,1,0,2269.96,1696.43,0.1
I003569_1,O003569,P033,1,0,2765.68,2420.38,0.1
I003570_1,O003570,P072,1,0,1761.4,1369.26,0.0
I003571_1,O003571,P052,1,0,2702.88,2232.75,0.0
I003571_2,O003571,P029,2,0,3042.35,2642.14,0.0
I003571_3,O003571,P011,2,0,628.53,470.48,0.0
I003572_1,O003572,P077,1,0,3003.0,2738.96,0.1
I003572_2,O003572,P092,1,0,2448.19,1883.6,0.3
I003572_3,O003572,P002,1,0,2731.08,2136.38,0.2
I003573_1,O003573,P005,1,0,2391.25,1891.99,0.0
I003573_2,O003573,P011,1,0,699.34,470.48,0.0
I003574_1,O003574,P107,1,0,912.73,517.21,0.05
I003575_1,O003575,P109,1,0,2429.35,1696.43,0.0
I003576_1,O003576,P028,1,0,1459.2,1251.02,0.0
I003576_2,O003576,P022,1,0,1965.36,1361.4,0.0
I003577_1,O003577,P051,1,0,2771.38,1856.67,0.2
I003577_2,O003577,P097,1,0,528.9,385.34,0.0
I003578_1,O003578,P102,1,0,3231.57,2068.63,0.0
I003578_2,O003578,P044,1,0,2345.75,1529.57,0.0
I003578_3,O003578,P002,1,0,2839.71,2136.38,0.05
I003579_1,O003579,P058,1,0,1163.3,974.82,0.05
I003579_2,O003579,P014,1,0,1529.66,956.53,0.2
I003580_1,O003580,P094,2,0,2728.92,1716.82,0.0
I003581_1,O003581,P107,1,0,926.15,517.21,0.0
I003582_1,O003582,P068,1,0,3304.65,1829.36,0.0
I003583_1,O003583,P103,1,1,3447.22,3087.95,0.2
I003583_2,O003583,P086,1,0,506.63,301.67,0.2
I003583_3,O003583,P088,2,0,306.42,167.15,0.05
I003584_1,O003584,P081,1,0,2965.43,2035.71,0.2
I003585_1,O003585,P087,1,0,1931.75,1487.18,0.05
I003586_1,O003586,P056,2,0,649.34,467.73,0.2
I003586_2,O003586,P095,2,0,3284.29,2194.24,0.0
I003587_1,O003587,P086,1,0,546.47,301.67,0.0
I003588_1,O003588,P012,2,0,3742.86,2599.93,0.0
I003589_1,O003589,P090,1,0,1672.28,1197.25,0.0
I003589_2,O003589,P108,1,0,1122.18,757.54,0.1
I003590_1,O003590,P058,1,1,1153.08,974.82,0.1
I003590_2,O003590,P114,1,0,1112.11,699.07,0.05
I003591_1,O003591,P075,2,2,816.2,632.05,0.05
I003592_1,O003592,P105,1,0,1337.45,1048.44,0.1
I003592_2,O003592,P118,1,0,1204.98,778.87,0.2
I003592_3,O003592,P089,1,0,2638.02,1691.26,0.0
I003593_1,O003593,P021,1,0,3176.99,2007.08,0.0
I003593_2,O003593,P005,3,0,2191.54,1891.99,0.1
I003594_1,O003594,P119,2,0,613.32,550.1,0.0
I003594_2,O003594,P063,1,0,2154.36,1328.53,0.1
I003595_1,O003595,P081,1,0,3094.31,2035.71,0.3
I003596_1,O003596,P092,1,0,2692.97,1883.6,0.05
I003597_1,O003597,P090,1,0,1790.36,1197.25,0.05
I003598_1,O003598,P105,3,0,1355.07,1048.44,0.0
I003599_1,O003599,P107,2,0,844.05,517.21,0.0
I003600_1,O003600,P096,1,0,3429.15,1989.35,0.05
I003600_2,O003600,P004,1,1,3049.88,2449.64,0.05
I003601_1,O003601,P118,1,1,1215.63,778.87,0.05
I003601_2,O003601,P110,1,1,604.57,387.41,0.05
I003602_1,O003602,P058,1,0,1096.07,974.82,0.2
I003602_2,O003602,P024,1,0,2954.3,2312.84,0.3
I003603_1,O003603,P099,2,2,1083.26,579.06,0.3
I003603_2,O003603,P111,1,0,1170.14,738.87,0.1
I003604_1,O003604,P022,1,0,2138.92,1361.4,0.0
I003604_2,O003604,P074,1,0,2583.34,2093.66,0.2
I003604_3,O003604,P100,1,0,3078.31,2560.83,0.1
I003605_1,O003605,P056,3,0,673.99,467.73,0.0
I003606_1,O003606,P102,2,0,3305.04,2068.63,0.0
I003607_1,O003607,P037,1,0,797.42,604.48,0.0
I003608_1,O003608,P110,1,0,558.55,387.41,0.3
I003608_2,O003608,P066,1,0,607.7,449.79,0.05
I003609_1,O003609,P094,2,0,2909.02,1716.82,0.1
I003610_1,O003610,P040,1,0,2344.64,1719.58,0.0
I003610_2,O003610,P071,2,0,1937.04,1171.43,0.1
I003610_3,O003610,P116,1,0,2996.73,2344.15,0.0
I003611_1,O003611,P104,1,0,787.63,640.45,0.0
I003611_2,O003611,P010,1,0,690.76,468.72,0.1
I003611_3,O003611,P092,2,0,2371.58,1883.6,0.0
I003612_1,O003612,P072,2,0,1724.65,1369.26,0.0
I003612_2,O003612,P017,1,0,1996.13,1079.58,0.05
I003613_1,O003613,P044,1,0,2083.76,1529.57,0.05
I003613_2,O003613,P107,1,0,897.05,517.21,0.2
I003613_3,O003613,P091,1,0,845.92,567.3,0.0
I003614_1,O003614,P095,3,0,3216.1,2194.24,0.0
I003614_2,O003614,P088,1,0,311.94,167.15,0.1
I003615_1,O003615,P062,1,0,1206.95,934.97,0.0
I003615_2,O003615,P054,2,0,370.12,290.26,0.0
I003616_1,O003616,P004,1,0,3039.96,2449.64,0.0
I003616_2,O003616,P011,1,0,653.93,470.48,0.1
I003617_1,O003617,P082,1,0,2320.38,1528.85,0.2
I003618_1,O003618,P029,1,0,3170.19,2642.14,0.0
I003619_1,O003619,P102,2,0,3402.74,2068.63,0.0
I003619_2,O003619,P007,2,0,2560.14,2152.99,0.1
I003620_1,O003620,P107,2,0,896.86,517.21,0.1
I003621_1,O003621,P036,1,0,2615.84,2239.64,0.0
I003621_2,O003621,P058,1,0,1126.24,974.82,0.3
I003622_1,O003622,P092,1,0,2562.94,1883.6,0.0
I003623_1,O003623,P060,2,0,3345.27,2190.75,0.05
I003624_1,O003624,P054,1,0,335.22,290.26,0.1
I003625_1,O003625,P019,1,0,2506.42,1463.41,0.05
I003626_1,O003626,P007,1,0,2620.63,2152.99,0.2
I003626_2,O003626,P038,2,0,2338.93,1939.6,0.1
I003627_1,O003627,P058,1,0,1109.23,974.82,0.05
I003628_1,O003628,P035,1,0,2252.89,1657.14,0.3
I003629_1,O003629,P088,1,0,324.46,167.15,0.0
I003630_1,O003630,P058,1,0,1094.92,974.82,0.2
I003631_1,O003631,P063,2,0,2290.0,1328.53,0.05
I003631_2,O003631,P100,1,0,3132.2,2560.83,0.0
I003632_1,O003632,P094,1,0,2673.48,1716.82,0.0
I003632_2,O003632,P061,1,0,2874.2,1810.66,0.05
I003632_3,O003632,P046,1,0,209.77,119.22,0.1
I003633_1,O003633,P010,2,0,693.44,468.72,0.3
I003633_2,O003633,P033,1,0,2702.16,2420.38,0.05
I003633_3,O003633,P077,1,0,3319.06,2738.96,0.05
I003634_1,O003634,P073,1,0,3190.86,2517.93,0.1
I003635_1,O003635,P030,1,0,2631.1,1879.56,0.1
I003635_2,O003635,P086,1,0,568.08,301.67,0.1
I003635_3,O003635,P004,2,2,3231.46,2449.64,0.05
I003636_1,O003636,P011,1,0,660.06,470.48,0.1
I003637_1,O003637,P054,1,0,358.77,290.26,0.0
I003638_1,O003638,P058,1,0,1139.7,974.82,0.2
I003638_2,O003638,P016,2,0,2842.26,2126.82,0.05
I003638_3,O003638,P056,1,1,701.02,467.73,0.2
I003639_1,O003639,P069,1,0,3085.04,2596.65,0.0
I003640_1,O003640,P046,1,0,215.64,119.22,0.0
I003640_2,O003640,P087,2,0,1915.76,1487.18,0.1
I003641_1,O003641,P004,1,0,3028.14,2449.64,0.1
I003641_2,O003641,P109,1,0,2301.99,1696.43,0.0
I003642_1,O003642,P046,1,0,229.61,119.22,0.2
I003642_2,O003642,P080,1,0,899.52,706.47,0.05
I003642_3,O003642,P019,1,0,2519.26,1463.41,0.0
I003643_1,O003643,P087,1,0,1972.0,1487.18,0.2
I003643_2,O003643,P120,1,0,3377.79,2258.38,0.0
I003644_1,O003644,P032,1,0,874.69,692.6,0.3
I003645_1,O003645,P006,2,0,3040.95,2483.13,0.05
I003645_2,O003645,P078,1,0,2863.91,1751.62,0.0
I003645_3,O003645,P100,2,0,2805.73,2560.83,0.0
I003646_1,O003646,P014,1,0,1506.22,956.53,0.2
I003647_1,O003647,P031,1,0,313.85,221.16,0.1
I003647_2,O003647,P104,1,0,884.09,640.45,0.0
I003648_1,O003648,P111,2,0,1052.91,738.87,0.05
I003649_1,O003649,P100,1,0,2972.26,2560.83,0.0
I003650_1,O003650,P086,1,0,523.47,301.67,0.05
I003651_1,O003651,P059,1,1,2675.99,2284.02,0.0
I003652_1,O003652,P058,1,0,1083.09,974.82,0.2
I003652_2,O003652,P066,1,0,613.96,449.79,0.0
I003653_1,O003653,P063,1,0,2138.97,1328.53,0.1
I003653_2,O003653,P036,1,0,2521.0,2239.64,0.1
I003654_1,O003654,P072,2,0,1865.2,1369.26,0.05
I003655_1,O003655,P084,1,0,1133.85,785.13,0.0
I003656_1,O003656,P104,1,0,838.95,640.45,0.0
I003657_1,O003657,P110,2,0,555.89,387.41,0.1
I003658_1,O003658,P064,1,0,237.93,140.8,0.0
I003658_2,O003658,P008,1,0,3292.11,2190.37,0.2
I003659_1,O003659,P062,1,0,1234.85,934.97,0.0
I003660_1,O003660,P111,1,0,1136.91,738.87,0.0
I003660_2,O003660,P086,1,0,560.45,301.67,0.05
I003661_1,O003661,P001,1,0,743.75,503.11,0.1
I003661_2,O003661,P026,1,0,3165.16,2746.76,0.05
I003661_3,O003661,P102,1,0,3302.1,2068.63,0.0
I003662_1,O003662,P098,1,0,342.42,210.13,0.05
I003663_1,O003663,P070,1,0,3435.3,2889.93,0.3
I003664_1,O003664,P002,1,0,2851.24,2136.38,0.05
I003665_1,O003665,P036,1,0,2723.8,2239.64,0.0
I003666_1,O003666,P082,2,0,2393.36,1528.85,0.0
I003667_1,O003667,P094,1,0,2878.07,1716.82,0.05
I003668_1,O003668,P089,2,0,2671.27,1691.26,0.2
I003669_1,O003669,P035,1,0,2436.19,1657.14,0.0
I003669_2,O003669,P108,1,0,1097.19,757.54,0.1
I003670_1,O003670,P016,1,0,2762.16,2126.82,0.0
I003671_1,O003671,P011,1,0,672.59,470.48,0.3
I003672_1,O003672,P089,3,0,2553.97,1691.26,0.2
I003673_1,O003673,P099,1,1,1120.27,579.06,0.0
I003674_1,O003674,P022,1,0,1992.36,1361.4,0.05
I003674_2,O003674,P117,1,0,1521.74,1301.63,0.1
I003675_1,O003675,P095,1,0,3241.9,2194.24,0.0
I003675_2,O003675,P023,1,0,2227.15,1316.59,0.0
I003676_1,O003676,P047,1,0,3702.58,2991.8,0.0
I003676_2,O003676,P009,1,0,176.91,142.71,0.0
I003676_3,O003676,P088,1,0,327.5,167.15,0.1
I003677_1,O003677,P092,1,0,2360.04,1883.6,0.05
I003678_1,O003678,P083,1,0,986.59,674.18,0.0
I003678_2,O003678,P102,1,0,3375.62,2068.63,0.2
I003679_1,O003679,P024,1,0,3201.98,2312.84,0.0
I003680_1,O003680,P029,1,0,2921.83,2642.14,0.2
I003681_1,O003681,P111,2,0,1171.77,738.87,0.0
I003682_1,O003682,P069,1,0,3064.61,2596.65,0.1
I003683_1,O003683,P009,1,0,197.23,142.71,0.2
I003683_2,O003683,P029,1,0,2988.08,2642.14,0.2
I003684_1,O003684,P082,1,0,2123.59,1528.85,0.2
I003684_2,O003684,P103,1,0,3615.74,3087.95,0.1
I003685_1,O003685,P065,1,0,2551.62,1840.19,0.3
I003685_2,O003685,P053,1,0,3004.93,2330.08,0.0
I003686_1,O003686,P018,1,0,2929.46,1861.03,0.1
I003686_2,O003686,P052,1,0,2581.86,2232.75,0.0
I003687_1,O003687,P120,1,0,3473.6,2258.38,0.0
I003688_1,O003688,P067,2,0,1201.16,736.87,0.0
I003688_2,O003688,P018,1,0,2929.57,1861.03,0.2
I003688_3,O003688,P038,1,0,2526.22,1939.6,0.0
I003689_1,O003689,P019,1,0,2648.54,1463.41,0.1
I003689_2,O003689,P095,1,0,3430.99,2194.24,0.3
I003690_1,O003690,P011,1,0,633.47,470.48,0.1
I003690_2,O003690,P118,1,0,1226.94,778.87,0.1
I003691_1,O003691,P047,1,0,3663.73,2991.8,0.0
I003692_1,O003692,P062,2,0,1166.29,934.97,0.0
I003693_1,O003693,P048,1,0,2555.34,2064.58,0.0
I003694_1,O003694,P050,1,0,1244.15,748.37,0.1
I003695_1,O003695,P099,2,0,1097.97,579.06,0.0
I003695_2,O003695,P033,1,1,3014.74,2420.38,0.2
I003696_1,O003696,P064,1,0,237.73,140.8,0.05
I003697_1,O003697,P062,1,0,1120.65,934.97,0.0
I003697_2,O003697,P012,2,0,3540.26,2599.93,0.05
I003698_1,O003698,P094,2,0,2654.83,1716.82,0.05
I003698_2,O003698,P089,1,0,2616.03,1691.26,0.0
I003699_1,O003699,P089,1,0,2758.23,1691.26,0.0
I003699_2,O003699,P063,1,0,2118.06,1328.53,0.05
I003700_1,O003700,P021,1,0,3244.57,2007.08,0.0
I003701_1,O003701,P066,3,0,560.1,449.79,0.1
I003702_1,O003702,P111,1,0,1111.76,738.87,0.1
I003702_2,O003702,P021,1,0,2937.86,2007.08,0.0
I003703_1,O003703,P018,1,0,3026.71,1861.03,0.1
I003703_2,O003703,P118,1,0,1169.13,778.87,0.05
I003704_1,O003704,P099,3,0,992.21,579.06,0.0
I003704_2,O003704,P032,1,0,834.05,692.6,0.2
I003705_1,O003705,P078,2,0,2617.38,1751.62,0.0
I003706_1,O003706,P014,1,0,1522.67,956.53,0.1
I003707_1,O003707,P106,2,0,2802.45,2402.81,0.1
I003708_1,O003708,P079,1,0,2420.55,1780.27,0.05
I003709_1,O003709,P039,1,0,2899.2,1842.48,0.0
I003709_2,O003709,P003,1,0,733.99,593.8,0.1
I003710_1,O003710,P110,1,0,577.58,387.41,0.1
I003710_2,O003710,P117,2,0,1613.03,1301.63,0.0
I003710_3,O003710,P022,1,0,2101.14,1361.4,0.0
I003711_1,O003711,P051,1,0,2691.81,1856.67,0.05
I003712_1,O003712,P057,1,0,2787.25,1751.13,0.0
I003712_2,O003712,P049,2,0,2624.37,1767.67,0.0
I003713_1,O003713,P021,1,0,3002.74,2007.08,0.0
I003713_2,O003713,P087,1,0,1794.1,1487.18,0.0
I003714_1,O003714,P088,1,0,290.93,167.15,0.1
I003715_1,O003715,P088,2,0,299.85,167.15,0.05
I003716_1,O003716,P002,1,0,2689.62,2136.38,0.0
I003716_2,O003716,P114,1,0,1066.91,699.07,0.3
I003717_1,O003717,P024,1,0,3033.17,2312.84,0.05
I003717_2,O003717,P043,2,0,2765.44,2155.97,0.0
I003717_3,O003717,P016,2,0,2776.93,2126.82,0.0
I003718_1,O003718,P104,2,0,796.2,640.45,0.05
I003718_2,O003718,P026,2,0,3193.51,2746.76,0.05
I003719_1,O003719,P047,1,0,3378.72,2991.8,0.0
I003719_2,O003719,P069,1,0,3046.54,2596.65,0.0
I003720_1,O003720,P120,1,0,3667.45,2258.38,0.1
I003720_2,O003720,P112,3,0,1498.2,1059.45,0.0
I003721_1,O003721,P052,1,0,2679.02,2232.75,0.1
I003722_1,O003722,P116,2,0,2954.22,2344.15,0.1
I003723_1,O003723,P107,1,1,841.55,517.21,0.0
I003724_1,O003724,P093,1,0,1086.15,614.67,0.0
I003725_1,O003725,P071,1,0,1927.78,1171.43,0.0
I003725_2,O003725,P089,2,2,2442.94,1691.26,0.2
I003726_1,O003726,P085,1,0,709.71,482.52,0.1
I003727_1,O003727,P107,1,0,912.02,517.21,0.0
I003728_1,O003728,P036,2,0,2642.3,2239.64,0.2
I003729_1,O003729,P118,1,0,1245.89,778.87,0.1
I003730_1,O003730,P115,1,0,2443.96,1821.73,0.0
I003730_2,O003730,P002,1,0,2699.66,2136.38,0.0
I003731_1,O003731,P094,1,0,2806.02,1716.82,0.1
I003731_2,O003731,P086,1,0,516.14,301.67,0.0
I003732_1,O003732,P026,1,0,3076.37,2746.76,0.1
I003733_1,O003733,P038,1,0,2577.39,1939.6,0.0
I003734_1,O003734,P006,1,0,2873.41,2483.13,0.2
I003734_2,O003734,P120,1,0,3416.03,2258.38,0.0
I003735_1,O003735,P002,1,0,2610.84,2136.38,0.05
I003735_2,O003735,P074,1,0,2541.39,2093.66,0.0
I003736_1,O003736,P057,1,0,2697.91,1751.13,0.0
I003736_2,O003736,P069,1,0,2821.5,2596.65,0.0
I003737_1,O003737,P108,1,0,1045.71,757.54,0.0
I003738_1,O003738,P050,1,0,1120.01,748.37,0.05
I003739_1,O003739,P103,1,0,3392.24,3087.95,0.05
I003739_2,O003739,P003,1,0,713.33,593.8,0.1
I003740_1,O003740,P030,1,0,2566.88,1879.56,0.2
I003741_1,O003741,P116,2,0,2661.68,2344.15,0.0
I003741_2,O003741,P101,1,0,390.97,290.92,0.0
I003742_1,O003742,P044,1,0,2244.83,1529.57,0.05
I003742_2,O003742,P084,1,0,1105.78,785.13,0.0
I003743_1,O003743,P038,1,0,2617.1,1939.6,0.1
I003744_1,O003744,P095,1,0,3355.57,2194.24,0.05
I003745_1,O003745,P093,1,0,990.52,614.67,0.05
I003746_1,O003746,P096,1,0,3231.59,1989.35,0.1
I003747_1,O003747,P062,1,0,1182.33,934.97,0.05
I003748_1,O003748,P052,2,0,2846.68,2232.75,0.2
I003748_2,O003748,P016,1,1,2907.81,2126.82,0.0
I003748_3,O003748,P037,1,0,740.2,604.48,0.0
I003749_1,O003749,P100,1,0,2804.85,2560.83,0.2
I003749_2,O003749,P001,1,0,813.76,503.11,0.1
I003750_1,O003750,P044,1,0,2193.03,1529.57,0.05
I003751_1,O003751,P114,1,0,1014.78,699.07,0.2
I003752_1,O003752,P015,1,0,1981.69,1639.7,0.1
I003752_2,O003752,P001,1,0,801.03,503.11,0.05
I003753_1,O003753,P092,1,1,2619.82,1883.6,0.0
I003754_1,O003754,P068,2,0,3111.19,1829.36,0.1
I003754_2,O003754,P112,1,0,1528.73,1059.45,0.1
I003755_1,O003755,P080,2,0,913.98,706.47,0.1
I003755_2,O003755,P105,2,0,1187.06,1048.44,0.2
I003756_1,O003756,P059,1,0,2671.21,2284.02,0.1
I003756_2,O003756,P020,1,0,3602.0,2726.34,0.0
I003756_3,O003756,P076,1,0,2603.17,1928.31,0.0
I003757_1,O003757,P034,2,0,700.54,551.76,0.2
I003758_1,O003758,P027,2,0,2044.35,1900.67,0.0
I003758_2,O003758,P091,1,0,776.37,567.3,0.05
I003759_1,O003759,P119,2,0,626.8,550.1,0.0
I003759_2,O003759,P109,2,0,2197.59,1696.43,0.05
I003760_1,O003760,P017,1,0,1771.2,1079.58,0.2
I003761_1,O003761,P029,1,0,2942.35,2642.14,0.1
I003761_2,O003761,P030,1,0,2692.53,1879.56,0.3
I003762_1,O003762,P056,2,0,704.47,467.73,0.0
I003762_2,O003762,P036,2,0,2617.87,2239.64,0.0
I003762_3,O003762,P118,2,0,1180.78,778.87,0.2
I003763_1,O003763,P081,1,0,3136.12,2035.71,0.05
I003764_1,O003764,P054,1,0,348.43,290.26,0.05
I003765_1,O003765,P054,1,0,369.19,290.26,0.05
I003766_1,O003766,P110,2,0,593.81,387.41,0.1
I003767_1,O003767,P094,2,0,3007.5,1716.82,0.2
I003768_1,O003768,P069,1,0,2961.22,2596.65,0.1
I003769_1,O003769,P074,1,0,2626.31,2093.66,0.05
I003770_1,O003770,P008,1,0,3331.53,2190.37,0.05
I003771_1,O003771,P060,1,0,3248.08,2190.75,0.0
I003772_1,O003772,P013,1,0,1699.78,1078.11,0.1
I003773_1,O003773,P033,1,0,3000.52,2420.38,0.05
I003774_1,O003774,P022,2,0,2149.78,1361.4,0.2
I003775_1,O003775,P115,1,0,2545.44,1821.73,0.0
I003776_1,O003776,P006,1,0,2754.34,2483.13,0.1
I003776_2,O003776,P061,1,0,2596.58,1810.66,0.05
I003777_1,O003777,P037,3,0,841.9,604.48,0.1
I003777_2,O003777,P104,1,0,778.65,640.45,0.1
I003777_3,O003777,P074,1,0,2561.87,2093.66,0.0
I003778_1,O003778,P024,1,0,3232.8,2312.84,0.0
I003779_1,O003779,P107,1,1,815.79,517.21,0.05
I003780_1,O003780,P112,1,0,1470.94,1059.45,0.1
I003780_2,O003780,P016,1,0,2935.51,2126.82,0.2
I003780_3,O003780,P092,1,0,2422.93,1883.6,0.1
I003781_1,O003781,P024,1,0,2976.31,2312.84,0.0
I003781_2,O003781,P091,1,0,799.28,567.3,0.05
I003782_1,O003782,P004,1,1,3439.83,2449.64,0.05
I003783_1,O003783,P096,2,0,3021.25,1989.35,0.2
I003784_1,O003784,P023,1,0,2340.39,1316.59,0.3
I003785_1,O003785,P038,1,0,2477.4,1939.6,0.05
I003786_1,O003786,P043,1,0,2563.19,2155.97,0.1
I003787_1,O003787,P063,1,0,2383.68,1328.53,0.0
I003787_2,O003787,P084,1,0,1100.69,785.13,0.0
I003787_3,O003787,P076,1,0,2540.51,1928.31,0.1
I003788_1,O003788,P089,1,0,2529.5,1691.26,0.0
I003789_1,O003789,P026,1,0,3436.58,2746.76,0.05
I003789_2,O003789,P076,2,0,2599.03,1928.31,0.05
I003790_1,O003790,P012,1,0,3623.75,2599.93,0.2
I003790_2,O003790,P036,1,1,2627.6,2239.64,0.0
I003791_1,O003791,P009,1,0,175.82,142.71,0.1
I003791_2,O003791,P021,2,0,2925.95,2007.08,0.2
I003792_1,O003792,P103,1,0,3630.06,3087.95,0.2
I003792_2,O003792,P068,1,0,3492.32,1829.36,0.1
I003793_1,O003793,P113,1,0,2351.59,1457.19,0.0
I003794_1,O003794,P015,1,0,1870.75,1639.7,0.0
I003795_1,O003795,P050,1,0,1225.75,748.37,0.3
I003795_2,O003795,P052,1,1,2876.74,2232.75,0.0
I003796_1,O003796,P067,1,0,1108.19,736.87,0.0
I003797_1,O003797,P118,2,0,1316.71,778.87,0.3
I003798_1,O003798,P106,1,0,2781.29,2402.81,0.0
I003799_1,O003799,P013,2,0,1750.19,1078.11,0.2
I003799_2,O003799,P032,1,0,805.67,692.6,0.05
I003800_1,O003800,P068,2,0,3305.87,1829.36,0.1
I003800_2,O003800,P115,1,0,2598.31,1821.73,0.2
I003800_3,O003800,P001,2,0,793.96,503.11,0.05
I003801_1,O003801,P043,1,0,2710.93,2155.97,0.1
I003801_2,O003801,P006,1,0,2765.09,2483.13,0.05
I003802_1,O003802,P005,1,0,2398.48,1891.99,0.2
I003802_2,O003802,P025,1,0,782.11,526.03,0.0
I003802_3,O003802,P118,1,0,1276.69,778.87,0.0
I003803_1,O003803,P062,3,0,1117.87,934.97,0.0
I003804_1,O003804,P032,1,0,774.98,692.6,0.2
I003804_2,O003804,P026,2,0,3023.46,2746.76,0.0
I003804_3,O003804,P017,1,1,1964.38,1079.58,0.0
I003805_1,O003805,P068,2,0,3371.82,1829.36,0.0
I003805_2,O003805,P070,2,0,3433.96,2889.93,0.1
I003806_1,O003806,P063,2,0,2337.7,1328.53,0.05
I003807_1,O003807,P090,2,0,1593.3,1197.25,0.0
I003808_1,O003808,P059,1,0,2769.64,2284.02,0.05
I003808_2,O003808,P044,1,0,2273.14,1529.57,0.05
I003809_1,O003809,P007,1,0,2647.07,2152.99,0.0
I003809_2,O003809,P065,1,1,2424.42,1840.19,0.1
I003810_1,O003810,P042,1,0,3396.19,2480.29,0.0
I003811_1,O003811,P084,3,0,1249.02,785.13,0.1
I003812_1,O003812,P117,1,0,1473.84,1301.63,0.0
I003812_2,O003812,P030,1,0,2670.48,1879.56,0.05
I003813_1,O003813,P017,1,0,1826.93,1079.58,0.1
I003814_1,O003814,P079,1,0,2199.34,1780.27,0.05
I003814_2,O003814,P059,1,0,2463.62,2284.02,0.0
I003815_1,O003815,P077,2,0,3032.52,2738.96,0.05
I003816_1,O003816,P002,1,0,2846.87,2136.38,0.0
I003816_2,O003816,P071,1,1,1906.98,1171.43,0.05
I003817_1,O003817,P050,1,1,1150.13,748.37,0.1
I003817_2,O003817,P034,1,1,726.69,551.76,0.05
I003818_1,O003818,P078,1,0,2780.64,1751.62,0.1
I003819_1,O003819,P016,1,0,2604.56,2126.82,0.05
I003820_1,O003820,P056,1,0,664.34,467.73,0.0
I003820_2,O003820,P019,1,0,2336.03,1463.41,0.05
I003821_1,O003821,P078,1,0,2690.49,1751.62,0.0
I003821_2,O003821,P037,2,0,752.24,604.48,0.1
I003822_1,O003822,P106,2,0,2733.36,2402.81,0.0
I003822_2,O003822,P118,1,0,1232.98,778.87,0.05
I003823_1,O003823,P002,1,0,2718.98,2136.38,0.0
I003824_1,O003824,P104,1,0,774.79,640.45,0.2
I003825_1,O003825,P035,1,0,2393.85,1657.14,0.05
I003825_2,O003825,P060,1,0,3698.73,2190.75,0.0
I003826_1,O003826,P076,1,0,2481.57,1928.31,0.2
I003827_1,O003827,P060,1,0,3561.42,2190.75,0.05
I003828_1,O003828,P036,1,0,2624.98,2239.64,0.0
I003829_1,O003829,P015,1,0,1858.16,1639.7,0.0
I003830_1,O003830,P047,1,1,3670.79,2991.8,0.0
I003830_2,O003830,P114,1,0,1106.7,699.07,0.0
I003831_1,O003831,P071,1,0,1987.61,1171.43,0.0
I003832_1,O003832,P072,1,0,1671.39,1369.26,0.1
I003833_1,O003833,P104,1,0,799.2,640.45,0.2
I003834_1,O003834,P010,1,0,776.17,468.72,0.1
I003834_2,O003834,P090,1,0,1656.91,1197.25,0.0
I003835_1,O003835,P105,1,0,1266.54,1048.44,0.05
I003835_2,O003835,P111,1,0,1180.44,738.87,0.2
I003835_3,O003835,P053,1,1,2810.05,2330.08,0.0
I003836_1,O003836,P116,1,0,2853.3,2344.15,0.05
I003837_1,O003837,P040,1,1,2189.02,1719.58,0.0
I003838_1,O003838,P009,3,0,180.78,142.71,0.0
I003839_1,O003839,P079,1,0,2260.74,1780.27,0.1
I003839_2,O003839,P013,1,0,1886.78,1078.11,0.0
I003840_1,O003840,P111,1,0,1163.73,738.87,0.0
I003841_1,O003841,P100,1,0,3067.82,2560.83,0.0
I003842_1,O003842,P024,1,0,3268.66,2312.84,0.1
I003843_1,O003843,P116,1,0,3013.34,2344.15,0.05
I003843_2,O003843,P098,1,0,331.7,210.13,0.2
I003844_1,O003844,P076,1,0,2687.59,1928.31,0.0
I003845_1,O003845,P046,1,0,225.51,119.22,0.2
I003846_1,O003846,P032,1,0,839.23,692.6,0.0
I003846_2,O003846,P051,1,0,2603.03,1856.67,0.0
I003846_3,O003846,P033,1,0,2717.27,2420.38,0.0
I003847_1,O003847,P008,1,0,3151.58,2190.37,0.3
I003848_1,O003848,P007,1,0,2801.29,2152.99,0.05
I003848_2,O003848,P045,2,0,1618.75,1393.5,0.05
I003848_3,O003848,P078,1,0,2892.88,1751.62,0.1
I003849_1,O003849,P051,1,0,2518.4,1856.67,0.05
I003850_1,O003850,P098,1,0,346.15,210.13,0.0
I003851_1,O003851,P099,1,0,1025.48,579.06,0.2
I003852_1,O003852,P119,2,0,626.71,550.1,0.1
I003852_2,O003852,P085,1,0,667.7,482.52,0.1
I003853_1,O003853,P087,1,0,1826.07,1487.18,0.0
I003853_2,O003853,P035,1,0,2314.98,1657.14,0.05
I003854_1,O003854,P090,1,0,1814.51,1197.25,0.1
I003854_2,O003854,P096,1,0,2999.94,1989.35,0.0
I003855_1,O003855,P100,2,0,3007.45,2560.83,0.0
I003855_2,O003855,P009,1,0,191.6,142.71,0.0
I003856_1,O003856,P048,1,0,2511.98,2064.58,0.0
I003857_1,O003857,P055,1,0,1722.33,1250.56,0.0
I003858_1,O003858,P036,1,0,2691.82,2239.64,0.0
I003858_2,O003858,P073,1,0,3008.34,2517.93,0.05
I003858_3,O003858,P042,1,0,3544.11,2480.29,0.0
I003859_1,O003859,P050,1,0,1123.67,748.37,0.1
I003860_1,O003860,P037,1,0,779.74,604.48,0.2
I003861_1,O003861,P070,1,0,3665.52,2889.93,0.0
I003862_1,O003862,P045,2,0,1768.6,1393.5,0.05
I003862_2,O003862,P080,1,0,882.17,706.47,0.0
I003862_3,O003862,P070,2,0,3339.06,2889.93,0.3
I003863_1,O003863,P037,1,0,786.26,604.48,0.0
I003864_1,O003864,P018,1,0,3091.9,1861.03,0.0
I003864_2,O003864,P007,1,0,2476.4,2152.99,0.0
I003865_1,O003865,P069,1,0,2764.71,2596.65,0.05
I003866_1,O003866,P077,1,0,3158.12,2738.96,0.1
I003866_2,O003866,P018,1,1,2945.61,1861.03,0.0
I003867_1,O003867,P080,1,0,893.38,706.47,0.2
I003867_2,O003867,P101,1,0,398.51,290.92,0.05
I003868_1,O003868,P033,1,0,2850.31,2420.38,0.05
I003868_2,O003868,P038,2,0,2324.54,1939.6,0.05
I003869_1,O003869,P054,1,0,368.87,290.26,0.3
I003869_2,O003869,P002,1,0,2589.92,2136.38,0.05
I003870_1,O003870,P107,2,0,832.73,517.21,0.0
I003871_1,O003871,P013,1,0,1694.41,1078.11,0.05
I003872_1,O003872,P098,1,0,330.06,210.13,0.2
I003872_2,O003872,P037,1,0,782.97,604.48,0.1
I003873_1,O003873,P043,2,0,2461.38,2155.97,0.2
I003874_1,O003874,P050,2,0,1112.93,748.37,0.0
I003874_2,O003874,P028,2,2,1464.53,1251.02,0.1
I003875_1,O003875,P115,2,0,2665.59,1821.73,0.2
I003875_2,O003875,P064,1,0,263.18,140.8,0.1
I003876_1,O003876,P049,1,0,2735.43,1767.67,0.1
I003876_2,O003876,P021,1,0,2890.64,2007.08,0.0
I003877_1,O003877,P100,2,0,3072.38,2560.83,0.05
I003877_2,O003877,P054,1,0,336.8,290.26,0.1
I003878_1,O003878,P061,1,0,2592.72,1810.66,0.05
I003878_2,O003878,P078,1,0,2722.53,1751.62,0.2
I003879_1,O003879,P016,2,0,2808.66,2126.82,0.2
I003880_1,O003880,P048,1,0,2665.41,2064.58,0.05
I003881_1,O003881,P062,1,0,1122.09,934.97,0.0
I003882_1,O003882,P041,1,0,1726.94,1272.83,0.0
I003883_1,O003883,P080,2,0,903.88,706.47,0.0
I003884_1,O003884,P049,1,0,2757.57,1767.67,0.05
I003885_1,O003885,P028,3,0,1442.12,1251.02,0.2
I003886_1,O003886,P072,1,0,1665.78,1369.26,0.0
I003886_2,O003886,P006,1,0,2830.98,2483.13,0.2
I003887_1,O003887,P078,1,0,2562.93,1751.62,0.2
I003888_1,O003888,P083,1,1,935.91,674.18,0.0
I003888_2,O003888,P008,2,0,3208.54,2190.37,0.0
I003888_3,O003888,P003,1,0,665.24,593.8,0.0
I003889_1,O003889,P110,1,0,549.9,387.41,0.1
I003889_2,O003889,P040,1,0,2341.48,1719.58,0.1
I003890_1,O003890,P074,2,0,2624.98,2093.66,0.05
I003890_2,O003890,P083,1,0,942.61,674.18,0.05
I003891_1,O003891,P004,1,0,3359.4,2449.64,0.1
I003892_1,O003892,P065,1,0,2432.3,1840.19,0.1
I003893_1,O003893,P120,1,0,3649.21,2258.38,0.05
I003893_2,O003893,P016,1,1,2640.27,2126.82,0.1
I003893_3,O003893,P017,1,0,1913.13,1079.58,0.1
I003894_1,O003894,P117,1,0,1613.8,1301.63,0.1
I003894_2,O003894,P088,1,0,317.86,167.15,0.0
I003894_3,O003894,P022,1,0,2104.87,1361.4,0.0
I003895_1,O003895,P034,1,0,729.34,551.76,0.05
I003896_1,O003896,P101,1,0,407.93,290.92,0.0
I003897_1,O003897,P089,1,0,2555.95,1691.26,0.05
I003898_1,O003898,P098,1,0,368.29,210.13,0.1
I003899_1,O003899,P102,1,0,3254.74,2068.63,0.1
I003900_1,O003900,P014,1,0,1536.78,956.53,0.0
I003900_2,O003900,P052,1,0,2811.81,2232.75,0.05
I003901_1,O003901,P064,2,0,247.86,140.8,0.2
I003902_1,O003902,P061,1,0,2755.71,1810.66,0.0
I003902_2,O003902,P093,1,0,1006.8,614.67,0.0
I003903_1,O003903,P077,1,0,3125.2,2738.96,0.0
I003903_2,O003903,P002,1,0,2699.52,2136.38,0.0
I003903_3,O003903,P040,1,0,2219.37,1719.58,0.05
I003904_1,O003904,P033,1,0,2695.42,2420.38,0.1
I003904_2,O003904,P009,1,0,178.84,142.71,0.0
I003905_1,O003905,P096,1,1,3253.77,1989.35,0.2
I003906_1,O003906,P091,2,1,749.28,567.3,0.2
I003906_2,O003906,P064,1,0,260.81,140.8,0.2
I003907_1,O003907,P085,3,3,676.88,482.52,0.2
I003908_1,O003908,P059,2,0,2550.5,2284.02,0.0
I003909_1,O003909,P052,1,0,2657.2,2232.75,0.0
I003910_1,O003910,P021,1,0,2949.98,2007.08,0.05
I003910_2,O003910,P014,1,0,1406.14,956.53,0.1
I003911_1,O003911,P031,1,0,286.98,221.16,0.05
I003912_1,O003912,P065,1,0,2301.46,1840.19,0.1
I003912_2,O003912,P040,1,1,2353.6,1719.58,0.1
I003912_3,O003912,P044,2,0,2269.81,1529.57,0.2
I003913_1,O003913,P075,1,0,903.54,632.05,0.1
I003914_1,O003914,P112,2,0,1451.64,1059.45,0.0
I003914_2,O003914,P011,2,0,673.18,470.48,0.1
I003915_1,O003915,P032,1,0,783.93,692.6,0.0
I003915_2,O003915,P067,2,0,1098.59,736.87,0.05
I003916_1,O003916,P101,1,0,415.15,290.92,0.05
I003917_1,O003917,P069,1,0,2816.7,2596.65,0.0
I003918_1,O003918,P031,1,0,300.6,221.16,0.0
I003919_1,O003919,P110,1,0,600.28,387.41,0.0
I003919_2,O003919,P101,1,0,414.51,290.92,0.3
I003920_1,O003920,P047,1,0,3288.0,2991.8,0.0
I003921_1,O003921,P107,1,0,877.15,517.21,0.1
I003922_1,O003922,P046,1,0,203.84,119.22,0.0
I003922_2,O003922,P080,1,0,921.02,706.47,0.05
I003923_1,O003923,P016,2,0,2797.71,2126.82,0.3
I003924_1,O003924,P094,3,0,2845.1,1716.82,0.2
I003924_2,O003924,P085,1,1,731.61,482.52,0.2
I003925_1,O003925,P114,1,0,1024.41,699.07,0.05
I003926_1,O003926,P076,2,0,2583.04,1928.31,0.05
I003926_2,O003926,P012,2,0,3565.32,2599.93,0.2
I003927_1,O003927,P120,1,0,3542.16,2258.38,0.0
I003928_1,O003928,P008,1,1,3052.55,2190.37,0.1
I003929_1,O003929,P010,3,0,784.22,468.72,0.1
I003930_1,O003930,P069,1,0,2974.06,2596.65,0.0
I003931_1,O003931,P080,1,0,869.68,706.47,0.0
I003931_2,O003931,P005,1,0,2324.46,1891.99,0.3
I003932_1,O003932,P020,1,0,3483.84,2726.34,0.1
I003933_1,O003933,P085,1,0,739.03,482.52,0.0
I003933_2,O003933,P007,1,0,2651.83,2152.99,0.2
I003933_3,O003933,P094,1,0,2944.26,1716.82,0.2
I003934_1,O003934,P095,1,0,3291.46,2194.24,0.2
I003935_1,O003935,P004,1,0,3097.47,2449.64,0.0
I003936_1,O003936,P004,1,0,3197.74,2449.64,0.0
I003936_2,O003936,P069,2,0,3091.4,2596.65,0.0
I003936_3,O003936,P110,1,0,569.44,387.41,0.05
I003937_1,O003937,P115,1,0,2678.52,1821.73,0.2
I003937_2,O003937,P103,2,0,3583.26,3087.95,0.05
I003938_1,O003938,P052,1,0,2573.57,2232.75,0.1
I003939_1,O003939,P026,2,0,3204.78,2746.76,0.05
I003939_2,O003939,P094,1,0,2929.23,1716.82,0.05
I003940_1,O003940,P004,1,0,3136.17,2449.64,0.0
I003941_1,O003941,P014,1,0,1401.48,956.53,0.0
I003942_1,O003942,P052,1,0,2692.98,2232.75,0.1
I003942_2,O003942,P081,1,0,3120.01,2035.71,0.1
I003943_1,O003943,P036,1,0,2516.86,2239.64,0.1
I003943_2,O003943,P057,1,0,2938.72,1751.13,0.05
I003943_3,O003943,P093,1,0,1073.44,614.67,0.05
I003944_1,O003944,P005,2,0,2427.66,1891.99,0.2
I003945_1,O003945,P041,1,0,1834.32,1272.83,0.1
I003946_1,O003946,P114,1,0,1020.83,699.07,0.0
I003947_1,O003947,P014,1,0,1506.72,956.53,0.0
I003948_1,O003948,P091,1,0,810.61,567.3,0.0
I003948_2,O003948,P054,1,0,346.26,290.26,0.0
I003949_1,O003949,P065,1,0,2579.51,1840.19,0.1
I003950_1,O003950,P064,1,0,234.22,140.8,0.0
I003950_2,O003950,P037,1,0,819.3,604.48,0.0
I003951_1,O003951,P004,1,0,3316.97,2449.64,0.0
I003952_1,O003952,P045,1,0,1691.95,1393.5,0.2
I003953_1,O003953,P012,1,0,3843.79,2599.93,0.1
I003954_1,O003954,P011,1,0,672.16,470.48,0.05
I003954_2,O003954,P084,1,0,1152.51,785.13,0.0
I003954_3,O003954,P002,1,0,2670.83,2136.38,0.0
I003955_1,O003955,P111,2,0,1049.24,738.87,0.05
I003956_1,O003956,P069,1,0,2927.79,2596.65,0.05
I003956_2,O003956,P070,1,0,3325.35,2889.93,0.0
I003956_3,O003956,P021,2,0,3099.05,2007.08,0.05
I003957_1,O003957,P026,1,0,3241.29,2746.76,0.0
I003958_1,O003958,P005,1,0,2418.75,1891.99,0.05
I003958_2,O003958,P037,1,0,826.18,604.48,0.1
I003959_1,O003959,P036,1,0,2552.63,2239.64,0.05
I003960_1,O003960,P080,1,0,838.35,706.47,0.1
I003960_2,O003960,P032,1,0,808.48,692.6,0.0
I003961_1,O003961,P099,1,0,995.74,579.06,0.0
I003961_2,O003961,P066,1,0,594.07,449.79,0.0
I003962_1,O003962,P116,1,0,2737.67,2344.15,0.0
I003962_2,O003962,P082,1,0,2319.9,1528.85,0.0
I003963_1,O003963,P056,1,0,717.75,467.73,0.1
I003964_1,O003964,P059,1,0,2483.13,2284.02,0.1
I003965_1,O003965,P054,3,0,327.63,290.26,0.0
I003965_2,O003965,P040,1,0,2069.88,1719.58,0.0
I003966_1,O003966,P017,3,0,1795.15,1079.58,0.05
I003966_2,O003966,P037,1,0,808.23,604.48,0.0
I003967_1,O003967,P057,1,0,2940.78,1751.13,0.05
I003967_2,O003967,P067,2,0,1223.81,736.87,0.05
I003967_3,O003967,P101,1,0,428.66,290.92,0.0
I003968_1,O003968,P093,2,0,1069.56,614.67,0.0
I003969_1,O003969,P034,2,0,718.07,551.76,0.2
I003970_1,O003970,P010,1,0,699.57,468.72,0.0
I003971_1,O003971,P048,1,0,2435.74,2064.58,0.0
I003972_1,O003972,P066,1,1,621.7,449.79,0.2
I003973_1,O003973,P097,1,0,529.8,385.34,0.0
I003973_2,O003973,P014,1,0,1396.53,956.53,0.1
I003974_1,O003974,P006,1,0,2866.51,2483.13,0.2
I003975_1,O003975,P042,1,0,3601.96,2480.29,0.1
I003975_2,O003975,P032,2,0,887.62,692.6,0.05
I003976_1,O003976,P024,2,0,3176.73,2312.84,0.2
I003976_2,O003976,P065,1,0,2324.82,1840.19,0.1
I003977_1,O003977,P094,1,0,2977.7,1716.82,0.0
I003977_2,O003977,P014,1,0,1373.73,956.53,0.1
I003978_1,O003978,P015,2,0,1864.5,1639.7,0.05
I003979_1,O003979,P019,1,0,2594.61,1463.41,0.0
I003980_1,O003980,P030,1,0,2565.96,1879.56,0.0
I003981_1,O003981,P042,1,0,3289.6,2480.29,0.1
I003982_1,O003982,P038,2,0,2591.59,1939.6,0.1
I003983_1,O003983,P025,1,0,723.93,526.03,0.2
I003983_2,O003983,P066,1,0,567.94,449.79,0.1
I003984_1,O003984,P056,1,0,626.15,467.73,0.05
I003984_2,O003984,P074,1,0,2723.28,2093.66,0.0
I003985_1,O003985,P102,2,0,3246.81,2068.63,0.05
I003986_1,O003986,P063,1,0,2211.6,1328.53,0.0
I003986_2,O003986,P001,1,0,812.71,503.11,0.1
I003986_3,O003986,P032,1,0,879.09,692.6,0.2
I003987_1,O003987,P053,1,0,3156.84,2330.08,0.05
I003987_2,O003987,P111,1,0,1155.38,738.87,0.0
I003988_1,O003988,P005,2,0,2336.82,1891.99,0.0
I003989_1,O003989,P044,1,1,2056.51,1529.57,0.3
I003990_1,O003990,P004,1,0,3413.9,2449.64,0.1
I003991_1,O003991,P022,1,0,1923.24,1361.4,0.1
I003991_2,O003991,P002,1,0,2840.84,2136.38,0.0
I003992_1,O003992,P073,2,0,3216.57,2517.93,0.05
I003993_1,O003993,P105,1,0,1314.77,1048.44,0.0
I003993_2,O003993,P008,1,0,3341.96,2190.37,0.0
I003994_1,O003994,P066,3,0,561.82,449.79,0.0
I003995_1,O003995,P112,1,0,1469.01,1059.45,0.0
I003995_2,O003995,P021,1,0,3187.19,2007.08,0.0
I003996_1,O003996,P098,2,0,333.82,210.13,0.05
I003997_1,O003997,P069,1,0,2768.8,2596.65,0.0
I003997_2,O003997,P036,2,0,2699.18,2239.64,0.2
I003998_1,O003998,P069,1,0,2862.07,2596.65,0.2
I003998_2,O003998,P024,1,0,3268.66,2312.84,0.0
I003999_1,O003999,P073,1,0,3112.06,2517.93,0.1
I004000_1,O004000,P115,1,0,2714.36,1821.73,0.1
I004000_2,O004000,P007,1,1,2648.69,2152.99,0.2
I004000_3,O004000,P016,2,0,2638.2,2126.82,0.05
I004001_1,O004001,P075,1,0,862.82,632.05,0.1
I004002_1,O004002,P089,1,0,2522.78,1691.26,0.0
I004003_1,O004003,P066,2,0,590.33,449.79,0.1
I004004_1,O004004,P068,1,0,3416.01,1829.36,0.2
I004005_1,O004005,P032,1,0,875.63,692.6,0.1
I004006_1,O004006,P100,1,0,2938.72,2560.83,0.2
I004006_2,O004006,P104,1,0,805.26,640.45,0.0
I004007_1,O004007,P111,1,0,1089.1,738.87,0.0
I004007_2,O004007,P087,1,0,1835.29,1487.18,0.05
I004008_1,O004008,P020,2,2,3388.83,2726.34,0.0
I004009_1,O004009,P090,1,0,1677.36,1197.25,0.0
I004010_1,O004010,P094,1,0,2947.46,1716.82,0.05
I004011_1,O004011,P114,2,0,1086.26,699.07,0.1
I004011_2,O004011,P004,1,0,3102.25,2449.64,0.1
I004012_1,O004012,P062,2,0,1157.02,934.97,0.1
I004013_1,O004013,P105,1,0,1247.43,1048.44,0.0
I004014_1,O004014,P036,1,0,2626.35,2239.64,0.1
I004014_2,O004014,P094,1,0,2877.5,1716.82,0.0
I004015_1,O004015,P068,1,0,3545.2,1829.36,0.1
I004015_2,O004015,P041,1,0,1734.48,1272.83,0.05
I004015_3,O004015,P016,2,2,2750.61,2126.82,0.2
I004016_1,O004016,P011,1,0,633.11,470.48,0.0
I004016_2,O004016,P034,1,0,648.01,551.76,0.2
I004016_3,O004016,P058,1,0,1062.48,974.82,0.0
I004017_1,O004017,P097,1,0,553.49,385.34,0.2
I004017_2,O004017,P026,1,0,3222.58,2746.76,0.2
I004018_1,O004018,P081,1,0,2933.31,2035.71,0.0
I004019_1,O004019,P025,1,0,793.69,526.03,0.0
I004020_1,O004020,P117,1,0,1600.84,1301.63,0.0
I004021_1,O004021,P050,1,0,1212.65,748.37,0.2
I004022_1,O004022,P091,1,0,772.0,567.3,0.2
I004022_2,O004022,P112,2,0,1568.81,1059.45,0.0
I004023_1,O004023,P043,1,0,2438.76,2155.97,0.1
I004024_1,O004024,P031,1,0,301.67,221.16,0.2
I004025_1,O004025,P090,1,0,1617.6,1197.25,0.0
I004025_2,O004025,P088,1,0,294.54,167.15,0.0
I004026_1,O004026,P001,1,0,754.41,503.11,0.2
I004026_2,O004026,P025,1,0,733.05,526.03,0.0
I004027_1,O004027,P037,1,0,753.74,604.48,0.1
I004027_2,O004027,P065,3,0,2327.03,1840.19,0.0
I004028_1,O004028,P048,1,0,2457.51,2064.58,0.0
I004029_1,O004029,P069,2,0,2912.62,2596.65,0.1
I004029_2,O004029,P004,1,0,3305.95,2449.64,0.05
I004030_1,O004030,P026,1,0,3351.25,2746.76,0.0
I004030_2,O004030,P048,2,0,2638.07,2064.58,0.0
I004030_3,O004030,P037,1,0,790.85,604.48,0.2
I004031_1,O004031,P043,1,0,2626.22,2155.97,0.0
I004031_2,O004031,P068,1,0,3491.66,1829.36,0.0
I004032_1,O004032,P077,1,0,3255.07,2738.96,0.0
I004032_2,O004032,P017,1,0,1955.32,1079.58,0.0
I004033_1,O004033,P086,1,0,562.26,301.67,0.0
I004033_2,O004033,P064,3,0,247.55,140.8,0.05
I004033_3,O004033,P090,1,0,1628.46,1197.25,0.0
I004034_1,O004034,P062,1,0,1164.38,934.97,0.1
I004034_2,O004034,P065,1,0,2393.63,1840.19,0.1
I004035_1,O004035,P008,2,0,3027.39,2190.37,0.05
I004035_2,O004035,P051,1,0,2579.31,1856.67,0.05
I004036_1,O004036,P022,1,0,2011.39,1361.4,0.3
I004036_2,O004036,P093,2,0,1077.56,614.67,0.2
I004037_1,O004037,P041,2,0,1646.82,1272.83,0.1
I004038_1,O004038,P044,1,1,2237.77,1529.57,0.1
I004038_2,O004038,P091,1,0,843.82,567.3,0.3
I004039_1,O004039,P078,1,0,2906.96,1751.62,0.0
I004040_1,O004040,P065,1,0,2520.03,1840.19,0.1
I004041_1,O004041,P051,2,0,2495.61,1856.67,0.2
I004042_1,O004042,P038,2,0,2491.42,1939.6,0.0
I004043_1,O004043,P072,1,1,1772.93,1369.26,0.1
I004044_1,O004044,P022,1,0,2137.61,1361.4,0.1
I004045_1,O004045,P043,2,0,2604.46,2155.97,0.0
I004046_1,O004046,P007,2,0,2569.21,2152.99,0.0
I004047_1,O004047,P105,1,0,1305.43,1048.44,0.05
I004048_1,O004048,P084,1,0,1116.44,785.13,0.1
I004049_1,O004049,P008,1,0,3326.16,2190.37,0.1
I004050_1,O004050,P062,1,0,1084.24,934.97,0.05
I004051_1,O004051,P002,1,0,2706.8,2136.38,0.1
I004051_2,O004051,P050,1,0,1198.92,748.37,0.0
I004052_1,O004052,P062,1,0,1087.58,934.97,0.05
I004052_2,O004052,P077,1,0,3330.57,2738.96,0.1
I004053_1,O004053,P059,1,0,2577.7,2284.02,0.05
I004053_2,O004053,P045,1,0,1602.58,1393.5,0.0
I004054_1,O004054,P101,1,0,434.81,290.92,0.3
I004055_1,O004055,P086,1,0,516.22,301.67,0.2
I004055_2,O004055,P014,1,0,1530.07,956.53,0.1
I004056_1,O004056,P066,1,0,627.24,449.79,0.05
I004057_1,O004057,P117,1,0,1530.19,1301.63,0.0
I004057_2,O004057,P019,1,0,2574.75,1463.41,0.05
I004058_1,O004058,P085,1,0,759.91,482.52,0.1
I004059_1,O004059,P075,1,0,921.35,632.05,0.0
I004060_1,O004060,P060,1,0,3558.57,2190.75,0.0
I004060_2,O004060,P049,1,0,2661.79,1767.67,0.3
I004061_1,O004061,P039,1,0,3061.69,1842.48,0.2
I004062_1,O004062,P013,1,0,1856.74,1078.11,0.05
I004062_2,O004062,P110,1,0,582.43,387.41,0.0
I004063_1,O004063,P105,1,0,1260.58,1048.44,0.0
I004064_1,O004064,P033,1,0,2986.9,2420.38,0.0
I004065_1,O004065,P103,1,0,3704.34,3087.95,0.05
I004065_2,O004065,P087,1,0,2052.29,1487.18,0.0
I004065_3,O004065,P115,1,0,2691.0,1821.73,0.1
I004066_1,O004066,P063,3,0,2141.75,1328.53,0.2
I004066_2,O004066,P106,1,0,2623.4,2402.81,0.0
I004066_3,O004066,P015,2,0,2007.46,1639.7,0.2
I004067_1,O004067,P086,3,0,526.94,301.67,0.1
I004067_2,O004067,P101,2,0,388.79,290.92,0.05
I004067_3,O004067,P034,1,0,680.0,551.76,0.0
I004068_1,O004068,P108,1,0,1126.65,757.54,0.0
I004069_1,O004069,P038,1,0,2563.94,1939.6,0.1
I004069_2,O004069,P070,1,0,3529.14,2889.93,0.1
I004070_1,O004070,P013,1,0,1753.89,1078.11,0.1
I004071_1,O004071,P055,1,0,1724.88,1250.56,0.0
I004071_2,O004071,P048,2,0,2502.43,2064.58,0.05
I004072_1,O004072,P085,1,0,670.55,482.52,0.1
I004072_2,O004072,P090,1,0,1814.67,1197.25,0.0
I004073_1,O004073,P080,1,0,812.05,706.47,0.1
I004074_1,O004074,P014,1,0,1388.6,956.53,0.1
I004075_1,O004075,P003,2,0,726.79,593.8,0.05
I004076_1,O004076,P119,1,0,630.12,550.1,0.0
I004076_2,O004076,P002,1,0,2673.62,2136.38,0.05
I004077_1,O004077,P053,1,0,3057.26,2330.08,0.0
I004077_2,O004077,P074,1,0,2544.75,2093.66,0.0
I004078_1,O004078,P079,1,0,2140.5,1780.27,0.0
I004079_1,O004079,P109,2,0,2170.09,1696.43,0.0
I004079_2,O004079,P018,1,0,3009.91,1861.03,0.0
I004080_1,O004080,P014,1,0,1505.5,956.53,0.0
I004081_1,O004081,P076,1,0,2689.25,1928.31,0.05
I004082_1,O004082,P084,3,0,1200.07,785.13,0.0
I004082_2,O004082,P009,1,0,197.74,142.71,0.0
I004082_3,O004082,P062,1,0,1149.45,934.97,0.0
I004083_1,O004083,P055,1,0,1897.59,1250.56,0.0
I004083_2,O004083,P020,1,0,3335.07,2726.34,0.0
I004084_1,O004084,P026,1,0,3432.77,2746.76,0.1
I004084_2,O004084,P086,1,1,539.57,301.67,0.1
I004085_1,O004085,P010,1,0,721.22,468.72,0.0
I004085_2,O004085,P034,1,0,668.64,551.76,0.05
I004086_1,O004086,P105,1,0,1194.85,1048.44,0.1
I004087_1,O004087,P050,1,0,1255.33,748.37,0.0
I004088_1,O004088,P068,1,0,3256.3,1829.36,0.3
I004088_2,O004088,P106,1,0,2679.85,2402.81,0.0
I004089_1,O004089,P102,2,0,3621.34,2068.63,0.1
I004089_2,O004089,P031,1,0,286.01,221.16,0.05
I004090_1,O004090,P078,1,0,2799.1,1751.62,0.0
I004091_1,O004091,P028,1,0,1531.89,1251.02,0.05
I004092_1,O004092,P055,1,0,1847.78,1250.56,0.0
I004093_1,O004093,P049,1,0,2693.96,1767.67,0.0
I004093_2,O004093,P035,1,0,2340.13,1657.14,0.0
I004094_1,O004094,P076,1,0,2480.48,1928.31,0.05
I004095_1,O004095,P119,1,0,642.47,550.1,0.1
I004096_1,O004096,P098,1,0,358.87,210.13,0.0
I004097_1,O004097,P026,2,0,3115.98,2746.76,0.0
I004098_1,O004098,P002,1,0,2661.4,2136.38,0.1
I004098_2,O004098,P058,1,0,1023.86,974.82,0.05
I004098_3,O004098,P092,2,0,2396.08,1883.6,0.0
I004099_1,O004099,P037,1,0,798.78,604.48,0.05
I004100_1,O004100,P052,1,0,2795.94,2232.75,0.0
I004101_1,O004101,P063,1,0,2314.91,1328.53,0.1
I004101_2,O004101,P087,3,0,1875.33,1487.18,0.2
I004102_1,O004102,P009,1,0,181.28,142.71,0.2
I004102_2,O004102,P031,1,0,291.53,221.16,0.1
I004103_1,O004103,P085,1,0,662.98,482.52,0.0
I004103_2,O004103,P042,1,0,3554.16,2480.29,0.2
I004103_3,O004103,P050,1,0,1267.81,748.37,0.0
I004104_1,O004104,P117,1,0,1664.27,1301.63,0.05
I004104_2,O004104,P024,3,2,2968.52,2312.84,0.0
I004105_1,O004105,P083,1,0,990.62,674.18,0.1
I004105_2,O004105,P060,1,0,3318.81,2190.75,0.2
I004106_1,O004106,P063,1,1,2136.34,1328.53,0.2
I004107_1,O004107,P110,1,0,591.6,387.41,0.05
I004107_2,O004107,P071,1,0,1973.12,1171.43,0.05
I004108_1,O004108,P030,2,0,2775.55,1879.56,0.05
I004109_1,O004109,P016,1,0,2772.86,2126.82,0.05
I004110_1,O004110,P086,1,0,558.17,301.67,0.05
I004110_2,O004110,P070,1,0,3360.71,2889.93,0.0
I004111_1,O004111,P098,1,0,331.57,210.13,0.0
I004112_1,O004112,P050,1,0,1257.95,748.37,0.0
I004112_2,O004112,P095,1,0,3254.21,2194.24,0.05
I004113_1,O004113,P103,1,0,3655.7,3087.95,0.05
I004114_1,O004114,P038,1,0,2566.3,1939.6,0.1
I004115_1,O004115,P075,1,0,883.88,632.05,0.1
I004116_1,O004116,P114,1,0,1094.35,699.07,0.1
I004117_1,O004117,P063,1,0,2248.07,1328.53,0.05
I004117_2,O004117,P117,1,0,1543.24,1301.63,0.0
I004118_1,O004118,P057,2,0,2851.77,1751.13,0.05
I004118_2,O004118,P104,1,0,780.74,640.45,0.1
I004119_1,O004119,P078,3,0,2647.88,1751.62,0.1
I004120_1,O004120,P117,2,0,1650.25,1301.63,0.0
I004120_2,O004120,P078,1,0,2911.61,1751.62,0.05
I004120_3,O004120,P017,1,0,1834.08,1079.58,0.0
I004121_1,O004121,P096,1,0,3258.63,1989.35,0.05
I004122_1,O004122,P098,2,0,367.43,210.13,0.0
I004122_2,O004122,P116,1,0,2839.02,2344.15,0.0
I004123_1,O004123,P032,1,0,863.51,692.6,0.0
I004124_1,O004124,P026,2,0,3294.11,2746.76,0.1
I004125_1,O004125,P087,1,0,1897.81,1487.18,0.2
I004125_2,O004125,P046,1,0,226.35,119.22,0.0
I004126_1,O004126,P101,1,0,420.77,290.92,0.0
I004127_1,O004127,P038,1,0,2485.67,1939.6,0.0
I004128_1,O004128,P078,2,0,2913.01,1751.62,0.0
I004129_1,O004129,P060,2,0,3534.77,2190.75,0.0
I004130_1,O004130,P075,1,0,818.43,632.05,0.1
I004130_2,O004130,P034,1,0,671.4,551.76,0.0
I004130_3,O004130,P108,1,1,1127.64,757.54,0.3
I004131_1,O004131,P028,1,0,1448.41,1251.02,0.2
I004131_2,O004131,P098,1,0,336.81,210.13,0.0
I004132_1,O004132,P005,1,0,2432.69,1891.99,0.2
I004132_2,O004132,P053,1,0,3061.91,2330.08,0.1
I004133_1,O004133,P076,1,0,2443.16,1928.31,0.05
I004134_1,O004134,P089,1,0,2684.36,1691.26,0.0
I004134_2,O004134,P060,1,0,3265.72,2190.75,0.0
I004135_1,O004135,P059,1,0,2697.21,2284.02,0.05
I004135_2,O004135,P026,1,0,3320.16,2746.76,0.3
I004136_1,O004136,P022,1,0,2108.66,1361.4,0.1
I004136_2,O004136,P040,1,0,2067.28,1719.58,0.1
I004137_1,O004137,P022,2,0,2170.63,1361.4,0.05
I004138_1,O004138,P024,1,0,3112.0,2312.84,0.0
I004138_2,O004138,P087,1,0,1798.38,1487.18,0.0
I004139_1,O004139,P066,2,0,608.28,449.79,0.05
I004140_1,O004140,P012,1,0,3542.5,2599.93,0.05
I004141_1,O004141,P020,1,0,3210.34,2726.34,0.0
I004141_2,O004141,P010,1,0,777.0,468.72,0.05
I004141_3,O004141,P109,1,0,2238.1,1696.43,0.0
I004142_1,O004142,P025,2,0,747.52,526.03,0.1
I004143_1,O004143,P084,2,0,1156.74,785.13,0.05
I004143_2,O004143,P041,2,0,1798.23,1272.83,0.1
I004143_3,O004143,P046,1,0,208.83,119.22,0.05
I004144_1,O004144,P055,1,0,1885.5,1250.56,0.0
I004145_1,O004145,P037,1,0,762.53,604.48,0.0
I004146_1,O004146,P027,3,0,2159.96,1900.67,0.2
I004146_2,O004146,P001,1,0,743.75,503.11,0.0
I004147_1,O004147,P116,1,0,2924.48,2344.15,0.3
I004148_1,O004148,P098,1,0,358.64,210.13,0.0
I004149_1,O004149,P093,1,0,1066.28,614.67,0.1
I004150_1,O004150,P118,1,0,1280.26,778.87,0.0
I004150_2,O004150,P097,1,0,530.61,385.34,0.1
I004151_1,O004151,P098,1,0,340.66,210.13,0.1
I004152_1,O004152,P105,1,0,1279.43,1048.44,0.05
I004153_1,O004153,P056,1,0,713.88,467.73,0.0
I004153_2,O004153,P034,1,0,721.37,551.76,0.0
I004154_1,O004154,P019,1,0,2397.6,1463.41,0.2
I004154_2,O004154,P113,1,0,2314.62,1457.19,0.2
I004155_1,O004155,P099,1,1,977.88,579.06,0.0
I004156_1,O004156,P066,1,0,632.82,449.79,0.1
I004156_2,O004156,P051,1,0,2547.04,1856.67,0.05
I004157_1,O004157,P055,2,0,1682.6,1250.56,0.0
I004157_2,O004157,P057,1,0,2890.94,1751.13,0.0
I004158_1,O004158,P089,1,0,2550.15,1691.26,0.05
I004159_1,O004159,P044,1,0,2059.96,1529.57,0.0
I004160_1,O004160,P094,1,0,2953.98,1716.82,0.0
I004160_2,O004160,P018,1,0,3041.19,1861.03,0.05
I004160_3,O004160,P009,1,0,183.12,142.71,0.05
I004161_1,O004161,P035,1,0,2402.13,1657.14,0.0
I004161_2,O004161,P110,1,0,550.24,387.41,0.0
I004161_3,O004161,P057,1,0,2930.78,1751.13,0.05
I004162_1,O004162,P082,3,0,2101.61,1528.85,0.1
I004163_1,O004163,P088,1,0,323.71,167.15,0.1
I004163_2,O004163,P010,2,0,746.72,468.72,0.2
I004164_1,O004164,P105,1,0,1206.41,1048.44,0.3
I004164_2,O004164,P093,1,0,1074.44,614.67,0.05
I004165_1,O004165,P085,1,0,724.25,482.52,0.1
I004166_1,O004166,P028,1,0,1413.82,1251.02,0.05
I004166_2,O004166,P087,1,0,1822.9,1487.18,0.0
I004166_3,O004166,P052,2,0,2559.58,2232.75,0.0
I004167_1,O004167,P067,1,0,1166.41,736.87,0.0
I004167_2,O004167,P001,1,0,772.84,503.11,0.0
I004167_3,O004167,P119,1,0,672.01,550.1,0.0
I004168_1,O004168,P060,2,0,3503.59,2190.75,0.2
I004169_1,O004169,P080,1,0,872.3,706.47,0.0
I004170_1,O004170,P021,1,0,3119.01,2007.08,0.0
I004171_1,O004171,P119,1,0,636.25,550.1,0.1
I004172_1,O004172,P048,1,0,2494.35,2064.58,0.1
I004173_1,O004173,P109,1,0,2314.68,1696.43,0.05
I004173_2,O004173,P024,1,0,3351.11,2312.84,0.2
I004173_3,O004173,P069,1,0,2780.62,2596.65,0.0
I004174_1,O004174,P053,1,0,2902.21,2330.08,0.1
I004175_1,O004175,P089,1,0,2633.35,1691.26,0.1
I004176_1,O004176,P011,1,0,655.72,470.48,0.1
I004176_2,O004176,P032,1,0,796.49,692.6,0.0
I004177_1,O004177,P039,1,0,2916.75,1842.48,0.2
I004177_2,O004177,P061,1,0,2522.88,1810.66,0.0
I004178_1,O004178,P046,1,0,222.16,119.22,0.0
I004178_2,O004178,P055,1,0,1700.32,1250.56,0.0
I004179_1,O004179,P045,1,0,1595.42,1393.5,0.1
I004179_2,O004179,P120,1,1,3429.11,2258.38,0.0
I004180_1,O004180,P075,2,0,815.71,632.05,0.05
I004180_2,O004180,P046,1,0,224.63,119.22,0.05
I004181_1,O004181,P099,1,0,1000.19,579.06,0.1
I004181_2,O004181,P047,2,0,3726.71,2991.8,0.0
I004182_1,O004182,P094,2,0,2851.48,1716.82,0.1
I004182_2,O004182,P118,2,0,1298.86,778.87,0.05
I004183_1,O004183,P047,2,0,3391.81,2991.8,0.05
I004184_1,O004184,P078,1,0,2715.27,1751.62,0.05
I004184_2,O004184,P057,1,0,2808.23,1751.13,0.2
I004185_1,O004185,P074,1,0,2700.45,2093.66,0.2
I004186_1,O004186,P071,1,0,1946.72,1171.43,0.05
I004186_2,O004186,P006,1,0,3143.18,2483.13,0.0
I004187_1,O004187,P044,1,0,2296.83,1529.57,0.0
I004187_2,O004187,P065,3,0,2417.71,1840.19,0.0
I004188_1,O004188,P015,2,0,1965.6,1639.7,0.0
I004188_2,O004188,P038,1,0,2628.54,1939.6,0.05
I004189_1,O004189,P101,1,0,418.13,290.92,0.0
I004190_1,O004190,P032,1,0,775.55,692.6,0.0
I004191_1,O004191,P034,1,0,727.65,551.76,0.0
I004191_2,O004191,P056,1,0,704.27,467.73,0.0
I004191_3,O004191,P001,2,0,774.6,503.11,0.0
I004192_1,O004192,P016,1,0,2649.35,2126.82,0.1
I004192_2,O004192,P043,1,0,2450.19,2155.97,0.0
I004193_1,O004193,P106,1,0,2771.66,2402.81,0.0
I004194_1,O004194,P027,1,0,2294.66,1900.67,0.1
I004195_1,O004195,P081,1,0,3139.98,2035.71,0.2
I004196_1,O004196,P025,1,0,740.76,526.03,0.05
I004196_2,O004196,P084,1,0,1111.01,785.13,0.05
I004197_1,O004197,P104,2,0,856.67,640.45,0.1
I004197_2,O004197,P078,1,0,2798.38,1751.62,0.05
I004197_3,O004197,P010,1,0,695.63,468.72,0.05
I004198_1,O004198,P074,1,0,2516.61,2093.66,0.1
I004199_1,O004199,P061,1,1,2746.02,1810.66,0.05
I004200_1,O004200,P087,1,0,1989.56,1487.18,0.0
I004201_1,O004201,P061,1,0,2637.96,1810.66,0.2
I004202_1,O004202,P020,1,0,3476.91,2726.34,0.1
I004202_2,O004202,P046,2,0,225.85,119.22,0.05
I004203_1,O004203,P036,2,0,2669.04,2239.64,0.05
I004203_2,O004203,P040,1,0,2337.7,1719.58,0.0
I004204_1,O004204,P118,2,0,1215.57,778.87,0.0
I004205_1,O004205,P062,1,0,1173.76,934.97,0.1
I004206_1,O004206,P038,1,0,2575.15,1939.6,0.0
I004206_2,O004206,P120,1,0,3479.28,2258.38,0.0
I004207_1,O004207,P114,2,0,1129.12,699.07,0.05
I004207_2,O004207,P050,1,0,1224.56,748.37,0.0
I004208_1,O004208,P050,2,0,1270.31,748.37,0.05
I004208_2,O004208,P013,1,0,1875.21,1078.11,0.1
I004209_1,O004209,P096,1,0,3239.4,1989.35,0.1
I004210_1,O004210,P120,1,0,3228.04,2258.38,0.05
I004211_1,O004211,P040,1,0,2155.52,1719.58,0.1
I004212_1,O004212,P111,1,0,1165.45,738.87,0.3
I004213_1,O004213,P109,1,0,2369.88,1696.43,0.0
I004214_1,O004214,P062,1,0,1218.09,934.97,0.1
I004214_2,O004214,P044,2,0,2135.78,1529.57,0.0
I004215_1,O004215,P103,1,1,3544.59,3087.95,0.0
I004216_1,O004216,P023,1,0,2334.07,1316.59,0.0
I004217_1,O004217,P025,1,0,736.56,526.03,0.3
I004217_2,O004217,P078,1,0,2582.64,1751.62,0.0
I004217_3,O004217,P098,1,0,367.0,210.13,0.05
I004218_1,O004218,P113,1,0,2372.16,1457.19,0.1
I004218_2,O004218,P049,2,0,2831.07,1767.67,0.1
I004219_1,O004219,P090,2,0,1752.62,1197.25,0.3
I004219_2,O004219,P082,1,0,2169.21,1528.85,0.0
I004219_3,O004219,P023,1,0,2356.59,1316.59,0.0
I004220_1,O004220,P109,3,0,2392.33,1696.43,0.1
I004221_1,O004221,P056,1,0,683.11,467.73,0.0
I004222_1,O004222,P010,1,0,747.94,468.72,0.1
I004222_2,O004222,P076,1,1,2728.62,1928.31,0.1
I004223_1,O004223,P040,1,0,2152.06,1719.58,0.0
I004224_1,O004224,P063,1,0,2107.25,1328.53,0.05
I004225_1,O004225,P093,2,0,1037.1,614.67,0.0
I004225_2,O004225,P113,1,0,2150.62,1457.19,0.2
I004226_1,O004226,P071,1,0,1928.92,1171.43,0.0
I004226_2,O004226,P092,1,0,2688.08,1883.6,0.0
I004227_1,O004227,P052,1,0,2650.07,2232.75,0.0
I004228_1,O004228,P061,2,0,2837.99,1810.66,0.3
I004228_2,O004228,P114,1,0,1080.08,699.07,0.0
I004229_1,O004229,P053,2,0,2885.21,2330.08,0.05
I004230_1,O004230,P017,1,0,1886.61,1079.58,0.0
I004230_2,O004230,P015,2,0,1927.96,1639.7,0.0
I004231_1,O004231,P076,2,0,2747.34,1928.31,0.0
I004231_2,O004231,P002,1,0,2597.91,2136.38,0.05
I004231_3,O004231,P022,1,0,2074.13,1361.4,0.0
I004232_1,O004232,P114,1,1,995.55,699.07,0.1
I004232_2,O004232,P085,1,0,760.58,482.52,0.0
I004233_1,O004233,P094,1,0,2961.9,1716.82,0.1
I004234_1,O004234,P084,1,0,1085.62,785.13,0.0
I004235_1,O004235,P112,2,0,1529.42,1059.45,0.1
I004235_2,O004235,P048,1,0,2410.01,2064.58,0.0
I004235_3,O004235,P063,1,0,2249.89,1328.53,0.05
I004236_1,O004236,P106,1,0,2688.88,2402.81,0.0
I004237_1,O004237,P096,3,0,3091.49,1989.35,0.0
I004238_1,O004238,P103,2,0,3697.77,3087.95,0.2
I004238_2,O004238,P097,2,0,493.35,385.34,0.05
I004239_1,O004239,P068,2,0,3109.31,1829.36,0.1
I004239_2,O004239,P012,1,0,3500.69,2599.93,0.1
I004240_1,O004240,P106,2,0,2917.78,2402.81,0.2
I004241_1,O004241,P097,3,0,521.59,385.34,0.05
I004242_1,O004242,P006,1,0,2990.88,2483.13,0.0
I004243_1,O004243,P050,1,0,1218.37,748.37,0.1
I004243_2,O004243,P118,1,0,1195.18,778.87,0.2
I004244_1,O004244,P056,1,0,698.88,467.73,0.1
I004245_1,O004245,P055,1,0,1842.29,1250.56,0.05
I004246_1,O004246,P017,1,0,2007.46,1079.58,0.1
I004247_1,O004247,P029,1,0,3226.59,2642.14,0.05
I004248_1,O004248,P063,2,0,2389.1,1328.53,0.05
I004249_1,O004249,P012,1,0,3579.6,2599.93,0.2
I004250_1,O004250,P034,3,0,647.2,551.76,0.05
I004250_2,O004250,P069,2,0,2886.05,2596.65,0.0
I004251_1,O004251,P014,1,0,1363.64,956.53,0.1
I004252_1,O004252,P048,1,1,2526.61,2064.58,0.0
I004252_2,O004252,P002,2,0,2789.04,2136.38,0.05
I004253_1,O004253,P099,1,0,1069.68,579.06,0.1
I004253_2,O004253,P101,1,0,392.97,290.92,0.0
I004254_1,O004254,P012,1,0,3395.56,2599.93,0.0
I004255_1,O004255,P059,1,0,2651.37,2284.02,0.1
I004256_1,O004256,P062,1,0,1199.41,934.97,0.1
I004256_2,O004256,P052,1,0,2559.13,2232.75,0.0
I004257_1,O004257,P056,1,0,717.8,467.73,0.3
I004257_2,O004257,P035,1,0,2361.03,1657.14,0.2
I004258_1,O004258,P067,2,0,1239.27,736.87,0.0
I004258_2,O004258,P052,1,0,2789.32,2232.75,0.05
I004259_1,O004259,P007,1,0,2573.9,2152.99,0.1
I004260_1,O004260,P095,1,1,3345.12,2194.24,0.0
I004260_2,O004260,P092,1,0,2583.54,1883.6,0.05
I004261_1,O004261,P117,1,0,1604.31,1301.63,0.1
I004261_2,O004261,P002,2,0,2787.16,2136.38,0.1
I004262_1,O004262,P103,1,0,3642.15,3087.95,0.05
I004262_2,O004262,P067,2,0,1165.3,736.87,0.1
I004263_1,O004263,P071,1,0,1893.81,1171.43,0.0
I004264_1,O004264,P036,1,0,2477.64,2239.64,0.0
I004264_2,O004264,P030,1,0,2592.1,1879.56,0.05
I004264_3,O004264,P071,2,0,1873.34,1171.43,0.05
I004265_1,O004265,P043,1,0,2659.6,2155.97,0.05
I004266_1,O004266,P037,1,0,788.43,604.48,0.0
I004266_2,O004266,P085,1,1,714.6,482.52,0.0
I004267_1,O004267,P033,2,0,2917.94,2420.38,0.0
I004268_1,O004268,P018,1,0,3093.2,1861.03,0.0
I004269_1,O004269,P008,2,0,3223.61,2190.37,0.05
I004269_2,O004269,P011,1,0,694.09,470.48,0.1
I004269_3,O004269,P100,1,0,2908.4,2560.83,0.0
I004270_1,O004270,P020,1,0,3592.18,2726.34,0.0
I004271_1,O004271,P027,1,0,2081.4,1900.67,0.2
I004272_1,O004272,P051,2,0,2538.64,1856.67,0.2
I004273_1,O004273,P064,1,1,252.46,140.8,0.1
I004273_2,O004273,P050,1,0,1192.54,748.37,0.0
I004274_1,O004274,P096,1,0,3109.13,1989.35,0.1
I004275_1,O004275,P103,1,1,3664.96,3087.95,0.0
I004275_2,O004275,P048,2,0,2430.14,2064.58,0.05
I004276_1,O004276,P011,1,0,664.09,470.48,0.0
I004276_2,O004276,P028,1,0,1542.8,1251.02,0.1
I004277_1,O004277,P091,1,0,767.41,567.3,0.3
I004278_1,O004278,P022,1,0,2101.56,1361.4,0.1
I004279_1,O004279,P030,1,0,2491.39,1879.56,0.1
I004279_2,O004279,P020,2,0,3670.61,2726.34,0.3
I004280_1,O004280,P059,1,0,2693.04,2284.02,0.1
I004280_2,O004280,P043,3,0,2647.85,2155.97,0.1
I004281_1,O004281,P026,2,0,3160.32,2746.76,0.2
I004282_1,O004282,P001,1,0,793.96,503.11,0.1
I004283_1,O004283,P017,1,0,1916.91,1079.58,0.3
I004283_2,O004283,P039,1,0,2776.79,1842.48,0.0
I004284_1,O004284,P055,1,0,1839.44,1250.56,0.05
I004285_1,O004285,P015,1,0,1863.69,1639.7,0.0
I004285_2,O004285,P118,1,0,1223.75,778.87,0.05
I004286_1,O004286,P058,1,0,1149.8,974.82,0.05
I004287_1,O004287,P117,1,0,1486.87,1301.63,0.05
I004288_1,O004288,P049,1,0,2647.48,1767.67,0.0
I004288_2,O004288,P111,1,0,1071.45,738.87,0.1
I004288_3,O004288,P046,2,0,216.05,119.22,0.05
I004289_1,O004289,P097,1,0,514.89,385.34,0.05
I004290_1,O004290,P101,1,0,389.98,290.92,0.05
I004291_1,O004291,P120,1,0,3568.66,2258.38,0.2
I004291_2,O004291,P049,1,0,2514.25,1767.67,0.0
I004292_1,O004292,P073,1,0,3056.66,2517.93,0.1
I004293_1,O004293,P005,1,0,2182.65,1891.99,0.0
I004294_1,O004294,P071,1,0,1847.04,1171.43,0.0
I004294_2,O004294,P087,1,0,1876.87,1487.18,0.05
I004295_1,O004295,P091,2,0,819.28,567.3,0.1
I004295_2,O004295,P068,2,0,3422.19,1829.36,0.0
I004296_1,O004296,P055,1,0,1896.23,1250.56,0.0
I004297_1,O004297,P119,1,0,641.64,550.1,0.05
I004297_2,O004297,P116,1,0,2828.44,2344.15,0.0
I004297_3,O004297,P035,1,0,2267.48,1657.14,0.0
I004298_1,O004298,P018,1,0,2866.11,1861.03,0.0
I004298_2,O004298,P068,1,0,3217.07,1829.36,0.0
I004299_1,O004299,P035,1,0,2469.38,1657.14,0.05
I004300_1,O004300,P020,1,0,3378.84,2726.34,0.05
I004301_1,O004301,P011,2,0,644.32,470.48,0.0
I004301_2,O004301,P075,1,0,901.11,632.05,0.0
I004302_1,O004302,P089,1,0,2533.77,1691.26,0.0
I004302_2,O004302,P085,2,0,702.74,482.52,0.05
I004303_1,O004303,P094,1,0,2761.32,1716.82,0.1
I004304_1,O004304,P052,1,0,2813.32,2232.75,0.0
I004305_1,O004305,P058,1,0,1141.29,974.82,0.05
I004306_1,O004306,P003,2,0,647.28,593.8,0.1
I004307_1,O004307,P012,2,0,3463.44,2599.93,0.0
I004308_1,O004308,P011,1,0,680.82,470.48,0.0
I004308_2,O004308,P064,1,0,249.68,140.8,0.0
I004308_3,O004308,P004,1,0,3222.56,2449.64,0.0
I004309_1,O004309,P045,1,0,1569.74,1393.5,0.0
I004310_1,O004310,P043,1,0,2767.43,2155.97,0.0
I004310_2,O004310,P100,1,0,2898.4,2560.83,0.05
I004311_1,O004311,P004,1,0,3121.57,2449.64,0.0
I004312_1,O004312,P066,3,0,634.45,449.79,0.2
I004313_1,O004313,P011,1,0,626.31,470.48,0.1
I004313_2,O004313,P108,2,0,1141.82,757.54,0.05
I004314_1,O004314,P102,1,0,3347.35,2068.63,0.0
I004315_1,O004315,P089,1,0,2600.65,1691.26,0.05
I004316_1,O004316,P098,1,0,359.23,210.13,0.05
I004317_1,O004317,P101,1,0,419.07,290.92,0.1
I004317_2,O004317,P025,2,0,802.67,526.03,0.0
I004318_1,O004318,P089,1,0,2699.63,1691.26,0.0
I004319_1,O004319,P106,1,0,2735.42,2402.81,0.2
I004320_1,O004320,P011,1,0,643.6,470.48,0.0
I004320_2,O004320,P012,1,0,3478.6,2599.93,0.2
I004321_1,O004321,P001,1,0,718.11,503.11,0.2
I004321_2,O004321,P012,2,0,3651.22,2599.93,0.0
I004322_1,O004322,P020,1,0,3352.73,2726.34,0.05
I004323_1,O004323,P068,1,0,3547.71,1829.36,0.2
I004323_2,O004323,P074,1,0,2516.28,2093.66,0.05
I004324_1,O004324,P009,1,0,187.36,142.71,0.0
I004324_2,O004324,P021,1,0,3180.47,2007.08,0.2
I004325_1,O004325,P013,1,0,1857.38,1078.11,0.1
I004325_2,O004325,P066,1,0,581.66,449.79,0.05
I004326_1,O004326,P093,1,0,1102.4,614.67,0.1
I004326_2,O004326,P035,1,0,2186.14,1657.14,0.0
I004327_1,O004327,P002,2,0,2654.09,2136.38,0.05
I004327_2,O004327,P103,1,0,3684.56,3087.95,0.1
I004328_1,O004328,P090,1,0,1800.61,1197.25,0.05
I004328_2,O004328,P063,1,0,2337.44,1328.53,0.0
I004329_1,O004329,P086,1,0,550.9,301.67,0.0
I004329_2,O004329,P089,1,0,2489.17,1691.26,0.2
I004330_1,O004330,P092,1,0,2431.09,1883.6,0.1
I004331_1,O004331,P109,1,0,2220.83,1696.43,0.0
I004331_2,O004331,P092,1,0,2572.92,1883.6,0.05
I004332_1,O004332,P083,1,0,971.56,674.18,0.05
I004333_1,O004333,P058,1,0,1153.19,974.82,0.1
I004334_1,O004334,P080,1,0,871.56,706.47,0.05
I004334_2,O004334,P084,2,0,1159.41,785.13,0.1
I004335_1,O004335,P119,1,0,685.3,550.1,0.05
I004336_1,O004336,P004,1,0,3199.81,2449.64,0.2
I004337_1,O004337,P069,1,0,2962.77,2596.65,0.2
I004337_2,O004337,P058,1,0,1152.04,974.82,0.1
I004338_1,O004338,P102,1,0,3249.9,2068.63,0.05
I004338_2,O004338,P073,1,0,3155.8,2517.93,0.0
I004339_1,O004339,P113,1,0,2378.19,1457.19,0.2
I004340_1,O004340,P055,1,0,1693.31,1250.56,0.0
I004341_1,O004341,P073,1,0,2957.87,2517.93,0.0
I004342_1,O004342,P054,1,0,367.16,290.26,0.05
I004343_1,O004343,P020,2,0,3204.77,2726.34,0.1
I004343_2,O004343,P017,2,0,1889.14,1079.58,0.05
I004344_1,O004344,P081,1,0,2963.72,2035.71,0.1
I004345_1,O004345,P093,1,0,1003.4,614.67,0.0
I004346_1,O004346,P025,1,0,771.59,526.03,0.0
I004347_1,O004347,P075,1,0,800.9,632.05,0.0
I004348_1,O004348,P115,1,0,2693.7,1821.73,0.0
I004348_2,O004348,P008,1,0,3243.49,2190.37,0.0
I004349_1,O004349,P096,1,0,3262.25,1989.35,0.05
I004349_2,O004349,P013,1,0,1740.77,1078.11,0.0
I004349_3,O004349,P107,2,0,844.23,517.21,0.2
I004350_1,O004350,P010,1,0,707.83,468.72,0.0
I004350_2,O004350,P076,2,0,2522.46,1928.31,0.3
I004351_1,O004351,P119,1,0,664.67,550.1,0.0
I004351_2,O004351,P061,1,0,2575.76,1810.66,0.2
I004352_1,O004352,P051,1,0,2631.05,1856.67,0.0
I004352_2,O004352,P090,2,0,1659.71,1197.25,0.05
I004353_1,O004353,P052,1,0,2754.47,2232.75,0.0
I004354_1,O004354,P007,1,0,2598.66,2152.99,0.3
I004355_1,O004355,P104,1,0,772.88,640.45,0.1
I004356_1,O004356,P015,2,0,1935.87,1639.7,0.0
I004357_1,O004357,P064,1,0,252.6,140.8,0.0
I004358_1,O004358,P071,1,0,2056.8,1171.43,0.1
I004358_2,O004358,P067,1,0,1130.88,736.87,0.0
I004359_1,O004359,P054,1,0,357.29,290.26,0.0
I004359_2,O004359,P100,1,0,2735.53,2560.83,0.05
I004360_1,O004360,P107,1,0,811.0,517.21,0.0
I004361_1,O004361,P073,1,0,3206.09,2517.93,0.0
I004361_2,O004361,P016,2,0,2840.4,2126.82,0.05
I004362_1,O004362,P070,1,0,3428.18,2889.93,0.05
I004363_1,O004363,P071,1,0,2114.84,1171.43,0.05
I004364_1,O004364,P100,3,0,2999.31,2560.83,0.0
I004364_2,O004364,P087,1,0,2032.5,1487.18,0.0
I004365_1,O004365,P047,2,1,3590.63,2991.8,0.0
I004366_1,O004366,P115,1,0,2527.82,1821.73,0.1
I004367_1,O004367,P091,1,0,766.8,567.3,0.3
I004367_2,O004367,P046,1,0,228.66,119.22,0.1
I004368_1,O004368,P076,2,0,2619.13,1928.31,0.1
I004369_1,O004369,P089,1,0,2453.5,1691.26,0.1
I004369_2,O004369,P010,1,0,685.98,468.72,0.2
I004370_1,O004370,P026,1,0,3001.09,2746.76,0.0
I004371_1,O004371,P104,1,0,824.46,640.45,0.05
I004371_2,O004371,P034,1,0,706.49,551.76,0.2
I004372_1,O004372,P051,1,0,2598.82,1856.67,0.0
I004372_2,O004372,P116,2,0,2885.44,2344.15,0.0
I004373_1,O004373,P032,1,0,860.45,692.6,0.05
I004374_1,O004374,P055,1,0,1891.58,1250.56,0.1
I004374_2,O004374,P118,1,0,1290.31,778.87,0.0
I004375_1,O004375,P044,2,0,2282.56,1529.57,0.1
I004375_2,O004375,P052,2,0,2582.88,2232.75,0.0
I004375_3,O004375,P067,1,0,1199.29,736.87,0.0
I004376_1,O004376,P052,1,0,2711.24,2232.75,0.05
I004376_2,O004376,P104,1,0,790.11,640.45,0.1
I004377_1,O004377,P106,1,1,2664.23,2402.81,0.1
I004377_2,O004377,P034,1,0,694.33,551.76,0.05
I004378_1,O004378,P027,1,0,2042.37,1900.67,0.0
I004378_2,O004378,P016,1,0,2777.42,2126.82,0.2
I004379_1,O004379,P111,2,0,1138.16,738.87,0.1
I004379_2,O004379,P021,2,0,3016.27,2007.08,0.05
I004380_1,O004380,P044,2,0,2271.36,1529.57,0.0
I004381_1,O004381,P013,1,0,1679.72,1078.11,0.0
I004382_1,O004382,P035,1,0,2219.69,1657.14,0.0
I004382_2,O004382,P051,1,0,2492.23,1856.67,0.0
I004383_1,O004383,P052,1,0,2525.69,2232.75,0.1
I004384_1,O004384,P019,1,0,2329.61,1463.41,0.1
I004384_2,O004384,P037,1,0,809.78,604.48,0.0
I004385_1,O004385,P025,1,0,767.59,526.03,0.05
I004385_2,O004385,P094,1,0,2995.47,1716.82,0.05
I004386_1,O004386,P043,1,0,2662.74,2155.97,0.0
I004386_2,O004386,P006,1,0,2910.49,2483.13,0.0
I004387_1,O004387,P087,2,0,1943.27,1487.18,0.1
I004387_2,O004387,P107,2,2,915.91,517.21,0.1
I004388_1,O004388,P038,1,0,2490.4,1939.6,0.0
I004389_1,O004389,P112,1,0,1405.96,1059.45,0.0
I004390_1,O004390,P105,2,0,1296.86,1048.44,0.05
I004390_2,O004390,P054,1,0,362.42,290.26,0.1
I004391_1,O004391,P060,1,0,3270.93,2190.75,0.05
I004391_2,O004391,P093,1,0,1067.15,614.67,0.0
I004391_3,O004391,P038,3,0,2485.28,1939.6,0.0
I004392_1,O004392,P034,1,1,649.25,551.76,0.05
I004393_1,O004393,P042,2,0,3216.62,2480.29,0.05
I004394_1,O004394,P078,1,0,2781.56,1751.62,0.1
I004394_2,O004394,P006,2,0,2910.61,2483.13,0.2
I004394_3,O004394,P040,2,0,2285.87,1719.58,0.0
I004395_1,O004395,P091,2,0,751.27,567.3,0.0
I004396_1,O004396,P097,2,0,511.68,385.34,0.05
I004397_1,O004397,P056,3,0,701.94,467.73,0.2
I004397_2,O004397,P086,1,0,573.29,301.67,0.05
I004398_1,O004398,P047,1,0,3555.19,2991.8,0.0
I004399_1,O004399,P022,2,0,2049.22,1361.4,0.0
I004400_1,O004400,P028,2,0,1508.19,1251.02,0.0
I004400_2,O004400,P051,1,0,2487.82,1856.67,0.1
I004401_1,O004401,P088,2,0,319.7,167.15,0.05
I004402_1,O004402,P025,1,0,780.61,526.03,0.1
I004403_1,O004403,P068,1,0,3320.5,1829.36,0.05
I004403_2,O004403,P098,2,0,369.5,210.13,0.05
I004404_1,O004404,P085,1,0,750.06,482.52,0.2
I004405_1,O004405,P096,2,0,3294.89,1989.35,0.0
I004406_1,O004406,P067,1,0,1217.02,736.87,0.0
I004406_2,O004406,P009,1,1,199.05,142.71,0.1
I004407_1,O004407,P076,1,0,2487.46,1928.31,0.05
I004407_2,O004407,P052,1,0,2877.3,2232.75,0.1
I004408_1,O004408,P094,1,0,2725.1,1716.82,0.1
I004408_2,O004408,P005,2,0,2311.7,1891.99,0.0
I004409_1,O004409,P091,2,0,847.37,567.3,0.3
I004409_2,O004409,P037,1,0,810.87,604.48,0.05
I004410_1,O004410,P033,1,0,2794.83,2420.38,0.05
I004411_1,O004411,P029,1,0,3207.59,2642.14,0.05
I004412_1,O004412,P030,2,0,2688.55,1879.56,0.2
I004413_1,O004413,P004,1,1,3221.72,2449.64,0.0
I004413_2,O004413,P101,2,0,408.09,290.92,0.0
I004414_1,O004414,P068,1,0,3386.6,1829.36,0.0
I004414_2,O004414,P107,1,0,851.65,517.21,0.05
I004414_3,O004414,P058,2,0,1075.2,974.82,0.05
I004415_1,O004415,P074,1,0,2695.79,2093.66,0.1
I004416_1,O004416,P020,1,0,3421.64,2726.34,0.0
I004417_1,O004417,P091,1,0,771.17,567.3,0.2
I004417_2,O004417,P086,1,0,533.53,301.67,0.0
I004418_1,O004418,P002,1,0,2613.06,2136.38,0.0
I004418_2,O004418,P055,1,0,1662.5,1250.56,0.1
I004419_1,O004419,P087,1,0,1917.24,1487.18,0.05
I004420_1,O004420,P037,1,0,752.71,604.48,0.0
I004420_2,O004420,P105,1,0,1365.02,1048.44,0.0
I004421_1,O004421,P096,2,0,3185.17,1989.35,0.05
I004422_1,O004422,P026,1,0,3208.52,2746.76,0.0
I004422_2,O004422,P109,1,0,2241.89,1696.43,0.0
I004423_1,O004423,P061,1,0,2659.21,1810.66,0.0
I004424_1,O004424,P034,2,0,712.67,551.76,0.1
I004425_1,O004425,P046,1,0,230.78,119.22,0.2
I004425_2,O004425,P021,1,0,2948.95,2007.08,0.0
I004426_1,O004426,P056,1,1,639.99,467.73,0.3
I004427_1,O004427,P043,1,0,2722.92,2155.97,0.2
I004427_2,O004427,P010,1,0,740.62,468.72,0.1
I004428_1,O004428,P042,1,0,3493.18,2480.29,0.0
I004428_2,O004428,P052,1,0,2767.77,2232.75,0.0
I004428_3,O004428,P080,1,0,855.8,706.47,0.0
I004429_1,O004429,P033,1,0,2722.13,2420.38,0.1
I004430_1,O004430,P083,2,0,928.52,674.18,0.0
I004430_2,O004430,P107,1,0,826.05,517.21,0.2
I004430_3,O004430,P104,2,0,821.73,640.45,0.0
I004431_1,O004431,P007,2,0,2760.97,2152.99,0.05
I004431_2,O004431,P003,1,0,671.01,593.8,0.0
I004432_1,O004432,P081,1,0,3244.05,2035.71,0.1
I004432_2,O004432,P061,1,0,2574.72,1810.66,0.0
I004432_3,O004432,P025,2,0,785.11,526.03,0.0
I004433_1,O004433,P066,3,0,635.24,449.79,0.05
I004433_2,O004433,P033,1,0,2771.96,2420.38,0.2
I004434_1,O004434,P070,1,0,3391.84,2889.93,0.0
I004434_2,O004434,P072,1,0,1721.48,1369.26,0.05
I004434_3,O004434,P096,2,0,3278.82,1989.35,0.0
I004435_1,O004435,P079,1,0,2338.19,1780.27,0.1
I004436_1,O004436,P083,1,0,935.2,674.18,0.0
I004436_2,O004436,P088,1,1,314.7,167.15,0.1
I004437_1,O004437,P063,1,0,2192.93,1328.53,0.1
I004438_1,O004438,P115,1,0,2487.21,1821.73,0.0
I004439_1,O004439,P041,2,0,1627.19,1272.83,0.05
I004440_1,O004440,P072,1,0,1863.23,1369.26,0.0
I004441_1,O004441,P097,1,0,545.89,385.34,0.1
I004442_1,O004442,P053,1,0,3134.61,2330.08,0.0
I004442_2,O004442,P057,2,0,2830.71,1751.13,0.05
I004443_1,O004443,P102,2,0,3453.94,2068.63,0.1
I004443_2,O004443,P038,1,0,2549.57,1939.6,0.0
I004444_1,O004444,P092,1,0,2546.82,1883.6,0.0
I004444_2,O004444,P027,1,0,2170.81,1900.67,0.05
I004445_1,O004445,P053,1,0,3147.65,2330.08,0.0
I004446_1,O004446,P003,1,0,700.04,593.8,0.0
I004447_1,O004447,P096,1,0,3089.86,1989.35,0.2
I004448_1,O004448,P052,1,0,2548.03,2232.75,0.05
I004448_2,O004448,P023,1,0,2463.3,1316.59,0.2
I004449_1,O004449,P085,1,0,722.13,482.52,0.0
I004450_1,O004450,P114,1,0,1065.93,699.07,0.05
I004450_2,O004450,P060,1,0,3343.57,2190.75,0.1
I004451_1,O004451,P078,1,0,2626.79,1751.62,0.0
I004451_2,O004451,P016,2,0,2956.28,2126.82,0.0
I004452_1,O004452,P090,1,0,1698.65,1197.25,0.1
I004453_1,O004453,P078,1,0,2860.61,1751.62,0.1
I004453_2,O004453,P095,1,0,3239.09,2194.24,0.1
I004454_1,O004454,P053,1,0,3053.71,2330.08,0.1
I004454_2,O004454,P082,1,0,2157.46,1528.85,0.05
I004455_1,O004455,P075,1,0,846.98,632.05,0.05
I004456_1,O004456,P059,1,0,2621.33,2284.02,0.0
I004456_2,O004456,P082,1,0,2173.74,1528.85,0.05
I004456_3,O004456,P080,1,1,822.96,706.47,0.0
I004457_1,O004457,P114,1,0,1103.93,699.07,0.2
I004457_2,O004457,P083,1,0,898.2,674.18,0.1
I004458_1,O004458,P028,3,0,1566.77,1251.02,0.05
I004459_1,O004459,P002,1,0,2712.04,2136.38,0.1
I004460_1,O004460,P092,2,0,2558.09,1883.6,0.0
I004461_1,O004461,P099,1,0,992.05,579.06,0.0
I004462_1,O004462,P076,3,0,2603.79,1928.31,0.0
I004463_1,O004463,P084,1,0,1216.95,785.13,0.05
I004464_1,O004464,P082,1,0,2206.56,1528.85,0.0
I004464_2,O004464,P068,2,0,3461.2,1829.36,0.0
I004465_1,O004465,P075,1,0,855.02,632.05,0.0
I004465_2,O004465,P013,1,0,1870.4,1078.11,0.1
I004466_1,O004466,P057,2,0,2593.98,1751.13,0.05
I004466_2,O004466,P045,1,0,1702.59,1393.5,0.0
I004466_3,O004466,P037,1,1,744.74,604.48,0.1
I004467_1,O004467,P066,1,0,559.87,449.79,0.0
I004467_2,O004467,P104,1,0,829.04,640.45,0.1
I004467_3,O004467,P095,1,0,3526.77,2194.24,0.0
I004468_1,O004468,P009,1,0,197.17,142.71,0.0
I004469_1,O004469,P047,3,0,3593.25,2991.8,0.2
I004469_2,O004469,P008,2,0,3340.26,2190.37,0.0
I004470_1,O004470,P106,1,0,2965.48,2402.81,0.05
I004471_1,O004471,P055,1,0,1831.53,1250.56,0.2
I004471_2,O004471,P003,1,0,664.39,593.8,0.3
I004472_1,O004472,P050,1,0,1217.59,748.37,0.0
I004473_1,O004473,P116,1,1,2860.22,2344.15,0.05
I004473_2,O004473,P089,1,0,2594.71,1691.26,0.05
I004473_3,O004473,P016,2,0,2602.8,2126.82,0.2
I004474_1,O004474,P074,1,0,2683.96,2093.66,0.2
I004474_2,O004474,P079,1,1,2306.92,1780.27,0.05
I004475_1,O004475,P075,1,0,908.76,632.05,0.2
I004475_2,O004475,P019,1,1,2577.18,1463.41,0.0
I004476_1,O004476,P009,2,0,197.11,142.71,0.0
I004476_2,O004476,P086,2,0,528.93,301.67,0.2
I004477_1,O004477,P107,1,0,834.13,517.21,0.0
I004478_1,O004478,P053,1,0,2889.34,2330.08,0.0
I004478_2,O004478,P005,1,1,2295.31,1891.99,0.0
I004479_1,O004479,P110,2,0,567.21,387.41,0.0
I004480_1,O004480,P027,2,0,2104.67,1900.67,0.0
I004481_1,O004481,P031,1,0,312.89,221.16,0.0
I004481_2,O004481,P105,1,0,1336.97,1048.44,0.2
I004482_1,O004482,P057,1,0,2611.15,1751.13,0.3
I004482_2,O004482,P051,1,0,2565.96,1856.67,0.1
I004483_1,O004483,P020,1,0,3488.06,2726.34,0.0
I004483_2,O004483,P004,1,1,3419.02,2449.64,0.2
I004484_1,O004484,P055,1,0,1712.12,1250.56,0.0
I004485_1,O004485,P044,1,0,2302.67,1529.57,0.0
I004486_1,O004486,P057,2,0,2827.6,1751.13,0.1
I004487_1,O004487,P045,2,0,1717.65,1393.5,0.2
I004487_2,O004487,P066,1,0,631.09,449.79,0.1
I004488_1,O004488,P070,1,0,3357.88,2889.93,0.0
I004489_1,O004489,P036,1,0,2503.15,2239.64,0.0
I004490_1,O004490,P001,2,0,791.66,503.11,0.0
I004490_2,O004490,P082,2,0,2210.77,1528.85,0.1
I004491_1,O004491,P116,1,0,2772.55,2344.15,0.0
I004491_2,O004491,P009,1,0,174.83,142.71,0.0
I004492_1,O004492,P110,1,0,582.56,387.41,0.0
I004493_1,O004493,P059,1,0,2480.94,2284.02,0.1
I004494_1,O004494,P033,1,0,2996.16,2420.38,0.2
I004494_2,O004494,P043,1,0,2715.34,2155.97,0.1
I004495_1,O004495,P018,1,0,3079.63,1861.03,0.3
I004495_2,O004495,P103,1,0,3448.24,3087.95,0.1
I004496_1,O004496,P012,1,0,3885.87,2599.93,0.1
I004496_2,O004496,P082,1,0,2374.03,1528.85,0.0
I004497_1,O004497,P031,1,0,287.08,221.16,0.0
I004497_2,O004497,P065,1,1,2407.29,1840.19,0.3
I004497_3,O004497,P033,1,0,2969.63,2420.38,0.0
I004498_1,O004498,P087,1,0,2000.52,1487.18,0.05
I004498_2,O004498,P083,2,0,886.68,674.18,0.05
I004498_3,O004498,P061,1,0,2875.06,1810.66,0.05
I004499_1,O004499,P031,2,0,287.27,221.16,0.05
I004499_2,O004499,P083,1,0,957.81,674.18,0.0
I004499_3,O004499,P073,2,0,2919.99,2517.93,0.05
I004500_1,O004500,P046,1,0,226.77,119.22,0.05
I004501_1,O004501,P066,1,0,603.05,449.79,0.0
I004502_1,O004502,P017,1,1,1871.66,1079.58,0.1
I004502_2,O004502,P086,1,0,568.55,301.67,0.0
I004503_1,O004503,P005,1,0,2348.48,1891.99,0.05
I004503_2,O004503,P048,2,0,2489.51,2064.58,0.0
I004504_1,O004504,P025,2,0,747.5,526.03,0.1
I004505_1,O004505,P115,1,0,2624.92,1821.73,0.1
I004506_1,O004506,P082,1,0,2286.73,1528.85,0.0
I004506_2,O004506,P057,1,0,2878.14,1751.13,0.2
I004507_1,O004507,P045,1,0,1557.97,1393.5,0.0
I004508_1,O004508,P058,1,0,1168.83,974.82,0.05
I004509_1,O004509,P110,1,0,586.16,387.41,0.0
I004510_1,O004510,P021,3,0,3246.33,2007.08,0.1
I004511_1,O004511,P114,1,1,1075.23,699.07,0.2
I004512_1,O004512,P105,1,0,1262.43,1048.44,0.0
I004513_1,O004513,P048,1,0,2328.78,2064.58,0.05
I004513_2,O004513,P050,1,0,1262.3,748.37,0.05
I004514_1,O004514,P011,1,0,645.03,470.48,0.2
I004515_1,O004515,P008,1,0,3119.85,2190.37,0.2
I004516_1,O004516,P001,1,0,739.74,503.11,0.0
I004517_1,O004517,P120,1,0,3486.82,2258.38,0.2
I004517_2,O004517,P003,2,0,689.01,593.8,0.2
I004517_3,O004517,P034,1,0,683.11,551.76,0.0
I004518_1,O004518,P102,1,0,3577.82,2068.63,0.05
I004519_1,O004519,P070,1,0,3748.42,2889.93,0.0
I004519_2,O004519,P018,2,0,2985.19,1861.03,0.2
I004520_1,O004520,P008,3,0,3316.06,2190.37,0.0
I004521_1,O004521,P005,1,0,2435.01,1891.99,0.05
I004522_1,O004522,P103,1,0,3385.36,3087.95,0.0
I004523_1,O004523,P008,1,0,3243.43,2190.37,0.2
I004523_2,O004523,P034,1,0,680.65,551.76,0.05
I004524_1,O004524,P068,2,0,3179.27,1829.36,0.0
I004524_2,O004524,P066,1,1,614.3,449.79,0.05
I004525_1,O004525,P010,2,0,683.79,468.72,0.0
I004525_2,O004525,P076,2,0,2450.82,1928.31,0.0
I004526_1,O004526,P107,1,0,906.5,517.21,0.0
I004526_2,O004526,P102,1,0,3407.99,2068.63,0.2
I004527_1,O004527,P064,1,0,247.65,140.8,0.0
I004528_1,O004528,P074,1,0,2613.93,2093.66,0.05
I004529_1,O004529,P038,1,0,2386.63,1939.6,0.0
I004530_1,O004530,P065,1,0,2395.68,1840.19,0.05
I004531_1,O004531,P066,2,0,582.23,449.79,0.0
I004532_1,O004532,P088,1,0,317.01,167.15,0.0
I004532_2,O004532,P046,2,0,208.49,119.22,0.1
I004533_1,O004533,P018,1,0,2764.98,1861.03,0.0
I004534_1,O004534,P114,1,0,1140.02,699.07,0.1
I004535_1,O004535,P098,1,0,344.73,210.13,0.05
I004535_2,O004535,P055,1,0,1831.81,1250.56,0.0
I004536_1,O004536,P083,1,1,991.78,674.18,0.1
I004537_1,O004537,P104,1,0,793.88,640.45,0.2
I004538_1,O004538,P090,1,0,1638.34,1197.25,0.05
I004538_2,O004538,P005,1,0,2412.69,1891.99,0.0
I004538_3,O004538,P116,1,0,2906.55,2344.15,0.3
I004539_1,O004539,P055,1,0,1693.91,1250.56,0.0
I004539_2,O004539,P067,1,0,1136.2,736.87,0.1
I004539_3,O004539,P070,1,0,3501.29,2889.93,0.0
I004540_1,O004540,P054,1,0,333.21,290.26,0.0
I004541_1,O004541,P019,1,0,2518.13,1463.41,0.0
I004541_2,O004541,P020,1,0,3496.51,2726.34,0.0
I004541_3,O004541,P045,1,0,1695.17,1393.5,0.1
I004542_1,O004542,P097,1,0,497.16,385.34,0.1
I004543_1,O004543,P099,1,0,1072.54,579.06,0.0
I004544_1,O004544,P052,1,0,2637.45,2232.75,0.0
I004545_1,O004545,P056,2,0,650.72,467.73,0.05
I004546_1,O004546,P117,2,0,1643.46,1301.63,0.05
I004546_2,O004546,P060,1,0,3495.85,2190.75,0.0
I004546_3,O004546,P006,1,1,2921.39,2483.13,0.0
I004547_1,O004547,P105,1,0,1323.44,1048.44,0.0
I004547_2,O004547,P008,1,0,3269.08,2190.37,0.05
I004547_3,O004547,P063,1,0,2184.33,1328.53,0.05
I004548_1,O004548,P104,1,0,834.94,640.45,0.05
I004548_2,O004548,P074,1,0,2634.43,2093.66,0.0
I004549_1,O004549,P087,1,0,1821.04,1487.18,0.0
I004549_2,O004549,P009,1,0,187.17,142.71,0.2
I004550_1,O004550,P037,1,0,752.41,604.48,0.05
I004551_1,O004551,P035,1,0,2315.7,1657.14,0.0
I004552_1,O004552,P081,1,0,3218.49,2035.71,0.1
I004553_1,O004553,P046,1,0,224.3,119.22,0.05
I004553_2,O004553,P079,1,0,2275.46,1780.27,0.0
I004554_1,O004554,P009,1,0,184.5,142.71,0.05
I004555_1,O004555,P092,1,0,2609.5,1883.6,0.05
I004555_2,O004555,P023,1,0,2263.09,1316.59,0.0
I004556_1,O004556,P051,1,0,2757.55,1856.67,0.1
I004556_2,O004556,P013,1,0,1714.46,1078.11,0.05
I004557_1,O004557,P080,1,0,862.61,706.47,0.0
I004557_2,O004557,P074,1,0,2747.44,2093.66,0.2
I004558_1,O004558,P082,1,0,2250.65,1528.85,0.05
I004559_1,O004559,P045,1,0,1685.16,1393.5,0.1
I004559_2,O004559,P033,1,0,2822.31,2420.38,0.0
I004560_1,O004560,P119,1,0,668.93,550.1,0.2
I004560_2,O004560,P030,1,0,2787.47,1879.56,0.05
I004561_1,O004561,P003,2,0,708.0,593.8,0.1
I004562_1,O004562,P102,1,0,3639.81,2068.63,0.1
I004563_1,O004563,P069,3,0,2959.23,2596.65,0.2
I004563_2,O004563,P044,1,0,2362.16,1529.57,0.0
I004563_3,O004563,P017,1,0,2033.06,1079.58,0.1
I004564_1,O004564,P083,1,0,967.93,674.18,0.05
I004564_2,O004564,P118,1,0,1192.73,778.87,0.0
I004565_1,O004565,P038,1,0,2464.4,1939.6,0.1
I004566_1,O004566,P115,1,0,2690.43,1821.73,0.0
I004566_2,O004566,P080,1,0,889.33,706.47,0.05
I004566_3,O004566,P120,1,0,3370.49,2258.38,0.05
I004567_1,O004567,P101,1,0,412.41,290.92,0.0
I004568_1,O004568,P099,1,0,1024.69,579.06,0.2
I004569_1,O004569,P109,2,0,2283.31,1696.43,0.05
I004570_1,O004570,P044,2,0,2157.73,1529.57,0.05
I004571_1,O004571,P042,1,0,3432.39,2480.29,0.1
I004571_2,O004571,P057,1,0,2633.29,1751.13,0.1
I004572_1,O004572,P112,1,0,1421.8,1059.45,0.0
I004572_2,O004572,P035,1,0,2247.02,1657.14,0.0
I004573_1,O004573,P023,1,0,2272.68,1316.59,0.0
I004574_1,O004574,P065,2,0,2314.54,1840.19,0.2
I004574_2,O004574,P112,1,0,1596.9,1059.45,0.0
I004575_1,O004575,P093,2,0,998.62,614.67,0.0
I004576_1,O004576,P057,1,0,2645.45,1751.13,0.0
I004576_2,O004576,P058,2,0,1035.27,974.82,0.2
I004577_1,O004577,P005,1,0,2192.98,1891.99,0.0
I004578_1,O004578,P028,2,0,1407.25,1251.02,0.0
I004579_1,O004579,P111,1,0,1182.61,738.87,0.05
I004579_2,O004579,P063,1,0,2347.39,1328.53,0.1
I004579_3,O004579,P112,1,0,1499.32,1059.45,0.0
I004580_1,O004580,P072,1,0,1755.79,1369.26,0.1
I004580_2,O004580,P016,1,0,2761.68,2126.82,0.1
I004581_1,O004581,P001,1,0,739.45,503.11,0.0
I004581_2,O004581,P096,1,0,3429.9,1989.35,0.1
I004581_3,O004581,P019,1,0,2587.13,1463.41,0.05
I004582_1,O004582,P064,1,0,235.08,140.8,0.0
I004582_2,O004582,P095,1,0,3389.7,2194.24,0.2
I004583_1,O004583,P081,1,0,3250.22,2035.71,0.2
I004584_1,O004584,P011,1,0,720.17,470.48,0.05
I004585_1,O004585,P023,1,0,2375.04,1316.59,0.2
I004585_2,O004585,P001,1,0,736.86,503.11,0.1
I004586_1,O004586,P099,1,0,1035.75,579.06,0.0
I004586_2,O004586,P114,1,0,1003.21,699.07,0.0
I004587_1,O004587,P098,1,0,323.82,210.13,0.1
I004588_1,O004588,P105,1,0,1275.98,1048.44,0.0
I004589_1,O004589,P002,1,0,2677.13,2136.38,0.1
I004590_1,O004590,P066,1,0,601.11,449.79,0.1
I004591_1,O004591,P076,1,0,2690.26,1928.31,0.05
I004591_2,O004591,P115,1,0,2432.63,1821.73,0.1
I004592_1,O004592,P022,1,0,1946.94,1361.4,0.1
I004592_2,O004592,P024,1,1,3157.04,2312.84,0.0
I004593_1,O004593,P087,1,0,1976.73,1487.18,0.1
I004593_2,O004593,P059,2,0,2557.84,2284.02,0.0
I004593_3,O004593,P101,1,0,428.81,290.92,0.05
I004594_1,O004594,P086,1,0,516.68,301.67,0.05
I004594_2,O004594,P098,2,0,325.78,210.13,0.0
I004595_1,O004595,P086,1,0,518.77,301.67,0.05
I004595_2,O004595,P073,1,0,3250.14,2517.93,0.05
I004596_1,O004596,P020,1,1,3675.34,2726.34,0.0
I004596_2,O004596,P028,1,0,1501.42,1251.02,0.0
I004597_1,O004597,P112,3,0,1484.11,1059.45,0.05
I004598_1,O004598,P044,1,0,2256.23,1529.57,0.05
I004599_1,O004599,P068,1,0,3460.84,1829.36,0.0
I004599_2,O004599,P044,1,0,2132.09,1529.57,0.05
I004600_1,O004600,P050,1,0,1191.34,748.37,0.05
I004600_2,O004600,P115,1,0,2435.47,1821.73,0.3
I004601_1,O004601,P039,1,0,3087.0,1842.48,0.05
I004601_2,O004601,P060,1,0,3510.8,2190.75,0.1
I004602_1,O004602,P070,1,0,3365.14,2889.93,0.0
I004603_1,O004603,P118,1,0,1242.99,778.87,0.0
I004603_2,O004603,P087,2,0,1979.33,1487.18,0.05
I004603_3,O004603,P094,2,0,2956.67,1716.82,0.05
I004604_1,O004604,P054,1,0,359.78,290.26,0.0
I004605_1,O004605,P030,1,0,2426.72,1879.56,0.0
I004605_2,O004605,P049,1,0,2599.88,1767.67,0.05
I004606_1,O004606,P082,1,0,2334.69,1528.85,0.1
I004607_1,O004607,P039,1,0,2857.33,1842.48,0.0
I004607_2,O004607,P006,1,0,2948.66,2483.13,0.0
I004608_1,O004608,P111,1,0,1099.33,738.87,0.0
I004608_2,O004608,P039,1,0,3028.31,1842.48,0.1
I004609_1,O004609,P024,3,0,2951.1,2312.84,0.05
I004609_2,O004609,P020,1,0,3467.63,2726.34,0.0
I004610_1,O004610,P102,1,0,3596.07,2068.63,0.05
I004610_2,O004610,P103,1,1,3451.48,3087.95,0.05
I004611_1,O004611,P033,3,0,2867.79,2420.38,0.05
I004611_2,O004611,P019,1,0,2537.17,1463.41,0.0
I004612_1,O004612,P072,1,0,1859.69,1369.26,0.1
I004613_1,O004613,P057,2,0,2598.5,1751.13,0.05
I004614_1,O004614,P048,2,0,2570.61,2064.58,0.05
I004614_2,O004614,P040,1,0,2082.15,1719.58,0.05
I004615_1,O004615,P075,1,0,858.69,632.05,0.1
I004616_1,O004616,P025,1,0,709.07,526.03,0.2
I004617_1,O004617,P064,1,0,262.04,140.8,0.0
I004618_1,O004618,P099,1,0,998.59,579.06,0.2
I004619_1,O004619,P041,1,0,1730.18,1272.83,0.05
I004620_1,O004620,P082,1,0,2328.9,1528.85,0.1
I004620_2,O004620,P002,1,0,2745.86,2136.38,0.0
I004621_1,O004621,P098,1,0,357.49,210.13,0.0
I004622_1,O004622,P077,1,0,3000.84,2738.96,0.0
I004623_1,O004623,P099,1,0,1098.75,579.06,0.1
I004624_1,O004624,P036,2,0,2430.85,2239.64,0.0
I004624_2,O004624,P023,1,0,2457.78,1316.59,0.05
I004624_3,O004624,P061,1,0,2772.03,1810.66,0.05
I004625_1,O004625,P120,3,0,3590.81,2258.38,0.0
I004626_1,O004626,P032,1,0,783.94,692.6,0.2
I004626_2,O004626,P049,2,0,2805.76,1767.67,0.0
I004627_1,O004627,P032,1,0,843.34,692.6,0.1
I004628_1,O004628,P060,1,0,3376.25,2190.75,0.05
I004629_1,O004629,P020,2,0,3592.51,2726.34,0.0
I004629_2,O004629,P027,1,0,2127.63,1900.67,0.0
I004629_3,O004629,P074,1,0,2509.75,2093.66,0.0
I004630_1,O004630,P076,1,0,2404.89,1928.31,0.2
I004630_2,O004630,P097,1,0,504.3,385.34,0.0
I004631_1,O004631,P029,2,0,3210.85,2642.14,0.0
I004631_2,O004631,P110,2,0,579.66,387.41,0.0
I004632_1,O004632,P118,1,0,1255.75,778.87,0.1
I004632_2,O004632,P011,2,0,719.05,470.48,0.0
I004633_1,O004633,P081,1,0,3270.2,2035.71,0.0
I004633_2,O004633,P108,1,0,1122.65,757.54,0.3
I004634_1,O004634,P065,1,0,2518.75,1840.19,0.0
I004635_1,O004635,P019,2,0,2544.46,1463.41,0.0
I004636_1,O004636,P055,1,0,1788.3,1250.56,0.0
I004636_2,O004636,P101,2,0,420.45,290.92,0.0
I004637_1,O004637,P004,2,0,3122.7,2449.64,0.05
I004637_2,O004637,P064,1,1,263.18,140.8,0.1
I004638_1,O004638,P029,1,0,2867.48,2642.14,0.0
I004638_2,O004638,P004,1,0,3345.74,2449.64,0.0
I004639_1,O004639,P093,2,0,1105.18,614.67,0.0
I004640_1,O004640,P057,1,0,2821.03,1751.13,0.1
I004641_1,O004641,P010,1,0,753.43,468.72,0.05
I004641_2,O004641,P033,1,0,2947.44,2420.38,0.0
I004641_3,O004641,P081,1,0,3368.17,2035.71,0.2
I004642_1,O004642,P090,1,0,1599.69,1197.25,0.2
I004642_2,O004642,P064,2,0,264.64,140.8,0.0
I004643_1,O004643,P044,2,0,2264.16,1529.57,0.05
I004644_1,O004644,P028,1,0,1524.27,1251.02,0.0
I004645_1,O004645,P054,1,0,333.44,290.26,0.0
I004645_2,O004645,P093,1,0,1058.59,614.67,0.0
I004646_1,O004646,P037,1,0,796.81,604.48,0.2
I004646_2,O004646,P099,2,0,1108.42,579.06,0.0
I004646_3,O004646,P023,1,0,2257.32,1316.59,0.0
I004647_1,O004647,P043,2,0,2634.06,2155.97,0.1
I004648_1,O004648,P065,1,0,2596.57,1840.19,0.0
I004648_2,O004648,P085,1,0,732.05,482.52,0.2
I004648_3,O004648,P099,1,0,1117.29,579.06,0.0
I004649_1,O004649,P047,1,0,3305.05,2991.8,0.05
I004649_2,O004649,P019,1,0,2563.08,1463.41,0.0
I004650_1,O004650,P020,1,0,3546.55,2726.34,0.05
I004650_2,O004650,P059,1,0,2782.52,2284.02,0.05
I004651_1,O004651,P033,1,0,2902.36,2420.38,0.0
I004651_2,O004651,P052,1,0,2619.32,2232.75,0.0
I004651_3,O004651,P002,1,0,2609.31,2136.38,0.0
I004652_1,O004652,P037,1,0,766.11,604.48,0.2
I004653_1,O004653,P120,1,0,3517.77,2258.38,0.1
I004653_2,O004653,P108,1,0,1180.28,757.54,0.0
I004654_1,O004654,P102,2,0,3513.0,2068.63,0.05
I004654_2,O004654,P010,1,0,763.77,468.72,0.05
I004655_1,O004655,P037,3,0,807.66,604.48,0.0
I004656_1,O004656,P059,1,1,2497.86,2284.02,0.05
I004657_1,O004657,P021,2,0,2998.77,2007.08,0.05
I004658_1,O004658,P019,2,0,2481.64,1463.41,0.0
I004658_2,O004658,P096,2,0,2982.66,1989.35,0.0
I004659_1,O004659,P113,1,0,2344.04,1457.19,0.0
I004659_2,O004659,P023,2,0,2462.97,1316.59,0.0
I004660_1,O004660,P099,2,0,1074.53,579.06,0.05
I004661_1,O004661,P050,2,2,1256.38,748.37,0.0
I004661_2,O004661,P114,1,1,1113.83,699.07,0.2
I004661_3,O004661,P051,1,0,2584.86,1856.67,0.0
I004662_1,O004662,P050,1,0,1214.58,748.37,0.1
I004662_2,O004662,P117,1,0,1619.82,1301.63,0.2
I004662_3,O004662,P087,1,0,2038.61,1487.18,0.1
I004663_1,O004663,P071,1,0,1913.25,1171.43,0.0
I004664_1,O004664,P040,1,0,2277.85,1719.58,0.0
I004665_1,O004665,P084,1,1,1090.77,785.13,0.0
I004666_1,O004666,P076,1,0,2455.0,1928.31,0.2
I004667_1,O004667,P019,2,0,2611.9,1463.41,0.0
I004668_1,O004668,P010,1,0,693.97,468.72,0.2
I004669_1,O004669,P087,1,0,1823.11,1487.18,0.1
I004669_2,O004669,P050,2,0,1131.54,748.37,0.0
I004669_3,O004669,P079,2,0,2360.89,1780.27,0.0
I004670_1,O004670,P019,1,1,2654.49,1463.41,0.05
I004670_2,O004670,P105,1,0,1294.39,1048.44,0.05
I004670_3,O004670,P029,1,0,2830.28,2642.14,0.0
I004671_1,O004671,P088,1,0,322.94,167.15,0.0
I004672_1,O004672,P046,2,0,215.18,119.22,0.0
I004673_1,O004673,P094,1,0,2973.69,1716.82,0.1
I004673_2,O004673,P045,2,0,1734.32,1393.5,0.05
I004674_1,O004674,P033,1,1,2670.98,2420.38,0.0
I004675_1,O004675,P119,1,0,656.86,550.1,0.0
I004675_2,O004675,P007,1,0,2847.57,2152.99,0.0
I004676_1,O004676,P016,2,0,2866.69,2126.82,0.0
I004676_2,O004676,P115,2,0,2458.56,1821.73,0.2
I004677_1,O004677,P024,1,0,3054.44,2312.84,0.0
I004677_2,O004677,P082,1,1,2269.41,1528.85,0.0
I004678_1,O004678,P026,1,0,3172.09,2746.76,0.05
I004679_1,O004679,P003,1,0,720.96,593.8,0.05
I004679_2,O004679,P083,1,1,924.01,674.18,0.1
I004680_1,O004680,P037,1,0,743.59,604.48,0.2
I004680_2,O004680,P117,1,0,1670.59,1301.63,0.0
I004681_1,O004681,P052,1,0,2615.12,2232.75,0.0
I004682_1,O004682,P034,1,1,715.94,551.76,0.2
I004682_2,O004682,P030,1,0,2584.43,1879.56,0.05
I004683_1,O004683,P036,1,0,2429.2,2239.64,0.05
I004683_2,O004683,P020,1,0,3495.19,2726.34,0.0
I004684_1,O004684,P058,2,0,1106.42,974.82,0.1
I004685_1,O004685,P033,2,0,2941.58,2420.38,0.0
I004686_1,O004686,P029,1,0,2836.33,2642.14,0.05
I004687_1,O004687,P017,1,0,1836.74,1079.58,0.2
I004687_2,O004687,P049,1,0,2679.06,1767.67,0.1
I004688_1,O004688,P107,1,0,816.95,517.21,0.0
I004689_1,O004689,P052,1,0,2598.53,2232.75,0.0
I004690_1,O004690,P101,1,0,397.78,290.92,0.0
I004690_2,O004690,P008,2,0,3097.42,2190.37,0.2
I004691_1,O004691,P073,1,1,3291.11,2517.93,0.0
I004692_1,O004692,P018,1,0,2914.0,1861.03,0.0
I004692_2,O004692,P110,1,0,560.4,387.41,0.0
I004693_1,O004693,P037,1,0,842.94,604.48,0.0
I004693_2,O004693,P073,1,0,3150.87,2517.93,0.1
I004694_1,O004694,P054,1,0,343.44,290.26,0.0
I004695_1,O004695,P047,2,0,3336.2,2991.8,0.2
I004695_2,O004695,P016,1,0,2899.7,2126.82,0.2
I004696_1,O004696,P098,2,0,333.31,210.13,0.1
I004697_1,O004697,P087,3,0,1994.73,1487.18,0.2
I004698_1,O004698,P077,1,0,3198.74,2738.96,0.0
I004698_2,O004698,P047,1,0,3688.8,2991.8,0.1
I004699_1,O004699,P112,1,0,1525.11,1059.45,0.05
I004700_1,O004700,P032,1,0,837.77,692.6,0.0
I004700_2,O004700,P060,1,0,3693.34,2190.75,0.1
I004701_1,O004701,P008,1,0,2979.98,2190.37,0.0
I004701_2,O004701,P029,1,0,2882.18,2642.14,0.1
I004702_1,O004702,P045,1,0,1754.73,1393.5,0.1
I004702_2,O004702,P033,1,0,3008.79,2420.38,0.3
I004703_1,O004703,P074,1,0,2787.75,2093.66,0.05
I004704_1,O004704,P060,1,0,3399.2,2190.75,0.0
I004705_1,O004705,P034,1,1,644.05,551.76,0.05
I004706_1,O004706,P113,1,0,2326.76,1457.19,0.0
I004707_1,O004707,P072,1,0,1854.1,1369.26,0.0
I004708_1,O004708,P031,2,0,291.04,221.16,0.1
I004708_2,O004708,P103,1,0,3508.86,3087.95,0.05
I004709_1,O004709,P088,1,0,314.77,167.15,0.0
I004709_2,O004709,P093,2,0,1049.61,614.67,0.0
I004710_1,O004710,P103,1,0,3539.04,3087.95,0.2
I004710_2,O004710,P058,1,0,1028.58,974.82,0.0
I004711_1,O004711,P068,1,0,3233.63,1829.36,0.2
I004711_2,O004711,P106,1,0,2943.01,2402.81,0.0
I004712_1,O004712,P038,1,0,2359.78,1939.6,0.05
I004712_2,O004712,P075,1,0,817.42,632.05,0.05
I004713_1,O004713,P081,1,0,3206.66,2035.71,0.0
I004714_1,O004714,P089,1,1,2760.46,1691.26,0.0
I004715_1,O004715,P088,2,0,292.98,167.15,0.0
I004715_2,O004715,P045,1,0,1584.41,1393.5,0.0
I004716_1,O004716,P017,1,0,1856.0,1079.58,0.0
I004716_2,O004716,P023,2,0,2275.3,1316.59,0.1
I004717_1,O004717,P019,1,0,2377.51,1463.41,0.0
I004718_1,O004718,P090,2,0,1817.06,1197.25,0.2
I004718_2,O004718,P118,1,0,1205.64,778.87,0.0
I004719_1,O004719,P055,2,0,1894.56,1250.56,0.0
I004719_2,O004719,P078,1,0,2667.44,1751.62,0.1
I004720_1,O004720,P109,1,0,2186.21,1696.43,0.0
I004721_1,O004721,P042,1,0,3359.6,2480.29,0.0
I004722_1,O004722,P101,1,0,392.89,290.92,0.05
I004723_1,O004723,P105,1,0,1352.08,1048.44,0.0
I004724_1,O004724,P095,1,0,3349.27,2194.24,0.05
I004724_2,O004724,P023,1,0,2286.81,1316.59,0.1
I004725_1,O004725,P084,1,0,1224.29,785.13,0.0
I004726_1,O004726,P086,2,0,527.03,301.67,0.1
I004727_1,O004727,P007,1,0,2802.23,2152.99,0.0
I004728_1,O004728,P037,2,0,845.29,604.48,0.1
I004728_2,O004728,P085,1,0,679.08,482.52,0.05
I004729_1,O004729,P014,1,0,1500.48,956.53,0.2
I004729_2,O004729,P031,2,0,280.53,221.16,0.1
I004730_1,O004730,P110,1,0,570.1,387.41,0.1
I004731_1,O004731,P013,1,0,1648.14,1078.11,0.0
I004731_2,O004731,P071,2,0,1970.41,1171.43,0.1
I004732_1,O004732,P104,1,0,791.21,640.45,0.05
I004733_1,O004733,P120,1,0,3484.47,2258.38,0.0
I004734_1,O004734,P119,1,0,636.68,550.1,0.0
I004735_1,O004735,P083,1,1,960.63,674.18,0.05
I004735_2,O004735,P026,1,0,3262.83,2746.76,0.05
I004736_1,O004736,P024,1,0,3240.71,2312.84,0.0
I004737_1,O004737,P010,2,0,762.85,468.72,0.1
I004738_1,O004738,P105,1,0,1225.34,1048.44,0.0
I004739_1,O004739,P036,1,0,2712.88,2239.64,0.2
I004739_2,O004739,P001,1,0,778.08,503.11,0.0
I004739_3,O004739,P002,1,0,2817.26,2136.38,0.1
I004740_1,O004740,P088,1,0,301.88,167.15,0.05
I004740_2,O004740,P036,1,0,2582.39,2239.64,0.05
I004741_1,O004741,P088,2,0,316.94,167.15,0.1
I004741_2,O004741,P117,1,0,1480.75,1301.63,0.2
I004742_1,O004742,P118,1,0,1302.1,778.87,0.05
I004743_1,O004743,P011,1,0,710.61,470.48,0.0
I004743_2,O004743,P032,1,0,789.87,692.6,0.2
I004744_1,O004744,P057,1,0,2882.01,1751.13,0.05
I004744_2,O004744,P035,1,0,2464.62,1657.14,0.1
I004745_1,O004745,P002,2,0,2673.51,2136.38,0.05
I004745_2,O004745,P015,1,0,1938.46,1639.7,0.1
I004746_1,O004746,P115,1,0,2678.0,1821.73,0.1
I004747_1,O004747,P058,1,0,1127.62,974.82,0.0
I004747_2,O004747,P010,1,0,694.68,468.72,0.0
I004748_1,O004748,P119,1,0,610.96,550.1,0.05
I004748_2,O004748,P097,1,0,550.62,385.34,0.1
I004749_1,O004749,P096,2,0,3175.19,1989.35,0.0
I004750_1,O004750,P082,2,0,2156.47,1528.85,0.0
I004750_2,O004750,P086,2,0,548.45,301.67,0.1
I004751_1,O004751,P082,3,0,2114.71,1528.85,0.1
I004752_1,O004752,P103,1,0,3386.39,3087.95,0.2
I004752_2,O004752,P117,2,0,1623.03,1301.63,0.2
I004753_1,O004753,P104,1,0,888.95,640.45,0.0
I004754_1,O004754,P071,3,0,2088.05,1171.43,0.1
I004754_2,O004754,P092,1,0,2494.22,1883.6,0.0
I004755_1,O004755,P062,1,0,1167.95,934.97,0.0
I004756_1,O004756,P089,1,0,2466.67,1691.26,0.0
I004757_1,O004757,P026,1,0,3203.98,2746.76,0.0
I004758_1,O004758,P006,1,0,3050.76,2483.13,0.2
I004759_1,O004759,P063,1,0,2323.6,1328.53,0.0
I004760_1,O004760,P045,1,0,1705.98,1393.5,0.1
I004761_1,O004761,P043,1,0,2670.91,2155.97,0.0
I004762_1,O004762,P120,1,0,3490.17,2258.38,0.05
I004762_2,O004762,P064,1,0,244.06,140.8,0.1
I004763_1,O004763,P050,1,0,1157.51,748.37,0.0
I004764_1,O004764,P051,1,0,2458.24,1856.67,0.0
I004765_1,O004765,P056,1,0,626.36,467.73,0.0
I004765_2,O004765,P086,1,0,509.48,301.67,0.0
I004765_3,O004765,P113,1,0,2160.3,1457.19,0.0
I004766_1,O004766,P103,1,0,3567.02,3087.95,0.0
I004767_1,O004767,P076,2,0,2615.77,1928.31,0.05
I004768_1,O004768,P106,1,0,2894.73,2402.81,0.2
I004769_1,O004769,P097,1,0,551.2,385.34,0.0
I004769_2,O004769,P068,1,0,3310.8,1829.36,0.05
I004770_1,O004770,P078,2,0,2790.78,1751.62,0.05
I004771_1,O004771,P070,2,0,3430.87,2889.93,0.05
I004771_2,O004771,P072,2,0,1847.62,1369.26,0.05
I004771_3,O004771,P069,1,0,2908.29,2596.65,0.05
I004772_1,O004772,P055,1,0,1677.12,1250.56,0.0
I004772_2,O004772,P085,1,0,666.97,482.52,0.05
I004772_3,O004772,P101,2,0,416.82,290.92,0.0
I004773_1,O004773,P088,1,0,319.84,167.15,0.2
I004774_1,O004774,P001,1,0,800.86,503.11,0.05
I004774_2,O004774,P112,1,0,1440.45,1059.45,0.0
I004774_3,O004774,P119,2,0,646.45,550.1,0.0
I004775_1,O004775,P002,1,0,2621.1,2136.38,0.05
I004776_1,O004776,P062,1,0,1218.14,934.97,0.0
I004777_1,O004777,P086,1,0,517.34,301.67,0.0
I004778_1,O004778,P050,1,0,1185.43,748.37,0.1
I004779_1,O004779,P049,2,0,2602.32,1767.67,0.1
I004779_2,O004779,P039,1,0,3054.61,1842.48,0.3
I004780_1,O004780,P004,1,0,3223.76,2449.64,0.05
I004780_2,O004780,P037,1,0,774.69,604.48,0.2
I004781_1,O004781,P012,1,0,3636.26,2599.93,0.0
I004782_1,O004782,P070,2,0,3815.66,2889.93,0.1
I004783_1,O004783,P108,1,0,1115.08,757.54,0.05
I004784_1,O004784,P082,1,0,2227.41,1528.85,0.0
I004784_2,O004784,P032,1,0,819.53,692.6,0.2
I004785_1,O004785,P053,1,0,2792.0,2330.08,0.0
I004786_1,O004786,P036,2,0,2475.71,2239.64,0.0
I004786_2,O004786,P092,1,0,2434.69,1883.6,0.1
I004787_1,O004787,P042,2,0,3673.07,2480.29,0.05
I004788_1,O004788,P004,2,0,3416.8,2449.64,0.05
I004789_1,O004789,P063,2,0,2321.51,1328.53,0.2
I004790_1,O004790,P020,1,0,3243.47,2726.34,0.3
I004790_2,O004790,P004,1,0,3349.81,2449.64,0.1
I004791_1,O004791,P095,3,0,3367.8,2194.24,0.0
I004791_2,O004791,P057,2,0,2913.34,1751.13,0.0
I004792_1,O004792,P093,1,0,1001.85,614.67,0.0
I004793_1,O004793,P109,1,0,2225.29,1696.43,0.0
I004794_1,O004794,P049,1,0,2800.42,1767.67,0.0
I004794_2,O004794,P001,1,0,797.92,503.11,0.05
I004795_1,O004795,P057,1,0,2701.43,1751.13,0.0
I004796_1,O004796,P047,2,0,3334.67,2991.8,0.0
I004797_1,O004797,P077,1,0,3299.18,2738.96,0.1
I004797_2,O004797,P026,1,0,3242.68,2746.76,0.0
I004797_3,O004797,P118,1,0,1278.3,778.87,0.2
I004798_1,O004798,P012,1,0,3660.75,2599.93,0.05
I004798_2,O004798,P098,1,0,365.39,210.13,0.1
I004799_1,O004799,P054,1,0,351.06,290.26,0.1
I004799_2,O004799,P004,1,0,3268.5,2449.64,0.1
I004799_3,O004799,P084,1,0,1228.98,785.13,0.2
I004800_1,O004800,P102,1,0,3336.01,2068.63,0.05
I004801_1,O004801,P053,1,0,2815.5,2330.08,0.0
I004801_2,O004801,P031,1,0,316.92,221.16,0.0
I004802_1,O004802,P089,2,0,2433.95,1691.26,0.05
I004803_1,O004803,P007,2,0,2812.22,2152.99,0.1
I004804_1,O004804,P041,1,0,1723.62,1272.83,0.0
I004804_2,O004804,P008,1,0,3345.43,2190.37,0.05
I004805_1,O004805,P040,1,0,2299.67,1719.58,0.2
I004805_2,O004805,P086,1,0,523.89,301.67,0.2
I004806_1,O004806,P077,1,0,2988.69,2738.96,0.0
I004806_2,O004806,P009,1,0,200.62,142.71,0.0
I004807_1,O004807,P056,2,0,641.75,467.73,0.2
I004807_2,O004807,P060,1,0,3325.36,2190.75,0.1
I004808_1,O004808,P016,1,0,2817.9,2126.82,0.05
I004809_1,O004809,P086,1,0,562.78,301.67,0.0
I004809_2,O004809,P056,2,0,649.9,467.73,0.05
I004809_3,O004809,P019,1,0,2472.98,1463.41,0.1
I004810_1,O004810,P014,1,0,1394.25,956.53,0.05
I004810_2,O004810,P106,1,0,2825.38,2402.81,0.2
I004811_1,O004811,P079,1,0,2286.91,1780.27,0.0
I004812_1,O004812,P033,1,0,2952.6,2420.38,0.0
I004813_1,O004813,P120,1,0,3354.07,2258.38,0.0
I004814_1,O004814,P085,1,0,691.41,482.52,0.0
I004815_1,O004815,P003,1,0,687.15,593.8,0.1
I004815_2,O004815,P068,1,0,3320.16,1829.36,0.0
I004816_1,O004816,P109,2,2,2359.06,1696.43,0.0
I004816_2,O004816,P114,1,0,1136.81,699.07,0.0
I004817_1,O004817,P108,2,0,1083.68,757.54,0.3
I004817_2,O004817,P056,1,0,702.79,467.73,0.0
I004818_1,O004818,P003,1,0,683.08,593.8,0.3
I004819_1,O004819,P038,1,0,2544.6,1939.6,0.0
I004819_2,O004819,P040,1,0,2066.44,1719.58,0.3
I004819_3,O004819,P080,1,0,860.47,706.47,0.05
I004820_1,O004820,P041,2,0,1669.26,1272.83,0.05
I004820_2,O004820,P033,1,0,2657.34,2420.38,0.0
I004821_1,O004821,P061,1,0,2532.55,1810.66,0.2
I004821_2,O004821,P004,1,0,3194.54,2449.64,0.1
I004822_1,O004822,P030,3,0,2467.21,1879.56,0.0
I004822_2,O004822,P095,1,0,3103.06,2194.24,0.1
I004823_1,O004823,P069,1,0,3003.51,2596.65,0.05
I004824_1,O004824,P013,1,0,1803.55,1078.11,0.0
I004825_1,O004825,P032,2,0,837.21,692.6,0.0
I004825_2,O004825,P067,1,1,1168.45,736.87,0.0
I004826_1,O004826,P075,1,0,917.14,632.05,0.05
I004827_1,O004827,P119,1,0,640.9,550.1,0.05
I004827_2,O004827,P025,2,0,713.13,526.03,0.0
I004828_1,O004828,P034,1,0,689.74,551.76,0.3
I004828_2,O004828,P067,1,0,1127.96,736.87,0.0
I004829_1,O004829,P050,1,0,1179.46,748.37,0.0
I004829_2,O004829,P067,1,0,1099.19,736.87,0.0
I004830_1,O004830,P084,2,0,1105.2,785.13,0.0
I004831_1,O004831,P097,1,0,500.93,385.34,0.3
I004831_2,O004831,P037,2,0,759.25,604.48,0.0
I004832_1,O004832,P015,1,0,1918.29,1639.7,0.2
I004833_1,O004833,P102,1,0,3244.5,2068.63,0.0
I004833_2,O004833,P018,1,0,2949.57,1861.03,0.0
I004834_1,O004834,P076,1,0,2609.86,1928.31,0.0
I004835_1,O004835,P003,1,0,721.07,593.8,0.2
I004835_2,O004835,P018,2,0,2759.97,1861.03,0.1
I004836_1,O004836,P086,1,0,514.51,301.67,0.1
I004837_1,O004837,P046,1,0,216.48,119.22,0.05
I004838_1,O004838,P016,1,0,2918.83,2126.82,0.0
I004839_1,O004839,P006,2,0,2918.92,2483.13,0.0
I004839_2,O004839,P052,2,0,2860.38,2232.75,0.0
I004840_1,O004840,P038,1,0,2628.1,1939.6,0.3
I004841_1,O004841,P102,1,0,3537.52,2068.63,0.0
I004842_1,O004842,P011,2,0,705.19,470.48,0.0
I004842_2,O004842,P028,1,0,1534.36,1251.02,0.0
I004843_1,O004843,P110,1,0,546.75,387.41,0.05
I004843_2,O004843,P085,1,0,734.69,482.52,0.1
I004844_1,O004844,P040,1,0,2208.92,1719.58,0.05
I004845_1,O004845,P010,1,0,769.34,468.72,0.0
I004845_2,O004845,P089,1,0,2763.02,1691.26,0.2
I004846_1,O004846,P063,2,0,2165.11,1328.53,0.0
I004847_1,O004847,P026,1,0,3320.07,2746.76,0.05
I004848_1,O004848,P101,1,0,410.72,290.92,0.0
I004848_2,O004848,P062,1,0,1089.68,934.97,0.0
I004848_3,O004848,P040,1,0,2083.11,1719.58,0.1
I004849_1,O004849,P063,2,0,2408.0,1328.53,0.0
I004849_2,O004849,P036,2,0,2673.42,2239.64,0.1
I004850_1,O004850,P051,1,0,2545.34,1856.67,0.0
I004850_2,O004850,P116,1,0,2975.04,2344.15,0.1
I004851_1,O004851,P088,1,0,303.07,167.15,0.1
I004852_1,O004852,P056,2,0,700.93,467.73,0.0
I004853_1,O004853,P084,1,1,1237.16,785.13,0.05
I004854_1,O004854,P035,1,1,2216.21,1657.14,0.0
I004854_2,O004854,P040,2,0,2097.99,1719.58,0.1
I004855_1,O004855,P115,1,0,2657.16,1821.73,0.0
I004856_1,O004856,P009,1,0,186.7,142.71,0.05
I004857_1,O004857,P015,1,1,1906.66,1639.7,0.1
I004858_1,O004858,P046,1,0,222.45,119.22,0.2
I004859_1,O004859,P093,2,1,992.24,614.67,0.0
I004860_1,O004860,P119,2,0,648.93,550.1,0.0
I004860_2,O004860,P033,2,0,2751.65,2420.38,0.1
I004861_1,O004861,P081,1,0,3044.31,2035.71,0.05
I004861_2,O004861,P015,2,1,1842.74,1639.7,0.2
I004862_1,O004862,P042,1,0,3415.17,2480.29,0.0
I004863_1,O004863,P004,1,0,3120.94,2449.64,0.0
I004863_2,O004863,P010,1,0,748.38,468.72,0.0
I004864_1,O004864,P106,2,0,2800.71,2402.81,0.3
I004865_1,O004865,P020,1,0,3291.13,2726.34,0.3
I004865_2,O004865,P078,1,0,2847.95,1751.62,0.05
I004866_1,O004866,P096,1,0,3235.57,1989.35,0.05
I004867_1,O004867,P101,1,0,393.99,290.92,0.1
I004867_2,O004867,P092,1,0,2636.13,1883.6,0.0
I004868_1,O004868,P005,2,2,2339.02,1891.99,0.0
I004869_1,O004869,P024,1,0,3150.92,2312.84,0.05
I004870_1,O004870,P062,2,0,1128.77,934.97,0.05
I004871_1,O004871,P060,2,0,3220.2,2190.75,0.0
I004871_2,O004871,P064,1,0,252.92,140.8,0.1
I004872_1,O004872,P082,1,0,2121.11,1528.85,0.0
I004873_1,O004873,P019,1,0,2590.43,1463.41,0.1
I004873_2,O004873,P088,1,0,322.1,167.15,0.1
I004874_1,O004874,P067,1,0,1154.0,736.87,0.1
I004874_2,O004874,P006,2,0,2795.39,2483.13,0.0
I004875_1,O004875,P039,2,0,3009.98,1842.48,0.0
I004875_2,O004875,P021,1,0,3268.47,2007.08,0.0
I004876_1,O004876,P091,1,0,773.2,567.3,0.1
I004876_2,O004876,P078,1,0,2780.92,1751.62,0.1
I004877_1,O004877,P103,1,0,3703.76,3087.95,0.0
I004878_1,O004878,P088,1,0,311.09,167.15,0.05
I004878_2,O004878,P119,2,0,603.7,550.1,0.1
I004879_1,O004879,P009,2,0,182.22,142.71,0.0
I004880_1,O004880,P024,2,0,3207.38,2312.84,0.0
I004880_2,O004880,P115,1,0,2576.99,1821.73,0.0
I004880_3,O004880,P086,1,0,522.31,301.67,0.2
I004881_1,O004881,P075,1,0,851.95,632.05,0.0
I004882_1,O004882,P102,1,0,3531.73,2068.63,0.05
I004883_1,O004883,P069,1,0,3110.49,2596.65,0.1
I004884_1,O004884,P080,1,1,836.67,706.47,0.0
I004885_1,O004885,P067,1,0,1224.14,736.87,0.0
I004885_2,O004885,P063,1,0,2376.68,1328.53,0.3
I004886_1,O004886,P060,1,0,3649.95,2190.75,0.0
I004886_2,O004886,P034,1,0,655.85,551.76,0.05
I004887_1,O004887,P023,1,0,2358.62,1316.59,0.0
I004887_2,O004887,P091,2,0,827.29,567.3,0.05
I004888_1,O004888,P008,2,0,3203.96,2190.37,0.0
I004889_1,O004889,P092,1,0,2392.33,1883.6,0.0
I004889_2,O004889,P095,1,0,3560.2,2194.24,0.2
I004890_1,O004890,P035,2,0,2467.24,1657.14,0.0
I004890_2,O004890,P084,1,0,1211.39,785.13,0.0
I004891_1,O004891,P091,1,0,806.67,567.3,0.05
I004891_2,O004891,P060,1,0,3390.06,2190.75,0.0
I004892_1,O004892,P011,1,0,679.27,470.48,0.0
I004893_1,O004893,P017,1,0,1840.44,1079.58,0.0
I004894_1,O004894,P087,1,0,1953.14,1487.18,0.05
I004895_1,O004895,P112,1,0,1401.51,1059.45,0.3
I004896_1,O004896,P026,1,0,3070.35,2746.76,0.05
I004896_2,O004896,P021,1,0,3063.99,2007.08,0.0
I004897_1,O004897,P066,1,0,607.23,449.79,0.0
I004898_1,O004898,P087,1,0,1852.77,1487.18,0.1
I004899_1,O004899,P042,2,0,3451.27,2480.29,0.0
I004899_2,O004899,P061,2,0,2695.6,1810.66,0.0
I004900_1,O004900,P110,1,0,575.13,387.41,0.0
I004901_1,O004901,P064,1,0,251.59,140.8,0.2
I004902_1,O004902,P017,1,0,1861.99,1079.58,0.0
I004902_2,O004902,P089,1,0,2545.28,1691.26,0.0
I004902_3,O004902,P005,1,0,2421.4,1891.99,0.05
I004903_1,O004903,P099,1,0,1119.32,579.06,0.2
I004903_2,O004903,P082,1,0,2205.28,1528.85,0.0
I004904_1,O004904,P003,1,0,709.08,593.8,0.2
I004904_2,O004904,P008,1,0,3146.58,2190.37,0.0
I004905_1,O004905,P029,2,0,3104.52,2642.14,0.1
I004906_1,O004906,P018,1,0,2863.76,1861.03,0.1
I004907_1,O004907,P096,1,0,3375.45,1989.35,0.0
I004907_2,O004907,P098,2,0,350.07,210.13,0.2
I004908_1,O004908,P108,2,0,1078.44,757.54,0.05
I004909_1,O004909,P107,1,0,845.95,517.21,0.05
I004909_2,O004909,P070,1,0,3401.55,2889.93,0.0
I004910_1,O004910,P038,1,0,2365.45,1939.6,0.1
I004911_1,O004911,P108,1,0,1091.11,757.54,0.05
I004912_1,O004912,P089,1,0,2628.06,1691.26,0.2
I004913_1,O004913,P082,1,0,2162.42,1528.85,0.05
I004914_1,O004914,P007,1,1,2679.8,2152.99,0.0
I004914_2,O004914,P075,2,0,899.31,632.05,0.05
I004914_3,O004914,P055,2,0,1874.83,1250.56,0.05
I004915_1,O004915,P066,1,0,601.6,449.79,0.05
I004915_2,O004915,P015,2,2,1917.66,1639.7,0.0
I004915_3,O004915,P028,2,0,1439.29,1251.02,0.05
I004916_1,O004916,P117,1,0,1454.84,1301.63,0.0
I004917_1,O004917,P050,1,0,1114.18,748.37,0.1
I004917_2,O004917,P031,1,0,303.82,221.16,0.2
I004918_1,O004918,P023,1,0,2231.16,1316.59,0.05
I004919_1,O004919,P081,3,0,2967.93,2035.71,0.0
I004920_1,O004920,P075,2,0,862.44,632.05,0.2
I004920_2,O004920,P042,1,0,3473.84,2480.29,0.05
I004921_1,O004921,P104,1,0,785.38,640.45,0.0
I004921_2,O004921,P007,1,0,2672.27,2152.99,0.05
I004922_1,O004922,P036,1,0,2429.89,2239.64,0.2
I004923_1,O004923,P064,1,0,256.92,140.8,0.0
I004923_2,O004923,P032,1,0,820.91,692.6,0.0
I004924_1,O004924,P086,1,0,562.95,301.67,0.1
I004924_2,O004924,P099,1,0,1111.8,579.06,0.05
I004925_1,O004925,P047,1,0,3478.2,2991.8,0.0
I004926_1,O004926,P007,1,0,2761.92,2152.99,0.0
I004927_1,O004927,P117,1,0,1501.9,1301.63,0.05
I004927_2,O004927,P107,1,0,858.11,517.21,0.0
I004928_1,O004928,P109,1,0,2396.72,1696.43,0.0
I004929_1,O004929,P056,1,0,716.1,467.73,0.2
I004929_2,O004929,P006,1,0,2952.93,2483.13,0.05
I004930_1,O004930,P040,1,0,2250.9,1719.58,0.05
I004930_2,O004930,P087,1,0,1952.82,1487.18,0.2
I004931_1,O004931,P110,3,0,593.93,387.41,0.2
I004932_1,O004932,P103,1,0,3664.81,3087.95,0.0
I004932_2,O004932,P009,1,0,199.75,142.71,0.2
I004933_1,O004933,P073,1,0,3274.12,2517.93,0.0
I004934_1,O004934,P055,1,1,1684.34,1250.56,0.0
I004935_1,O004935,P051,1,0,2756.83,1856.67,0.0
I004935_2,O004935,P073,1,0,2919.76,2517.93,0.1
I004936_1,O004936,P011,2,0,688.95,470.48,0.1
I004937_1,O004937,P107,1,0,925.37,517.21,0.1
I004937_2,O004937,P099,2,0,995.19,579.06,0.05
I004938_1,O004938,P034,1,0,651.47,551.76,0.05
I004939_1,O004939,P037,1,0,845.39,604.48,0.0
I004940_1,O004940,P014,3,0,1498.98,956.53,0.2
I004941_1,O004941,P064,1,0,243.23,140.8,0.0
I004941_2,O004941,P117,2,0,1456.68,1301.63,0.05
I004941_3,O004941,P056,1,0,700.26,467.73,0.0
I004942_1,O004942,P001,1,0,820.05,503.11,0.2
I004943_1,O004943,P097,2,0,502.69,385.34,0.1
I004943_2,O004943,P030,1,0,2494.58,1879.56,0.05
I004944_1,O004944,P099,1,0,1006.15,579.06,0.0
I004945_1,O004945,P107,1,0,884.74,517.21,0.1
I004945_2,O004945,P108,1,0,1075.96,757.54,0.2
I004946_1,O004946,P057,1,0,2949.09,1751.13,0.05
I004946_2,O004946,P003,1,0,682.85,593.8,0.05
I004947_1,O004947,P049,1,0,2485.39,1767.67,0.2
I004948_1,O004948,P035,2,0,2229.58,1657.14,0.0
I004949_1,O004949,P101,1,0,393.45,290.92,0.05
I004949_2,O004949,P003,1,0,739.47,593.8,0.0
I004950_1,O004950,P075,1,0,863.04,632.05,0.0
I004951_1,O004951,P098,1,0,337.24,210.13,0.0
I004952_1,O004952,P041,1,0,1652.83,1272.83,0.0
I004952_2,O004952,P116,1,0,2786.34,2344.15,0.0
I004953_1,O004953,P067,1,0,1130.39,736.87,0.1
I004953_2,O004953,P060,3,0,3327.85,2190.75,0.05
I004954_1,O004954,P079,1,0,2442.31,1780.27,0.0
I004955_1,O004955,P068,1,0,3282.79,1829.36,0.05
I004956_1,O004956,P061,1,0,2660.04,1810.66,0.05
I004957_1,O004957,P013,2,0,1704.93,1078.11,0.2
I004958_1,O004958,P075,1,0,921.87,632.05,0.05
I004958_2,O004958,P024,2,1,3066.9,2312.84,0.1
I004959_1,O004959,P096,1,0,3064.96,1989.35,0.05
I004960_1,O004960,P088,1,0,288.82,167.15,0.0
I004960_2,O004960,P077,1,0,3183.08,2738.96,0.05
I004960_3,O004960,P029,1,0,3239.09,2642.14,0.0
I004961_1,O004961,P018,1,0,2948.75,1861.03,0.2
I004962_1,O004962,P003,1,0,655.73,593.8,0.0
I004963_1,O004963,P055,1,0,1661.46,1250.56,0.05
I004964_1,O004964,P012,1,0,3424.36,2599.93,0.0
I004965_1,O004965,P049,1,0,2689.74,1767.67,0.1
I004965_2,O004965,P051,1,0,2777.9,1856.67,0.2
I004965_3,O004965,P033,1,0,2782.88,2420.38,0.0
I004966_1,O004966,P066,2,0,591.58,449.79,0.05
I004967_1,O004967,P065,1,0,2507.54,1840.19,0.1
I004967_2,O004967,P045,1,0,1646.49,1393.5,0.1
I004968_1,O004968,P031,1,0,291.95,221.16,0.1
I004969_1,O004969,P107,1,0,891.77,517.21,0.05
I004970_1,O004970,P049,1,0,2569.87,1767.67,0.0
I004971_1,O004971,P012,1,0,3488.9,2599.93,0.1
I004971_2,O004971,P117,1,0,1547.73,1301.63,0.1
I004972_1,O004972,P004,1,1,3128.84,2449.64,0.0
I004973_1,O004973,P089,2,0,2634.14,1691.26,0.1
I004973_2,O004973,P076,1,0,2475.36,1928.31,0.0
I004973_3,O004973,P107,1,0,820.58,517.21,0.0
I004974_1,O004974,P023,1,0,2154.78,1316.59,0.0
I004974_2,O004974,P107,1,0,869.27,517.21,0.0
I004975_1,O004975,P031,1,0,284.8,221.16,0.1
I004975_2,O004975,P053,2,0,2974.22,2330.08,0.1
I004976_1,O004976,P056,1,0,680.8,467.73,0.1
I004977_1,O004977,P036,1,0,2618.48,2239.64,0.0
I004977_2,O004977,P019,1,0,2644.3,1463.41,0.05
I004977_3,O004977,P099,1,0,1055.97,579.06,0.1
I004978_1,O004978,P028,2,0,1439.64,1251.02,0.1
I004979_1,O004979,P065,1,0,2573.27,1840.19,0.05
I004979_2,O004979,P036,1,0,2755.39,2239.64,0.05
I004980_1,O004980,P041,1,0,1658.3,1272.83,0.05
I004981_1,O004981,P025,1,0,724.3,526.03,0.2
I004981_2,O004981,P079,1,0,2208.48,1780.27,0.1
I004981_3,O004981,P111,1,0,1124.33,738.87,0.0
I004982_1,O004982,P106,1,0,2961.54,2402.81,0.05
I004983_1,O004983,P087,1,1,1886.6,1487.18,0.1
I004983_2,O004983,P102,1,0,3478.24,2068.63,0.3
I004984_1,O004984,P030,2,0,2780.45,1879.56,0.0
I004984_2,O004984,P093,1,0,971.45,614.67,0.05
I004985_1,O004985,P105,1,0,1352.25,1048.44,0.1
I004986_1,O004986,P032,1,0,876.03,692.6,0.05
I004986_2,O004986,P044,1,0,2196.88,1529.57,0.05
I004987_1,O004987,P020,1,0,3406.69,2726.34,0.1
I004988_1,O004988,P038,1,1,2647.08,1939.6,0.1
I004988_2,O004988,P075,1,0,827.08,632.05,0.0
I004989_1,O004989,P047,2,2,3533.78,2991.8,0.1
I004990_1,O004990,P052,1,0,2677.26,2232.75,0.05
I004991_1,O004991,P081,1,0,3177.56,2035.71,0.05
I004991_2,O004991,P062,2,0,1225.83,934.97,0.1
I004992_1,O004992,P006,2,0,3003.49,2483.13,0.05
I004993_1,O004993,P055,1,0,1793.04,1250.56,0.2
I004993_2,O004993,P020,1,0,3624.55,2726.34,0.05
I004993_3,O004993,P080,1,0,915.17,706.47,0.1
I004994_1,O004994,P106,1,0,2840.9,2402.81,0.0
I004995_1,O004995,P109,2,0,2333.09,1696.43,0.05
I004995_2,O004995,P020,2,0,3364.34,2726.34,0.05
I004996_1,O004996,P056,1,0,700.42,467.73,0.3
I004997_1,O004997,P038,3,0,2346.91,1939.6,0.1
I004997_2,O004997,P094,2,0,2895.78,1716.82,0.0
I004998_1,O004998,P021,1,0,2956.03,2007.08,0.05
I004999_1,O004999,P051,1,0,2454.3,1856.67,0.05
I004999_2,O004999,P061,1,0,2843.69,1810.66,0.05
I005000_1,O005000,P020,1,0,3346.0,2726.34,0.05
I005000_2,O005000,P068,1,0,3545.71,1829.36,0.0
I005001_1,O005001,P012,1,0,3510.25,2599.93,0.0
I005001_2,O005001,P011,1,0,668.3,470.48,0.05
I005002_1,O005002,P054,1,0,335.27,290.26,0.1
I005002_2,O005002,P084,1,0,1184.72,785.13,0.0
I005003_1,O005003,P038,1,0,2350.55,1939.6,0.1
I005003_2,O005003,P056,1,0,658.84,467.73,0.05
I005003_3,O005003,P013,1,0,1810.01,1078.11,0.1
I005004_1,O005004,P107,1,0,823.01,517.21,0.05
I005005_1,O005005,P071,1,0,1866.25,1171.43,0.05
I005005_2,O005005,P090,1,0,1799.27,1197.25,0.1
I005005_3,O005005,P087,1,0,1879.66,1487.18,0.05
I005006_1,O005006,P022,2,0,2022.6,1361.4,0.0
I005007_1,O005007,P119,1,0,629.91,550.1,0.05
I005007_2,O005007,P035,1,0,2480.25,1657.14,0.1
I005008_1,O005008,P010,1,1,683.9,468.72,0.05
I005008_2,O005008,P064,1,0,250.83,140.8,0.1
I005009_1,O005009,P058,1,0,1087.05,974.82,0.05
I005009_2,O005009,P010,2,0,765.58,468.72,0.0
I005009_3,O005009,P031,2,0,308.59,221.16,0.1
I005010_1,O005010,P056,1,0,653.89,467.73,0.0
I005011_1,O005011,P013,2,0,1810.05,1078.11,0.2
I005012_1,O005012,P076,1,0,2500.57,1928.31,0.2
I005013_1,O005013,P109,2,0,2244.99,1696.43,0.2
I005013_2,O005013,P076,1,0,2515.63,1928.31,0.2
I005014_1,O005014,P066,2,0,568.51,449.79,0.3
I005015_1,O005015,P008,3,0,3289.07,2190.37,0.05
I005016_1,O005016,P016,1,0,2707.56,2126.82,0.0
I005017_1,O005017,P099,2,1,1050.21,579.06,0.1
I005018_1,O005018,P091,1,0,757.62,567.3,0.0
I005019_1,O005019,P057,1,0,2914.63,1751.13,0.0
I005020_1,O005020,P114,1,0,1076.72,699.07,0.05
I005020_2,O005020,P033,1,0,2897.99,2420.38,0.2
I005021_1,O005021,P079,1,0,2419.65,1780.27,0.0
I005022_1,O005022,P089,1,0,2690.95,1691.26,0.0
I005022_2,O005022,P044,1,1,2278.67,1529.57,0.1
I005023_1,O005023,P047,2,0,3645.04,2991.8,0.05
I005024_1,O005024,P033,1,0,2996.29,2420.38,0.05
I005025_1,O005025,P042,1,0,3466.57,2480.29,0.3
I005025_2,O005025,P019,2,0,2465.9,1463.41,0.2
I005026_1,O005026,P036,1,0,2722.97,2239.64,0.2
I005026_2,O005026,P006,2,0,3009.04,2483.13,0.0
I005026_3,O005026,P092,1,0,2691.38,1883.6,0.0
I005027_1,O005027,P072,1,0,1698.08,1369.26,0.1
I005028_1,O005028,P093,1,0,1044.92,614.67,0.0
I005028_2,O005028,P035,1,0,2468.88,1657.14,0.2
I005029_1,O005029,P045,2,0,1746.5,1393.5,0.05
I005029_2,O005029,P009,1,0,198.12,142.71,0.1
I005030_1,O005030,P029,1,0,3134.91,2642.14,0.05
I005031_1,O005031,P008,2,0,3045.3,2190.37,0.0
I005032_1,O005032,P050,1,0,1146.06,748.37,0.05
I005033_1,O005033,P043,1,0,2619.27,2155.97,0.1
I005034_1,O005034,P062,1,0,1097.74,934.97,0.1
I005035_1,O005035,P105,1,0,1211.47,1048.44,0.05
I005035_2,O005035,P083,1,0,888.57,674.18,0.0
I005036_1,O005036,P115,1,0,2627.86,1821.73,0.05
I005037_1,O005037,P110,1,0,582.75,387.41,0.05
I005038_1,O005038,P001,1,0,776.59,503.11,0.0
I005038_2,O005038,P088,3,0,298.86,167.15,0.05
I005039_1,O005039,P095,2,0,3507.39,2194.24,0.05
I005039_2,O005039,P016,1,0,2883.86,2126.82,0.0
I005040_1,O005040,P022,3,0,1948.45,1361.4,0.05
I005041_1,O005041,P063,1,0,2352.01,1328.53,0.1
I005042_1,O005042,P060,1,0,3346.75,2190.75,0.0
I005043_1,O005043,P116,2,0,2802.09,2344.15,0.0
I005043_2,O005043,P062,1,1,1085.0,934.97,0.0
I005044_1,O005044,P097,1,0,514.72,385.34,0.3
I005044_2,O005044,P001,1,0,783.27,503.11,0.3
I005045_1,O005045,P048,1,0,2341.35,2064.58,0.0
I005046_1,O005046,P112,1,0,1609.65,1059.45,0.05
I005047_1,O005047,P043,1,0,2538.16,2155.97,0.0
I005048_1,O005048,P001,1,0,825.09,503.11,0.3
I005049_1,O005049,P051,1,0,2550.25,1856.67,0.05
I005050_1,O005050,P044,1,0,2055.95,1529.57,0.05
I005050_2,O005050,P019,1,0,2391.1,1463.41,0.05
I005050_3,O005050,P109,2,2,2372.33,1696.43,0.0
I005051_1,O005051,P079,1,0,2341.87,1780.27,0.0
I005052_1,O005052,P003,1,0,720.79,593.8,0.05
I005053_1,O005053,P062,1,0,1132.04,934.97,0.0
I005054_1,O005054,P022,1,0,1976.92,1361.4,0.05
I005055_1,O005055,P033,1,0,2802.64,2420.38,0.1
I005055_2,O005055,P012,2,0,3724.03,2599.93,0.2
I005055_3,O005055,P069,1,0,3127.91,2596.65,0.05
I005056_1,O005056,P044,1,0,2118.37,1529.57,0.05
I005056_2,O005056,P023,2,0,2407.1,1316.59,0.3
I005057_1,O005057,P017,2,0,1944.77,1079.58,0.3
I005057_2,O005057,P105,1,0,1322.13,1048.44,0.0
I005058_1,O005058,P070,1,1,3420.48,2889.93,0.1
I005059_1,O005059,P094,1,0,2785.52,1716.82,0.0
I005059_2,O005059,P120,1,0,3469.24,2258.38,0.0
I005060_1,O005060,P072,1,0,1660.95,1369.26,0.1
I005061_1,O005061,P099,1,0,1119.93,579.06,0.05
I005061_2,O005061,P054,2,0,329.57,290.26,0.05
I005061_3,O005061,P102,1,0,3484.96,2068.63,0.1
I005062_1,O005062,P078,1,0,2802.44,1751.62,0.0
I005063_1,O005063,P062,1,0,1141.56,934.97,0.2
I005064_1,O005064,P072,1,0,1693.32,1369.26,0.0
I005065_1,O005065,P029,1,0,2956.68,2642.14,0.05
I005065_2,O005065,P091,1,1,840.14,567.3,0.05
I005066_1,O005066,P055,2,2,1745.48,1250.56,0.0
I005067_1,O005067,P087,1,0,1835.47,1487.18,0.0
I005067_2,O005067,P046,1,0,229.66,119.22,0.05
I005067_3,O005067,P100,1,0,3082.43,2560.83,0.05
I005068_1,O005068,P003,1,0,705.45,593.8,0.0
I005068_2,O005068,P061,2,0,2861.2,1810.66,0.2
I005068_3,O005068,P119,1,0,634.55,550.1,0.0
I005069_1,O005069,P111,1,1,1183.1,738.87,0.1
I005070_1,O005070,P112,1,0,1455.78,1059.45,0.0
I005070_2,O005070,P008,1,0,2993.64,2190.37,0.05
I005071_1,O005071,P081,2,0,2989.85,2035.71,0.3
I005072_1,O005072,P100,1,0,2732.22,2560.83,0.0
I005073_1,O005073,P064,1,0,259.73,140.8,0.2
I005074_1,O005074,P117,1,0,1520.48,1301.63,0.0
I005074_2,O005074,P015,1,0,1971.1,1639.7,0.0
I005075_1,O005075,P120,2,0,3303.5,2258.38,0.05
I005076_1,O005076,P082,3,0,2249.92,1528.85,0.1
I005077_1,O005077,P059,2,1,2457.38,2284.02,0.1
I005077_2,O005077,P027,1,0,2140.04,1900.67,0.1
I005078_1,O005078,P064,1,0,247.11,140.8,0.05
I005079_1,O005079,P033,1,0,2702.88,2420.38,0.2
I005079_2,O005079,P079,1,0,2308.28,1780.27,0.0
I005080_1,O005080,P048,1,0,2332.79,2064.58,0.2
I005081_1,O005081,P008,1,0,3199.28,2190.37,0.05
I005082_1,O005082,P066,2,0,596.2,449.79,0.05
I005082_2,O005082,P114,3,0,1049.41,699.07,0.0
I005083_1,O005083,P104,2,0,855.66,640.45,0.05
I005084_1,O005084,P046,1,0,230.21,119.22,0.0
I005084_2,O005084,P069,1,0,2810.13,2596.65,0.0
I005084_3,O005084,P077,2,0,3226.32,2738.96,0.1
I005085_1,O005085,P100,1,0,3110.67,2560.83,0.0
I005086_1,O005086,P110,2,0,578.43,387.41,0.3
I005087_1,O005087,P070,1,0,3485.95,2889.93,0.1
I005087_2,O005087,P014,1,0,1457.77,956.53,0.3
I005088_1,O005088,P105,1,0,1226.14,1048.44,0.0
I005088_2,O005088,P095,1,0,3253.2,2194.24,0.0
I005088_3,O005088,P090,1,0,1632.51,1197.25,0.0
I005089_1,O005089,P103,1,0,3459.69,3087.95,0.0
I005089_2,O005089,P094,1,0,2979.86,1716.82,0.05
I005089_3,O005089,P099,1,0,1055.33,579.06,0.1
I005090_1,O005090,P029,1,0,2881.14,2642.14,0.2
I005090_2,O005090,P096,2,0,3213.54,1989.35,0.0
I005090_3,O005090,P118,1,0,1345.06,778.87,0.0
I005091_1,O005091,P062,1,0,1188.65,934.97,0.1
I005091_2,O005091,P116,3,2,2649.52,2344.15,0.0
I005091_3,O005091,P078,1,0,2626.83,1751.62,0.05
I005092_1,O005092,P078,1,0,2745.35,1751.62,0.1
I005093_1,O005093,P040,1,0,2351.68,1719.58,0.1
I005094_1,O005094,P075,2,0,821.88,632.05,0.2
I005094_2,O005094,P044,1,0,2129.38,1529.57,0.0
I005095_1,O005095,P052,1,1,2845.3,2232.75,0.0
I005096_1,O005096,P062,1,0,1125.4,934.97,0.1
I005097_1,O005097,P027,1,0,2140.0,1900.67,0.0
I005098_1,O005098,P075,1,0,856.5,632.05,0.1
I005099_1,O005099,P017,1,0,1963.78,1079.58,0.2
I005100_1,O005100,P021,1,0,2952.24,2007.08,0.1
I005100_2,O005100,P022,1,0,2040.61,1361.4,0.1
I005100_3,O005100,P099,2,0,1116.71,579.06,0.1
I005101_1,O005101,P037,2,0,774.72,604.48,0.0
I005102_1,O005102,P025,1,0,805.81,526.03,0.0
I005102_2,O005102,P037,2,0,777.57,604.48,0.0
I005103_1,O005103,P043,2,0,2434.64,2155.97,0.0
I005104_1,O005104,P083,1,1,887.62,674.18,0.2
I005105_1,O005105,P047,1,0,3308.81,2991.8,0.0
I005105_2,O005105,P048,1,0,2440.13,2064.58,0.0
I005105_3,O005105,P094,2,0,2959.76,1716.82,0.0
I005106_1,O005106,P037,1,0,745.38,604.48,0.05
I005106_2,O005106,P115,1,0,2480.83,1821.73,0.0
I005107_1,O005107,P086,1,0,519.31,301.67,0.05
I005107_2,O005107,P108,2,0,1155.96,757.54,0.0
I005108_1,O005108,P101,1,0,397.7,290.92,0.1
I005108_2,O005108,P005,2,0,2207.92,1891.99,0.0
I005109_1,O005109,P036,2,0,2648.41,2239.64,0.3
I005110_1,O005110,P101,2,0,406.7,290.92,0.0
I005111_1,O005111,P091,1,0,834.4,567.3,0.05
I005112_1,O005112,P029,1,0,2983.32,2642.14,0.05
I005112_2,O005112,P060,1,0,3598.61,2190.75,0.05
I005112_3,O005112,P059,2,0,2532.65,2284.02,0.0
I005113_1,O005113,P021,1,0,2946.73,2007.08,0.0
I005114_1,O005114,P077,1,1,3100.93,2738.96,0.0
I005115_1,O005115,P106,1,0,2937.75,2402.81,0.0
I005115_2,O005115,P101,1,0,397.29,290.92,0.1
I005115_3,O005115,P019,1,0,2474.67,1463.41,0.1
I005116_1,O005116,P017,1,0,2031.71,1079.58,0.05
I005117_1,O005117,P085,1,0,709.87,482.52,0.0
I005118_1,O005118,P029,1,0,2876.27,2642.14,0.0
I005118_2,O005118,P072,2,0,1749.02,1369.26,0.1
I005119_1,O005119,P042,1,0,3273.02,2480.29,0.05
I005119_2,O005119,P024,2,0,3243.21,2312.84,0.0
I005120_1,O005120,P107,1,0,915.88,517.21,0.0
I005121_1,O005121,P084,1,0,1191.28,785.13,0.1
I005121_2,O005121,P061,1,0,2595.98,1810.66,0.0
I005122_1,O005122,P086,3,0,577.2,301.67,0.1
I005122_2,O005122,P092,1,0,2387.56,1883.6,0.0
I005123_1,O005123,P010,1,0,769.3,468.72,0.2
I005123_2,O005123,P011,1,0,681.94,470.48,0.0
I005124_1,O005124,P021,1,0,3165.09,2007.08,0.05
I005125_1,O005125,P068,2,0,3538.52,1829.36,0.0
I005126_1,O005126,P043,1,0,2594.01,2155.97,0.05
I005126_2,O005126,P059,1,0,2549.01,2284.02,0.05
I005127_1,O005127,P016,2,0,2832.81,2126.82,0.0
I005128_1,O005128,P057,1,0,2854.03,1751.13,0.0
I005128_2,O005128,P040,2,0,2143.66,1719.58,0.0
I005129_1,O005129,P087,1,0,2034.92,1487.18,0.05
I005129_2,O005129,P062,1,0,1211.24,934.97,0.0
I005130_1,O005130,P104,1,0,877.21,640.45,0.0
I005131_1,O005131,P115,1,0,2605.93,1821.73,0.0
I005131_2,O005131,P095,1,0,3211.72,2194.24,0.0
I005132_1,O005132,P110,1,0,545.58,387.41,0.0
I005132_2,O005132,P002,1,0,2894.25,2136.38,0.1
I005132_3,O005132,P027,2,0,2319.63,1900.67,0.1
I005133_1,O005133,P094,1,0,2717.24,1716.82,0.0
I005134_1,O005134,P002,2,0,2958.75,2136.38,0.0
I005135_1,O005135,P066,1,0,634.82,449.79,0.0
I005136_1,O005136,P009,1,0,178.58,142.71,0.3
I005137_1,O005137,P076,1,0,2656.5,1928.31,0.05
I005138_1,O005138,P051,1,0,2734.72,1856.67,0.05
I005139_1,O005139,P031,1,0,277.57,221.16,0.1
I005139_2,O005139,P096,1,0,2989.5,1989.35,0.0
I005139_3,O005139,P088,1,0,286.36,167.15,0.1
I005140_1,O005140,P036,2,0,2583.91,2239.64,0.0
I005141_1,O005141,P046,1,0,206.44,119.22,0.3
I005142_1,O005142,P006,1,0,3084.08,2483.13,0.05
I005143_1,O005143,P021,1,0,3301.82,2007.08,0.0
I005143_2,O005143,P081,1,0,3369.08,2035.71,0.2
I005144_1,O005144,P010,1,1,692.25,468.72,0.1
I005144_2,O005144,P105,1,0,1310.17,1048.44,0.0
I005145_1,O005145,P066,1,0,598.33,449.79,0.0
I005145_2,O005145,P039,1,0,2773.04,1842.48,0.2
I005145_3,O005145,P034,1,0,735.17,551.76,0.05
I005146_1,O005146,P059,1,0,2542.32,2284.02,0.2
I005147_1,O005147,P090,1,0,1645.36,1197.25,0.05
I005148_1,O005148,P023,1,0,2340.47,1316.59,0.05
I005149_1,O005149,P075,1,0,868.33,632.05,0.0
I005149_2,O005149,P062,1,0,1118.69,934.97,0.0
I005150_1,O005150,P009,1,0,185.37,142.71,0.0
I005150_2,O005150,P022,1,0,2058.75,1361.4,0.05
I005150_3,O005150,P036,1,0,2716.47,2239.64,0.1
I005151_1,O005151,P042,1,0,3526.61,2480.29,0.2
I005152_1,O005152,P036,2,0,2731.82,2239.64,0.05
I005152_2,O005152,P068,1,0,3501.54,1829.36,0.0
I005152_3,O005152,P044,1,0,2234.13,1529.57,0.3
I005153_1,O005153,P100,2,0,3110.84,2560.83,0.1
I005153_2,O005153,P079,2,0,2302.48,1780.27,0.05
I005154_1,O005154,P027,1,0,2086.98,1900.67,0.1
I005155_1,O005155,P112,1,0,1530.24,1059.45,0.2
I005156_1,O005156,P094,1,0,2643.65,1716.82,0.1
I005157_1,O005157,P051,1,0,2564.18,1856.67,0.05
I005158_1,O005158,P088,1,0,289.87,167.15,0.1
I005158_2,O005158,P076,1,0,2633.06,1928.31,0.2
I005159_1,O005159,P005,1,0,2300.88,1891.99,0.0
I005160_1,O005160,P014,1,0,1538.7,956.53,0.05
I005161_1,O005161,P098,1,0,369.0,210.13,0.0
I005161_2,O005161,P060,1,0,3442.46,2190.75,0.2
I005162_1,O005162,P008,1,0,3151.59,2190.37,0.05
I005163_1,O005163,P030,1,0,2522.94,1879.56,0.0
I005164_1,O005164,P031,1,0,292.54,221.16,0.3
I005164_2,O005164,P061,1,0,2587.78,1810.66,0.0
I005165_1,O005165,P044,2,0,2212.75,1529.57,0.05
I005165_2,O005165,P110,1,0,613.09,387.41,0.0
I005166_1,O005166,P010,1,0,719.93,468.72,0.0
I005166_2,O005166,P099,1,0,1023.3,579.06,0.2
I005167_1,O005167,P028,3,0,1517.37,1251.02,0.0
I005167_2,O005167,P108,1,0,1092.49,757.54,0.0
I005167_3,O005167,P111,2,0,1150.36,738.87,0.0
I005168_1,O005168,P034,1,0,650.65,551.76,0.1
I005169_1,O005169,P018,1,0,2756.36,1861.03,0.2
I005169_2,O005169,P082,1,0,2307.35,1528.85,0.0
I005169_3,O005169,P001,1,0,751.16,503.11,0.05
I005170_1,O005170,P031,1,0,294.52,221.16,0.2
I005170_2,O005170,P100,1,0,2879.05,2560.83,0.0
I005170_3,O005170,P023,1,0,2337.05,1316.59,0.0
I005171_1,O005171,P014,1,0,1448.31,956.53,0.0
I005171_2,O005171,P035,1,1,2298.69,1657.14,0.0
I005172_1,O005172,P001,1,0,753.68,503.11,0.3
I005172_2,O005172,P044,1,0,2256.32,1529.57,0.0
I005173_1,O005173,P098,1,0,356.96,210.13,0.0
I005173_2,O005173,P017,1,1,1803.04,1079.58,0.05
I005174_1,O005174,P014,2,0,1438.1,956.53,0.1
I005174_2,O005174,P029,1,0,3185.02,2642.14,0.2
I005175_1,O005175,P030,1,0,2571.19,1879.56,0.0
I005175_2,O005175,P075,1,0,903.13,632.05,0.05
I005176_1,O005176,P050,1,0,1114.22,748.37,0.2
I005177_1,O005177,P086,2,0,531.03,301.67,0.0
I005178_1,O005178,P080,1,0,887.25,706.47,0.05
I005178_2,O005178,P050,1,0,1268.93,748.37,0.0
I005179_1,O005179,P074,1,0,2759.62,2093.66,0.1
I005179_2,O005179,P088,1,0,311.83,167.15,0.05
I005180_1,O005180,P050,1,0,1270.18,748.37,0.05
I005181_1,O005181,P097,1,0,513.77,385.34,0.0
I005182_1,O005182,P071,1,0,2029.61,1171.43,0.0
I005182_2,O005182,P063,1,0,2298.03,1328.53,0.3
I005183_1,O005183,P084,1,0,1135.21,785.13,0.0
I005183_2,O005183,P094,1,0,2622.85,1716.82,0.0
I005184_1,O005184,P035,3,0,2377.53,1657.14,0.3
I005185_1,O005185,P098,1,0,332.83,210.13,0.0
I005185_2,O005185,P015,2,0,1843.97,1639.7,0.0
I005185_3,O005185,P052,1,0,2695.72,2232.75,0.05
I005186_1,O005186,P039,2,0,2947.25,1842.48,0.0
I005187_1,O005187,P041,1,0,1728.18,1272.83,0.1
I005187_2,O005187,P098,1,0,337.56,210.13,0.0
I005187_3,O005187,P120,1,0,3484.74,2258.38,0.2
I005188_1,O005188,P072,1,0,1710.64,1369.26,0.05
I005189_1,O005189,P119,2,0,627.24,550.1,0.0
I005190_1,O005190,P110,1,0,563.98,387.41,0.0
I005191_1,O005191,P117,1,0,1647.43,1301.63,0.3
I005192_1,O005192,P037,1,0,805.5,604.48,0.1
I005192_2,O005192,P039,2,0,2784.21,1842.48,0.0
I005193_1,O005193,P104,1,0,841.9,640.45,0.05
I005194_1,O005194,P008,1,0,2951.63,2190.37,0.0
I005194_2,O005194,P048,1,0,2534.96,2064.58,0.1
I005195_1,O005195,P055,1,0,1767.08,1250.56,0.3
I005195_2,O005195,P011,1,0,713.49,470.48,0.05
I005196_1,O005196,P015,1,0,1894.81,1639.7,0.0
I005197_1,O005197,P022,1,0,1935.87,1361.4,0.0
I005198_1,O005198,P033,1,0,2935.63,2420.38,0.0
I005198_2,O005198,P013,1,0,1720.83,1078.11,0.0
I005198_3,O005198,P009,1,0,191.84,142.71,0.0
I005199_1,O005199,P025,1,0,757.06,526.03,0.3
I005200_1,O005200,P114,1,0,1043.91,699.07,0.2
I005200_2,O005200,P109,1,0,2274.31,1696.43,0.3
I005201_1,O005201,P113,2,0,2339.07,1457.19,0.0
I005201_2,O005201,P075,2,0,819.56,632.05,0.0
I005202_1,O005202,P053,1,0,3168.35,2330.08,0.1
I005203_1,O005203,P120,1,0,3279.54,2258.38,0.3
I005203_2,O005203,P049,1,1,2498.82,1767.67,0.2
I005204_1,O005204,P067,3,0,1217.87,736.87,0.0
I005204_2,O005204,P018,1,0,2874.4,1861.03,0.1
I005205_1,O005205,P107,1,0,925.43,517.21,0.1
I005206_1,O005206,P078,1,0,2747.54,1751.62,0.0
I005207_1,O005207,P066,2,1,631.05,449.79,0.0
I005208_1,O005208,P105,1,0,1246.89,1048.44,0.0
I005209_1,O005209,P018,2,0,3054.69,1861.03,0.0
I005209_2,O005209,P023,1,0,2472.02,1316.59,0.0
I005210_1,O005210,P109,1,0,2238.39,1696.43,0.05
I005211_1,O005211,P059,1,0,2567.84,2284.02,0.0
I005211_2,O005211,P023,1,0,2410.68,1316.59,0.0
I005212_1,O005212,P103,1,0,3587.88,3087.95,0.05
I005213_1,O005213,P071,1,0,1911.94,1171.43,0.1
I005214_1,O005214,P030,1,0,2755.93,1879.56,0.0
I005214_2,O005214,P036,1,0,2703.55,2239.64,0.0
I005215_1,O005215,P027,1,0,2149.86,1900.67,0.2
I005216_1,O005216,P010,1,1,746.91,468.72,0.3
I005217_1,O005217,P085,1,0,686.4,482.52,0.0
I005218_1,O005218,P105,2,0,1302.11,1048.44,0.05
I005219_1,O005219,P075,1,0,913.15,632.05,0.0
I005219_2,O005219,P078,1,0,2880.55,1751.62,0.0
I005220_1,O005220,P101,1,0,404.55,290.92,0.0
I005221_1,O005221,P046,2,0,229.1,119.22,0.05
I005221_2,O005221,P029,1,0,3240.09,2642.14,0.2
I005222_1,O005222,P043,1,0,2686.91,2155.97,0.05
I005222_2,O005222,P066,1,0,566.7,449.79,0.2
I005223_1,O005223,P019,1,0,2419.98,1463.41,0.0
I005223_2,O005223,P029,1,0,3101.49,2642.14,0.1
I005224_1,O005224,P037,1,0,826.0,604.48,0.0
I005224_2,O005224,P041,1,0,1773.91,1272.83,0.1
I005225_1,O005225,P118,1,0,1273.71,778.87,0.0
I005225_2,O005225,P040,1,0,2316.06,1719.58,0.2
I005226_1,O005226,P063,1,0,2174.9,1328.53,0.0
I005227_1,O005227,P043,1,0,2472.59,2155.97,0.1
I005227_2,O005227,P047,2,0,3318.78,2991.8,0.05
I005227_3,O005227,P039,1,0,2969.29,1842.48,0.1
I005228_1,O005228,P025,1,0,712.46,526.03,0.0
I005228_2,O005228,P100,1,0,2727.45,2560.83,0.0
I005229_1,O005229,P092,1,0,2431.7,1883.6,0.2
I005230_1,O005230,P087,1,0,1847.92,1487.18,0.0
I005231_1,O005231,P040,2,0,2301.62,1719.58,0.0
I005231_2,O005231,P075,2,0,922.14,632.05,0.0
I005232_1,O005232,P038,1,0,2358.56,1939.6,0.05
I005233_1,O005233,P032,1,0,795.86,692.6,0.0
I005233_2,O005233,P076,1,0,2731.44,1928.31,0.0
I005234_1,O005234,P112,1,0,1401.74,1059.45,0.05
I005235_1,O005235,P056,3,0,667.0,467.73,0.0
I005235_2,O005235,P012,2,0,3474.06,2599.93,0.05
I005236_1,O005236,P077,1,0,3286.09,2738.96,0.05
I005236_2,O005236,P062,1,0,1102.27,934.97,0.2
I005237_1,O005237,P022,1,0,1997.19,1361.4,0.0
I005238_1,O005238,P117,1,0,1477.44,1301.63,0.2
I005238_2,O005238,P010,1,0,697.16,468.72,0.0
I005239_1,O005239,P067,1,1,1164.93,736.87,0.0
I005239_2,O005239,P015,1,0,1905.36,1639.7,0.0
I005240_1,O005240,P031,1,0,314.69,221.16,0.0
I005241_1,O005241,P012,1,0,3801.74,2599.93,0.1
I005241_2,O005241,P078,1,0,2906.85,1751.62,0.3
I005242_1,O005242,P001,1,0,818.03,503.11,0.0
I005242_2,O005242,P046,1,0,212.15,119.22,0.0
I005243_1,O005243,P017,3,0,1920.61,1079.58,0.05
I005243_2,O005243,P074,2,0,2846.59,2093.66,0.0
I005244_1,O005244,P097,1,0,491.22,385.34,0.0
I005245_1,O005245,P060,1,0,3293.78,2190.75,0.0
I005245_2,O005245,P065,2,0,2635.12,1840.19,0.1
I005246_1,O005246,P062,1,0,1239.68,934.97,0.0
I005247_1,O005247,P003,1,0,691.49,593.8,0.1
I005248_1,O005248,P041,2,0,1777.28,1272.83,0.1
I005249_1,O005249,P044,1,0,2214.48,1529.57,0.2
I005249_2,O005249,P029,1,0,3104.98,2642.14,0.0
I005249_3,O005249,P024,1,0,3085.27,2312.84,0.1
I005250_1,O005250,P011,1,0,660.09,470.48,0.3
I005250_2,O005250,P032,2,0,799.1,692.6,0.1
I005250_3,O005250,P075,1,0,840.93,632.05,0.2
I005251_1,O005251,P006,1,0,3142.9,2483.13,0.2
I005252_1,O005252,P042,1,0,3263.61,2480.29,0.0
I005252_2,O005252,P033,1,0,2833.57,2420.38,0.2
I005253_1,O005253,P049,3,0,2639.55,1767.67,0.0
I005253_2,O005253,P117,1,0,1533.31,1301.63,0.05
I005254_1,O005254,P090,1,0,1592.74,1197.25,0.0
I005255_1,O005255,P057,1,0,2956.65,1751.13,0.05
I005255_2,O005255,P082,1,0,2180.55,1528.85,0.05
I005256_1,O005256,P111,2,1,1171.68,738.87,0.0
I005257_1,O005257,P030,2,0,2770.42,1879.56,0.3
I005257_2,O005257,P117,1,0,1525.8,1301.63,0.3
I005258_1,O005258,P060,1,0,3239.05,2190.75,0.2
I005258_2,O005258,P022,2,0,1922.17,1361.4,0.0
I005259_1,O005259,P041,1,0,1717.07,1272.83,0.3
I005260_1,O005260,P005,1,0,2287.12,1891.99,0.0
I005260_2,O005260,P116,1,0,2976.14,2344.15,0.2
I005260_3,O005260,P011,1,0,690.36,470.48,0.0
I005261_1,O005261,P022,1,0,2073.53,1361.4,0.05
I005262_1,O005262,P027,1,0,2208.56,1900.67,0.0
I005263_1,O005263,P116,2,0,2780.55,2344.15,0.05
I005264_1,O005264,P005,1,0,2195.93,1891.99,0.05
I005264_2,O005264,P117,1,0,1624.18,1301.63,0.05
I005265_1,O005265,P004,1,0,3099.47,2449.64,0.05
I005266_1,O005266,P022,1,0,2043.37,1361.4,0.3
I005266_2,O005266,P002,1,1,2650.36,2136.38,0.0
I005267_1,O005267,P115,1,0,2612.86,1821.73,0.1
I005267_2,O005267,P067,1,0,1178.9,736.87,0.0
I005268_1,O005268,P112,2,0,1589.42,1059.45,0.05
I005268_2,O005268,P116,2,1,2987.03,2344.15,0.0
I005269_1,O005269,P018,1,0,2928.74,1861.03,0.3
I005270_1,O005270,P057,1,0,2588.83,1751.13,0.05
I005271_1,O005271,P092,1,0,2371.89,1883.6,0.2
I005271_2,O005271,P031,1,0,305.46,221.16,0.0
I005272_1,O005272,P034,1,0,709.93,551.76,0.0
I005273_1,O005273,P049,1,0,2823.97,1767.67,0.0
I005273_2,O005273,P076,1,0,2623.8,1928.31,0.0
I005274_1,O005274,P086,2,0,545.96,301.67,0.05
I005275_1,O005275,P050,2,0,1179.01,748.37,0.1
I005276_1,O005276,P038,1,0,2633.24,1939.6,0.0
I005277_1,O005277,P024,1,0,3229.4,2312.84,0.2
I005278_1,O005278,P098,1,0,364.35,210.13,0.0
I005279_1,O005279,P050,1,0,1165.33,748.37,0.0
I005279_2,O005279,P114,2,0,1101.95,699.07,0.1
I005280_1,O005280,P011,1,0,666.1,470.48,0.05
I005281_1,O005281,P091,1,0,753.67,567.3,0.1
I005282_1,O005282,P084,1,0,1168.25,785.13,0.1
I005282_2,O005282,P065,2,0,2533.74,1840.19,0.0
I005282_3,O005282,P116,1,0,2775.53,2344.15,0.1
I005283_1,O005283,P077,1,0,3189.36,2738.96,0.0
I005284_1,O005284,P052,1,0,2824.18,2232.75,0.05
I005285_1,O005285,P033,1,0,2937.49,2420.38,0.05
I005285_2,O005285,P105,1,1,1357.15,1048.44,0.05
I005286_1,O005286,P004,2,0,3436.48,2449.64,0.05
I005287_1,O005287,P082,1,0,2167.94,1528.85,0.1
I005288_1,O005288,P094,2,0,2760.12,1716.82,0.1
I005288_2,O005288,P013,2,0,1701.84,1078.11,0.0
I005289_1,O005289,P060,1,0,3415.35,2190.75,0.1
I005289_2,O005289,P118,2,0,1270.69,778.87,0.1
I005290_1,O005290,P004,1,0,3096.66,2449.64,0.0
I005291_1,O005291,P095,2,0,3141.71,2194.24,0.0
I005292_1,O005292,P017,1,0,1963.47,1079.58,0.0
I005293_1,O005293,P055,1,0,1782.23,1250.56,0.05
I005294_1,O005294,P024,1,1,3178.36,2312.84,0.1
I005295_1,O005295,P048,1,0,2344.62,2064.58,0.1
I005295_2,O005295,P028,1,0,1584.1,1251.02,0.3
I005296_1,O005296,P066,1,0,562.15,449.79,0.3
I005296_2,O005296,P089,1,1,2413.64,1691.26,0.05
I005296_3,O005296,P098,2,0,368.59,210.13,0.2
I005297_1,O005297,P004,2,0,3284.25,2449.64,0.05
I005297_2,O005297,P010,1,0,748.34,468.72,0.05
I005297_3,O005297,P098,1,0,325.03,210.13,0.0
I005298_1,O005298,P002,1,0,2898.65,2136.38,0.05
I005299_1,O005299,P043,1,0,2714.38,2155.97,0.0
I005300_1,O005300,P075,1,0,910.89,632.05,0.0
I005301_1,O005301,P013,1,0,1698.18,1078.11,0.0
I005301_2,O005301,P087,1,0,1957.55,1487.18,0.0
I005302_1,O005302,P087,2,0,1991.49,1487.18,0.1
I005302_2,O005302,P115,1,0,2641.47,1821.73,0.2
I005303_1,O005303,P014,1,0,1391.06,956.53,0.3
I005303_2,O005303,P091,1,0,775.56,567.3,0.05
I005304_1,O005304,P106,1,0,2911.91,2402.81,0.1
I005305_1,O005305,P105,1,0,1188.17,1048.44,0.05
I005306_1,O005306,P093,2,0,1106.67,614.67,0.0
I005306_2,O005306,P096,1,0,3182.95,1989.35,0.1
I005307_1,O005307,P098,1,0,343.56,210.13,0.2
I005308_1,O005308,P020,1,0,3290.48,2726.34,0.1
I005308_2,O005308,P095,1,0,3118.7,2194.24,0.2
I005309_1,O005309,P052,1,1,2724.58,2232.75,0.1
I005309_2,O005309,P087,1,0,1924.2,1487.18,0.0
I005310_1,O005310,P114,1,0,1118.73,699.07,0.0
I005310_2,O005310,P081,1,0,3069.63,2035.71,0.0
I005310_3,O005310,P001,1,0,794.16,503.11,0.0
I005311_1,O005311,P107,1,0,819.24,517.21,0.1
I005312_1,O005312,P114,1,0,1025.61,699.07,0.0
I005313_1,O005313,P060,1,0,3277.86,2190.75,0.0
I005313_2,O005313,P038,1,0,2435.09,1939.6,0.0
I005314_1,O005314,P061,1,0,2753.05,1810.66,0.05
I005314_2,O005314,P098,1,0,345.14,210.13,0.1
I005315_1,O005315,P056,1,1,635.81,467.73,0.2
I005315_2,O005315,P102,1,0,3534.54,2068.63,0.0
I005315_3,O005315,P002,2,0,2615.24,2136.38,0.05
I005316_1,O005316,P075,1,0,810.86,632.05,0.05
I005317_1,O005317,P041,1,0,1671.72,1272.83,0.2
I005318_1,O005318,P012,1,0,3600.95,2599.93,0.2
I005318_2,O005318,P064,2,0,243.92,140.8,0.0
I005319_1,O005319,P054,1,0,335.61,290.26,0.2
I005320_1,O005320,P085,1,0,677.57,482.52,0.0
I005320_2,O005320,P094,1,0,2722.6,1716.82,0.0
I005321_1,O005321,P014,1,0,1376.52,956.53,0.2
I005322_1,O005322,P056,1,0,697.37,467.73,0.05
I005322_2,O005322,P034,1,0,724.02,551.76,0.0
I005322_3,O005322,P033,2,0,2972.73,2420.38,0.0
I005323_1,O005323,P051,1,0,2611.8,1856.67,0.0
I005324_1,O005324,P054,2,0,324.37,290.26,0.05
I005324_2,O005324,P074,1,0,2691.98,2093.66,0.0
I005325_1,O005325,P067,1,0,1225.53,736.87,0.1
I005326_1,O005326,P018,2,0,3103.3,1861.03,0.0
I005327_1,O005327,P045,2,0,1556.82,1393.5,0.05
I005328_1,O005328,P005,1,0,2304.08,1891.99,0.0
I005328_2,O005328,P098,1,0,360.22,210.13,0.0
I005329_1,O005329,P027,1,0,2197.85,1900.67,0.05
I005330_1,O005330,P099,1,0,1051.9,579.06,0.2
I005331_1,O005331,P079,1,0,2394.95,1780.27,0.1
I005332_1,O005332,P055,1,0,1662.37,1250.56,0.05
I005333_1,O005333,P037,1,0,786.5,604.48,0.05
I005334_1,O005334,P035,1,0,2311.71,1657.14,0.3
I005335_1,O005335,P104,1,0,802.57,640.45,0.1
I005335_2,O005335,P061,1,0,2528.04,1810.66,0.3
I005335_3,O005335,P045,1,0,1747.29,1393.5,0.05
I005336_1,O005336,P048,2,0,2545.13,2064.58,0.0
I005337_1,O005337,P055,1,0,1859.36,1250.56,0.0
I005338_1,O005338,P020,1,0,3584.36,2726.34,0.0
I005338_2,O005338,P114,1,0,1081.13,699.07,0.1
I005339_1,O005339,P070,1,0,3429.84,2889.93,0.2
I005340_1,O005340,P024,3,0,2952.63,2312.84,0.05
I005340_2,O005340,P089,1,0,2759.12,1691.26,0.0
I005340_3,O005340,P010,2,0,739.22,468.72,0.1
I005341_1,O005341,P066,2,1,609.88,449.79,0.05
I005342_1,O005342,P022,2,0,2179.89,1361.4,0.05
I005342_2,O005342,P107,1,0,903.49,517.21,0.05
I005343_1,O005343,P036,3,0,2788.5,2239.64,0.0
I005343_2,O005343,P116,2,0,2671.72,2344.15,0.0
I005344_1,O005344,P079,1,0,2339.15,1780.27,0.1
I005345_1,O005345,P046,2,0,221.26,119.22,0.0
I005345_2,O005345,P071,1,0,2002.97,1171.43,0.0
I005346_1,O005346,P110,1,1,557.97,387.41,0.1
I005347_1,O005347,P035,1,0,2423.85,1657.14,0.3
I005348_1,O005348,P030,2,0,2726.05,1879.56,0.2
I005349_1,O005349,P117,1,0,1523.49,1301.63,0.05
I005349_2,O005349,P057,1,0,2951.83,1751.13,0.0
I005350_1,O005350,P105,1,0,1285.27,1048.44,0.0
I005351_1,O005351,P031,1,0,280.83,221.16,0.0
I005352_1,O005352,P045,1,1,1641.75,1393.5,0.0
I005352_2,O005352,P046,1,0,221.07,119.22,0.0
I005352_3,O005352,P003,2,0,729.36,593.8,0.0
I005353_1,O005353,P103,2,0,3591.43,3087.95,0.05
I005353_2,O005353,P036,1,0,2577.98,2239.64,0.0
I005353_3,O005353,P054,2,0,344.72,290.26,0.05
I005354_1,O005354,P086,1,0,579.32,301.67,0.2
I005355_1,O005355,P086,2,0,548.87,301.67,0.05
I005356_1,O005356,P019,1,0,2440.0,1463.41,0.2
I005357_1,O005357,P075,1,0,867.7,632.05,0.05
I005358_1,O005358,P094,1,0,2677.92,1716.82,0.05
I005358_2,O005358,P020,1,0,3227.06,2726.34,0.0
I005358_3,O005358,P104,1,0,886.46,640.45,0.1
I005359_1,O005359,P041,2,0,1817.86,1272.83,0.05
I005359_2,O005359,P105,2,0,1234.62,1048.44,0.0
I005359_3,O005359,P063,2,0,2163.87,1328.53,0.1
I005360_1,O005360,P040,2,0,2147.58,1719.58,0.0
I005361_1,O005361,P075,1,0,881.14,632.05,0.1
I005361_2,O005361,P080,2,0,837.36,706.47,0.0
I005362_1,O005362,P017,1,0,1774.84,1079.58,0.1
I005363_1,O005363,P028,2,0,1586.03,1251.02,0.2
I005363_2,O005363,P069,1,0,2893.97,2596.65,0.05
I005364_1,O005364,P120,2,0,3564.97,2258.38,0.0
I005365_1,O005365,P041,2,0,1851.95,1272.83,0.1
I005366_1,O005366,P014,1,0,1452.31,956.53,0.05
I005367_1,O005367,P070,1,0,3776.71,2889.93,0.2
I005368_1,O005368,P118,1,0,1212.39,778.87,0.05
I005369_1,O005369,P049,1,0,2615.76,1767.67,0.05
I005370_1,O005370,P049,1,0,2787.97,1767.67,0.0
I005371_1,O005371,P099,1,0,1013.29,579.06,0.0
I005372_1,O005372,P068,1,0,3386.61,1829.36,0.05
I005373_1,O005373,P025,2,0,806.77,526.03,0.0
I005374_1,O005374,P107,1,0,895.21,517.21,0.0
I005374_2,O005374,P006,1,0,2985.95,2483.13,0.0
I005375_1,O005375,P081,1,0,2961.29,2035.71,0.2
I005375_2,O005375,P044,1,0,2130.91,1529.57,0.3
I005375_3,O005375,P101,2,0,388.62,290.92,0.1
I005376_1,O005376,P083,1,0,925.9,674.18,0.0
I005376_2,O005376,P007,1,0,2588.13,2152.99,0.05
I005377_1,O005377,P105,1,0,1292.64,1048.44,0.0
I005378_1,O005378,P040,1,0,2219.41,1719.58,0.1
I005379_1,O005379,P113,1,0,2237.31,1457.19,0.05
I005380_1,O005380,P115,1,0,2776.42,1821.73,0.0
I005381_1,O005381,P073,2,0,3211.15,2517.93,0.2
I005381_2,O005381,P062,3,0,1238.87,934.97,0.0
I005382_1,O005382,P068,1,0,3314.26,1829.36,0.3
I005383_1,O005383,P117,1,0,1582.44,1301.63,0.0
I005383_2,O005383,P120,1,0,3502.31,2258.38,0.05
I005384_1,O005384,P003,1,0,738.38,593.8,0.05
I005385_1,O005385,P001,1,0,796.34,503.11,0.1
I005385_2,O005385,P052,1,0,2513.07,2232.75,0.0
I005386_1,O005386,P057,1,0,2689.83,1751.13,0.2
I005386_2,O005386,P044,2,0,2079.7,1529.57,0.1
I005387_1,O005387,P013,1,0,1713.87,1078.11,0.0
I005387_2,O005387,P118,1,0,1231.65,778.87,0.1
I005388_1,O005388,P024,1,0,2961.57,2312.84,0.0
I005388_2,O005388,P037,1,0,842.64,604.48,0.1
I005388_3,O005388,P005,1,0,2172.27,1891.99,0.0
I005389_1,O005389,P084,2,0,1179.81,785.13,0.3
I005390_1,O005390,P052,1,0,2576.11,2232.75,0.0
I005390_2,O005390,P111,1,0,1102.93,738.87,0.05
I005391_1,O005391,P069,1,0,3086.53,2596.65,0.05
I005392_1,O005392,P080,1,0,853.16,706.47,0.1
I005393_1,O005393,P039,1,0,3070.21,1842.48,0.1
I005393_2,O005393,P029,1,0,3207.16,2642.14,0.0
I005394_1,O005394,P012,1,0,3566.75,2599.93,0.0
I005395_1,O005395,P043,1,0,2493.19,2155.97,0.2
I005395_2,O005395,P055,1,0,1726.55,1250.56,0.0
I005396_1,O005396,P040,1,0,2212.5,1719.58,0.0
I005396_2,O005396,P012,1,0,3879.09,2599.93,0.0
I005397_1,O005397,P120,1,0,3627.42,2258.38,0.0
I005397_2,O005397,P073,1,0,2911.92,2517.93,0.1
I005397_3,O005397,P015,1,0,2088.97,1639.7,0.2
I005398_1,O005398,P075,3,0,803.7,632.05,0.0
I005399_1,O005399,P075,1,1,869.26,632.05,0.2
I005400_1,O005400,P027,1,0,2271.01,1900.67,0.05
I005401_1,O005401,P008,1,0,3199.91,2190.37,0.0
I005401_2,O005401,P080,1,0,898.87,706.47,0.0
I005402_1,O005402,P006,1,0,2803.22,2483.13,0.0
I005403_1,O005403,P093,1,0,1017.84,614.67,0.0
I005404_1,O005404,P056,1,0,699.01,467.73,0.1
I005405_1,O005405,P054,2,0,323.12,290.26,0.05
I005406_1,O005406,P058,1,0,1036.01,974.82,0.05
I005406_2,O005406,P119,1,0,649.37,550.1,0.0
I005407_1,O005407,P046,1,0,226.68,119.22,0.1
I005407_2,O005407,P033,1,0,2873.18,2420.38,0.0
I005407_3,O005407,P094,1,0,2825.34,1716.82,0.1
I005408_1,O005408,P084,1,0,1197.99,785.13,0.0
I005409_1,O005409,P053,1,0,2966.16,2330.08,0.0
I005410_1,O005410,P032,1,0,847.88,692.6,0.0
I005410_2,O005410,P006,1,0,2751.17,2483.13,0.0
I005411_1,O005411,P055,1,0,1907.64,1250.56,0.05
I005412_1,O005412,P034,1,0,670.15,551.76,0.1
I005412_2,O005412,P072,1,0,1855.36,1369.26,0.3
I005412_3,O005412,P091,1,0,760.08,567.3,0.0
I005413_1,O005413,P116,2,0,2849.14,2344.15,0.2
I005414_1,O005414,P024,1,0,3166.91,2312.84,0.0
I005415_1,O005415,P077,1,0,3316.07,2738.96,0.05
I005415_2,O005415,P040,1,0,2077.24,1719.58,0.0
I005416_1,O005416,P057,1,0,2865.51,1751.13,0.1
I005416_2,O005416,P059,1,0,2639.91,2284.02,0.0
I005417_1,O005417,P066,1,0,596.33,449.79,0.05
I005417_2,O005417,P013,1,0,1691.77,1078.11,0.05
I005418_1,O005418,P036,1,0,2532.6,2239.64,0.3
I005419_1,O005419,P002,1,0,2905.22,2136.38,0.0
I005419_2,O005419,P079,1,0,2223.6,1780.27,0.0
I005420_1,O005420,P038,2,0,2617.12,1939.6,0.2
I005421_1,O005421,P065,2,0,2596.67,1840.19,0.2
I005422_1,O005422,P024,1,0,3049.76,2312.84,0.0
I005423_1,O005423,P037,1,0,822.11,604.48,0.0
I005424_1,O005424,P104,2,0,885.07,640.45,0.0
I005425_1,O005425,P104,2,0,847.7,640.45,0.0
I005425_2,O005425,P057,1,0,2611.07,1751.13,0.1
I005426_1,O005426,P114,2,0,1046.41,699.07,0.05
I005427_1,O005427,P040,1,0,2171.41,1719.58,0.0
I005427_2,O005427,P024,3,0,3203.97,2312.84,0.05
I005427_3,O005427,P093,2,0,984.33,614.67,0.1
I005428_1,O005428,P106,2,0,2970.53,2402.81,0.05
I005428_2,O005428,P104,3,0,776.57,640.45,0.0
I005428_3,O005428,P041,2,0,1656.98,1272.83,0.0
I005429_1,O005429,P069,1,0,2742.33,2596.65,0.1
I005430_1,O005430,P066,2,0,625.12,449.79,0.3
I005430_2,O005430,P092,1,1,2375.76,1883.6,0.1
I005431_1,O005431,P044,1,0,2285.0,1529.57,0.2
I005432_1,O005432,P108,1,0,1086.31,757.54,0.0
I005433_1,O005433,P082,2,0,2116.54,1528.85,0.0
I005433_2,O005433,P025,1,1,774.49,526.03,0.05
I005434_1,O005434,P050,1,0,1207.49,748.37,0.05
I005435_1,O005435,P111,1,0,1134.73,738.87,0.1
I005436_1,O005436,P082,1,1,2357.37,1528.85,0.0
I005436_2,O005436,P047,1,0,3698.1,2991.8,0.1
I005437_1,O005437,P059,1,0,2538.52,2284.02,0.05
I005437_2,O005437,P114,2,0,1082.32,699.07,0.1
I005438_1,O005438,P005,1,0,2339.17,1891.99,0.0
I005438_2,O005438,P112,1,0,1507.07,1059.45,0.0
I005439_1,O005439,P075,1,0,882.24,632.05,0.0
I005439_2,O005439,P001,3,0,759.28,503.11,0.0
I005440_1,O005440,P064,1,0,241.55,140.8,0.05
I005440_2,O005440,P039,1,0,3011.32,1842.48,0.05
I005441_1,O005441,P086,1,0,530.58,301.67,0.0
I005442_1,O005442,P036,1,0,2457.73,2239.64,0.0
I005443_1,O005443,P033,1,0,2918.47,2420.38,0.1
I005444_1,O005444,P078,1,0,2643.37,1751.62,0.1
I005444_2,O005444,P109,1,0,2487.93,1696.43,0.0
I005445_1,O005445,P055,2,0,1801.8,1250.56,0.0
I005445_2,O005445,P004,1,0,3216.2,2449.64,0.0
I005446_1,O005446,P014,1,0,1494.87,956.53,0.1
I005446_2,O005446,P024,2,0,3122.59,2312.84,0.2
I005447_1,O005447,P022,1,0,2033.56,1361.4,0.1
I005448_1,O005448,P039,1,0,3117.56,1842.48,0.0
I005449_1,O005449,P064,1,0,245.48,140.8,0.0
I005450_1,O005450,P102,1,0,3353.49,2068.63,0.0
I005450_2,O005450,P030,1,0,2431.69,1879.56,0.05
I005451_1,O005451,P104,1,0,872.13,640.45,0.1
I005452_1,O005452,P016,1,0,2672.13,2126.82,0.2
I005452_2,O005452,P035,1,0,2497.76,1657.14,0.0
I005453_1,O005453,P024,2,0,3245.88,2312.84,0.05
I005453_2,O005453,P078,1,0,2910.29,1751.62,0.3
I005454_1,O005454,P025,2,0,737.43,526.03,0.05
I005455_1,O005455,P016,1,0,2806.16,2126.82,0.0
I005456_1,O005456,P055,1,0,1663.38,1250.56,0.05
I005457_1,O005457,P067,1,0,1218.22,736.87,0.0
I005458_1,O005458,P119,1,0,666.1,550.1,0.05
I005459_1,O005459,P038,2,0,2538.93,1939.6,0.05
I005459_2,O005459,P105,1,0,1324.04,1048.44,0.0
I005459_3,O005459,P003,1,0,664.91,593.8,0.3
I005460_1,O005460,P009,1,0,190.34,142.71,0.05
I005460_2,O005460,P069,1,0,2999.96,2596.65,0.05
I005460_3,O005460,P064,1,0,240.75,140.8,0.0
I005461_1,O005461,P112,2,0,1525.03,1059.45,0.0
I005462_1,O005462,P021,1,0,3076.29,2007.08,0.2
I005463_1,O005463,P114,1,0,1119.82,699.07,0.2
I005464_1,O005464,P054,1,0,343.41,290.26,0.0
I005465_1,O005465,P088,1,0,313.44,167.15,0.1
I005465_2,O005465,P009,1,0,194.51,142.71,0.3
I005466_1,O005466,P030,2,0,2549.32,1879.56,0.3
I005467_1,O005467,P105,1,0,1260.32,1048.44,0.0
I005467_2,O005467,P075,1,0,913.89,632.05,0.05
I005468_1,O005468,P076,2,0,2481.11,1928.31,0.0
I005468_2,O005468,P056,1,0,668.79,467.73,0.1
I005469_1,O005469,P035,1,0,2316.85,1657.14,0.0
I005469_2,O005469,P088,2,0,307.92,167.15,0.05
I005470_1,O005470,P004,3,0,3336.34,2449.64,0.05
I005470_2,O005470,P089,2,0,2442.01,1691.26,0.0
I005471_1,O005471,P019,1,0,2424.93,1463.41,0.0
I005472_1,O005472,P023,1,0,2283.06,1316.59,0.0
I005472_2,O005472,P107,1,0,882.09,517.21,0.05
I005473_1,O005473,P103,2,0,3775.96,3087.95,0.05
I005473_2,O005473,P078,1,0,2710.76,1751.62,0.0
I005474_1,O005474,P009,1,0,193.85,142.71,0.0
I005474_2,O005474,P105,2,0,1288.67,1048.44,0.1
I005475_1,O005475,P114,2,0,1012.14,699.07,0.0
I005476_1,O005476,P116,1,0,2856.99,2344.15,0.0
I005477_1,O005477,P107,1,0,851.95,517.21,0.2
I005477_2,O005477,P032,2,0,798.94,692.6,0.0
I005478_1,O005478,P065,1,0,2638.96,1840.19,0.2
I005478_2,O005478,P100,1,0,2928.57,2560.83,0.1
I005478_3,O005478,P081,1,0,3034.89,2035.71,0.05
I005479_1,O005479,P044,1,0,2052.46,1529.57,0.0
I005479_2,O005479,P017,1,1,1853.39,1079.58,0.0
I005479_3,O005479,P120,1,0,3400.59,2258.38,0.2
I005480_1,O005480,P074,1,0,2684.67,2093.66,0.0
I005481_1,O005481,P078,1,0,2548.62,1751.62,0.05
I005482_1,O005482,P092,1,0,2575.17,1883.6,0.2
I005482_2,O005482,P035,2,0,2337.49,1657.14,0.1
I005483_1,O005483,P098,2,0,335.86,210.13,0.1
I005484_1,O005484,P090,2,0,1754.9,1197.25,0.0
I005485_1,O005485,P111,1,0,1181.9,738.87,0.05
I005485_2,O005485,P078,1,0,2602.19,1751.62,0.0
I005486_1,O005486,P116,1,1,2995.14,2344.15,0.0
I005487_1,O005487,P118,1,1,1290.92,778.87,0.0
I005487_2,O005487,P071,2,0,2018.51,1171.43,0.1
I005487_3,O005487,P081,1,0,3300.53,2035.71,0.1
I005488_1,O005488,P058,1,0,1134.6,974.82,0.2
I005488_2,O005488,P028,1,0,1496.24,1251.02,0.2
I005489_1,O005489,P071,2,0,1965.1,1171.43,0.05
I005490_1,O005490,P028,1,0,1501.44,1251.02,0.0
I005490_2,O005490,P027,1,0,2299.69,1900.67,0.0
I005490_3,O005490,P045,2,0,1771.61,1393.5,0.2
I005491_1,O005491,P083,2,0,885.48,674.18,0.05
I005492_1,O005492,P045,1,0,1755.53,1393.5,0.2
I005493_1,O005493,P068,1,0,3502.81,1829.36,0.1
I005494_1,O005494,P096,1,0,3367.33,1989.35,0.0
I005495_1,O005495,P046,1,0,218.45,119.22,0.0
I005496_1,O005496,P010,1,0,751.24,468.72,0.1
I005497_1,O005497,P005,3,0,2326.55,1891.99,0.05
I005497_2,O005497,P023,1,0,2337.43,1316.59,0.1
I005498_1,O005498,P046,1,0,225.13,119.22,0.1
I005499_1,O005499,P118,1,0,1190.93,778.87,0.0
I005500_1,O005500,P005,1,0,2407.2,1891.99,0.2
I005500_2,O005500,P023,1,0,2469.07,1316.59,0.05
I005500_3,O005500,P109,2,0,2199.31,1696.43,0.0
I005501_1,O005501,P062,1,0,1189.83,934.97,0.1
I005502_1,O005502,P033,2,0,2997.26,2420.38,0.05
I005503_1,O005503,P120,1,0,3602.26,2258.38,0.0
I005503_2,O005503,P086,1,0,547.08,301.67,0.1
I005504_1,O005504,P103,1,0,3491.73,3087.95,0.3
I005504_2,O005504,P055,1,0,1893.71,1250.56,0.0
I005504_3,O005504,P058,2,0,1037.08,974.82,0.0
I005505_1,O005505,P088,2,0,305.22,167.15,0.1
I005505_2,O005505,P108,1,0,1053.82,757.54,0.0
I005506_1,O005506,P046,1,0,207.27,119.22,0.0
I005507_1,O005507,P040,1,0,2195.31,1719.58,0.0
I005507_2,O005507,P044,3,0,2346.29,1529.57,0.0
I005508_1,O005508,P120,1,1,3336.4,2258.38,0.0
I005509_1,O005509,P110,2,0,539.79,387.41,0.05
I005509_2,O005509,P093,2,2,999.88,614.67,0.1
I005509_3,O005509,P052,1,0,2759.56,2232.75,0.05
I005510_1,O005510,P001,2,0,798.85,503.11,0.0
I005510_2,O005510,P102,1,0,3528.91,2068.63,0.3
I005511_1,O005511,P101,1,0,404.58,290.92,0.0
I005511_2,O005511,P010,1,0,692.25,468.72,0.05
I005512_1,O005512,P102,3,0,3192.5,2068.63,0.05
I005513_1,O005513,P034,1,1,722.91,551.76,0.0
I005513_2,O005513,P053,2,0,3017.7,2330.08,0.0
I005513_3,O005513,P076,1,0,2453.32,1928.31,0.3
I005514_1,O005514,P076,1,0,2644.18,1928.31,0.0
I005514_2,O005514,P079,1,0,2166.63,1780.27,0.0
I005514_3,O005514,P088,1,1,320.73,167.15,0.05
I005515_1,O005515,P119,1,0,634.67,550.1,0.0
I005515_2,O005515,P095,1,0,3381.72,2194.24,0.05
I005516_1,O005516,P079,1,0,2178.96,1780.27,0.1
I005516_2,O005516,P033,1,0,2812.54,2420.38,0.0
I005517_1,O005517,P116,1,0,2825.24,2344.15,0.2
I005517_2,O005517,P087,1,1,1807.5,1487.18,0.0
I005518_1,O005518,P019,1,1,2460.65,1463.41,0.1
I005519_1,O005519,P031,1,0,309.85,221.16,0.3
I005519_2,O005519,P044,1,1,2176.15,1529.57,0.0
I005520_1,O005520,P026,1,0,3303.15,2746.76,0.1
I005520_2,O005520,P113,1,0,2239.16,1457.19,0.0
I005521_1,O005521,P080,1,1,892.59,706.47,0.0
I005522_1,O005522,P067,1,0,1168.04,736.87,0.05
I005522_2,O005522,P048,3,0,2496.68,2064.58,0.0
I005523_1,O005523,P081,2,0,3299.69,2035.71,0.05
I005523_2,O005523,P075,1,0,908.15,632.05,0.0
I005524_1,O005524,P043,1,0,2685.64,2155.97,0.0
I005525_1,O005525,P087,1,0,1949.73,1487.18,0.0
I005525_2,O005525,P110,1,0,548.8,387.41,0.0
I005525_3,O005525,P061,1,0,2613.33,1810.66,0.05
I005526_1,O005526,P003,1,0,661.07,593.8,0.0
I005526_2,O005526,P043,1,0,2625.17,2155.97,0.0
I005527_1,O005527,P062,1,0,1136.36,934.97,0.05
I005528_1,O005528,P021,1,0,2886.0,2007.08,0.1
I005529_1,O005529,P109,1,0,2487.37,1696.43,0.0
I005529_2,O005529,P011,2,0,700.04,470.48,0.05
I005530_1,O005530,P052,1,0,2762.15,2232.75,0.0
I005530_2,O005530,P019,1,0,2460.05,1463.41,0.1
I005531_1,O005531,P011,1,0,650.26,470.48,0.0
I005532_1,O005532,P042,1,0,3425.79,2480.29,0.3
I005532_2,O005532,P009,1,0,196.09,142.71,0.1
I005532_3,O005532,P072,1,1,1770.93,1369.26,0.1
I005533_1,O005533,P003,1,0,704.78,593.8,0.05
I005533_2,O005533,P016,3,0,2841.53,2126.82,0.0
I005534_1,O005534,P032,1,0,850.61,692.6,0.1
I005535_1,O005535,P036,1,0,2593.13,2239.64,0.05
I005536_1,O005536,P084,1,0,1147.28,785.13,0.2
I005537_1,O005537,P007,1,0,2624.01,2152.99,0.0
I005538_1,O005538,P114,1,0,1136.87,699.07,0.2
I005538_2,O005538,P063,1,0,2364.96,1328.53,0.0
I005538_3,O005538,P033,2,1,2829.37,2420.38,0.05
I005539_1,O005539,P079,1,0,2242.1,1780.27,0.0
I005539_2,O005539,P033,1,0,2984.77,2420.38,0.2
I005540_1,O005540,P100,2,0,2831.94,2560.83,0.0
I005541_1,O005541,P080,1,0,834.6,706.47,0.2
I005542_1,O005542,P112,1,0,1606.92,1059.45,0.05
I005543_1,O005543,P031,1,0,308.74,221.16,0.1
I005544_1,O005544,P018,1,0,2972.12,1861.03,0.0
I005544_2,O005544,P002,2,0,2955.62,2136.38,0.0
I005545_1,O005545,P019,1,0,2335.41,1463.41,0.1
I005545_2,O005545,P023,1,0,2199.76,1316.59,0.0
I005546_1,O005546,P054,1,0,352.48,290.26,0.2
I005547_1,O005547,P077,3,0,3016.78,2738.96,0.0
I005548_1,O005548,P058,1,0,1030.64,974.82,0.05
I005549_1,O005549,P113,1,0,2335.45,1457.19,0.05
I005550_1,O005550,P031,1,0,288.97,221.16,0.0
I005550_2,O005550,P035,1,1,2468.07,1657.14,0.0
I005551_1,O005551,P032,1,0,810.44,692.6,0.0
I005551_2,O005551,P053,1,0,3063.57,2330.08,0.05
I005552_1,O005552,P022,1,0,2075.04,1361.4,0.2
I005553_1,O005553,P017,1,0,2020.09,1079.58,0.1
I005553_2,O005553,P043,1,0,2750.16,2155.97,0.3
I005554_1,O005554,P034,1,0,688.36,551.76,0.05
I005555_1,O005555,P054,1,0,325.27,290.26,0.05
I005556_1,O005556,P063,2,0,2366.9,1328.53,0.0
I005556_2,O005556,P075,1,0,821.72,632.05,0.0
I005557_1,O005557,P094,1,0,2936.8,1716.82,0.0
I005558_1,O005558,P113,1,0,2325.9,1457.19,0.1
I005559_1,O005559,P035,2,0,2448.19,1657.14,0.1
I005559_2,O005559,P038,1,0,2538.95,1939.6,0.05
I005559_3,O005559,P055,1,0,1745.07,1250.56,0.05
I005560_1,O005560,P083,1,0,880.47,674.18,0.1
I005561_1,O005561,P030,1,0,2759.96,1879.56,0.05
I005561_2,O005561,P099,1,0,1040.39,579.06,0.0
I005562_1,O005562,P044,1,0,2204.9,1529.57,0.0
I005563_1,O005563,P028,1,0,1532.76,1251.02,0.05
I005563_2,O005563,P059,1,0,2618.02,2284.02,0.2
I005564_1,O005564,P083,1,0,957.84,674.18,0.05
I005565_1,O005565,P078,2,0,2882.21,1751.62,0.05
I005565_2,O005565,P114,1,0,1080.89,699.07,0.2
I005565_3,O005565,P014,1,1,1408.18,956.53,0.1
I005566_1,O005566,P024,1,0,3274.04,2312.84,0.05
I005566_2,O005566,P016,1,0,2764.27,2126.82,0.05
I005567_1,O005567,P027,1,0,2035.23,1900.67,0.1
I005568_1,O005568,P089,1,0,2588.17,1691.26,0.05
I005568_2,O005568,P042,1,0,3686.86,2480.29,0.05
I005569_1,O005569,P058,1,0,1049.45,974.82,0.0
I005570_1,O005570,P094,1,1,2780.99,1716.82,0.1
I005570_2,O005570,P049,1,0,2551.7,1767.67,0.0
I005571_1,O005571,P099,2,0,993.91,579.06,0.2
I005572_1,O005572,P092,1,0,2548.75,1883.6,0.0
I005572_2,O005572,P090,1,0,1674.33,1197.25,0.0
I005573_1,O005573,P117,1,0,1592.71,1301.63,0.1
I005574_1,O005574,P033,2,0,2951.83,2420.38,0.2
I005575_1,O005575,P093,2,0,1095.8,614.67,0.0
I005576_1,O005576,P096,1,0,2985.33,1989.35,0.2
I005577_1,O005577,P083,1,0,969.18,674.18,0.05
I005577_2,O005577,P081,1,0,3003.62,2035.71,0.0
I005578_1,O005578,P089,1,0,2691.85,1691.26,0.2
I005579_1,O005579,P099,1,0,1003.39,579.06,0.2
I005580_1,O005580,P018,2,0,3096.59,1861.03,0.0
I005581_1,O005581,P079,1,0,2190.95,1780.27,0.0
I005582_1,O005582,P005,1,0,2297.39,1891.99,0.0
I005582_2,O005582,P043,1,0,2650.6,2155.97,0.05
I005582_3,O005582,P060,2,0,3685.94,2190.75,0.0
I005583_1,O005583,P026,1,0,3055.78,2746.76,0.3
I005583_2,O005583,P118,1,0,1319.38,778.87,0.0
I005584_1,O005584,P059,1,0,2732.58,2284.02,0.05
I005585_1,O005585,P113,1,1,2365.57,1457.19,0.05
I005586_1,O005586,P057,2,0,2750.7,1751.13,0.2
I005587_1,O005587,P077,1,0,3115.65,2738.96,0.2
I005587_2,O005587,P118,1,0,1236.67,778.87,0.1
I005588_1,O005588,P072,1,0,1721.11,1369.26,0.0
I005589_1,O005589,P087,1,0,1855.1,1487.18,0.3
I005589_2,O005589,P073,1,0,2983.85,2517.93,0.0
I005590_1,O005590,P096,1,0,3074.88,1989.35,0.2
I005590_2,O005590,P012,1,0,3491.07,2599.93,0.0
I005591_1,O005591,P038,1,0,2392.18,1939.6,0.0
I005592_1,O005592,P110,1,0,562.55,387.41,0.1
I005592_2,O005592,P027,2,0,2046.74,1900.67,0.0
I005593_1,O005593,P043,1,0,2481.74,2155.97,0.3
I005593_2,O005593,P107,3,3,861.65,517.21,0.1
I005594_1,O005594,P078,1,0,2544.6,1751.62,0.0
I005595_1,O005595,P067,1,0,1097.57,736.87,0.05
I005596_1,O005596,P100,2,0,2976.87,2560.83,0.2
I005596_2,O005596,P045,1,0,1778.78,1393.5,0.1
I005596_3,O005596,P003,1,0,669.21,593.8,0.0
I005597_1,O005597,P055,3,0,1781.81,1250.56,0.0
I005598_1,O005598,P031,1,0,283.66,221.16,0.1
I005599_1,O005599,P036,2,0,2761.78,2239.64,0.05
I005599_2,O005599,P083,1,1,963.57,674.18,0.1
I005600_1,O005600,P015,1,0,1911.27,1639.7,0.05
I005600_2,O005600,P019,1,0,2447.4,1463.41,0.2
I005600_3,O005600,P099,1,0,1094.87,579.06,0.0
I005601_1,O005601,P108,1,0,1137.4,757.54,0.2
I005601_2,O005601,P106,2,0,2979.85,2402.81,0.05
I005602_1,O005602,P033,1,0,2722.05,2420.38,0.0
I005602_2,O005602,P002,1,0,2851.77,2136.38,0.05
I005603_1,O005603,P078,1,0,2740.45,1751.62,0.2
I005604_1,O005604,P054,1,0,362.1,290.26,0.1
I005604_2,O005604,P018,1,0,2846.13,1861.03,0.05
I005605_1,O005605,P089,1,0,2734.55,1691.26,0.1
I005606_1,O005606,P005,3,0,2296.68,1891.99,0.0
I005606_2,O005606,P043,1,0,2530.89,2155.97,0.0
I005607_1,O005607,P099,2,0,1092.5,579.06,0.0
I005607_2,O005607,P015,1,0,2014.92,1639.7,0.0
I005607_3,O005607,P044,2,0,2358.95,1529.57,0.05
I005608_1,O005608,P062,1,0,1184.74,934.97,0.0
I005608_2,O005608,P107,1,0,842.93,517.21,0.0
I005609_1,O005609,P033,1,0,2663.03,2420.38,0.0
I005609_2,O005609,P083,1,0,890.0,674.18,0.05
I005610_1,O005610,P018,1,0,2889.4,1861.03,0.0
I005611_1,O005611,P030,1,0,2773.85,1879.56,0.1
I005612_1,O005612,P051,1,0,2578.69,1856.67,0.0
I005613_1,O005613,P085,1,0,703.96,482.52,0.05
I005614_1,O005614,P087,1,0,2036.04,1487.18,0.0
I005615_1,O005615,P118,1,0,1225.11,778.87,0.05
I005615_2,O005615,P048,1,0,2575.11,2064.58,0.05
I005616_1,O005616,P012,1,0,3748.88,2599.93,0.05
I005616_2,O005616,P029,3,0,3137.94,2642.14,0.2
I005617_1,O005617,P077,1,0,3024.38,2738.96,0.05
I005618_1,O005618,P080,1,0,847.83,706.47,0.05
I005618_2,O005618,P053,1,0,2934.45,2330.08,0.05
I005618_3,O005618,P042,1,0,3231.12,2480.29,0.0
I005619_1,O005619,P068,1,0,3096.37,1829.36,0.2
I005620_1,O005620,P026,2,0,3216.43,2746.76,0.1
I005621_1,O005621,P106,2,0,2717.22,2402.81,0.1
I005622_1,O005622,P058,1,0,1091.06,974.82,0.05
I005622_2,O005622,P113,2,0,2344.34,1457.19,0.0
I005623_1,O005623,P025,1,0,743.64,526.03,0.1
I005623_2,O005623,P018,1,0,2877.17,1861.03,0.2
I005624_1,O005624,P069,1,0,2738.95,2596.65,0.0
I005625_1,O005625,P045,1,0,1707.04,1393.5,0.3
I005626_1,O005626,P116,1,0,2720.91,2344.15,0.05
I005627_1,O005627,P007,1,0,2615.12,2152.99,0.3
I005628_1,O005628,P066,2,0,616.9,449.79,0.0
I005629_1,O005629,P106,1,0,2750.68,2402.81,0.1
I005630_1,O005630,P058,1,0,1120.88,974.82,0.2
I005630_2,O005630,P064,1,1,238.19,140.8,0.3
I005631_1,O005631,P117,1,0,1537.89,1301.63,0.0
I005632_1,O005632,P084,1,0,1151.14,785.13,0.0
I005633_1,O005633,P068,1,0,3152.35,1829.36,0.05
I005633_2,O005633,P115,1,0,2784.79,1821.73,0.05
I005634_1,O005634,P088,1,0,310.68,167.15,0.05
I005635_1,O005635,P006,2,0,2771.05,2483.13,0.05
I005635_2,O005635,P031,1,0,298.6,221.16,0.0
I005635_3,O005635,P097,2,0,503.32,385.34,0.1
I005636_1,O005636,P046,1,0,219.98,119.22,0.05
I005637_1,O005637,P032,1,0,872.03,692.6,0.0
I005637_2,O005637,P039,1,0,2949.5,1842.48,0.0
I005638_1,O005638,P009,1,0,178.88,142.71,0.05
I005639_1,O005639,P103,2,0,3677.94,3087.95,0.0
I005640_1,O005640,P002,1,0,2640.75,2136.38,0.1
I005640_2,O005640,P058,1,0,1115.77,974.82,0.05
I005640_3,O005640,P011,2,0,718.93,470.48,0.0
I005641_1,O005641,P031,2,0,309.95,221.16,0.1
I005642_1,O005642,P059,1,0,2645.77,2284.02,0.0
I005642_2,O005642,P053,1,0,2880.56,2330.08,0.1
I005642_3,O005642,P113,1,0,2364.25,1457.19,0.0
I005643_1,O005643,P059,1,0,2439.81,2284.02,0.0
I005644_1,O005644,P117,1,0,1543.81,1301.63,0.0
I005644_2,O005644,P003,1,0,711.39,593.8,0.0
I005645_1,O005645,P094,1,0,2710.63,1716.82,0.0
I005645_2,O005645,P027,2,0,2249.45,1900.67,0.0
I005646_1,O005646,P068,1,0,3517.74,1829.36,0.0
I005646_2,O005646,P063,1,1,2209.52,1328.53,0.2
I005646_3,O005646,P007,1,1,2559.7,2152.99,0.2
I005647_1,O005647,P057,1,0,2625.1,1751.13,0.0
I005648_1,O005648,P052,2,0,2505.1,2232.75,0.1
I005648_2,O005648,P064,1,0,236.7,140.8,0.2
I005649_1,O005649,P114,1,0,1139.73,699.07,0.1
I005650_1,O005650,P077,1,0,3091.22,2738.96,0.0
I005650_2,O005650,P011,2,0,632.18,470.48,0.05
I005651_1,O005651,P039,1,0,2986.59,1842.48,0.0
I005651_2,O005651,P071,1,0,2071.86,1171.43,0.0
I005652_1,O005652,P116,1,0,3019.51,2344.15,0.1
I005653_1,O005653,P103,1,0,3802.74,3087.95,0.05
I005653_2,O005653,P058,1,0,1109.53,974.82,0.1
I005653_3,O005653,P036,3,0,2486.2,2239.64,0.0
I005654_1,O005654,P110,1,0,554.41,387.41,0.0
I005654_2,O005654,P008,2,0,3025.99,2190.37,0.1
I005654_3,O005654,P084,2,0,1141.46,785.13,0.05
I005655_1,O005655,P066,1,0,610.1,449.79,0.0
I005655_2,O005655,P073,2,0,2978.72,2517.93,0.0
I005656_1,O005656,P039,2,0,3100.85,1842.48,0.0
I005657_1,O005657,P094,1,0,2687.89,1716.82,0.0
I005657_2,O005657,P023,2,1,2340.67,1316.59,0.2
I005658_1,O005658,P064,1,1,246.66,140.8,0.0
I005658_2,O005658,P046,1,0,206.78,119.22,0.1
I005659_1,O005659,P066,1,0,584.22,449.79,0.1
I005660_1,O005660,P044,1,0,2130.06,1529.57,0.05
I005661_1,O005661,P068,1,0,3368.89,1829.36,0.0
I005661_2,O005661,P089,1,0,2572.99,1691.26,0.0
I005662_1,O005662,P022,1,0,2110.41,1361.4,0.0
I005663_1,O005663,P068,1,0,3139.07,1829.36,0.2
I005663_2,O005663,P041,1,0,1611.74,1272.83,0.05
I005664_1,O005664,P041,3,0,1657.63,1272.83,0.2
I005665_1,O005665,P039,1,0,2997.2,1842.48,0.0
I005666_1,O005666,P073,1,0,2880.1,2517.93,0.1
I005667_1,O005667,P069,1,0,2859.0,2596.65,0.0
I005667_2,O005667,P109,1,0,2456.78,1696.43,0.1
I005668_1,O005668,P024,1,0,3062.87,2312.84,0.1
I005669_1,O005669,P065,1,0,2436.98,1840.19,0.0
I005669_2,O005669,P056,1,1,642.98,467.73,0.0
I005670_1,O005670,P003,2,0,717.26,593.8,0.0
I005670_2,O005670,P056,1,0,705.95,467.73,0.1
I005671_1,O005671,P110,1,0,606.0,387.41,0.0
I005671_2,O005671,P105,2,0,1214.26,1048.44,0.0
I005671_3,O005671,P069,2,0,2754.44,2596.65,0.1
I005672_1,O005672,P023,1,0,2286.25,1316.59,0.0
I005673_1,O005673,P068,1,0,3362.98,1829.36,0.1
I005674_1,O005674,P055,2,2,1750.81,1250.56,0.05
I005674_2,O005674,P060,2,0,3367.43,2190.75,0.0
I005675_1,O005675,P016,1,1,2741.24,2126.82,0.05
I005676_1,O005676,P010,2,0,751.32,468.72,0.0
I005676_2,O005676,P022,1,0,2143.04,1361.4,0.0
I005677_1,O005677,P057,2,0,2926.3,1751.13,0.05
I005677_2,O005677,P118,1,0,1173.47,778.87,0.05
I005677_3,O005677,P048,1,0,2521.26,2064.58,0.1
I005678_1,O005678,P037,2,0,840.96,604.48,0.05
I005678_2,O005678,P048,1,0,2546.15,2064.58,0.05
I005679_1,O005679,P043,1,0,2684.82,2155.97,0.1
I005680_1,O005680,P069,1,0,2733.21,2596.65,0.0
I005680_2,O005680,P012,1,0,3603.24,2599.93,0.2
I005681_1,O005681,P051,1,0,2804.06,1856.67,0.0
I005682_1,O005682,P107,1,0,905.89,517.21,0.05
I005683_1,O005683,P053,1,0,2978.97,2330.08,0.3
I005684_1,O005684,P119,1,0,659.39,550.1,0.05
I005684_2,O005684,P049,1,1,2821.2,1767.67,0.0
I005685_1,O005685,P018,2,0,2820.01,1861.03,0.1
I005685_2,O005685,P046,1,0,210.57,119.22,0.1
I005686_1,O005686,P063,2,0,2144.11,1328.53,0.0
I005686_2,O005686,P038,1,0,2409.22,1939.6,0.3
I005687_1,O005687,P062,1,0,1079.51,934.97,0.1
I005687_2,O005687,P054,1,0,364.08,290.26,0.1
I005688_1,O005688,P026,1,0,3235.42,2746.76,0.05
I005688_2,O005688,P016,1,0,2874.7,2126.82,0.3
I005689_1,O005689,P003,1,0,716.27,593.8,0.1
I005690_1,O005690,P032,2,0,802.45,692.6,0.05
I005690_2,O005690,P102,1,0,3524.39,2068.63,0.1
I005690_3,O005690,P014,1,0,1369.38,956.53,0.05
I005691_1,O005691,P070,1,0,3473.92,2889.93,0.0
I005691_2,O005691,P019,1,0,2436.18,1463.41,0.05
I005691_3,O005691,P104,2,0,885.14,640.45,0.2
I005692_1,O005692,P067,2,0,1214.25,736.87,0.1
I005693_1,O005693,P025,2,0,792.95,526.03,0.0
I005693_2,O005693,P092,2,0,2554.19,1883.6,0.05
I005694_1,O005694,P080,2,0,840.97,706.47,0.0
I005695_1,O005695,P108,1,0,1054.87,757.54,0.0
I005695_2,O005695,P098,2,0,325.79,210.13,0.1
I005696_1,O005696,P072,1,0,1830.0,1369.26,0.1
I005697_1,O005697,P005,1,0,2326.76,1891.99,0.0
I005697_2,O005697,P062,1,0,1125.75,934.97,0.05
I005698_1,O005698,P002,1,0,2882.23,2136.38,0.1
I005698_2,O005698,P104,1,0,818.9,640.45,0.2
I005699_1,O005699,P047,2,0,3462.61,2991.8,0.05
I005699_2,O005699,P097,1,0,501.18,385.34,0.05
I005700_1,O005700,P077,1,0,3170.67,2738.96,0.0
I005701_1,O005701,P046,1,0,227.58,119.22,0.0
I005702_1,O005702,P092,1,0,2511.68,1883.6,0.0
I005703_1,O005703,P049,1,0,2571.14,1767.67,0.2
I005704_1,O005704,P070,1,0,3467.89,2889.93,0.1
I005704_2,O005704,P075,1,0,872.55,632.05,0.0
I005704_3,O005704,P025,1,0,762.11,526.03,0.2
I005705_1,O005705,P093,1,0,1106.98,614.67,0.3
I005706_1,O005706,P081,1,0,3140.36,2035.71,0.05
I005706_2,O005706,P109,1,0,2203.23,1696.43,0.0
I005707_1,O005707,P075,1,0,817.97,632.05,0.0
I005707_2,O005707,P093,1,0,1106.39,614.67,0.2
I005708_1,O005708,P101,1,0,391.17,290.92,0.05
I005709_1,O005709,P108,2,0,1191.21,757.54,0.2
I005709_2,O005709,P073,1,0,3110.25,2517.93,0.1
I005710_1,O005710,P100,1,0,2772.04,2560.83,0.1
I005711_1,O005711,P043,1,0,2442.8,2155.97,0.1
I005711_2,O005711,P114,2,0,1075.07,699.07,0.0
I005712_1,O005712,P009,1,1,195.62,142.71,0.2
I005713_1,O005713,P058,3,0,1049.26,974.82,0.05
I005714_1,O005714,P034,1,1,697.25,551.76,0.0
I005715_1,O005715,P065,1,0,2611.69,1840.19,0.1
I005716_1,O005716,P066,1,0,579.58,449.79,0.2
I005717_1,O005717,P059,1,0,2501.78,2284.02,0.0
I005718_1,O005718,P040,1,0,2138.45,1719.58,0.0
I005718_2,O005718,P075,1,0,849.11,632.05,0.2
I005718_3,O005718,P020,1,0,3210.76,2726.34,0.1
I005719_1,O005719,P074,1,0,2669.03,2093.66,0.0
I005719_2,O005719,P065,1,0,2628.21,1840.19,0.0
I005719_3,O005719,P055,1,0,1855.89,1250.56,0.0
I005720_1,O005720,P001,1,0,809.66,503.11,0.1
I005721_1,O005721,P114,1,0,1003.76,699.07,0.1
I005722_1,O005722,P091,1,0,748.81,567.3,0.05
I005722_2,O005722,P095,1,0,3211.08,2194.24,0.0
I005723_1,O005723,P012,1,0,3751.39,2599.93,0.0
I005723_2,O005723,P079,1,0,2125.88,1780.27,0.3
I005723_3,O005723,P040,1,0,2361.87,1719.58,0.1
I005724_1,O005724,P092,2,0,2520.11,1883.6,0.0
I005725_1,O005725,P117,1,0,1632.72,1301.63,0.2
I005725_2,O005725,P079,1,0,2419.5,1780.27,0.0
I005726_1,O005726,P093,1,0,973.52,614.67,0.0
I005726_2,O005726,P055,2,0,1842.97,1250.56,0.0
I005727_1,O005727,P005,2,0,2276.51,1891.99,0.0
I005727_2,O005727,P056,1,0,704.18,467.73,0.1
I005728_1,O005728,P048,2,0,2662.38,2064.58,0.0
I005729_1,O005729,P078,1,0,2770.44,1751.62,0.1
I005730_1,O005730,P054,1,0,349.19,290.26,0.2
I005731_1,O005731,P002,1,0,2933.21,2136.38,0.1
I005732_1,O005732,P110,1,0,566.6,387.41,0.05
I005732_2,O005732,P116,1,0,2751.98,2344.15,0.0
I005733_1,O005733,P112,1,0,1596.06,1059.45,0.0
I005733_2,O005733,P055,2,0,1706.1,1250.56,0.2
I005734_1,O005734,P010,1,0,763.09,468.72,0.0
I005735_1,O005735,P053,1,0,3081.07,2330.08,0.1
I005736_1,O005736,P090,2,0,1605.69,1197.25,0.05
I005736_2,O005736,P024,2,0,3318.91,2312.84,0.0
I005737_1,O005737,P038,1,0,2418.67,1939.6,0.05
I005737_2,O005737,P031,1,0,278.87,221.16,0.1
I005738_1,O005738,P028,1,1,1406.56,1251.02,0.05
I005738_2,O005738,P074,1,0,2546.96,2093.66,0.0
I005739_1,O005739,P067,1,0,1146.42,736.87,0.0
I005739_2,O005739,P009,1,0,198.19,142.71,0.05
I005740_1,O005740,P080,1,0,834.44,706.47,0.05
I005740_2,O005740,P041,1,0,1720.3,1272.83,0.05
I005741_1,O005741,P056,2,0,680.6,467.73,0.05
I005741_2,O005741,P026,1,0,3346.07,2746.76,0.3
I005742_1,O005742,P101,1,0,442.91,290.92,0.05
I005742_2,O005742,P114,1,0,1031.02,699.07,0.0
I005742_3,O005742,P007,1,0,2643.98,2152.99,0.0
I005743_1,O005743,P032,2,0,808.6,692.6,0.0
I005744_1,O005744,P058,1,0,1057.35,974.82,0.2
I005744_2,O005744,P115,1,1,2585.29,1821.73,0.3
I005744_3,O005744,P048,1,0,2375.65,2064.58,0.0
I005745_1,O005745,P101,2,0,413.66,290.92,0.0
I005745_2,O005745,P090,1,0,1597.29,1197.25,0.1
I005746_1,O005746,P031,1,0,310.44,221.16,0.05
I005746_2,O005746,P088,1,0,300.53,167.15,0.1
I005747_1,O005747,P027,2,0,2100.74,1900.67,0.1
I005748_1,O005748,P057,1,0,2865.04,1751.13,0.3
I005748_2,O005748,P089,1,0,2537.73,1691.26,0.05
I005749_1,O005749,P061,1,0,2627.99,1810.66,0.1
I005749_2,O005749,P018,1,0,2785.81,1861.03,0.1
I005750_1,O005750,P088,1,0,286.41,167.15,0.05
I005751_1,O005751,P059,1,0,2665.31,2284.02,0.0
I005752_1,O005752,P045,2,0,1729.29,1393.5,0.05
I005752_2,O005752,P072,2,1,1716.94,1369.26,0.2
I005752_3,O005752,P073,2,0,2882.35,2517.93,0.3
I005753_1,O005753,P107,2,0,860.86,517.21,0.05
I005754_1,O005754,P108,2,0,1086.67,757.54,0.0
I005754_2,O005754,P078,2,0,2714.26,1751.62,0.0
I005754_3,O005754,P047,1,0,3471.4,2991.8,0.05
I005755_1,O005755,P099,1,0,993.93,579.06,0.0
I005756_1,O005756,P084,1,1,1215.33,785.13,0.2
I005756_2,O005756,P112,2,0,1404.56,1059.45,0.1
I005757_1,O005757,P120,3,0,3419.72,2258.38,0.0
I005757_2,O005757,P063,2,0,2381.17,1328.53,0.0
I005757_3,O005757,P046,1,0,225.79,119.22,0.0
I005758_1,O005758,P055,1,1,1891.59,1250.56,0.05
I005759_1,O005759,P114,1,0,1093.34,699.07,0.0
I005759_2,O005759,P012,1,0,3752.21,2599.93,0.0
I005759_3,O005759,P052,2,0,2539.65,2232.75,0.2
I005760_1,O005760,P114,1,0,1087.76,699.07,0.2
I005761_1,O005761,P070,1,1,3336.65,2889.93,0.05
I005762_1,O005762,P040,1,0,2192.99,1719.58,0.05
I005762_2,O005762,P003,1,0,684.55,593.8,0.0
I005763_1,O005763,P030,1,0,2668.3,1879.56,0.1
I005764_1,O005764,P031,2,0,287.55,221.16,0.1
I005765_1,O005765,P116,3,0,2776.88,2344.15,0.2
I005765_2,O005765,P057,1,0,2770.86,1751.13,0.05
I005766_1,O005766,P051,1,0,2688.92,1856.67,0.0
I005767_1,O005767,P110,1,0,604.54,387.41,0.05
I005767_2,O005767,P105,1,0,1249.19,1048.44,0.1
I005768_1,O005768,P116,1,0,2725.57,2344.15,0.0
I005769_1,O005769,P051,1,0,2482.06,1856.67,0.05
I005770_1,O005770,P041,2,0,1655.09,1272.83,0.2
I005771_1,O005771,P057,2,0,2977.83,1751.13,0.05
I005771_2,O005771,P109,2,0,2433.27,1696.43,0.0
I005772_1,O005772,P102,1,0,3588.6,2068.63,0.0
I005773_1,O005773,P116,1,0,2686.73,2344.15,0.1
I005774_1,O005774,P023,1,0,2277.78,1316.59,0.0
I005775_1,O005775,P002,1,1,2776.6,2136.38,0.3
I005776_1,O005776,P116,1,0,2667.97,2344.15,0.0
I005777_1,O005777,P042,1,0,3480.45,2480.29,0.2
I005778_1,O005778,P016,1,0,2779.52,2126.82,0.2
I005778_2,O005778,P092,2,0,2642.37,1883.6,0.05
I005779_1,O005779,P025,1,0,810.54,526.03,0.0
I005779_2,O005779,P018,1,0,3093.23,1861.03,0.1
I005780_1,O005780,P119,1,0,617.24,550.1,0.1
I005780_2,O005780,P070,1,0,3672.82,2889.93,0.1
I005780_3,O005780,P088,1,0,295.32,167.15,0.05
I005781_1,O005781,P080,1,0,807.79,706.47,0.05
I005782_1,O005782,P101,1,0,430.78,290.92,0.05
I005783_1,O005783,P100,2,0,2886.9,2560.83,0.1
I005784_1,O005784,P061,1,0,2836.58,1810.66,0.0
I005785_1,O005785,P113,2,1,2353.5,1457.19,0.1
I005785_2,O005785,P033,1,0,2645.42,2420.38,0.1
I005785_3,O005785,P082,1,0,2374.39,1528.85,0.0
I005786_1,O005786,P040,1,0,2085.69,1719.58,0.0
I005786_2,O005786,P015,2,0,2099.43,1639.7,0.0
I005787_1,O005787,P042,2,0,3643.31,2480.29,0.0
I005788_1,O005788,P077,1,0,3050.99,2738.96,0.1
I005789_1,O005789,P051,1,0,2784.18,1856.67,0.05
I005790_1,O005790,P022,2,0,2076.16,1361.4,0.0
I005791_1,O005791,P011,1,0,649.58,470.48,0.2
I005792_1,O005792,P012,1,1,3552.61,2599.93,0.2
I005793_1,O005793,P068,1,0,3106.97,1829.36,0.05
I005793_2,O005793,P016,1,0,2866.45,2126.82,0.05
I005793_3,O005793,P034,1,0,724.41,551.76,0.0
I005794_1,O005794,P069,1,0,2742.14,2596.65,0.2
I005795_1,O005795,P116,1,1,2960.23,2344.15,0.2
I005795_2,O005795,P063,1,0,2242.63,1328.53,0.05
I005796_1,O005796,P046,1,0,215.67,119.22,0.0
I005796_2,O005796,P021,1,0,3299.15,2007.08,0.2
I005796_3,O005796,P017,2,0,1879.47,1079.58,0.0
I005797_1,O005797,P061,1,0,2639.25,1810.66,0.1
I005797_2,O005797,P058,1,0,1097.14,974.82,0.0
I005798_1,O005798,P035,1,0,2336.78,1657.14,0.1
I005798_2,O005798,P097,1,0,495.43,385.34,0.05
I005799_1,O005799,P042,1,0,3294.93,2480.29,0.05
I005800_1,O005800,P014,1,0,1385.11,956.53,0.0
I005801_1,O005801,P038,1,0,2378.46,1939.6,0.05
I005802_1,O005802,P078,1,0,2749.86,1751.62,0.2
I005802_2,O005802,P059,1,0,2618.4,2284.02,0.05
I005802_3,O005802,P067,1,0,1206.51,736.87,0.0
I005803_1,O005803,P104,1,0,886.17,640.45,0.05
I005804_1,O005804,P035,2,0,2210.57,1657.14,0.1
I005804_2,O005804,P071,2,0,1848.6,1171.43,0.0
I005805_1,O005805,P111,2,1,1150.4,738.87,0.0
I005806_1,O005806,P115,1,0,2529.19,1821.73,0.1
I005807_1,O005807,P102,1,0,3598.98,2068.63,0.2
I005807_2,O005807,P040,1,0,2220.8,1719.58,0.1
I005808_1,O005808,P053,2,0,3041.66,2330.08,0.05
I005809_1,O005809,P002,1,0,2589.37,2136.38,0.0
I005810_1,O005810,P114,1,0,1056.3,699.07,0.2
I005811_1,O005811,P099,1,0,1095.18,579.06,0.1
I005811_2,O005811,P063,2,0,2364.77,1328.53,0.0
I005812_1,O005812,P036,1,0,2589.91,2239.64,0.0
I005813_1,O005813,P001,1,0,738.41,503.11,0.0
I005813_2,O005813,P120,2,0,3645.35,2258.38,0.1
I005814_1,O005814,P054,1,0,335.42,290.26,0.05
I005815_1,O005815,P110,2,0,598.67,387.41,0.0
I005816_1,O005816,P118,1,0,1292.98,778.87,0.1
I005816_2,O005816,P101,1,0,395.06,290.92,0.0
I005817_1,O005817,P069,2,0,3097.69,2596.65,0.0
I005818_1,O005818,P109,1,0,2320.96,1696.43,0.0
I005819_1,O005819,P032,1,0,783.34,692.6,0.0
I005820_1,O005820,P090,1,0,1770.9,1197.25,0.1
I005821_1,O005821,P017,1,0,1862.24,1079.58,0.2
I005822_1,O005822,P008,1,0,3068.92,2190.37,0.0
I005822_2,O005822,P034,1,1,661.99,551.76,0.05
I005823_1,O005823,P060,1,0,3537.65,2190.75,0.05
I005823_2,O005823,P059,1,1,2537.93,2284.02,0.1
I005824_1,O005824,P068,2,0,3139.43,1829.36,0.0
I005824_2,O005824,P096,1,0,3051.46,1989.35,0.05
I005825_1,O005825,P064,2,0,233.96,140.8,0.0
I005825_2,O005825,P077,1,0,3150.03,2738.96,0.1
I005826_1,O005826,P012,1,0,3806.06,2599.93,0.0
I005827_1,O005827,P046,1,0,220.81,119.22,0.05
I005827_2,O005827,P078,1,0,2793.53,1751.62,0.1
I005827_3,O005827,P012,1,0,3528.86,2599.93,0.05
I005828_1,O005828,P035,1,0,2462.05,1657.14,0.1
I005829_1,O005829,P064,2,0,260.4,140.8,0.0
I005830_1,O005830,P045,1,0,1652.71,1393.5,0.1
I005831_1,O005831,P021,1,1,3250.7,2007.08,0.0
I005831_2,O005831,P113,1,0,2315.5,1457.19,0.1
I005832_1,O005832,P011,1,0,680.28,470.48,0.0
I005832_2,O005832,P104,1,0,869.52,640.45,0.05
I005832_3,O005832,P105,2,0,1321.54,1048.44,0.1
I005833_1,O005833,P071,2,0,1855.76,1171.43,0.05
I005833_2,O005833,P042,1,0,3465.46,2480.29,0.1
I005834_1,O005834,P001,2,0,760.48,503.11,0.0
I005835_1,O005835,P079,1,0,2312.96,1780.27,0.0
I005835_2,O005835,P010,1,0,741.13,468.72,0.0
I005836_1,O005836,P117,2,0,1479.57,1301.63,0.2
I005836_2,O005836,P016,1,0,2889.93,2126.82,0.0
I005837_1,O005837,P061,1,0,2536.71,1810.66,0.0
I005837_2,O005837,P015,1,0,1969.21,1639.7,0.1
I005838_1,O005838,P037,1,0,791.65,604.48,0.0
I005838_2,O005838,P028,1,0,1531.29,1251.02,0.1
I005839_1,O005839,P115,1,0,2465.13,1821.73,0.0
I005839_2,O005839,P103,1,0,3436.27,3087.95,0.1
I005840_1,O005840,P033,2,0,2812.93,2420.38,0.1
I005840_2,O005840,P016,1,0,2719.58,2126.82,0.1
I005840_3,O005840,P054,1,1,370.93,290.26,0.0
I005841_1,O005841,P050,1,1,1269.01,748.37,0.2
I005841_2,O005841,P016,2,0,2954.83,2126.82,0.1
I005842_1,O005842,P072,2,0,1831.13,1369.26,0.05
I005843_1,O005843,P101,1,0,400.47,290.92,0.2
I005843_2,O005843,P060,1,0,3625.8,2190.75,0.0
I005843_3,O005843,P007,1,0,2482.19,2152.99,0.0
I005844_1,O005844,P078,2,0,2795.61,1751.62,0.1
I005845_1,O005845,P030,2,0,2741.74,1879.56,0.1
I005846_1,O005846,P024,2,0,3293.79,2312.84,0.05
I005847_1,O005847,P007,1,0,2567.69,2152.99,0.05
I005848_1,O005848,P093,1,0,983.51,614.67,0.0
I005849_1,O005849,P061,3,0,2624.08,1810.66,0.05
I005849_2,O005849,P092,3,0,2465.09,1883.6,0.3
I005850_1,O005850,P091,1,1,814.33,567.3,0.0
I005850_2,O005850,P049,1,0,2626.57,1767.67,0.0
I005850_3,O005850,P054,1,0,324.73,290.26,0.0
I005851_1,O005851,P024,1,0,3148.41,2312.84,0.0
I005851_2,O005851,P083,2,0,868.12,674.18,0.05
I005852_1,O005852,P015,1,0,2046.58,1639.7,0.0
I005853_1,O005853,P034,1,0,650.38,551.76,0.0
I005854_1,O005854,P115,1,0,2765.18,1821.73,0.05
I005854_2,O005854,P042,1,0,3568.66,2480.29,0.2
I005855_1,O005855,P114,1,0,1052.22,699.07,0.1
I005855_2,O005855,P073,1,0,2930.56,2517.93,0.1
I005855_3,O005855,P015,1,0,2083.23,1639.7,0.0
I005856_1,O005856,P118,1,0,1206.15,778.87,0.0
I005856_2,O005856,P018,1,0,2749.49,1861.03,0.0
I005857_1,O005857,P078,1,0,2733.95,1751.62,0.2
I005858_1,O005858,P075,1,0,827.24,632.05,0.0
I005859_1,O005859,P007,1,0,2783.43,2152.99,0.2
I005860_1,O005860,P095,1,0,3391.63,2194.24,0.0
I005861_1,O005861,P120,1,1,3353.17,2258.38,0.0
I005861_2,O005861,P104,2,0,887.22,640.45,0.0
I005862_1,O005862,P016,1,0,2929.94,2126.82,0.0
I005863_1,O005863,P017,1,0,1836.38,1079.58,0.05
I005863_2,O005863,P107,1,0,879.7,517.21,0.1
I005863_3,O005863,P079,1,0,2326.5,1780.27,0.0
I005864_1,O005864,P096,1,0,3342.73,1989.35,0.05
I005864_2,O005864,P067,2,0,1122.19,736.87,0.0
I005864_3,O005864,P084,2,0,1193.86,785.13,0.05
I005865_1,O005865,P082,1,0,2215.28,1528.85,0.1
I005865_2,O005865,P062,1,0,1152.67,934.97,0.0
I005865_3,O005865,P105,1,0,1238.65,1048.44,0.0
I005866_1,O005866,P086,1,0,553.29,301.67,0.1
I005866_2,O005866,P115,1,0,2538.57,1821.73,0.2
I005866_3,O005866,P093,1,0,1108.33,614.67,0.0
I005867_1,O005867,P084,1,0,1153.06,785.13,0.1
I005868_1,O005868,P066,2,0,574.53,449.79,0.0
I005868_2,O005868,P088,1,0,298.03,167.15,0.0
I005868_3,O005868,P106,2,0,2643.51,2402.81,0.0
I005869_1,O005869,P118,1,0,1323.11,778.87,0.0
I005870_1,O005870,P036,1,0,2507.9,2239.64,0.2
I005871_1,O005871,P037,1,0,794.04,604.48,0.0
I005872_1,O005872,P112,1,0,1447.01,1059.45,0.0
I005873_1,O005873,P115,1,0,2649.43,1821.73,0.05
I005874_1,O005874,P039,1,0,3028.07,1842.48,0.2
I005874_2,O005874,P116,1,0,2704.63,2344.15,0.0
I005874_3,O005874,P014,1,0,1387.63,956.53,0.0
I005875_1,O005875,P070,1,0,3632.79,2889.93,0.1
I005876_1,O005876,P088,2,0,301.83,167.15,0.1
I005877_1,O005877,P090,1,0,1752.47,1197.25,0.0
I005877_2,O005877,P083,2,0,935.67,674.18,0.1
I005878_1,O005878,P052,1,0,2507.37,2232.75,0.0
I005879_1,O005879,P119,1,0,643.6,550.1,0.0
I005880_1,O005880,P103,1,0,3367.61,3087.95,0.3
I005880_2,O005880,P024,1,0,3265.37,2312.84,0.05
I005881_1,O005881,P015,1,0,2060.82,1639.7,0.1
I005882_1,O005882,P091,1,0,786.51,567.3,0.05
I005882_2,O005882,P029,2,0,3231.37,2642.14,0.2
I005883_1,O005883,P111,1,0,1143.65,738.87,0.2
I005883_2,O005883,P102,3,0,3420.31,2068.63,0.05
I005884_1,O005884,P087,1,0,2056.89,1487.18,0.0
I005884_2,O005884,P031,1,0,278.38,221.16,0.2
I005885_1,O005885,P035,1,0,2230.06,1657.14,0.0
I005885_2,O005885,P066,1,0,623.47,449.79,0.0
I005886_1,O005886,P040,1,0,2211.13,1719.58,0.3
I005887_1,O005887,P094,1,0,2862.77,1716.82,0.0
I005887_2,O005887,P003,1,0,721.67,593.8,0.0
I005888_1,O005888,P092,1,0,2364.47,1883.6,0.3
I005889_1,O005889,P053,1,0,2868.08,2330.08,0.1
I005890_1,O005890,P055,1,0,1779.15,1250.56,0.0
I005891_1,O005891,P111,1,0,1147.21,738.87,0.0
I005892_1,O005892,P075,1,0,852.37,632.05,0.2
I005892_2,O005892,P086,1,0,549.61,301.67,0.05
I005892_3,O005892,P108,3,0,1045.11,757.54,0.0
I005893_1,O005893,P091,1,0,793.57,567.3,0.0
I005893_2,O005893,P026,1,0,3278.25,2746.76,0.0
I005894_1,O005894,P052,1,0,2659.99,2232.75,0.1
I005895_1,O005895,P074,1,0,2564.74,2093.66,0.0
I005895_2,O005895,P096,1,0,3397.45,1989.35,0.05
I005895_3,O005895,P065,1,0,2500.4,1840.19,0.3
I005896_1,O005896,P055,2,0,1873.45,1250.56,0.0
I005896_2,O005896,P034,2,0,717.0,551.76,0.1
I005896_3,O005896,P033,1,0,2684.87,2420.38,0.1
I005897_1,O005897,P091,1,0,754.14,567.3,0.0
I005897_2,O005897,P003,2,0,675.19,593.8,0.0
I005897_3,O005897,P079,1,0,2388.45,1780.27,0.0
I005898_1,O005898,P103,1,1,3635.42,3087.95,0.05
I005898_2,O005898,P053,1,0,3014.35,2330.08,0.05
I005899_1,O005899,P045,1,0,1647.76,1393.5,0.0
I005900_1,O005900,P037,1,1,815.81,604.48,0.0
I005901_1,O005901,P026,2,0,3214.31,2746.76,0.1
I005901_2,O005901,P102,1,0,3630.63,2068.63,0.05
I005902_1,O005902,P045,1,1,1567.17,1393.5,0.1
I005902_2,O005902,P041,1,0,1693.19,1272.83,0.0
I005903_1,O005903,P045,1,0,1662.02,1393.5,0.05
I005904_1,O005904,P080,1,0,831.11,706.47,0.1
I005904_2,O005904,P102,2,0,3287.03,2068.63,0.0
I005905_1,O005905,P062,1,0,1145.03,934.97,0.2
I005905_2,O005905,P028,1,1,1485.75,1251.02,0.0
I005905_3,O005905,P029,1,0,3120.88,2642.14,0.1
I005906_1,O005906,P111,1,0,1101.2,738.87,0.1
I005906_2,O005906,P107,1,0,817.55,517.21,0.0
I005906_3,O005906,P033,1,0,2729.92,2420.38,0.0
I005907_1,O005907,P070,2,0,3759.59,2889.93,0.1
I005908_1,O005908,P031,1,0,302.6,221.16,0.0
I005908_2,O005908,P080,1,0,877.34,706.47,0.1
I005908_3,O005908,P099,1,0,1062.49,579.06,0.1
I005909_1,O005909,P046,1,0,203.13,119.22,0.1
I005910_1,O005910,P120,1,0,3278.05,2258.38,0.0
I005911_1,O005911,P016,1,0,2804.16,2126.82,0.0
I005912_1,O005912,P095,1,0,3137.29,2194.24,0.0
I005913_1,O005913,P091,1,0,758.55,567.3,0.0
I005914_1,O005914,P108,2,1,1080.02,757.54,0.0
I005915_1,O005915,P075,1,0,871.1,632.05,0.0
I005915_2,O005915,P113,1,0,2163.55,1457.19,0.0
I005916_1,O005916,P030,2,0,2427.6,1879.56,0.05
I005916_2,O005916,P066,2,0,569.56,449.79,0.3
I005917_1,O005917,P075,1,0,845.51,632.05,0.1
I005917_2,O005917,P104,1,0,781.47,640.45,0.2
I005918_1,O005918,P097,2,0,497.3,385.34,0.0
I005918_2,O005918,P046,1,1,231.08,119.22,0.0
I005919_1,O005919,P027,1,0,2240.15,1900.67,0.1
I005920_1,O005920,P012,1,0,3898.09,2599.93,0.05
I005921_1,O005921,P046,1,0,211.85,119.22,0.0
I005922_1,O005922,P084,1,0,1101.01,785.13,0.05
I005922_2,O005922,P087,1,0,1862.05,1487.18,0.0
I005922_3,O005922,P060,1,0,3235.24,2190.75,0.05
I005923_1,O005923,P105,1,1,1344.33,1048.44,0.05
I005923_2,O005923,P098,1,0,332.81,210.13,0.0
I005924_1,O005924,P105,1,0,1317.98,1048.44,0.0
I005925_1,O005925,P111,1,0,1073.51,738.87,0.0
I005925_2,O005925,P047,1,0,3348.71,2991.8,0.0
I005926_1,O005926,P114,1,0,1130.67,699.07,0.0
I005926_2,O005926,P039,2,0,3034.61,1842.48,0.0
I005926_3,O005926,P018,2,0,2835.42,1861.03,0.1
I005927_1,O005927,P079,1,0,2283.84,1780.27,0.0
I005928_1,O005928,P092,1,0,2361.33,1883.6,0.05
I005929_1,O005929,P030,1,0,2699.38,1879.56,0.0
I005929_2,O005929,P097,2,0,497.39,385.34,0.1
I005930_1,O005930,P106,1,0,2930.79,2402.81,0.0
I005930_2,O005930,P042,1,0,3263.81,2480.29,0.05
I005931_1,O005931,P006,2,0,3071.08,2483.13,0.0
I005931_2,O005931,P010,1,0,746.51,468.72,0.0
I005931_3,O005931,P109,1,0,2257.29,1696.43,0.0
I005932_1,O005932,P054,1,0,344.25,290.26,0.1
I005933_1,O005933,P102,2,0,3507.67,2068.63,0.05
I005933_2,O005933,P059,2,0,2434.19,2284.02,0.0
I005934_1,O005934,P091,1,0,812.25,567.3,0.05
I005934_2,O005934,P010,3,0,703.39,468.72,0.05
I005935_1,O005935,P098,1,0,329.73,210.13,0.05
I005936_1,O005936,P112,2,0,1413.5,1059.45,0.1
I005936_2,O005936,P031,1,0,300.6,221.16,0.0
I005937_1,O005937,P006,2,0,3119.07,2483.13,0.2
I005938_1,O005938,P107,2,0,836.75,517.21,0.0
I005939_1,O005939,P058,1,0,1068.66,974.82,0.05
I005939_2,O005939,P115,1,0,2528.31,1821.73,0.1
I005940_1,O005940,P015,1,0,1866.6,1639.7,0.1
I005941_1,O005941,P046,2,0,204.41,119.22,0.0
I005942_1,O005942,P069,1,0,2824.48,2596.65,0.05
I005942_2,O005942,P030,1,0,2569.4,1879.56,0.0
I005943_1,O005943,P047,1,0,3711.05,2991.8,0.0
I005944_1,O005944,P019,1,0,2623.82,1463.41,0.2
I005945_1,O005945,P063,2,0,2299.73,1328.53,0.0
I005945_2,O005945,P072,1,0,1696.2,1369.26,0.05
I005946_1,O005946,P111,1,0,1098.6,738.87,0.0
I005946_2,O005946,P096,2,0,3250.89,1989.35,0.0
I005947_1,O005947,P042,1,0,3575.52,2480.29,0.2
I005947_2,O005947,P020,2,0,3450.58,2726.34,0.0
I005948_1,O005948,P090,1,0,1684.67,1197.25,0.0
I005948_2,O005948,P027,2,0,2330.16,1900.67,0.05
I005949_1,O005949,P114,1,0,1063.26,699.07,0.1
I005949_2,O005949,P004,2,0,3036.66,2449.64,0.0
I005950_1,O005950,P087,2,0,2015.64,1487.18,0.0
I005951_1,O005951,P041,2,0,1770.82,1272.83,0.05
I005952_1,O005952,P030,1,0,2707.73,1879.56,0.0
I005953_1,O005953,P104,1,0,861.6,640.45,0.2
I005953_2,O005953,P055,1,0,1867.07,1250.56,0.0
I005954_1,O005954,P038,1,0,2380.19,1939.6,0.1
I005955_1,O005955,P060,1,0,3392.76,2190.75,0.0
I005956_1,O005956,P063,2,0,2277.33,1328.53,0.0
I005957_1,O005957,P077,2,0,3310.23,2738.96,0.2
I005958_1,O005958,P075,1,0,837.66,632.05,0.05
I005958_2,O005958,P095,1,0,3130.59,2194.24,0.1
I005959_1,O005959,P026,1,0,3255.95,2746.76,0.2
I005960_1,O005960,P081,1,0,2970.97,2035.71,0.0
I005960_2,O005960,P064,2,0,230.64,140.8,0.0
I005960_3,O005960,P112,1,0,1524.16,1059.45,0.1
I005961_1,O005961,P063,1,0,2393.3,1328.53,0.0
I005962_1,O005962,P109,1,0,2458.76,1696.43,0.0
I005962_2,O005962,P089,1,0,2604.86,1691.26,0.1
I005963_1,O005963,P081,1,0,3334.04,2035.71,0.0
I005964_1,O005964,P059,1,0,2530.15,2284.02,0.05
I005965_1,O005965,P119,1,0,685.77,550.1,0.0
I005965_2,O005965,P100,1,1,3117.44,2560.83,0.1
I005966_1,O005966,P099,1,0,983.87,579.06,0.0
I005967_1,O005967,P068,1,0,3147.95,1829.36,0.05
I005967_2,O005967,P035,1,0,2493.47,1657.14,0.1
I005968_1,O005968,P097,1,0,516.41,385.34,0.1
I005969_1,O005969,P074,2,0,2700.12,2093.66,0.0
I005969_2,O005969,P008,1,1,3094.98,2190.37,0.1
I005969_3,O005969,P100,2,0,3044.07,2560.83,0.05
I005970_1,O005970,P025,1,0,727.9,526.03,0.05
I005971_1,O005971,P110,2,0,574.04,387.41,0.0
I005972_1,O005972,P048,1,0,2609.51,2064.58,0.0
I005972_2,O005972,P013,3,0,1749.85,1078.11,0.2
I005972_3,O005972,P025,1,0,709.09,526.03,0.05
I005973_1,O005973,P102,1,0,3341.98,2068.63,0.1
I005974_1,O005974,P101,1,0,388.65,290.92,0.2
I005975_1,O005975,P077,1,0,3172.7,2738.96,0.3
I005976_1,O005976,P069,1,0,3034.02,2596.65,0.1
I005977_1,O005977,P074,1,0,2725.6,2093.66,0.0
I005977_2,O005977,P106,1,0,2902.97,2402.81,0.0
I005978_1,O005978,P116,1,0,2703.03,2344.15,0.1
I005978_2,O005978,P041,1,0,1746.32,1272.83,0.2
I005979_1,O005979,P047,1,0,3702.03,2991.8,0.0
I005979_2,O005979,P060,1,0,3345.65,2190.75,0.05
I005980_1,O005980,P069,1,0,2987.35,2596.65,0.05
I005981_1,O005981,P112,1,0,1400.65,1059.45,0.0
I005982_1,O005982,P083,1,0,983.68,674.18,0.0
I005983_1,O005983,P042,1,0,3567.42,2480.29,0.05
I005984_1,O005984,P005,1,0,2278.81,1891.99,0.2
I005985_1,O005985,P118,1,0,1264.52,778.87,0.2
I005985_2,O005985,P017,3,0,1824.07,1079.58,0.2
I005986_1,O005986,P108,2,0,1093.36,757.54,0.0
I005987_1,O005987,P014,1,0,1456.41,956.53,0.2
I005987_2,O005987,P099,1,0,986.39,579.06,0.2
I005988_1,O005988,P004,1,0,3345.52,2449.64,0.0
I005988_2,O005988,P049,2,0,2835.41,1767.67,0.05
I005988_3,O005988,P018,1,0,3043.56,1861.03,0.1
I005989_1,O005989,P010,2,0,705.68,468.72,0.1
I005989_2,O005989,P120,2,0,3548.19,2258.38,0.05
I005990_1,O005990,P061,2,0,2778.13,1810.66,0.0
I005990_2,O005990,P086,2,0,558.76,301.67,0.05
I005990_3,O005990,P040,2,0,2142.65,1719.58,0.0
I005991_1,O005991,P015,1,0,2107.22,1639.7,0.05
I005992_1,O005992,P062,1,0,1117.97,934.97,0.3
I005992_2,O005992,P002,1,0,2914.75,2136.38,0.05
I005992_3,O005992,P014,1,1,1464.99,956.53,0.1
I005993_1,O005993,P013,1,0,1823.05,1078.11,0.1
I005994_1,O005994,P080,1,0,866.6,706.47,0.0
I005994_2,O005994,P005,1,0,2150.43,1891.99,0.05
I005994_3,O005994,P064,2,0,240.45,140.8,0.0
I005995_1,O005995,P086,1,0,526.5,301.67,0.0
I005996_1,O005996,P015,2,0,1934.7,1639.7,0.05
I005997_1,O005997,P019,1,0,2389.88,1463.41,0.0
I005997_2,O005997,P086,1,0,530.36,301.67,0.05
I005998_1,O005998,P108,1,0,1195.54,757.54,0.1
I005999_1,O005999,P013,1,0,1857.21,1078.11,0.1
I006000_1,O006000,P111,1,0,1119.78,738.87,0.0
I006000_2,O006000,P058,2,0,1021.35,974.82,0.05
I006000_3,O006000,P035,1,0,2259.47,1657.14,0.0
I006001_1,O006001,P077,2,0,2998.1,2738.96,0.1
I006002_1,O006002,P100,1,0,2847.94,2560.83,0.0
I006002_2,O006002,P015,1,0,2034.48,1639.7,0.0
I006003_1,O006003,P076,2,0,2479.28,1928.31,0.3
I006003_2,O006003,P054,1,0,360.05,290.26,0.0
I006004_1,O006004,P013,1,0,1862.23,1078.11,0.1
I006004_2,O006004,P113,1,0,2120.53,1457.19,0.0
I006004_3,O006004,P095,1,0,3388.73,2194.24,0.3
I006005_1,O006005,P111,1,0,1056.14,738.87,0.05
I006005_2,O006005,P110,1,0,595.68,387.41,0.1
I006005_3,O006005,P093,1,0,971.21,614.67,0.3
I006006_1,O006006,P051,2,0,2656.01,1856.67,0.1
I006006_2,O006006,P063,2,0,2196.72,1328.53,0.1
I006007_1,O006007,P067,2,0,1223.38,736.87,0.0
I006008_1,O006008,P086,1,0,547.42,301.67,0.05
I006009_1,O006009,P095,1,0,3389.76,2194.24,0.2
I006010_1,O006010,P061,1,0,2637.93,1810.66,0.0
I006010_2,O006010,P119,2,0,621.9,550.1,0.2
I006010_3,O006010,P079,3,0,2252.87,1780.27,0.0
I006011_1,O006011,P068,2,0,3117.1,1829.36,0.1
I006011_2,O006011,P110,1,0,553.41,387.41,0.0
I006012_1,O006012,P019,2,0,2365.54,1463.41,0.3
I006013_1,O006013,P098,1,0,351.98,210.13,0.0
I006013_2,O006013,P060,1,0,3441.12,2190.75,0.0
I006014_1,O006014,P004,1,1,3251.02,2449.64,0.05
I006014_2,O006014,P083,1,0,984.36,674.18,0.0
I006015_1,O006015,P048,1,1,2370.65,2064.58,0.2
I006016_1,O006016,P002,1,0,2841.81,2136.38,0.1
I006016_2,O006016,P069,2,0,2909.17,2596.65,0.3
I006016_3,O006016,P063,1,0,2353.95,1328.53,0.1
I006017_1,O006017,P119,1,0,656.54,550.1,0.0
I006017_2,O006017,P050,1,0,1158.21,748.37,0.2
I006018_1,O006018,P100,1,0,2907.63,2560.83,0.2
I006018_2,O006018,P062,1,0,1220.41,934.97,0.3
I006019_1,O006019,P052,1,0,2622.21,2232.75,0.3
I006020_1,O006020,P026,1,0,3219.19,2746.76,0.1
I006021_1,O006021,P023,1,0,2161.63,1316.59,0.1
I006022_1,O006022,P045,1,0,1547.91,1393.5,0.0
I006022_2,O006022,P064,1,0,242.41,140.8,0.05
I006023_1,O006023,P037,2,0,758.11,604.48,0.1
I006023_2,O006023,P062,1,0,1170.69,934.97,0.0
I006024_1,O006024,P090,1,0,1746.52,1197.25,0.0
I006025_1,O006025,P060,1,0,3523.69,2190.75,0.0
I006025_2,O006025,P070,1,1,3815.76,2889.93,0.0
I006026_1,O006026,P062,1,0,1108.17,934.97,0.05
I006027_1,O006027,P120,1,1,3644.49,2258.38,0.0
I006027_2,O006027,P099,2,0,977.37,579.06,0.1
I006028_1,O006028,P110,2,0,593.62,387.41,0.0
I006029_1,O006029,P015,1,0,1886.37,1639.7,0.0
I006029_2,O006029,P106,1,0,2871.99,2402.81,0.05
I006030_1,O006030,P073,2,0,3282.97,2517.93,0.1
I006031_1,O006031,P076,1,0,2741.99,1928.31,0.0
I006031_2,O006031,P082,1,0,2268.76,1528.85,0.3
I006032_1,O006032,P038,2,0,2615.48,1939.6,0.0
I006033_1,O006033,P083,2,0,868.3,674.18,0.0
I006034_1,O006034,P072,1,0,1799.43,1369.26,0.0
I006034_2,O006034,P069,1,0,3143.29,2596.65,0.2
I006034_3,O006034,P046,1,0,205.85,119.22,0.0
I006035_1,O006035,P031,1,0,277.03,221.16,0.05
I006036_1,O006036,P108,1,0,1144.3,757.54,0.05
I006037_1,O006037,P011,1,0,631.58,470.48,0.1
I006038_1,O006038,P081,1,0,3212.04,2035.71,0.0
I006039_1,O006039,P083,1,0,888.33,674.18,0.1
I006040_1,O006040,P103,1,0,3746.55,3087.95,0.05
I006041_1,O006041,P067,1,0,1227.52,736.87,0.1
I006041_2,O006041,P100,2,0,2852.76,2560.83,0.2
I006042_1,O006042,P034,1,0,662.22,551.76,0.0
I006043_1,O006043,P104,1,0,793.27,640.45,0.2
I006044_1,O006044,P077,1,0,3005.6,2738.96,0.2
I006045_1,O006045,P057,2,2,2920.48,1751.13,0.2
I006045_2,O006045,P108,1,0,1118.66,757.54,0.05
I006046_1,O006046,P009,1,0,198.37,142.71,0.0
I006047_1,O006047,P056,1,0,647.31,467.73,0.05
I006048_1,O006048,P015,1,0,2084.56,1639.7,0.2
I006049_1,O006049,P021,1,0,2889.53,2007.08,0.1
I006050_1,O006050,P095,1,0,3137.25,2194.24,0.05
I006051_1,O006051,P029,3,0,3004.12,2642.14,0.0
I006052_1,O006052,P055,1,0,1678.5,1250.56,0.0
I006053_1,O006053,P029,2,0,3234.55,2642.14,0.2
I006053_2,O006053,P010,1,0,745.99,468.72,0.0
I006054_1,O006054,P078,1,0,2916.14,1751.62,0.1
I006054_2,O006054,P053,1,0,2798.58,2330.08,0.05
I006054_3,O006054,P042,3,0,3472.35,2480.29,0.05
I006055_1,O006055,P046,1,0,219.05,119.22,0.05
I006055_2,O006055,P098,1,0,359.28,210.13,0.0
I006055_3,O006055,P003,1,0,681.09,593.8,0.2
I006056_1,O006056,P106,1,0,2809.78,2402.81,0.0
I006057_1,O006057,P009,1,0,177.02,142.71,0.05
I006057_2,O006057,P002,1,0,2822.05,2136.38,0.3
I006058_1,O006058,P023,2,0,2266.06,1316.59,0.0
I006058_2,O006058,P113,1,0,2352.88,1457.19,0.05
I006059_1,O006059,P095,1,0,3140.39,2194.24,0.3
I006059_2,O006059,P033,1,0,2950.02,2420.38,0.0
I006060_1,O006060,P028,2,0,1395.54,1251.02,0.2
I006060_2,O006060,P090,1,0,1817.47,1197.25,0.05
I006060_3,O006060,P050,1,0,1201.75,748.37,0.05
I006061_1,O006061,P118,1,0,1294.08,778.87,0.05
I006061_2,O006061,P048,1,0,2661.41,2064.58,0.0
I006062_1,O006062,P063,1,0,2199.76,1328.53,0.05
I006063_1,O006063,P040,1,0,2353.65,1719.58,0.0
I006064_1,O006064,P050,1,0,1167.77,748.37,0.1
I006064_2,O006064,P100,2,0,2864.75,2560.83,0.0
I006065_1,O006065,P035,2,0,2211.13,1657.14,0.0
I006066_1,O006066,P097,1,0,529.4,385.34,0.0
I006067_1,O006067,P057,1,0,2978.38,1751.13,0.1
I006068_1,O006068,P045,1,0,1688.93,1393.5,0.2
I006069_1,O006069,P027,1,0,2083.34,1900.67,0.0
I006070_1,O006070,P024,1,0,2947.64,2312.84,0.05
I006070_2,O006070,P045,2,1,1667.65,1393.5,0.0
I006071_1,O006071,P079,2,0,2349.21,1780.27,0.1
I006072_1,O006072,P005,1,0,2204.13,1891.99,0.05
I006073_1,O006073,P032,2,0,864.14,692.6,0.0
I006074_1,O006074,P041,1,0,1806.44,1272.83,0.05
I006075_1,O006075,P076,1,0,2682.23,1928.31,0.0
I006076_1,O006076,P047,1,0,3339.14,2991.8,0.0
I006077_1,O006077,P107,1,0,823.68,517.21,0.0
I006077_2,O006077,P100,1,0,3082.72,2560.83,0.0
I006078_1,O006078,P047,1,0,3360.87,2991.8,0.3
I006078_2,O006078,P057,1,0,2855.13,1751.13,0.1
I006079_1,O006079,P039,1,0,2792.42,1842.48,0.1
I006080_1,O006080,P047,1,0,3420.21,2991.8,0.1
I006080_2,O006080,P044,1,0,2283.61,1529.57,0.3
I006081_1,O006081,P070,1,0,3605.5,2889.93,0.0
I006082_1,O006082,P110,1,1,542.97,387.41,0.2
I006083_1,O006083,P007,1,0,2807.84,2152.99,0.0
I006084_1,O006084,P061,2,0,2801.61,1810.66,0.1
I006085_1,O006085,P090,1,0,1820.95,1197.25,0.3
I006085_2,O006085,P051,1,0,2496.72,1856.67,0.3
I006086_1,O006086,P092,1,0,2482.76,1883.6,0.1
I006087_1,O006087,P075,1,1,818.34,632.05,0.1
I006088_1,O006088,P091,1,0,774.77,567.3,0.2
I006088_2,O006088,P080,1,0,897.01,706.47,0.2
I006088_3,O006088,P003,1,0,698.27,593.8,0.05
I006089_1,O006089,P079,1,0,2366.6,1780.27,0.0
I006090_1,O006090,P040,1,0,2157.33,1719.58,0.1
I006090_2,O006090,P111,2,0,1109.56,738.87,0.05
I006091_1,O006091,P108,3,0,1049.15,757.54,0.0
I006092_1,O006092,P034,1,0,657.63,551.76,0.05
I006093_1,O006093,P053,1,0,3101.46,2330.08,0.05
I006094_1,O006094,P018,1,0,2948.52,1861.03,0.2
I006095_1,O006095,P034,1,0,688.46,551.76,0.2
I006096_1,O006096,P101,1,0,416.96,290.92,0.05
I006097_1,O006097,P109,1,0,2489.52,1696.43,0.1
I006098_1,O006098,P034,1,0,645.66,551.76,0.05
I006098_2,O006098,P004,1,0,3062.52,2449.64,0.1
I006098_3,O006098,P046,1,0,230.86,119.22,0.0
I006099_1,O006099,P120,1,0,3517.27,2258.38,0.1
I006099_2,O006099,P069,1,0,2798.39,2596.65,0.0
I006100_1,O006100,P097,2,0,499.05,385.34,0.2
I006100_2,O006100,P039,2,0,2937.83,1842.48,0.0
I006101_1,O006101,P011,1,0,690.39,470.48,0.0
I006102_1,O006102,P118,1,0,1289.97,778.87,0.0
I006102_2,O006102,P027,1,0,2055.15,1900.67,0.2
I006102_3,O006102,P094,1,0,2690.81,1716.82,0.2
I006103_1,O006103,P112,1,0,1439.65,1059.45,0.05
I006104_1,O006104,P093,1,0,1090.2,614.67,0.0
I006105_1,O006105,P116,1,0,2790.69,2344.15,0.0
I006106_1,O006106,P094,1,0,2633.91,1716.82,0.0
I006107_1,O006107,P116,1,0,2710.67,2344.15,0.05
I006108_1,O006108,P025,1,0,746.78,526.03,0.05
I006109_1,O006109,P048,1,0,2594.72,2064.58,0.1
I006109_2,O006109,P119,1,0,629.25,550.1,0.0
I006110_1,O006110,P003,1,0,739.83,593.8,0.05
I006110_2,O006110,P063,1,0,2245.57,1328.53,0.0
I006110_3,O006110,P053,1,0,2842.0,2330.08,0.1
I006111_1,O006111,P099,1,1,1118.0,579.06,0.2
I006111_2,O006111,P047,2,0,3575.52,2991.8,0.2
I006111_3,O006111,P049,2,0,2570.05,1767.67,0.3
I006112_1,O006112,P093,1,0,1102.56,614.67,0.05
I006113_1,O006113,P093,1,0,1085.62,614.67,0.1
I006114_1,O006114,P080,2,0,920.65,706.47,0.0
I006115_1,O006115,P096,1,0,3039.5,1989.35,0.05
I006116_1,O006116,P081,1,0,3312.97,2035.71,0.05
I006117_1,O006117,P055,1,0,1869.68,1250.56,0.0
I006117_2,O006117,P109,1,0,2380.43,1696.43,0.05
I006118_1,O006118,P010,2,0,705.75,468.72,0.2
I006118_2,O006118,P097,1,0,526.43,385.34,0.3
I006119_1,O006119,P026,1,0,3154.51,2746.76,0.05
I006119_2,O006119,P081,1,0,3210.94,2035.71,0.0
I006120_1,O006120,P084,1,0,1137.98,785.13,0.0
I006120_2,O006120,P074,1,0,2585.74,2093.66,0.0
I006121_1,O006121,P037,1,0,745.57,604.48,0.1
I006122_1,O006122,P082,3,0,2280.35,1528.85,0.2
I006122_2,O006122,P073,1,0,3207.05,2517.93,0.1
I006123_1,O006123,P067,1,0,1096.38,736.87,0.05
I006123_2,O006123,P032,1,0,878.76,692.6,0.1
I006124_1,O006124,P029,2,0,2898.45,2642.14,0.0
I006125_1,O006125,P110,1,0,556.17,387.41,0.1
I006126_1,O006126,P056,1,0,686.92,467.73,0.0
I006126_2,O006126,P048,1,0,2409.09,2064.58,0.2
I006127_1,O006127,P003,1,0,669.23,593.8,0.0
I006128_1,O006128,P113,3,0,2419.64,1457.19,0.3
I006128_2,O006128,P046,1,0,215.25,119.22,0.0
I006129_1,O006129,P061,1,0,2626.31,1810.66,0.0
I006129_2,O006129,P120,1,0,3299.74,2258.38,0.1
I006130_1,O006130,P032,1,0,794.9,692.6,0.2
I006131_1,O006131,P104,1,0,887.55,640.45,0.1
I006132_1,O006132,P028,1,0,1542.16,1251.02,0.0
I006132_2,O006132,P024,1,0,2985.54,2312.84,0.0
I006133_1,O006133,P055,1,0,1692.68,1250.56,0.0
I006134_1,O006134,P106,2,0,2746.09,2402.81,0.2
I006134_2,O006134,P024,2,0,3244.17,2312.84,0.2
I006134_3,O006134,P018,1,0,2998.48,1861.03,0.05
I006135_1,O006135,P004,2,0,3026.57,2449.64,0.0
I006136_1,O006136,P004,1,0,3306.9,2449.64,0.05
I006137_1,O006137,P008,1,1,3342.72,2190.37,0.1
I006138_1,O006138,P006,1,1,3071.61,2483.13,0.0
I006138_2,O006138,P018,1,0,2712.84,1861.03,0.1
I006139_1,O006139,P116,2,0,2868.86,2344.15,0.0
I006140_1,O006140,P002,1,0,2591.72,2136.38,0.0
I006140_2,O006140,P043,1,0,2730.95,2155.97,0.1
I006140_3,O006140,P051,1,0,2711.78,1856.67,0.1
I006141_1,O006141,P019,1,0,2455.81,1463.41,0.0
I006141_2,O006141,P007,1,0,2654.7,2152.99,0.0
I006142_1,O006142,P074,1,1,2600.35,2093.66,0.2
I006142_2,O006142,P052,1,0,2786.17,2232.75,0.2
I006143_1,O006143,P027,1,0,2214.42,1900.67,0.2
I006144_1,O006144,P089,1,0,2571.03,1691.26,0.3
I006145_1,O006145,P104,3,2,873.88,640.45,0.05
I006145_2,O006145,P042,2,0,3614.1,2480.29,0.0
I006146_1,O006146,P101,1,0,444.2,290.92,0.0
I006147_1,O006147,P110,1,0,540.82,387.41,0.0
I006147_2,O006147,P120,1,0,3495.53,2258.38,0.0
I006148_1,O006148,P119,1,0,657.47,550.1,0.2
I006149_1,O006149,P038,1,0,2429.36,1939.6,0.0
I006150_1,O006150,P060,1,0,3305.92,2190.75,0.1
I006151_1,O006151,P079,1,0,2374.84,1780.27,0.0
I006152_1,O006152,P017,1,0,1842.47,1079.58,0.1
I006153_1,O006153,P120,2,0,3535.0,2258.38,0.0
I006154_1,O006154,P061,1,0,2778.17,1810.66,0.05
I006154_2,O006154,P063,1,0,2333.66,1328.53,0.0
I006154_3,O006154,P117,2,0,1484.71,1301.63,0.0
I006155_1,O006155,P032,1,0,872.3,692.6,0.1
I006155_2,O006155,P092,2,0,2441.78,1883.6,0.05
I006155_3,O006155,P093,1,0,990.36,614.67,0.2
I006156_1,O006156,P059,1,0,2579.68,2284.02,0.0
I006156_2,O006156,P113,1,0,2370.42,1457.19,0.0
I006156_3,O006156,P091,1,0,803.06,567.3,0.1
I006157_1,O006157,P071,1,0,1990.77,1171.43,0.0
I006158_1,O006158,P066,1,0,599.27,449.79,0.1
I006158_2,O006158,P038,1,0,2592.27,1939.6,0.1
I006159_1,O006159,P111,1,0,1160.63,738.87,0.2
I006160_1,O006160,P007,1,0,2488.17,2152.99,0.0
I006161_1,O006161,P119,1,0,601.4,550.1,0.0
I006161_2,O006161,P115,1,0,2611.04,1821.73,0.0
I006162_1,O006162,P049,1,0,2747.55,1767.67,0.2
I006162_2,O006162,P119,2,0,611.34,550.1,0.05
I006163_1,O006163,P102,1,0,3424.83,2068.63,0.0
I006163_2,O006163,P001,1,0,725.64,503.11,0.05
I006164_1,O006164,P078,1,0,2778.73,1751.62,0.05
I006165_1,O006165,P083,1,0,919.75,674.18,0.2
I006166_1,O006166,P097,1,0,541.93,385.34,0.0
I006166_2,O006166,P027,2,0,2245.19,1900.67,0.2
I006167_1,O006167,P092,2,0,2598.37,1883.6,0.0
I006167_2,O006167,P067,2,0,1106.49,736.87,0.05
I006168_1,O006168,P036,1,0,2654.82,2239.64,0.1
I006168_2,O006168,P067,1,0,1165.34,736.87,0.1
I006169_1,O006169,P110,1,1,606.63,387.41,0.2
I006169_2,O006169,P062,1,0,1169.92,934.97,0.1
I006170_1,O006170,P049,1,1,2549.13,1767.67,0.2
I006170_2,O006170,P064,1,0,238.33,140.8,0.0
I006170_3,O006170,P059,2,1,2762.19,2284.02,0.0
I006171_1,O006171,P070,1,0,3500.95,2889.93,0.0
I006172_1,O006172,P075,1,0,858.31,632.05,0.1
I006173_1,O006173,P074,1,0,2820.13,2093.66,0.0
I006173_2,O006173,P010,2,0,748.79,468.72,0.3
I006174_1,O006174,P083,1,0,902.69,674.18,0.2
I006175_1,O006175,P048,2,0,2361.86,2064.58,0.1
I006176_1,O006176,P010,1,0,728.45,468.72,0.1
I006176_2,O006176,P058,1,0,1053.2,974.82,0.0
I006177_1,O006177,P074,1,0,2707.7,2093.66,0.1
I006178_1,O006178,P099,1,0,976.6,579.06,0.0
I006179_1,O006179,P118,1,0,1302.78,778.87,0.0
I006179_2,O006179,P084,2,0,1224.95,785.13,0.1
I006180_1,O006180,P038,1,0,2378.84,1939.6,0.0
I006181_1,O006181,P031,1,0,293.45,221.16,0.0
I006181_2,O006181,P043,1,0,2753.51,2155.97,0.05
I006182_1,O006182,P072,3,0,1760.59,1369.26,0.2
I006183_1,O006183,P012,2,0,3594.38,2599.93,0.0
I006184_1,O006184,P061,1,0,2805.86,1810.66,0.2
I006185_1,O006185,P036,1,0,2476.86,2239.64,0.05
I006185_2,O006185,P008,2,0,3057.65,2190.37,0.1
I006186_1,O006186,P109,1,0,2390.26,1696.43,0.0
I006187_1,O006187,P109,2,0,2335.68,1696.43,0.05
I006188_1,O006188,P079,3,0,2151.27,1780.27,0.2
I006189_1,O006189,P022,1,0,2085.22,1361.4,0.3
I006189_2,O006189,P032,1,0,776.39,692.6,0.1
I006190_1,O006190,P097,1,0,550.6,385.34,0.05
I006191_1,O006191,P094,2,0,2719.97,1716.82,0.05
I006192_1,O006192,P101,1,0,441.09,290.92,0.0
I006193_1,O006193,P113,1,0,2210.6,1457.19,0.0
I006193_2,O006193,P088,1,0,302.53,167.15,0.05
I006194_1,O006194,P023,1,0,2443.24,1316.59,0.0
I006195_1,O006195,P043,1,0,2629.65,2155.97,0.0
I006195_2,O006195,P028,1,0,1421.17,1251.02,0.0
I006196_1,O006196,P012,1,0,3846.9,2599.93,0.3
I006197_1,O006197,P083,1,0,989.13,674.18,0.05
I006198_1,O006198,P108,1,0,1144.88,757.54,0.05
I006198_2,O006198,P076,1,0,2603.68,1928.31,0.1
I006199_1,O006199,P054,1,0,361.64,290.26,0.0
I006200_1,O006200,P044,1,0,2171.65,1529.57,0.2
I006200_2,O006200,P048,2,0,2644.44,2064.58,0.2
I006201_1,O006201,P104,1,0,834.25,640.45,0.05
I006201_2,O006201,P057,1,0,2692.23,1751.13,0.05
I006202_1,O006202,P086,1,0,536.76,301.67,0.0
I006203_1,O006203,P071,1,1,1909.01,1171.43,0.3
I006203_2,O006203,P043,1,0,2762.98,2155.97,0.3
I006204_1,O006204,P076,1,0,2722.19,1928.31,0.0
I006205_1,O006205,P105,1,1,1277.5,1048.44,0.2
I006206_1,O006206,P057,1,0,2675.41,1751.13,0.0
I006206_2,O006206,P046,1,0,207.86,119.22,0.05
I006207_1,O006207,P119,1,0,682.56,550.1,0.2
I006208_1,O006208,P093,3,0,984.35,614.67,0.0
I006208_2,O006208,P094,1,0,2704.14,1716.82,0.05
I006208_3,O006208,P030,1,0,2783.79,1879.56,0.1
I006209_1,O006209,P028,1,0,1579.44,1251.02,0.0
I006210_1,O006210,P018,2,0,3052.06,1861.03,0.05
I006210_2,O006210,P082,1,0,2117.48,1528.85,0.1
I006211_1,O006211,P006,2,0,3091.19,2483.13,0.0
I006211_2,O006211,P027,2,0,2057.73,1900.67,0.0
I006212_1,O006212,P008,1,0,3261.52,2190.37,0.0
I006213_1,O006213,P010,2,0,747.69,468.72,0.0
I006213_2,O006213,P105,2,0,1225.23,1048.44,0.0
I006214_1,O006214,P091,1,1,794.09,567.3,0.0
I006215_1,O006215,P114,1,1,1085.22,699.07,0.0
I006216_1,O006216,P057,1,0,2662.9,1751.13,0.0
I006216_2,O006216,P048,1,0,2521.87,2064.58,0.2
I006217_1,O006217,P079,1,1,2359.0,1780.27,0.1
I006218_1,O006218,P044,2,2,2326.81,1529.57,0.0
I006219_1,O006219,P107,1,0,888.34,517.21,0.1
I006220_1,O006220,P090,1,1,1672.56,1197.25,0.0
I006220_2,O006220,P011,1,0,644.05,470.48,0.1
I006220_3,O006220,P098,2,0,350.73,210.13,0.0
I006221_1,O006221,P040,1,0,2195.27,1719.58,0.0
I006222_1,O006222,P019,1,0,2345.97,1463.41,0.05
I006223_1,O006223,P087,1,0,1839.33,1487.18,0.05
I006223_2,O006223,P092,1,0,2494.1,1883.6,0.2
I006223_3,O006223,P115,2,0,2650.62,1821.73,0.1
I006224_1,O006224,P085,1,0,684.0,482.52,0.05
I006224_2,O006224,P057,2,0,2593.47,1751.13,0.05
I006225_1,O006225,P112,1,0,1450.97,1059.45,0.0
I006226_1,O006226,P011,1,0,686.23,470.48,0.05
I006226_2,O006226,P017,1,0,1965.52,1079.58,0.0
I006226_3,O006226,P095,1,0,3513.17,2194.24,0.1
I006227_1,O006227,P100,2,0,2826.03,2560.83,0.2
I006228_1,O006228,P031,1,0,309.92,221.16,0.0
I006229_1,O006229,P079,2,0,2205.22,1780.27,0.0
I006230_1,O006230,P063,1,0,2372.39,1328.53,0.1
I006231_1,O006231,P014,1,0,1353.01,956.53,0.2
I006231_2,O006231,P075,2,0,899.1,632.05,0.1
I006232_1,O006232,P047,1,0,3450.89,2991.8,0.0
I006233_1,O006233,P037,1,0,776.39,604.48,0.2
I006234_1,O006234,P114,1,0,1077.09,699.07,0.05
I006235_1,O006235,P076,1,0,2592.34,1928.31,0.1
I006235_2,O006235,P034,2,0,715.85,551.76,0.1
I006236_1,O006236,P077,2,0,3015.15,2738.96,0.1
I006236_2,O006236,P030,2,0,2569.94,1879.56,0.0
I006237_1,O006237,P059,1,0,2513.57,2284.02,0.0
I006237_2,O006237,P103,2,0,3534.17,3087.95,0.0
I006238_1,O006238,P067,1,0,1225.99,736.87,0.05
I006238_2,O006238,P053,2,0,3153.59,2330.08,0.0
I006238_3,O006238,P063,2,0,2158.87,1328.53,0.05
I006239_1,O006239,P055,1,0,1802.8,1250.56,0.2
I006240_1,O006240,P014,1,0,1451.56,956.53,0.2
I006241_1,O006241,P062,1,0,1119.22,934.97,0.3
I006241_2,O006241,P104,1,0,821.2,640.45,0.05
I006242_1,O006242,P094,1,1,2962.74,1716.82,0.0
I006243_1,O006243,P034,1,1,692.25,551.76,0.1
I006243_2,O006243,P073,1,1,3270.61,2517.93,0.0
I006243_3,O006243,P048,1,0,2322.62,2064.58,0.2
I006244_1,O006244,P049,1,0,2473.06,1767.67,0.0
I006244_2,O006244,P119,1,0,667.46,550.1,0.1
I006245_1,O006245,P027,2,0,2275.86,1900.67,0.0
I006245_2,O006245,P055,1,0,1874.0,1250.56,0.0
I006245_3,O006245,P032,1,1,835.85,692.6,0.2
I006246_1,O006246,P086,2,0,528.18,301.67,0.0
I006247_1,O006247,P098,1,1,355.27,210.13,0.0
I006247_2,O006247,P046,2,0,225.7,119.22,0.1
I006248_1,O006248,P094,1,0,2853.59,1716.82,0.1
I006248_2,O006248,P091,1,1,749.11,567.3,0.05
I006249_1,O006249,P098,1,0,366.15,210.13,0.1
I006249_2,O006249,P024,1,0,3191.97,2312.84,0.0
I006250_1,O006250,P105,1,0,1361.79,1048.44,0.2
I006251_1,O006251,P106,1,0,2841.91,2402.81,0.1
I006252_1,O006252,P084,2,0,1206.81,785.13,0.05
I006253_1,O006253,P064,1,0,232.16,140.8,0.0
I006254_1,O006254,P100,3,0,2729.64,2560.83,0.0
I006254_2,O006254,P002,2,0,2676.08,2136.38,0.05
I006254_3,O006254,P003,2,0,709.93,593.8,0.1
I006255_1,O006255,P103,1,0,3804.4,3087.95,0.2
I006255_2,O006255,P022,1,0,2152.85,1361.4,0.1
I006256_1,O006256,P032,1,0,828.52,692.6,0.05
I006257_1,O006257,P038,2,0,2613.43,1939.6,0.0
I006258_1,O006258,P088,1,0,308.33,167.15,0.2
I006258_2,O006258,P009,1,0,182.85,142.71,0.05
I006259_1,O006259,P019,1,1,2417.87,1463.41,0.0
I006259_2,O006259,P113,1,0,2341.51,1457.19,0.05
I006259_3,O006259,P026,1,0,3182.3,2746.76,0.05
I006260_1,O006260,P120,1,0,3528.18,2258.38,0.0
I006261_1,O006261,P106,2,0,2613.89,2402.81,0.0
I006262_1,O006262,P066,1,0,615.05,449.79,0.0
I006263_1,O006263,P096,1,0,3225.16,1989.35,0.0
I006264_1,O006264,P039,2,0,3029.19,1842.48,0.2
I006264_2,O006264,P003,1,0,699.51,593.8,0.2
I006265_1,O006265,P117,1,0,1465.19,1301.63,0.0
I006265_2,O006265,P025,1,0,788.46,526.03,0.0
I006265_3,O006265,P091,1,0,798.5,567.3,0.2
I006266_1,O006266,P084,1,0,1171.22,785.13,0.0
I006266_2,O006266,P043,1,0,2534.71,2155.97,0.0
I006267_1,O006267,P005,1,0,2198.82,1891.99,0.2
I006267_2,O006267,P064,1,0,260.34,140.8,0.2
I006268_1,O006268,P096,1,0,3382.31,1989.35,0.0
I006268_2,O006268,P043,1,0,2755.74,2155.97,0.0
I006269_1,O006269,P051,2,0,2605.57,1856.67,0.0
I006269_2,O006269,P010,1,0,730.57,468.72,0.1
I006269_3,O006269,P011,1,0,675.18,470.48,0.0
I006270_1,O006270,P098,1,0,332.06,210.13,0.1
I006270_2,O006270,P062,1,0,1124.43,934.97,0.0
I006270_3,O006270,P044,1,0,2135.01,1529.57,0.0
I006271_1,O006271,P119,1,0,603.49,550.1,0.2
I006272_1,O006272,P013,1,0,1845.83,1078.11,0.2
I006273_1,O006273,P103,1,0,3375.54,3087.95,0.0
I006274_1,O006274,P053,1,0,3091.26,2330.08,0.1
I006274_2,O006274,P085,2,0,706.99,482.52,0.0
I006275_1,O006275,P091,1,0,823.09,567.3,0.0
I006276_1,O006276,P024,1,0,2976.58,2312.84,0.0
I006277_1,O006277,P007,1,0,2593.04,2152.99,0.05
I006278_1,O006278,P107,1,0,880.91,517.21,0.0
I006278_2,O006278,P009,1,0,194.37,142.71,0.0
I006279_1,O006279,P116,1,0,2644.64,2344.15,0.1
I006280_1,O006280,P077,2,0,3278.2,2738.96,0.1
I006281_1,O006281,P073,2,0,3054.6,2517.93,0.1
I006282_1,O006282,P108,1,0,1154.9,757.54,0.0
I006283_1,O006283,P054,1,0,366.09,290.26,0.0
I006283_2,O006283,P069,1,0,3044.04,2596.65,0.0
I006284_1,O006284,P040,1,0,2234.02,1719.58,0.0
I006285_1,O006285,P051,1,0,2506.56,1856.67,0.0
I006286_1,O006286,P090,1,1,1774.44,1197.25,0.0
I006286_2,O006286,P048,2,0,2612.51,2064.58,0.0
I006286_3,O006286,P014,2,0,1530.65,956.53,0.1
I006287_1,O006287,P020,1,0,3280.6,2726.34,0.0
I006288_1,O006288,P024,1,0,3315.34,2312.84,0.1
I006288_2,O006288,P064,1,0,257.05,140.8,0.05
I006288_3,O006288,P016,1,0,2963.32,2126.82,0.0
I006289_1,O006289,P027,1,0,2204.84,1900.67,0.1
I006289_2,O006289,P097,1,0,539.91,385.34,0.0
I006290_1,O006290,P060,1,0,3555.7,2190.75,0.0
I006291_1,O006291,P048,1,0,2668.22,2064.58,0.3
I006291_2,O006291,P052,1,0,2609.77,2232.75,0.1
I006292_1,O006292,P046,1,0,217.04,119.22,0.0
I006293_1,O006293,P108,1,1,1171.97,757.54,0.1
I006293_2,O006293,P001,1,0,779.99,503.11,0.2
I006293_3,O006293,P005,2,0,2252.14,1891.99,0.05
I006294_1,O006294,P113,1,0,2228.83,1457.19,0.0
I006294_2,O006294,P085,1,0,751.5,482.52,0.1
I006294_3,O006294,P086,1,0,550.17,301.67,0.05
I006295_1,O006295,P081,1,0,3345.75,2035.71,0.1
I006296_1,O006296,P073,1,0,3096.01,2517.93,0.2
I006297_1,O006297,P071,1,0,2015.27,1171.43,0.05
I006298_1,O006298,P004,1,0,3033.09,2449.64,0.1
I006298_2,O006298,P115,1,0,2694.09,1821.73,0.2
I006298_3,O006298,P052,1,0,2712.34,2232.75,0.1
I006299_1,O006299,P001,2,0,767.78,503.11,0.3
I006300_1,O006300,P042,1,0,3499.47,2480.29,0.2
I006300_2,O006300,P103,1,0,3614.27,3087.95,0.0
I006301_1,O006301,P091,2,0,763.41,567.3,0.05
I006301_2,O006301,P093,1,0,1039.83,614.67,0.0
I006301_3,O006301,P045,1,0,1675.86,1393.5,0.0
I006302_1,O006302,P033,1,0,2950.56,2420.38,0.3
I006303_1,O006303,P044,1,1,2249.47,1529.57,0.05
I006304_1,O006304,P080,1,0,909.13,706.47,0.0
I006305_1,O006305,P037,1,0,813.39,604.48,0.2
I006306_1,O006306,P016,1,0,2668.69,2126.82,0.0
I006307_1,O006307,P018,1,0,2933.59,1861.03,0.0
I006308_1,O006308,P046,1,0,226.48,119.22,0.1
I006308_2,O006308,P027,2,0,2133.06,1900.67,0.05
I006309_1,O006309,P048,1,0,2577.76,2064.58,0.0
I006309_2,O006309,P054,1,0,338.29,290.26,0.0
I006309_3,O006309,P010,1,0,780.05,468.72,0.1
I006310_1,O006310,P103,1,0,3853.56,3087.95,0.0
I006311_1,O006311,P070,1,0,3672.88,2889.93,0.05
I006311_2,O006311,P117,1,0,1607.56,1301.63,0.2
I006311_3,O006311,P028,1,0,1398.59,1251.02,0.0
I006312_1,O006312,P065,1,0,2600.34,1840.19,0.2
I006312_2,O006312,P012,1,0,3739.86,2599.93,0.0
I006313_1,O006313,P106,2,0,2702.34,2402.81,0.1
I006314_1,O006314,P052,1,0,2563.49,2232.75,0.3
I006315_1,O006315,P106,1,0,2664.49,2402.81,0.2
I006316_1,O006316,P105,1,0,1228.35,1048.44,0.0
I006317_1,O006317,P045,1,0,1611.01,1393.5,0.1
I006317_2,O006317,P021,2,0,3230.98,2007.08,0.1
I006318_1,O006318,P107,2,0,881.88,517.21,0.2
I006319_1,O006319,P086,2,0,550.2,301.67,0.0
I006320_1,O006320,P053,1,0,2868.84,2330.08,0.1
I006321_1,O006321,P073,2,0,3303.03,2517.93,0.1
I006322_1,O006322,P052,3,0,2841.46,2232.75,0.0
I006322_2,O006322,P078,1,0,2644.21,1751.62,0.0
I006323_1,O006323,P054,2,0,335.25,290.26,0.0
I006324_1,O006324,P120,1,0,3506.56,2258.38,0.0
I006325_1,O006325,P081,1,0,3078.29,2035.71,0.2
I006325_2,O006325,P082,1,0,2270.11,1528.85,0.05
I006326_1,O006326,P026,1,0,3176.19,2746.76,0.1
I006327_1,O006327,P064,1,1,249.48,140.8,0.0
I006327_2,O006327,P084,1,0,1156.09,785.13,0.1
I006328_1,O006328,P025,1,0,716.95,526.03,0.0
I006328_2,O006328,P039,2,0,3054.19,1842.48,0.0
I006329_1,O006329,P006,3,0,3022.63,2483.13,0.05
I006330_1,O006330,P053,1,0,2839.17,2330.08,0.0
I006331_1,O006331,P051,2,0,2679.57,1856.67,0.1
I006331_2,O006331,P010,1,0,718.82,468.72,0.0
I006331_3,O006331,P032,1,0,776.99,692.6,0.0
I006332_1,O006332,P074,2,0,2492.03,2093.66,0.1
I006333_1,O006333,P115,1,0,2504.17,1821.73,0.0
I006333_2,O006333,P041,1,0,1650.07,1272.83,0.3
I006334_1,O006334,P075,1,0,809.47,632.05,0.1
I006335_1,O006335,P097,1,0,557.35,385.34,0.0
I006336_1,O006336,P039,2,0,2888.85,1842.48,0.1
I006337_1,O006337,P032,1,0,786.25,692.6,0.0
I006338_1,O006338,P118,1,0,1214.9,778.87,0.0
I006339_1,O006339,P063,1,0,2349.48,1328.53,0.1
I006340_1,O006340,P110,1,0,569.16,387.41,0.05
I006340_2,O006340,P094,1,0,2806.76,1716.82,0.3
I006341_1,O006341,P053,1,0,2914.34,2330.08,0.0
I006341_2,O006341,P065,2,0,2367.45,1840.19,0.05
I006342_1,O006342,P006,1,0,3099.99,2483.13,0.05
I006343_1,O006343,P028,1,0,1476.34,1251.02,0.0
I006344_1,O006344,P091,1,0,802.48,567.3,0.1
I006345_1,O006345,P056,1,0,715.79,467.73,0.05
I006346_1,O006346,P065,1,0,2295.44,1840.19,0.05
I006346_2,O006346,P097,1,0,494.76,385.34,0.2
I006346_3,O006346,P120,1,0,3304.23,2258.38,0.0
I006347_1,O006347,P116,1,0,2968.17,2344.15,0.3
I006347_2,O006347,P032,3,0,826.2,692.6,0.0
I006347_3,O006347,P029,1,0,3001.09,2642.14,0.0
I006348_1,O006348,P115,1,0,2703.89,1821.73,0.1
I006348_2,O006348,P007,2,0,2484.28,2152.99,0.3
I006349_1,O006349,P085,2,0,683.64,482.52,0.0
I006350_1,O006350,P118,1,0,1210.74,778.87,0.0
I006350_2,O006350,P040,1,0,2185.57,1719.58,0.3
I006351_1,O006351,P093,1,0,1023.89,614.67,0.2
I006351_2,O006351,P100,1,0,3087.37,2560.83,0.2
I006352_1,O006352,P090,1,0,1775.08,1197.25,0.0
I006353_1,O006353,P098,2,0,353.42,210.13,0.1
I006354_1,O006354,P028,2,0,1444.86,1251.02,0.05
I006354_2,O006354,P025,1,0,775.13,526.03,0.05
I006355_1,O006355,P023,1,0,2462.25,1316.59,0.05
I006356_1,O006356,P021,1,0,3216.85,2007.08,0.1
I006356_2,O006356,P083,1,0,880.81,674.18,0.05
I006356_3,O006356,P059,1,0,2604.39,2284.02,0.1
I006357_1,O006357,P066,1,0,591.87,449.79,0.0
I006357_2,O006357,P058,1,0,1106.3,974.82,0.1
I006358_1,O006358,P069,1,0,3011.88,2596.65,0.2
I006358_2,O006358,P007,1,0,2521.05,2152.99,0.0
I006358_3,O006358,P076,1,0,2579.95,1928.31,0.0
I006359_1,O006359,P002,1,0,2698.92,2136.38,0.0
I006359_2,O006359,P014,1,0,1359.9,956.53,0.3
I006360_1,O006360,P029,1,0,2882.96,2642.14,0.1
I006361_1,O006361,P007,1,0,2835.52,2152.99,0.0
I006361_2,O006361,P103,1,0,3501.2,3087.95,0.1
I006362_1,O006362,P031,1,0,308.7,221.16,0.1
I006363_1,O006363,P050,1,0,1139.42,748.37,0.0
I006364_1,O006364,P080,2,0,856.37,706.47,0.0
I006365_1,O006365,P097,1,0,517.82,385.34,0.2
I006366_1,O006366,P006,1,0,2979.22,2483.13,0.0
I006366_2,O006366,P016,1,0,2607.13,2126.82,0.05
I006367_1,O006367,P076,1,0,2694.34,1928.31,0.1
I006368_1,O006368,P034,2,0,656.79,551.76,0.0
I006368_2,O006368,P030,1,0,2471.65,1879.56,0.0
I006368_3,O006368,P083,1,0,968.99,674.18,0.0
I006369_1,O006369,P036,1,0,2730.2,2239.64,0.0
I006370_1,O006370,P024,1,0,2919.67,2312.84,0.0
I006371_1,O006371,P105,1,0,1290.61,1048.44,0.0
I006371_2,O006371,P008,2,0,3058.93,2190.37,0.2
I006372_1,O006372,P107,1,0,888.71,517.21,0.1
I006372_2,O006372,P106,1,0,2876.92,2402.81,0.1
I006373_1,O006373,P088,1,0,313.07,167.15,0.0
I006373_2,O006373,P071,1,0,1969.04,1171.43,0.05
I006374_1,O006374,P107,1,0,837.37,517.21,0.0
I006375_1,O006375,P101,1,0,412.5,290.92,0.0
I006376_1,O006376,P019,1,0,2580.89,1463.41,0.0
I006377_1,O006377,P105,1,0,1199.73,1048.44,0.2
I006377_2,O006377,P047,1,0,3408.03,2991.8,0.0
I006378_1,O006378,P086,1,0,510.32,301.67,0.2
I006379_1,O006379,P089,2,0,2663.43,1691.26,0.2
I006380_1,O006380,P054,2,0,359.66,290.26,0.0
I006381_1,O006381,P110,1,0,539.81,387.41,0.1
I006381_2,O006381,P069,3,0,3046.01,2596.65,0.0
I006382_1,O006382,P060,2,0,3246.59,2190.75,0.05
I006383_1,O006383,P032,3,0,796.03,692.6,0.0
I006383_2,O006383,P035,1,1,2198.24,1657.14,0.0
I006384_1,O006384,P104,2,0,833.43,640.45,0.0
I006384_2,O006384,P103,1,0,3720.5,3087.95,0.1
I006385_1,O006385,P015,1,0,1857.9,1639.7,0.05
I006386_1,O006386,P005,1,0,2170.28,1891.99,0.1
I006386_2,O006386,P093,1,0,1030.48,614.67,0.1
I006386_3,O006386,P085,2,0,734.84,482.52,0.05
I006387_1,O006387,P023,1,0,2477.75,1316.59,0.0
I006388_1,O006388,P105,2,0,1328.58,1048.44,0.1
I006389_1,O006389,P028,1,0,1504.98,1251.02,0.0
I006389_2,O006389,P074,1,0,2701.04,2093.66,0.0
I006389_3,O006389,P035,1,0,2243.83,1657.14,0.05
I006390_1,O006390,P044,1,0,2347.45,1529.57,0.1
I006390_2,O006390,P081,1,0,3124.87,2035.71,0.0
I006390_3,O006390,P046,2,0,203.36,119.22,0.0
I006391_1,O006391,P013,1,0,1646.28,1078.11,0.2
I006392_1,O006392,P113,1,0,2414.8,1457.19,0.2
I006392_2,O006392,P008,1,0,3227.68,2190.37,0.1
I006392_3,O006392,P051,1,0,2650.35,1856.67,0.0
I006393_1,O006393,P010,1,0,778.51,468.72,0.1
I006394_1,O006394,P039,2,0,2787.91,1842.48,0.0
I006395_1,O006395,P075,1,0,854.8,632.05,0.2
I006395_2,O006395,P030,1,0,2655.87,1879.56,0.3
I006396_1,O006396,P055,1,0,1659.75,1250.56,0.0
I006396_2,O006396,P002,1,0,2610.75,2136.38,0.1
I006397_1,O006397,P107,2,0,890.44,517.21,0.05
I006398_1,O006398,P074,1,0,2550.12,2093.66,0.0
I006399_1,O006399,P098,1,0,330.55,210.13,0.0
I006399_2,O006399,P020,1,0,3638.79,2726.34,0.05
I006399_3,O006399,P034,2,0,740.9,551.76,0.05
I006400_1,O006400,P034,1,0,723.69,551.76,0.0
I006400_2,O006400,P112,1,0,1574.46,1059.45,0.05
I006400_3,O006400,P070,1,0,3330.49,2889.93,0.0
I006401_1,O006401,P060,1,0,3460.38,2190.75,0.2
I006401_2,O006401,P008,1,1,3103.2,2190.37,0.2
I006402_1,O006402,P003,1,0,718.61,593.8,0.2
I006402_2,O006402,P117,1,0,1631.4,1301.63,0.0
I006403_1,O006403,P065,1,0,2631.15,1840.19,0.0
I006404_1,O006404,P007,1,0,2544.16,2152.99,0.0
I006405_1,O006405,P058,2,0,1141.68,974.82,0.05
I006406_1,O006406,P032,1,0,794.36,692.6,0.05
I006407_1,O006407,P030,1,0,2480.57,1879.56,0.0
I006407_2,O006407,P070,1,0,3464.76,2889.93,0.0
I006408_1,O006408,P084,1,0,1244.8,785.13,0.05
I006409_1,O006409,P088,1,0,321.44,167.15,0.1
I006409_2,O006409,P083,1,0,949.62,674.18,0.0
I006409_3,O006409,P052,1,0,2699.4,2232.75,0.0
I006410_1,O006410,P072,1,0,1863.99,1369.26,0.0
I006411_1,O006411,P003,1,0,727.56,593.8,0.05
I006412_1,O006412,P057,1,0,2691.96,1751.13,0.0
I006413_1,O006413,P053,1,0,3131.01,2330.08,0.1
I006414_1,O006414,P050,3,0,1142.0,748.37,0.05
I006415_1,O006415,P113,1,0,2384.45,1457.19,0.0
I006416_1,O006416,P013,1,0,1772.16,1078.11,0.0
I006417_1,O006417,P089,1,0,2533.93,1691.26,0.1
I006418_1,O006418,P018,1,0,2711.34,1861.03,0.0
I006419_1,O006419,P044,1,0,2326.99,1529.57,0.05
I006420_1,O006420,P032,2,0,775.88,692.6,0.05
I006420_2,O006420,P103,1,1,3542.68,3087.95,0.05
I006421_1,O006421,P089,1,0,2586.69,1691.26,0.0
I006421_2,O006421,P090,2,0,1709.13,1197.25,0.0
I006422_1,O006422,P110,2,0,555.11,387.41,0.0
I006423_1,O006423,P117,1,0,1632.87,1301.63,0.0
I006424_1,O006424,P108,1,0,1115.17,757.54,0.0
I006424_2,O006424,P111,1,0,1145.31,738.87,0.1
I006424_3,O006424,P059,1,0,2656.09,2284.02,0.05
I006425_1,O006425,P027,1,0,2221.21,1900.67,0.1
I006426_1,O006426,P034,1,0,704.03,551.76,0.0
I006426_2,O006426,P104,2,0,803.51,640.45,0.0
I006427_1,O006427,P087,1,0,1929.0,1487.18,0.1
I006428_1,O006428,P019,1,0,2534.94,1463.41,0.0
I006428_2,O006428,P010,1,0,704.46,468.72,0.0
I006429_1,O006429,P093,1,0,977.4,614.67,0.0
I006430_1,O006430,P076,2,0,2437.51,1928.31,0.0
I006431_1,O006431,P070,2,0,3348.73,2889.93,0.0
I006432_1,O006432,P078,1,0,2757.86,1751.62,0.1
I006432_2,O006432,P055,1,0,1671.91,1250.56,0.05
I006433_1,O006433,P033,3,0,2938.08,2420.38,0.0
I006434_1,O006434,P078,1,1,2657.03,1751.62,0.0
I006434_2,O006434,P086,2,0,522.59,301.67,0.1
I006435_1,O006435,P110,1,0,569.57,387.41,0.0
I006436_1,O006436,P109,1,0,2352.99,1696.43,0.0
I006436_2,O006436,P111,1,1,1068.19,738.87,0.0
I006437_1,O006437,P118,1,0,1176.78,778.87,0.05
I006437_2,O006437,P052,1,0,2783.06,2232.75,0.0
I006438_1,O006438,P014,1,0,1500.04,956.53,0.05
I006439_1,O006439,P016,2,0,2939.7,2126.82,0.0
I006440_1,O006440,P073,1,0,3163.31,2517.93,0.1
I006440_2,O006440,P110,1,1,596.35,387.41,0.0
I006440_3,O006440,P118,1,0,1261.53,778.87,0.05
I006441_1,O006441,P080,1,0,851.37,706.47,0.3
I006442_1,O006442,P025,2,1,712.54,526.03,0.2
I006443_1,O006443,P098,1,0,360.09,210.13,0.05
I006444_1,O006444,P077,1,0,3302.95,2738.96,0.05
I006444_2,O006444,P111,1,0,1115.01,738.87,0.1
I006445_1,O006445,P016,1,1,2639.94,2126.82,0.05
I006445_2,O006445,P014,1,0,1524.91,956.53,0.0
I006446_1,O006446,P097,1,0,523.81,385.34,0.0
I006447_1,O006447,P107,1,0,819.68,517.21,0.0
I006447_2,O006447,P005,1,1,2462.2,1891.99,0.3
I006448_1,O006448,P038,1,0,2382.16,1939.6,0.0
I006448_2,O006448,P094,1,1,2622.28,1716.82,0.0
I006449_1,O006449,P001,1,0,779.36,503.11,0.0
I006450_1,O006450,P041,1,0,1760.67,1272.83,0.0
I006451_1,O006451,P103,1,0,3420.99,3087.95,0.0
I006452_1,O006452,P016,1,0,2827.17,2126.82,0.1
I006452_2,O006452,P025,1,0,708.67,526.03,0.0
I006453_1,O006453,P010,1,0,724.79,468.72,0.0
I006453_2,O006453,P099,1,0,1008.36,579.06,0.0
I006453_3,O006453,P032,1,0,862.82,692.6,0.05
I006454_1,O006454,P102,1,0,3209.53,2068.63,0.05
I006454_2,O006454,P020,1,0,3598.39,2726.34,0.2
I006454_3,O006454,P001,1,0,824.99,503.11,0.0
I006455_1,O006455,P112,1,0,1478.2,1059.45,0.05
I006456_1,O006456,P046,1,0,211.38,119.22,0.0
I006456_2,O006456,P023,1,0,2321.74,1316.59,0.2
I006457_1,O006457,P115,1,0,2689.9,1821.73,0.0
I006458_1,O006458,P058,1,0,1145.84,974.82,0.0
I006458_2,O006458,P011,1,0,678.72,470.48,0.1
I006458_3,O006458,P091,2,0,835.39,567.3,0.1
I006459_1,O006459,P058,1,0,1071.21,974.82,0.05
I006459_2,O006459,P098,1,0,355.0,210.13,0.0
I006459_3,O006459,P045,3,0,1694.37,1393.5,0.1
I006460_1,O006460,P046,1,0,214.85,119.22,0.05
I006461_1,O006461,P025,1,0,803.84,526.03,0.05
I006461_2,O006461,P069,1,0,2781.25,2596.65,0.05
I006462_1,O006462,P045,1,0,1573.56,1393.5,0.05
I006462_2,O006462,P031,1,0,303.73,221.16,0.0
I006463_1,O006463,P038,1,0,2611.81,1939.6,0.0
I006463_2,O006463,P059,1,0,2612.78,2284.02,0.1
I006464_1,O006464,P047,1,0,3425.76,2991.8,0.05
I006465_1,O006465,P097,1,0,491.08,385.34,0.0
I006466_1,O006466,P097,1,0,550.74,385.34,0.2
I006467_1,O006467,P023,3,0,2247.15,1316.59,0.1
I006467_2,O006467,P046,1,0,211.96,119.22,0.1
I006467_3,O006467,P054,1,1,322.03,290.26,0.0
I006468_1,O006468,P002,1,0,2718.35,2136.38,0.0
I006468_2,O006468,P067,2,2,1184.7,736.87,0.05
I006469_1,O006469,P050,2,0,1127.75,748.37,0.1
I006469_2,O006469,P072,1,0,1764.97,1369.26,0.05
I006470_1,O006470,P065,1,0,2360.13,1840.19,0.0
I006471_1,O006471,P083,1,0,940.03,674.18,0.3
I006472_1,O006472,P015,1,0,2093.76,1639.7,0.1
I006473_1,O006473,P019,1,0,2600.51,1463.41,0.3
I006473_2,O006473,P060,1,0,3339.05,2190.75,0.1
I006474_1,O006474,P059,2,0,2774.31,2284.02,0.1
I006475_1,O006475,P102,2,0,3285.78,2068.63,0.05
I006475_2,O006475,P106,1,0,2865.07,2402.81,0.0
I006475_3,O006475,P101,1,0,425.35,290.92,0.05
I006476_1,O006476,P017,1,0,1865.18,1079.58,0.0
I006477_1,O006477,P120,1,0,3563.27,2258.38,0.0
I006477_2,O006477,P038,1,0,2579.25,1939.6,0.05
I006478_1,O006478,P055,3,0,1775.65,1250.56,0.05
I006479_1,O006479,P071,1,0,2063.25,1171.43,0.2
I006479_2,O006479,P079,1,0,2177.1,1780.27,0.05
I006480_1,O006480,P119,1,0,660.24,550.1,0.0
I006480_2,O006480,P081,2,0,3224.0,2035.71,0.05
I006481_1,O006481,P107,2,0,858.65,517.21,0.3
I006482_1,O006482,P081,1,0,3168.53,2035.71,0.2
I006482_2,O006482,P042,2,0,3549.45,2480.29,0.05
I006483_1,O006483,P028,1,0,1464.26,1251.02,0.0
I006484_1,O006484,P050,1,0,1236.18,748.37,0.05
I006485_1,O006485,P032,1,1,862.09,692.6,0.0
I006485_2,O006485,P104,1,0,792.39,640.45,0.0
I006486_1,O006486,P064,2,0,233.27,140.8,0.0
I006486_2,O006486,P017,2,0,1796.23,1079.58,0.05
I006487_1,O006487,P103,1,0,3555.92,3087.95,0.1
I006487_2,O006487,P081,1,0,2973.55,2035.71,0.0
I006488_1,O006488,P088,1,0,324.35,167.15,0.2
I006489_1,O006489,P083,1,0,969.4,674.18,0.05
I006490_1,O006490,P057,1,0,2875.84,1751.13,0.0
I006490_2,O006490,P043,1,0,2675.5,2155.97,0.05
I006491_1,O006491,P088,2,0,319.28,167.15,0.0
I006492_1,O006492,P002,3,0,2830.47,2136.38,0.1
I006492_2,O006492,P006,1,0,2856.3,2483.13,0.3
I006493_1,O006493,P091,1,0,820.93,567.3,0.0
I006494_1,O006494,P114,1,0,1025.16,699.07,0.2
I006495_1,O006495,P085,2,0,744.51,482.52,0.05
I006495_2,O006495,P028,1,0,1566.8,1251.02,0.0
I006496_1,O006496,P025,1,0,766.48,526.03,0.1
I006497_1,O006497,P035,1,0,2423.61,1657.14,0.0
I006498_1,O006498,P049,3,0,2572.25,1767.67,0.1
I006499_1,O006499,P027,1,0,2120.14,1900.67,0.1
I006500_1,O006500,P025,2,2,740.27,526.03,0.0
I006501_1,O006501,P088,1,0,310.72,167.15,0.05
I006501_2,O006501,P043,1,0,2752.4,2155.97,0.0
I006502_1,O006502,P028,1,1,1510.14,1251.02,0.0
I006503_1,O006503,P091,1,0,786.24,567.3,0.0
I006503_2,O006503,P035,1,0,2232.89,1657.14,0.05
I006503_3,O006503,P004,1,0,3132.94,2449.64,0.05
I006504_1,O006504,P093,1,1,986.08,614.67,0.0
I006505_1,O006505,P077,1,0,3188.3,2738.96,0.0
I006505_2,O006505,P017,1,0,1872.52,1079.58,0.1
I006505_3,O006505,P019,1,0,2609.23,1463.41,0.0
I006506_1,O006506,P085,1,0,715.81,482.52,0.05
I006507_1,O006507,P075,1,0,831.71,632.05,0.3
I006507_2,O006507,P112,2,0,1471.96,1059.45,0.0
I006507_3,O006507,P106,2,0,2790.96,2402.81,0.0
I006508_1,O006508,P073,1,1,3248.36,2517.93,0.05
I006508_2,O006508,P096,3,0,3245.35,1989.35,0.05
I006509_1,O006509,P039,1,0,2775.27,1842.48,0.1
I006510_1,O006510,P020,1,0,3521.69,2726.34,0.0
I006510_2,O006510,P093,2,0,1051.93,614.67,0.0
I006510_3,O006510,P058,1,0,1035.81,974.82,0.05
I006511_1,O006511,P115,1,0,2627.48,1821.73,0.1
I006512_1,O006512,P035,1,0,2341.07,1657.14,0.05
I006513_1,O006513,P021,1,0,3176.04,2007.08,0.05
I006513_2,O006513,P099,2,2,1006.77,579.06,0.0
I006513_3,O006513,P115,1,0,2698.12,1821.73,0.2
I006514_1,O006514,P057,2,0,2642.39,1751.13,0.2
I006515_1,O006515,P095,2,0,3255.0,2194.24,0.1
I006515_2,O006515,P094,1,0,2746.93,1716.82,0.05
I006515_3,O006515,P034,1,0,723.07,551.76,0.2
I006516_1,O006516,P022,1,0,2102.11,1361.4,0.3
I006517_1,O006517,P101,1,0,394.39,290.92,0.0
I006517_2,O006517,P088,1,0,317.73,167.15,0.0
I006518_1,O006518,P011,1,0,675.54,470.48,0.05
I006519_1,O006519,P015,2,0,2078.42,1639.7,0.0
I006520_1,O006520,P056,2,0,668.78,467.73,0.0
I006521_1,O006521,P016,1,0,2653.25,2126.82,0.0
I006522_1,O006522,P040,3,0,2256.02,1719.58,0.1
I006522_2,O006522,P059,1,0,2436.64,2284.02,0.1
I006523_1,O006523,P004,1,0,3290.89,2449.64,0.0
I006523_2,O006523,P077,2,0,3417.25,2738.96,0.05
I006524_1,O006524,P110,1,0,583.49,387.41,0.0
I006525_1,O006525,P078,1,0,2563.19,1751.62,0.0
I006526_1,O006526,P052,1,0,2513.38,2232.75,0.2
I006526_2,O006526,P084,1,0,1220.1,785.13,0.0
I006527_1,O006527,P024,1,0,3099.63,2312.84,0.0
I006528_1,O006528,P040,1,0,2329.14,1719.58,0.05
I006528_2,O006528,P108,1,0,1063.89,757.54,0.0
I006529_1,O006529,P091,1,0,743.57,567.3,0.2
I006530_1,O006530,P022,1,0,2163.12,1361.4,0.0
I006530_2,O006530,P050,1,0,1145.33,748.37,0.0
I006531_1,O006531,P049,1,0,2545.6,1767.67,0.0
I006531_2,O006531,P036,1,0,2473.47,2239.64,0.2
I006532_1,O006532,P002,1,0,2611.4,2136.38,0.0
I006533_1,O006533,P095,1,0,3187.33,2194.24,0.0
I006533_2,O006533,P097,1,0,490.9,385.34,0.0
I006534_1,O006534,P008,1,0,3243.9,2190.37,0.0
I006535_1,O006535,P085,1,0,686.23,482.52,0.0
I006536_1,O006536,P115,1,0,2577.21,1821.73,0.0
I006537_1,O006537,P065,2,0,2563.98,1840.19,0.3
I006537_2,O006537,P039,1,0,3015.67,1842.48,0.05
I006538_1,O006538,P014,1,0,1401.25,956.53,0.0
I006539_1,O006539,P022,1,0,2051.16,1361.4,0.0
I006539_2,O006539,P040,2,0,2316.84,1719.58,0.0
I006540_1,O006540,P051,1,0,2753.49,1856.67,0.0
I006541_1,O006541,P017,1,0,1793.01,1079.58,0.1
I006542_1,O006542,P019,2,0,2334.9,1463.41,0.0
I006543_1,O006543,P016,2,0,2929.62,2126.82,0.05
I006543_2,O006543,P107,1,0,844.67,517.21,0.0
I006544_1,O006544,P068,1,0,3171.29,1829.36,0.0
I006544_2,O006544,P080,1,0,911.85,706.47,0.05
I006545_1,O006545,P024,1,0,3188.97,2312.84,0.2
I006545_2,O006545,P054,1,1,345.93,290.26,0.1
I006546_1,O006546,P036,1,0,2639.86,2239.64,0.0
I006547_1,O006547,P085,1,0,703.96,482.52,0.0
I006548_1,O006548,P024,2,0,3052.25,2312.84,0.1
I006549_1,O006549,P013,1,0,1750.14,1078.11,0.05
I006549_2,O006549,P010,1,0,712.72,468.72,0.0
I006549_3,O006549,P050,1,0,1217.25,748.37,0.0
I006550_1,O006550,P066,1,0,603.81,449.79,0.0
I006550_2,O006550,P070,1,0,3531.69,2889.93,0.3
I006551_1,O006551,P107,1,0,852.9,517.21,0.0
I006552_1,O006552,P103,2,0,3490.33,3087.95,0.2
I006552_2,O006552,P099,1,0,984.74,579.06,0.2
I006552_3,O006552,P091,1,1,833.7,567.3,0.0
I006553_1,O006553,P027,1,0,2199.03,1900.67,0.1
I006554_1,O006554,P109,2,0,2246.18,1696.43,0.0
I006554_2,O006554,P114,1,1,1069.28,699.07,0.3
I006555_1,O006555,P023,1,1,2395.1,1316.59,0.0
I006556_1,O006556,P007,1,0,2803.12,2152.99,0.1
I006556_2,O006556,P103,1,0,3553.89,3087.95,0.1
I006557_1,O006557,P068,1,0,3414.21,1829.36,0.2
I006558_1,O006558,P027,1,0,2264.89,1900.67,0.1
I006558_2,O006558,P004,1,0,3034.39,2449.64,0.0
I006559_1,O006559,P089,1,0,2489.8,1691.26,0.0
I006559_2,O006559,P070,1,0,3775.01,2889.93,0.1
I006560_1,O006560,P056,2,0,666.24,467.73,0.05
I006561_1,O006561,P040,1,0,2068.14,1719.58,0.0
I006561_2,O006561,P072,3,0,1736.42,1369.26,0.05
I006561_3,O006561,P077,1,0,3108.94,2738.96,0.1
I006562_1,O006562,P077,1,0,3423.2,2738.96,0.0
I006562_2,O006562,P072,1,0,1748.51,1369.26,0.2
I006563_1,O006563,P087,1,0,2016.19,1487.18,0.1
I006564_1,O006564,P047,1,0,3559.37,2991.8,0.0
I006564_2,O006564,P058,1,0,1131.75,974.82,0.1
I006565_1,O006565,P051,3,0,2807.02,1856.67,0.2
I006565_2,O006565,P067,2,0,1232.07,736.87,0.05
I006566_1,O006566,P059,1,0,2432.18,2284.02,0.1
I006566_2,O006566,P055,1,0,1853.26,1250.56,0.0
I006567_1,O006567,P033,1,0,2879.97,2420.38,0.0
I006567_2,O006567,P039,1,0,3128.85,1842.48,0.05
I006568_1,O006568,P055,1,0,1756.52,1250.56,0.05
I006569_1,O006569,P077,1,0,3292.59,2738.96,0.3
I006570_1,O006570,P062,2,0,1115.87,934.97,0.0
I006571_1,O006571,P100,1,0,2997.96,2560.83,0.0
I006572_1,O006572,P022,1,1,2134.82,1361.4,0.05
I006572_2,O006572,P074,1,0,2767.51,2093.66,0.1
I006573_1,O006573,P072,1,0,1831.46,1369.26,0.0
I006573_2,O006573,P042,1,0,3634.22,2480.29,0.0
I006574_1,O006574,P003,1,0,725.47,593.8,0.1
I006575_1,O006575,P002,1,0,2736.18,2136.38,0.05
I006575_2,O006575,P113,2,0,2330.19,1457.19,0.3
I006576_1,O006576,P041,2,0,1840.78,1272.83,0.0
I006577_1,O006577,P041,1,1,1764.18,1272.83,0.0
I006578_1,O006578,P091,3,0,840.12,567.3,0.05
I006578_2,O006578,P024,1,0,3208.73,2312.84,0.0
I006579_1,O006579,P005,1,0,2431.6,1891.99,0.0
I006579_2,O006579,P082,1,0,2396.18,1528.85,0.1
I006580_1,O006580,P103,1,0,3479.31,3087.95,0.05
I006581_1,O006581,P101,1,0,401.43,290.92,0.0
I006582_1,O006582,P029,1,0,2921.39,2642.14,0.2
I006583_1,O006583,P093,1,0,1081.62,614.67,0.0
I006583_2,O006583,P114,2,0,1005.96,699.07,0.2
I006584_1,O006584,P001,1,0,804.56,503.11,0.2
I006585_1,O006585,P020,1,0,3452.21,2726.34,0.2
I006585_2,O006585,P015,2,0,1994.44,1639.7,0.0
I006585_3,O006585,P016,2,0,2709.24,2126.82,0.0
I006586_1,O006586,P028,3,0,1526.39,1251.02,0.1
I006586_2,O006586,P018,1,0,2860.68,1861.03,0.0
I006587_1,O006587,P078,1,0,2667.24,1751.62,0.05
I006588_1,O006588,P004,2,0,3363.44,2449.64,0.0
I006588_2,O006588,P094,1,0,2647.26,1716.82,0.1
I006589_1,O006589,P113,1,0,2247.47,1457.19,0.0
I006589_2,O006589,P086,1,0,546.37,301.67,0.05
I006590_1,O006590,P037,1,0,738.57,604.48,0.0
I006591_1,O006591,P105,1,0,1256.33,1048.44,0.1
I006592_1,O006592,P015,1,0,1926.1,1639.7,0.05
I006592_2,O006592,P039,1,0,2911.77,1842.48,0.0
I006593_1,O006593,P073,2,0,3216.1,2517.93,0.2
I006593_2,O006593,P095,2,0,3518.49,2194.24,0.1
I006594_1,O006594,P101,1,0,413.48,290.92,0.0
I006594_2,O006594,P105,1,0,1193.11,1048.44,0.0
I006595_1,O006595,P066,2,0,573.46,449.79,0.2
I006596_1,O006596,P009,1,1,189.89,142.71,0.2
I006597_1,O006597,P003,1,1,685.48,593.8,0.2
I006598_1,O006598,P077,1,0,3293.18,2738.96,0.05
I006599_1,O006599,P045,1,0,1737.33,1393.5,0.05
I006599_2,O006599,P078,1,0,2547.57,1751.62,0.0
I006600_1,O006600,P048,2,0,2523.07,2064.58,0.1
I006601_1,O006601,P111,1,0,1060.87,738.87,0.3
I006602_1,O006602,P051,2,0,2760.55,1856.67,0.05
I006603_1,O006603,P091,1,0,840.46,567.3,0.0
I006603_2,O006603,P038,1,0,2616.14,1939.6,0.0
I006604_1,O006604,P099,1,0,998.3,579.06,0.0
I006605_1,O006605,P067,1,0,1259.82,736.87,0.0
I006606_1,O006606,P004,3,0,3171.22,2449.64,0.05
I006607_1,O006607,P022,1,0,2177.64,1361.4,0.05
I006607_2,O006607,P014,1,0,1504.2,956.53,0.1
I006608_1,O006608,P041,1,0,1679.74,1272.83,0.0
I006608_2,O006608,P065,1,0,2487.77,1840.19,0.05
I006609_1,O006609,P082,1,0,2283.56,1528.85,0.0
I006610_1,O006610,P119,1,0,668.21,550.1,0.0
I006611_1,O006611,P056,1,1,633.24,467.73,0.05
I006611_2,O006611,P092,1,0,2421.74,1883.6,0.0
I006611_3,O006611,P104,1,0,867.61,640.45,0.0
I006612_1,O006612,P060,1,0,3614.35,2190.75,0.2
I006612_2,O006612,P055,1,0,1734.58,1250.56,0.05
I006613_1,O006613,P106,1,0,2751.39,2402.81,0.05
I006614_1,O006614,P026,1,0,3055.3,2746.76,0.1
I006614_2,O006614,P043,1,0,2487.85,2155.97,0.2
I006615_1,O006615,P073,2,0,3041.56,2517.93,0.1
I006616_1,O006616,P068,2,0,3504.87,1829.36,0.0
I006617_1,O006617,P038,1,0,2610.29,1939.6,0.0
I006617_2,O006617,P064,1,0,230.26,140.8,0.2
I006618_1,O006618,P093,1,0,1060.81,614.67,0.0
I006619_1,O006619,P076,1,0,2430.32,1928.31,0.0
I006619_2,O006619,P086,1,0,579.52,301.67,0.0
I006620_1,O006620,P100,1,0,2979.04,2560.83,0.1
I006620_2,O006620,P107,2,0,816.02,517.21,0.05
I006621_1,O006621,P035,1,0,2238.38,1657.14,0.1
I006622_1,O006622,P077,1,0,3373.69,2738.96,0.05
I006623_1,O006623,P059,1,0,2718.48,2284.02,0.05
I006624_1,O006624,P056,1,0,680.06,467.73,0.2
I006625_1,O006625,P011,1,0,697.52,470.48,0.05
I006626_1,O006626,P007,1,0,2694.23,2152.99,0.05
I006626_2,O006626,P043,1,0,2559.59,2155.97,0.05
I006626_3,O006626,P008,1,0,2975.51,2190.37,0.1
I006627_1,O006627,P109,1,0,2297.23,1696.43,0.1
I006628_1,O006628,P114,2,0,1091.35,699.07,0.0
I006629_1,O006629,P118,2,0,1243.22,778.87,0.05
I006629_2,O006629,P032,1,0,824.73,692.6,0.0
I006630_1,O006630,P033,2,0,2769.76,2420.38,0.2
I006630_2,O006630,P030,1,0,2557.46,1879.56,0.0
I006631_1,O006631,P010,2,0,749.79,468.72,0.05
I006631_2,O006631,P043,2,0,2513.98,2155.97,0.0
I006631_3,O006631,P006,1,0,2793.92,2483.13,0.0
I006632_1,O006632,P010,1,0,735.04,468.72,0.0
I006633_1,O006633,P021,3,0,3236.5,2007.08,0.0
I006634_1,O006634,P101,1,0,416.58,290.92,0.05
I006635_1,O006635,P066,1,0,633.41,449.79,0.05
I006635_2,O006635,P018,1,0,2896.3,1861.03,0.2
I006635_3,O006635,P108,2,0,1060.91,757.54,0.05
I006636_1,O006636,P095,2,0,3413.06,2194.24,0.0
I006636_2,O006636,P112,2,0,1460.0,1059.45,0.0
I006636_3,O006636,P057,3,0,2831.71,1751.13,0.0
I006637_1,O006637,P079,1,0,2275.48,1780.27,0.1
I006637_2,O006637,P044,1,1,2158.73,1529.57,0.0
I006638_1,O006638,P008,1,0,3052.18,2190.37,0.0
I006639_1,O006639,P098,1,0,333.84,210.13,0.05
I006639_2,O006639,P019,2,0,2448.18,1463.41,0.1
I006640_1,O006640,P035,2,0,2492.85,1657.14,0.0
I006640_2,O006640,P110,1,0,596.94,387.41,0.0
I006641_1,O006641,P081,1,0,3178.36,2035.71,0.05
I006642_1,O006642,P005,1,0,2278.27,1891.99,0.05
I006643_1,O006643,P080,3,0,893.61,706.47,0.1
I006644_1,O006644,P055,2,0,1798.44,1250.56,0.0
I006644_2,O006644,P024,1,0,3131.01,2312.84,0.0
I006645_1,O006645,P017,2,0,1982.78,1079.58,0.2
I006646_1,O006646,P039,1,0,3095.3,1842.48,0.0
I006647_1,O006647,P051,1,0,2483.44,1856.67,0.1
I006647_2,O006647,P103,2,0,3754.76,3087.95,0.1
I006648_1,O006648,P115,1,0,2549.03,1821.73,0.0
I006648_2,O006648,P071,1,0,1964.64,1171.43,0.05
I006648_3,O006648,P011,1,0,635.9,470.48,0.0
I006649_1,O006649,P068,1,0,3508.31,1829.36,0.0
I006649_2,O006649,P003,1,0,680.42,593.8,0.05
I006650_1,O006650,P069,1,0,3100.59,2596.65,0.2
I006651_1,O006651,P107,1,0,830.49,517.21,0.1
I006652_1,O006652,P118,1,0,1254.54,778.87,0.0
I006653_1,O006653,P055,1,0,1772.67,1250.56,0.2
I006654_1,O006654,P057,1,0,2650.67,1751.13,0.0
I006655_1,O006655,P032,1,1,864.33,692.6,0.05
I006655_2,O006655,P022,1,0,1955.58,1361.4,0.0
I006656_1,O006656,P054,2,0,327.67,290.26,0.1
I006657_1,O006657,P085,1,0,692.99,482.52,0.0
I006658_1,O006658,P091,1,0,791.18,567.3,0.0
I006659_1,O006659,P016,1,0,2930.81,2126.82,0.2
I006660_1,O006660,P101,1,0,433.9,290.92,0.0
I006660_2,O006660,P010,1,0,704.24,468.72,0.05
I006661_1,O006661,P034,1,0,681.09,551.76,0.2
I006661_2,O006661,P109,1,0,2266.03,1696.43,0.1
I006661_3,O006661,P045,1,0,1738.69,1393.5,0.05
I006662_1,O006662,P091,1,0,792.86,567.3,0.0
I006663_1,O006663,P080,1,0,912.23,706.47,0.2
I006663_2,O006663,P072,1,0,1845.64,1369.26,0.2
I006664_1,O006664,P043,1,0,2578.99,2155.97,0.0
I006664_2,O006664,P082,1,0,2342.93,1528.85,0.05
I006665_1,O006665,P043,1,0,2677.48,2155.97,0.0
I006665_2,O006665,P102,1,0,3477.19,2068.63,0.2
I006665_3,O006665,P055,1,0,1766.66,1250.56,0.1
I006666_1,O006666,P098,1,0,340.44,210.13,0.1
I006666_2,O006666,P060,2,0,3623.48,2190.75,0.1
I006667_1,O006667,P055,1,0,1693.63,1250.56,0.0
I006668_1,O006668,P032,1,0,834.14,692.6,0.05
I006669_1,O006669,P055,1,0,1903.57,1250.56,0.0
I006670_1,O006670,P099,1,1,1017.61,579.06,0.0
I006671_1,O006671,P053,1,0,3200.83,2330.08,0.0
I006672_1,O006672,P039,1,0,2808.95,1842.48,0.0
I006672_2,O006672,P097,1,0,516.2,385.34,0.0
I006673_1,O006673,P051,1,0,2635.68,1856.67,0.1
I006674_1,O006674,P103,1,1,3562.37,3087.95,0.0
I006674_2,O006674,P070,1,0,3343.35,2889.93,0.05
I006675_1,O006675,P071,1,0,2086.61,1171.43,0.0
I006675_2,O006675,P102,1,0,3661.04,2068.63,0.0
I006675_3,O006675,P045,1,0,1690.55,1393.5,0.05
I006676_1,O006676,P094,1,1,2637.16,1716.82,0.1
I006677_1,O006677,P012,2,0,3661.65,2599.93,0.0
I006677_2,O006677,P007,1,0,2768.15,2152.99,0.1
I006678_1,O006678,P058,1,0,1067.16,974.82,0.3
I006678_2,O006678,P046,1,0,214.25,119.22,0.05
I006678_3,O006678,P048,1,0,2608.55,2064.58,0.05
I006679_1,O006679,P071,1,0,2055.83,1171.43,0.0
I006679_2,O006679,P064,1,0,263.32,140.8,0.0
I006680_1,O006680,P075,1,0,890.63,632.05,0.0
I006680_2,O006680,P072,1,0,1732.17,1369.26,0.0
I006681_1,O006681,P053,2,0,3152.5,2330.08,0.05
I006682_1,O006682,P072,2,0,1681.17,1369.26,0.0
I006682_2,O006682,P043,1,0,2689.54,2155.97,0.05
I006683_1,O006683,P020,1,0,3636.45,2726.34,0.0
I006683_2,O006683,P041,1,1,1807.36,1272.83,0.0
I006684_1,O006684,P115,1,0,2645.43,1821.73,0.0
I006684_2,O006684,P103,1,0,3679.93,3087.95,0.1
I006684_3,O006684,P070,1,0,3750.53,2889.93,0.05
I006685_1,O006685,P028,1,0,1548.62,1251.02,0.3
I006685_2,O006685,P012,1,0,3760.75,2599.93,0.0
I006685_3,O006685,P113,1,0,2258.33,1457.19,0.0
I006686_1,O006686,P033,2,0,2880.36,2420.38,0.0
I006686_2,O006686,P084,1,0,1147.79,785.13,0.1
I006687_1,O006687,P035,2,0,2467.69,1657.14,0.3
I006687_2,O006687,P095,1,0,3191.19,2194.24,0.0
I006688_1,O006688,P079,1,0,2329.65,1780.27,0.05
I006688_2,O006688,P069,1,0,2870.22,2596.65,0.2
I006689_1,O006689,P032,1,0,838.37,692.6,0.1
I006689_2,O006689,P090,1,0,1814.65,1197.25,0.3
I006690_1,O006690,P071,1,0,1878.15,1171.43,0.1
I006691_1,O006691,P021,1,0,2922.36,2007.08,0.1
I006691_2,O006691,P015,2,0,2073.37,1639.7,0.0
I006691_3,O006691,P046,1,0,203.36,119.22,0.05
I006692_1,O006692,P076,1,0,2710.32,1928.31,0.0
I006692_2,O006692,P102,1,0,3351.67,2068.63,0.05
I006693_1,O006693,P057,1,0,2723.93,1751.13,0.05
I006694_1,O006694,P096,1,0,3035.17,1989.35,0.05
I006695_1,O006695,P009,2,0,175.65,142.71,0.3
I006696_1,O006696,P102,1,0,3297.85,2068.63,0.0
I006697_1,O006697,P015,1,0,1931.85,1639.7,0.1
I006698_1,O006698,P043,1,0,2736.04,2155.97,0.05
I006699_1,O006699,P007,1,1,2560.48,2152.99,0.0
I006700_1,O006700,P101,1,0,408.62,290.92,0.05
I006701_1,O006701,P091,2,0,740.3,567.3,0.0
I006701_2,O006701,P078,1,0,2925.38,1751.62,0.0
I006702_1,O006702,P053,1,0,2999.97,2330.08,0.1
I006703_1,O006703,P069,1,0,2995.53,2596.65,0.0
I006704_1,O006704,P120,1,0,3481.37,2258.38,0.3
I006705_1,O006705,P020,1,0,3509.16,2726.34,0.2
I006706_1,O006706,P030,1,0,2598.63,1879.56,0.05
I006706_2,O006706,P035,1,0,2187.56,1657.14,0.0
I006706_3,O006706,P070,1,0,3809.11,2889.93,0.1
I006707_1,O006707,P093,1,0,1072.16,614.67,0.05
I006708_1,O006708,P019,1,0,2470.63,1463.41,0.1
I006708_2,O006708,P088,1,0,286.13,167.15,0.0
I006709_1,O006709,P051,1,0,2505.73,1856.67,0.05
I006710_1,O006710,P040,1,0,2139.25,1719.58,0.0
I006710_2,O006710,P120,1,0,3610.64,2258.38,0.1
I006711_1,O006711,P051,2,0,2592.18,1856.67,0.0
I006712_1,O006712,P004,1,0,3236.23,2449.64,0.0
I006713_1,O006713,P113,1,0,2302.78,1457.19,0.2
I006713_2,O006713,P114,1,0,1115.77,699.07,0.1
I006714_1,O006714,P061,2,0,2555.33,1810.66,0.0
I006714_2,O006714,P078,2,0,2823.26,1751.62,0.1
I006715_1,O006715,P001,1,0,759.7,503.11,0.05
I006716_1,O006716,P120,1,0,3251.81,2258.38,0.05
I006717_1,O006717,P029,1,0,3145.88,2642.14,0.3
I006717_2,O006717,P043,1,0,2640.21,2155.97,0.2
I006718_1,O006718,P064,1,0,252.38,140.8,0.0
I006719_1,O006719,P095,2,0,3382.92,2194.24,0.1
I006720_1,O006720,P041,1,0,1760.49,1272.83,0.1
I006721_1,O006721,P097,2,0,531.09,385.34,0.0
I006722_1,O006722,P051,1,0,2759.57,1856.67,0.1
I006723_1,O006723,P013,2,0,1752.66,1078.11,0.1
I006724_1,O006724,P002,1,1,2890.29,2136.38,0.05
I006724_2,O006724,P026,1,0,3027.2,2746.76,0.0
I006725_1,O006725,P009,1,0,196.37,142.71,0.0
I006725_2,O006725,P032,1,0,869.22,692.6,0.05
I006725_3,O006725,P098,3,0,334.19,210.13,0.1
I006726_1,O006726,P099,2,0,1027.5,579.06,0.05
I006727_1,O006727,P094,1,0,2848.63,1716.82,0.0
I006727_2,O006727,P119,1,0,625.19,550.1,0.2
I006728_1,O006728,P063,1,0,2388.71,1328.53,0.05
I006728_2,O006728,P077,1,1,3192.42,2738.96,0.1
I006729_1,O006729,P023,1,0,2223.04,1316.59,0.1
I006729_2,O006729,P084,1,0,1166.2,785.13,0.0
I006730_1,O006730,P119,1,0,617.78,550.1,0.0
I006731_1,O006731,P071,1,0,1841.37,1171.43,0.05
I006732_1,O006732,P103,1,0,3534.26,3087.95,0.05
I006732_2,O006732,P040,3,0,2298.73,1719.58,0.05
I006733_1,O006733,P022,1,0,1967.45,1361.4,0.0
I006734_1,O006734,P118,1,0,1177.84,778.87,0.0
I006735_1,O006735,P013,1,0,1693.43,1078.11,0.05
I006736_1,O006736,P109,1,0,2333.11,1696.43,0.0
I006737_1,O006737,P038,1,0,2413.51,1939.6,0.0
I006738_1,O006738,P001,2,0,722.48,503.11,0.0
I006738_2,O006738,P106,1,0,2823.67,2402.81,0.0
I006738_3,O006738,P104,2,0,840.94,640.45,0.0
I006739_1,O006739,P082,2,0,2316.37,1528.85,0.05
I006740_1,O006740,P067,1,0,1238.6,736.87,0.1
I006741_1,O006741,P037,1,0,769.36,604.48,0.1
I006742_1,O006742,P007,1,0,2819.16,2152.99,0.2
I006743_1,O006743,P102,1,0,3326.9,2068.63,0.0
I006744_1,O006744,P016,1,0,2595.4,2126.82,0.1
I006745_1,O006745,P027,2,0,2232.25,1900.67,0.05
I006745_2,O006745,P050,1,0,1118.41,748.37,0.1
I006746_1,O006746,P041,1,0,1640.74,1272.83,0.3
I006747_1,O006747,P066,1,0,600.64,449.79,0.0
I006747_2,O006747,P114,1,0,1087.14,699.07,0.05
I006748_1,O006748,P011,1,0,663.9,470.48,0.2
I006749_1,O006749,P040,1,0,2077.89,1719.58,0.05
I006750_1,O006750,P086,1,0,508.09,301.67,0.2
I006750_2,O006750,P102,1,0,3638.09,2068.63,0.1
I006751_1,O006751,P074,1,0,2716.06,2093.66,0.0
I006752_1,O006752,P091,1,0,833.33,567.3,0.0
I006752_2,O006752,P092,1,0,2656.59,1883.6,0.0
I006753_1,O006753,P050,1,0,1235.87,748.37,0.05
I006754_1,O006754,P079,2,0,2215.12,1780.27,0.1
I006755_1,O006755,P091,1,1,798.22,567.3,0.3
I006755_2,O006755,P029,1,0,3120.52,2642.14,0.2
I006756_1,O006756,P083,1,0,888.98,674.18,0.1
I006756_2,O006756,P097,1,1,538.99,385.34,0.05
I006757_1,O006757,P111,2,0,1138.61,738.87,0.0
I006758_1,O006758,P050,3,0,1209.57,748.37,0.3
I006759_1,O006759,P095,1,0,3186.6,2194.24,0.0
I006759_2,O006759,P097,1,1,555.34,385.34,0.05
I006760_1,O006760,P079,2,0,2165.17,1780.27,0.0
I006761_1,O006761,P051,1,0,2681.43,1856.67,0.05
I006761_2,O006761,P044,3,0,2085.12,1529.57,0.05
I006762_1,O006762,P094,2,0,2836.66,1716.82,0.0
I006763_1,O006763,P029,2,1,2869.21,2642.14,0.2
I006764_1,O006764,P095,1,0,3527.11,2194.24,0.0
I006764_2,O006764,P009,2,0,198.95,142.71,0.0
I006764_3,O006764,P094,1,0,2808.96,1716.82,0.0
I006765_1,O006765,P112,1,0,1444.26,1059.45,0.0
I006765_2,O006765,P030,1,0,2450.02,1879.56,0.1
I006766_1,O006766,P034,1,0,693.77,551.76,0.0
I006767_1,O006767,P050,1,0,1115.23,748.37,0.05
I006768_1,O006768,P076,1,0,2409.06,1928.31,0.05
I006769_1,O006769,P099,1,0,1008.26,579.06,0.0
I006770_1,O006770,P058,1,0,1070.11,974.82,0.0
I006771_1,O006771,P098,2,0,336.43,210.13,0.0
I006772_1,O006772,P081,1,0,3057.18,2035.71,0.0
I006773_1,O006773,P073,1,0,2903.4,2517.93,0.0
I006774_1,O006774,P030,1,0,2579.29,1879.56,0.2
I006774_2,O006774,P042,1,0,3276.05,2480.29,0.2
I006775_1,O006775,P111,1,0,1176.39,738.87,0.1
I006775_2,O006775,P107,1,0,861.28,517.21,0.1
I006776_1,O006776,P015,1,0,2046.15,1639.7,0.0
I006777_1,O006777,P049,2,0,2645.65,1767.67,0.1
I006777_2,O006777,P039,1,0,3064.37,1842.48,0.1
I006777_3,O006777,P060,1,0,3675.59,2190.75,0.0
I006778_1,O006778,P042,2,0,3354.51,2480.29,0.1
I006778_2,O006778,P076,2,0,2631.02,1928.31,0.2
I006779_1,O006779,P001,1,0,726.14,503.11,0.1
I006780_1,O006780,P017,1,0,1913.96,1079.58,0.0
I006780_2,O006780,P084,1,0,1151.66,785.13,0.0
I006781_1,O006781,P030,1,0,2688.44,1879.56,0.0
I006782_1,O006782,P081,1,0,3232.44,2035.71,0.2
I006782_2,O006782,P083,1,0,877.36,674.18,0.1
I006782_3,O006782,P021,1,0,2958.28,2007.08,0.2
I006783_1,O006783,P024,1,0,3010.6,2312.84,0.0
I006784_1,O006784,P017,1,0,1976.67,1079.58,0.0
I006785_1,O006785,P008,1,0,3027.09,2190.37,0.05
I006785_2,O006785,P045,1,0,1666.58,1393.5,0.1
I006786_1,O006786,P069,1,0,2860.66,2596.65,0.2
I006786_2,O006786,P117,1,0,1553.9,1301.63,0.0
I006787_1,O006787,P103,1,0,3808.43,3087.95,0.05
I006787_2,O006787,P051,1,0,2782.11,1856.67,0.2
I006788_1,O006788,P105,1,0,1335.55,1048.44,0.1
I006789_1,O006789,P105,2,0,1223.12,1048.44,0.0
I006789_2,O006789,P046,1,0,222.07,119.22,0.0
I006790_1,O006790,P120,1,0,3488.9,2258.38,0.05
I006790_2,O006790,P004,1,0,3035.84,2449.64,0.0
I006791_1,O006791,P040,1,0,2139.09,1719.58,0.1
I006792_1,O006792,P085,1,1,685.79,482.52,0.05
I006793_1,O006793,P082,1,0,2165.3,1528.85,0.0
I006793_2,O006793,P086,1,0,508.14,301.67,0.2
I006793_3,O006793,P079,1,0,2387.42,1780.27,0.1
I006794_1,O006794,P090,1,0,1697.91,1197.25,0.1
I006795_1,O006795,P010,1,0,755.11,468.72,0.05
I006796_1,O006796,P050,1,0,1215.68,748.37,0.0
I006797_1,O006797,P104,1,0,839.81,640.45,0.05
I006798_1,O006798,P069,1,0,3004.96,2596.65,0.0
I006798_2,O006798,P068,1,0,3350.24,1829.36,0.05
I006799_1,O006799,P062,1,1,1126.0,934.97,0.1
I006800_1,O006800,P118,1,0,1341.98,778.87,0.0
I006801_1,O006801,P101,1,0,413.18,290.92,0.2
I006802_1,O006802,P082,2,0,2259.37,1528.85,0.0
I006803_1,O006803,P051,1,0,2484.69,1856.67,0.2
I006804_1,O006804,P014,2,0,1351.39,956.53,0.05
I006805_1,O006805,P091,1,0,790.62,567.3,0.2
I006806_1,O006806,P092,1,0,2509.4,1883.6,0.1
I006807_1,O006807,P071,1,0,1967.92,1171.43,0.2
I006807_2,O006807,P004,2,0,3402.92,2449.64,0.0
I006808_1,O006808,P061,1,0,2749.94,1810.66,0.1
I006809_1,O006809,P060,1,0,3335.88,2190.75,0.0
I006810_1,O006810,P047,1,0,3488.62,2991.8,0.1
I006810_2,O006810,P032,1,0,827.09,692.6,0.0
I006810_3,O006810,P049,1,0,2800.45,1767.67,0.05
I006811_1,O006811,P027,1,0,2221.71,1900.67,0.0
I006811_2,O006811,P087,1,0,1918.63,1487.18,0.2
I006811_3,O006811,P023,1,0,2451.92,1316.59,0.05
I006812_1,O006812,P071,2,0,2068.99,1171.43,0.0
I006812_2,O006812,P085,1,0,688.88,482.52,0.05
I006813_1,O006813,P120,1,0,3545.77,2258.38,0.05
I006814_1,O006814,P030,1,0,2519.77,1879.56,0.1
I006815_1,O006815,P035,1,0,2197.18,1657.14,0.1
I006816_1,O006816,P114,2,0,1123.62,699.07,0.0
I006816_2,O006816,P017,2,0,1839.69,1079.58,0.1
I006817_1,O006817,P053,1,0,3074.52,2330.08,0.3
I006818_1,O006818,P040,1,0,2331.59,1719.58,0.1
I006818_2,O006818,P106,1,0,2702.71,2402.81,0.3
I006819_1,O006819,P012,2,0,3472.94,2599.93,0.0
I006820_1,O006820,P119,1,0,642.31,550.1,0.0
I006820_2,O006820,P032,2,0,802.88,692.6,0.2
I006821_1,O006821,P100,2,0,3087.18,2560.83,0.05
I006821_2,O006821,P028,1,0,1406.68,1251.02,0.1
I006822_1,O006822,P072,1,0,1859.01,1369.26,0.1
I006823_1,O006823,P112,1,0,1454.35,1059.45,0.1
I006824_1,O006824,P107,1,0,828.19,517.21,0.1
I006824_2,O006824,P041,2,0,1648.72,1272.83,0.2
I006825_1,O006825,P055,2,0,1824.83,1250.56,0.0
I006826_1,O006826,P063,2,0,2288.96,1328.53,0.0
I006826_2,O006826,P065,2,0,2511.12,1840.19,0.0
I006827_1,O006827,P046,1,0,230.53,119.22,0.2
I006827_2,O006827,P083,2,0,988.94,674.18,0.1
I006827_3,O006827,P079,1,1,2158.52,1780.27,0.1
I006828_1,O006828,P119,3,0,634.54,550.1,0.05
I006828_2,O006828,P107,1,0,918.68,517.21,0.0
I006829_1,O006829,P101,1,0,425.04,290.92,0.2
I006830_1,O006830,P028,1,0,1394.69,1251.02,0.0
I006831_1,O006831,P072,1,0,1659.16,1369.26,0.3
I006832_1,O006832,P120,1,1,3209.88,2258.38,0.05
I006833_1,O006833,P042,1,0,3637.17,2480.29,0.1
I006833_2,O006833,P044,1,0,2164.76,1529.57,0.3
I006834_1,O006834,P079,1,0,2400.62,1780.27,0.0
I006835_1,O006835,P087,1,0,1991.48,1487.18,0.2
I006835_2,O006835,P029,1,0,3075.62,2642.14,0.05
I006836_1,O006836,P013,1,0,1824.95,1078.11,0.1
I006836_2,O006836,P051,1,0,2738.3,1856.67,0.0
I006836_3,O006836,P106,1,0,2888.05,2402.81,0.0
I006837_1,O006837,P075,2,0,918.27,632.05,0.0
I006838_1,O006838,P095,2,0,3333.34,2194.24,0.1
I006839_1,O006839,P043,1,0,2774.23,2155.97,0.1
I006840_1,O006840,P001,1,0,756.23,503.11,0.0
I006841_1,O006841,P075,2,0,911.93,632.05,0.05
I006842_1,O006842,P075,1,0,821.88,632.05,0.0
I006842_2,O006842,P078,1,0,2763.26,1751.62,0.05
I006843_1,O006843,P115,1,0,2483.53,1821.73,0.0
I006844_1,O006844,P111,2,0,1179.18,738.87,0.2
I006845_1,O006845,P046,1,0,233.03,119.22,0.1
I006846_1,O006846,P064,1,0,263.8,140.8,0.3
I006846_2,O006846,P075,1,0,916.26,632.05,0.05
I006847_1,O006847,P056,1,0,650.73,467.73,0.05
I006848_1,O006848,P019,1,0,2330.38,1463.41,0.0
I006848_2,O006848,P027,1,0,2138.39,1900.67,0.05
I006849_1,O006849,P073,2,0,2931.4,2517.93,0.1
I006849_2,O006849,P021,1,0,2968.42,2007.08,0.2
I006850_1,O006850,P041,2,0,1740.96,1272.83,0.0
I006851_1,O006851,P077,1,0,3305.67,2738.96,0.3
I006851_2,O006851,P031,1,0,314.71,221.16,0.0
I006852_1,O006852,P093,1,0,1037.58,614.67,0.1
I006852_2,O006852,P090,1,0,1698.37,1197.25,0.0
I006852_3,O006852,P040,1,0,2133.59,1719.58,0.1
I006853_1,O006853,P045,2,0,1589.27,1393.5,0.0
I006853_2,O006853,P051,1,0,2614.08,1856.67,0.0
I006854_1,O006854,P103,1,0,3547.59,3087.95,0.05
I006854_2,O006854,P072,1,0,1878.51,1369.26,0.0
I006854_3,O006854,P084,1,0,1129.37,785.13,0.1
I006855_1,O006855,P032,2,1,794.58,692.6,0.1
I006856_1,O006856,P048,1,0,2333.87,2064.58,0.1
I006857_1,O006857,P057,1,0,2954.99,1751.13,0.0
I006857_2,O006857,P117,1,0,1534.47,1301.63,0.1
I006857_3,O006857,P015,1,0,1977.9,1639.7,0.0
I006858_1,O006858,P053,1,0,3190.12,2330.08,0.0
I006859_1,O006859,P059,1,1,2749.46,2284.02,0.2
I006860_1,O006860,P021,1,0,3021.95,2007.08,0.1
I006860_2,O006860,P065,1,1,2514.28,1840.19,0.0
I006861_1,O006861,P059,1,0,2731.42,2284.02,0.0
I006861_2,O006861,P025,1,0,776.49,526.03,0.2
I006861_3,O006861,P080,1,0,801.65,706.47,0.05
I006862_1,O006862,P030,1,0,2626.29,1879.56,0.05
I006862_2,O006862,P107,1,1,900.1,517.21,0.05
I006863_1,O006863,P026,2,0,3207.69,2746.76,0.2
I006864_1,O006864,P034,1,0,647.64,551.76,0.05
I006865_1,O006865,P073,1,0,3268.35,2517.93,0.1
I006866_1,O006866,P037,1,0,764.7,604.48,0.2
I006867_1,O006867,P065,1,1,2438.11,1840.19,0.05
I006867_2,O006867,P114,2,0,1125.69,699.07,0.0
I006868_1,O006868,P078,1,0,2698.26,1751.62,0.05
I006868_2,O006868,P005,1,0,2241.91,1891.99,0.1
I006869_1,O006869,P066,2,0,556.79,449.79,0.0
I006870_1,O006870,P004,1,1,3152.99,2449.64,0.0
I006870_2,O006870,P106,1,0,2719.13,2402.81,0.0
I006871_1,O006871,P035,1,0,2265.66,1657.14,0.0
I006871_2,O006871,P075,1,1,884.91,632.05,0.1
I006872_1,O006872,P060,1,0,3231.48,2190.75,0.05
I006872_2,O006872,P078,1,0,2578.63,1751.62,0.0
I006872_3,O006872,P069,3,0,2767.27,2596.65,0.1
I006873_1,O006873,P047,1,0,3319.99,2991.8,0.05
I006874_1,O006874,P080,1,0,854.7,706.47,0.0
I006875_1,O006875,P099,1,0,1070.42,579.06,0.05
I006876_1,O006876,P097,1,0,493.63,385.34,0.05
I006877_1,O006877,P069,1,0,2815.69,2596.65,0.2
I006878_1,O006878,P105,1,0,1192.64,1048.44,0.0
I006878_2,O006878,P064,1,0,263.75,140.8,0.1
I006879_1,O006879,P009,2,0,186.5,142.71,0.0
I006880_1,O006880,P071,1,1,1961.74,1171.43,0.0
I006881_1,O006881,P062,1,0,1092.68,934.97,0.05
I006882_1,O006882,P038,1,0,2540.05,1939.6,0.05
I006882_2,O006882,P117,1,1,1462.82,1301.63,0.0
I006883_1,O006883,P074,1,0,2490.73,2093.66,0.1
I006884_1,O006884,P120,1,0,3596.02,2258.38,0.0
I006885_1,O006885,P035,1,0,2284.67,1657.14,0.0
I006885_2,O006885,P075,1,0,874.44,632.05,0.0
I006886_1,O006886,P024,1,1,3037.11,2312.84,0.3
I006887_1,O006887,P065,1,0,2470.16,1840.19,0.0
I006887_2,O006887,P033,1,0,2964.35,2420.38,0.05
I006888_1,O006888,P098,1,0,329.84,210.13,0.1
I006889_1,O006889,P026,1,0,3063.04,2746.76,0.0
I006890_1,O006890,P039,1,0,3057.32,1842.48,0.0
I006890_2,O006890,P107,1,0,848.65,517.21,0.05
I006891_1,O006891,P021,1,0,2960.91,2007.08,0.0
I006891_2,O006891,P104,1,0,781.73,640.45,0.05
I006891_3,O006891,P031,1,0,307.41,221.16,0.0
I006892_1,O006892,P058,1,0,1169.38,974.82,0.2
I006892_2,O006892,P051,2,0,2630.73,1856.67,0.0
I006893_1,O006893,P085,1,0,695.52,482.52,0.0
I006893_2,O006893,P030,1,0,2502.97,1879.56,0.0
I006894_1,O006894,P048,1,0,2582.52,2064.58,0.05
I006894_2,O006894,P066,1,0,632.41,449.79,0.2
I006895_1,O006895,P044,2,0,2194.13,1529.57,0.05
I006896_1,O006896,P093,1,1,1084.0,614.67,0.3
I006897_1,O006897,P101,1,1,389.5,290.92,0.3
I006897_2,O006897,P115,1,0,2602.25,1821.73,0.0
I006897_3,O006897,P076,2,0,2411.45,1928.31,0.1
I006898_1,O006898,P054,1,0,351.86,290.26,0.0
I006898_2,O006898,P102,1,0,3578.11,2068.63,0.0
I006899_1,O006899,P031,1,0,279.52,221.16,0.0
I006900_1,O006900,P089,1,0,2765.44,1691.26,0.05
I006900_2,O006900,P117,1,0,1549.53,1301.63,0.05
I006901_1,O006901,P011,1,0,671.51,470.48,0.1
I006902_1,O006902,P038,1,0,2603.84,1939.6,0.0
I006902_2,O006902,P002,2,0,2726.64,2136.38,0.2
I006902_3,O006902,P017,1,0,1881.14,1079.58,0.1
I006903_1,O006903,P116,1,0,2645.21,2344.15,0.1
I006904_1,O006904,P073,1,0,2902.86,2517.93,0.0
I006904_2,O006904,P066,1,0,603.79,449.79,0.0
I006905_1,O006905,P035,2,0,2217.58,1657.14,0.0
I006906_1,O006906,P080,1,0,895.93,706.47,0.3
I006907_1,O006907,P116,1,0,2951.03,2344.15,0.0
I006907_2,O006907,P066,2,0,610.62,449.79,0.0
I006908_1,O006908,P066,1,0,605.07,449.79,0.05
I006909_1,O006909,P072,1,0,1717.57,1369.26,0.1
I006910_1,O006910,P118,2,0,1255.77,778.87,0.2
I006910_2,O006910,P111,2,0,1092.66,738.87,0.05
I006910_3,O006910,P039,1,0,3001.21,1842.48,0.0
I006911_1,O006911,P022,1,0,1950.68,1361.4,0.0
I006911_2,O006911,P054,1,0,331.65,290.26,0.2
I006912_1,O006912,P025,2,0,807.72,526.03,0.1
I006913_1,O006913,P084,1,1,1173.88,785.13,0.0
I006914_1,O006914,P009,3,0,192.27,142.71,0.0
I006915_1,O006915,P045,1,0,1563.81,1393.5,0.0
I006915_2,O006915,P038,1,1,2362.98,1939.6,0.1
I006915_3,O006915,P023,1,0,2185.5,1316.59,0.2
I006916_1,O006916,P093,1,0,1027.08,614.67,0.2
I006916_2,O006916,P023,1,0,2234.17,1316.59,0.1
I006917_1,O006917,P031,1,0,305.51,221.16,0.0
I006917_2,O006917,P106,1,0,2871.78,2402.81,0.1
I006918_1,O006918,P116,1,0,2824.99,2344.15,0.0
I006918_2,O006918,P054,1,0,326.55,290.26,0.0
I006918_3,O006918,P118,1,0,1336.67,778.87,0.05
I006919_1,O006919,P111,2,0,1046.24,738.87,0.3
I006920_1,O006920,P093,1,0,1030.28,614.67,0.1
I006921_1,O006921,P088,1,0,318.28,167.15,0.0
I006922_1,O006922,P031,1,0,284.75,221.16,0.05
I006922_2,O006922,P086,1,0,544.06,301.67,0.0
I006922_3,O006922,P059,1,0,2420.94,2284.02,0.0
I006923_1,O006923,P043,1,0,2671.79,2155.97,0.05
I006924_1,O006924,P060,1,0,3526.67,2190.75,0.1
I006924_2,O006924,P024,1,0,2929.24,2312.84,0.0
I006925_1,O006925,P092,1,0,2577.77,1883.6,0.1
I006926_1,O006926,P010,1,0,682.87,468.72,0.05
I006927_1,O006927,P067,1,0,1145.36,736.87,0.0
I006928_1,O006928,P098,1,0,334.63,210.13,0.05
I006928_2,O006928,P115,2,0,2513.32,1821.73,0.05
I006929_1,O006929,P057,2,0,2615.73,1751.13,0.0
I006930_1,O006930,P018,2,0,2904.7,1861.03,0.0
I006930_2,O006930,P035,1,0,2497.86,1657.14,0.0
I006931_1,O006931,P038,1,0,2421.4,1939.6,0.2
I006931_2,O006931,P115,1,0,2632.1,1821.73,0.2
I006932_1,O006932,P018,1,0,2947.63,1861.03,0.0
I006933_1,O006933,P117,1,0,1501.45,1301.63,0.0
I006934_1,O006934,P076,1,0,2402.78,1928.31,0.2
I006934_2,O006934,P009,1,0,189.11,142.71,0.0
I006935_1,O006935,P042,1,0,3381.43,2480.29,0.0
I006935_2,O006935,P068,1,0,3348.5,1829.36,0.1
I006936_1,O006936,P106,2,0,2602.63,2402.81,0.0
I006937_1,O006937,P016,1,0,2966.72,2126.82,0.05
I006938_1,O006938,P107,1,0,916.07,517.21,0.1
I006939_1,O006939,P011,1,0,666.61,470.48,0.05
I006940_1,O006940,P006,1,0,2783.81,2483.13,0.2
I006941_1,O006941,P086,1,0,524.11,301.67,0.1
I006942_1,O006942,P023,1,0,2214.29,1316.59,0.05
I006943_1,O006943,P070,2,0,3583.13,2889.93,0.0
I006944_1,O006944,P070,1,0,3539.26,2889.93,0.05
I006945_1,O006945,P066,3,0,565.24,449.79,0.1
I006946_1,O006946,P035,1,0,2261.21,1657.14,0.3
I006946_2,O006946,P118,1,0,1199.87,778.87,0.0
I006947_1,O006947,P053,1,0,3034.34,2330.08,0.05
I006947_2,O006947,P016,1,0,2801.58,2126.82,0.1
I006948_1,O006948,P114,1,0,1069.8,699.07,0.05
I006948_2,O006948,P037,1,0,759.15,604.48,0.05
I006949_1,O006949,P063,1,0,2296.08,1328.53,0.05
I006949_2,O006949,P079,1,0,2389.55,1780.27,0.0
I006950_1,O006950,P099,1,0,1097.08,579.06,0.0
I006950_2,O006950,P097,2,0,507.64,385.34,0.0
I006951_1,O006951,P028,1,0,1413.88,1251.02,0.1
I006952_1,O006952,P095,3,2,3325.67,2194.24,0.1
I006953_1,O006953,P089,1,0,2513.72,1691.26,0.2
I006953_2,O006953,P117,1,0,1482.97,1301.63,0.0
I006953_3,O006953,P039,1,0,3116.2,1842.48,0.0
I006954_1,O006954,P109,1,1,2313.41,1696.43,0.0
I006955_1,O006955,P061,1,0,2578.51,1810.66,0.0
I006955_2,O006955,P091,1,0,755.83,567.3,0.05
I006956_1,O006956,P103,1,0,3695.99,3087.95,0.2
I006957_1,O006957,P038,1,0,2500.44,1939.6,0.2
I006957_2,O006957,P024,1,0,3183.7,2312.84,0.1
I006957_3,O006957,P100,1,0,2795.99,2560.83,0.0
I006958_1,O006958,P045,1,0,1776.22,1393.5,0.2
I006958_2,O006958,P012,1,0,3505.94,2599.93,0.05
I006959_1,O006959,P120,1,0,3661.29,2258.38,0.05
I006959_2,O006959,P062,1,0,1145.54,934.97,0.2
I006960_1,O006960,P098,1,0,341.79,210.13,0.1
I006960_2,O006960,P070,1,0,3769.44,2889.93,0.1
I006960_3,O006960,P048,1,0,2517.72,2064.58,0.1
I006961_1,O006961,P051,1,0,2652.18,1856.67,0.0
I006961_2,O006961,P060,1,1,3578.36,2190.75,0.0
I006962_1,O006962,P004,1,0,3369.89,2449.64,0.0
I006962_2,O006962,P086,1,0,528.13,301.67,0.05
I006963_1,O006963,P008,1,0,3089.38,2190.37,0.1
I006964_1,O006964,P105,1,0,1195.2,1048.44,0.05
I006965_1,O006965,P084,2,0,1128.93,785.13,0.1
I006965_2,O006965,P033,2,0,2787.39,2420.38,0.1
I006965_3,O006965,P045,1,0,1672.18,1393.5,0.05
I006966_1,O006966,P053,2,0,3166.39,2330.08,0.0
I006966_2,O006966,P026,3,0,3284.27,2746.76,0.0
I006967_1,O006967,P115,1,0,2544.18,1821.73,0.0
I006967_2,O006967,P083,1,0,917.32,674.18,0.1
I006968_1,O006968,P051,1,0,2615.11,1856.67,0.0
I006968_2,O006968,P006,1,0,2940.8,2483.13,0.0
I006969_1,O006969,P101,1,0,395.21,290.92,0.0
I006970_1,O006970,P069,3,0,2963.43,2596.65,0.1
I006971_1,O006971,P095,2,0,3164.13,2194.24,0.1
I006972_1,O006972,P059,1,0,2563.38,2284.02,0.3
I006973_1,O006973,P062,1,0,1123.73,934.97,0.05
I006974_1,O006974,P058,2,0,1067.07,974.82,0.0
I006975_1,O006975,P085,2,0,750.18,482.52,0.0
I006976_1,O006976,P080,1,0,825.08,706.47,0.0
I006976_2,O006976,P017,1,0,1930.99,1079.58,0.0
I006977_1,O006977,P057,1,0,2654.5,1751.13,0.1
I006978_1,O006978,P104,1,0,877.15,640.45,0.1
I006978_2,O006978,P046,1,0,205.09,119.22,0.0
I006978_3,O006978,P014,1,0,1425.81,956.53,0.0
I006979_1,O006979,P098,1,0,327.32,210.13,0.0
I006980_1,O006980,P070,2,0,3572.02,2889.93,0.0
I006980_2,O006980,P059,1,1,2732.27,2284.02,0.1
I006981_1,O006981,P092,1,0,2544.37,1883.6,0.0
I006982_1,O006982,P006,1,0,2920.2,2483.13,0.0
I006982_2,O006982,P060,1,0,3494.25,2190.75,0.0
I006983_1,O006983,P032,3,0,822.23,692.6,0.1
I006983_2,O006983,P053,1,0,2821.97,2330.08,0.0
I006983_3,O006983,P046,1,0,202.52,119.22,0.05
I006984_1,O006984,P084,1,0,1100.06,785.13,0.1
I006984_2,O006984,P022,1,0,2110.36,1361.4,0.1
I006985_1,O006985,P011,1,0,663.74,470.48,0.1
I006985_2,O006985,P051,1,0,2716.87,1856.67,0.2
I006986_1,O006986,P031,2,0,276.77,221.16,0.0
I006986_2,O006986,P038,2,0,2543.81,1939.6,0.0
I006986_3,O006986,P016,1,0,2681.2,2126.82,0.0
I006987_1,O006987,P051,1,0,2454.88,1856.67,0.2
I006987_2,O006987,P093,1,0,1059.04,614.67,0.1
I006988_1,O006988,P084,2,0,1184.32,785.13,0.0
I006989_1,O006989,P066,1,0,576.14,449.79,0.05
I006989_2,O006989,P049,2,0,2608.93,1767.67,0.3
I006990_1,O006990,P115,1,1,2499.68,1821.73,0.05
I006991_1,O006991,P018,2,0,2949.38,1861.03,0.2
I006991_2,O006991,P080,2,0,875.9,706.47,0.0
I006991_3,O006991,P062,1,0,1119.73,934.97,0.1
I006992_1,O006992,P020,1,0,3636.83,2726.34,0.05
I006993_1,O006993,P076,1,0,2701.99,1928.31,0.0
I006993_2,O006993,P096,1,0,3424.62,1989.35,0.05
I006993_3,O006993,P083,1,0,955.37,674.18,0.05
I006994_1,O006994,P062,1,0,1229.74,934.97,0.0
I006995_1,O006995,P055,1,1,1830.98,1250.56,0.05
I006996_1,O006996,P078,1,0,2572.41,1751.62,0.0
I006996_2,O006996,P084,1,0,1110.82,785.13,0.1
I006997_1,O006997,P005,1,0,2406.39,1891.99,0.2
I006997_2,O006997,P016,1,0,2742.98,2126.82,0.0
I006997_3,O006997,P094,1,0,2887.51,1716.82,0.1
I006998_1,O006998,P059,1,0,2519.02,2284.02,0.05
I006999_1,O006999,P006,1,0,3031.46,2483.13,0.05
I007000_1,O007000,P044,1,0,2307.47,1529.57,0.05
I007001_1,O007001,P033,1,1,2716.88,2420.38,0.05
I007002_1,O007002,P054,1,0,323.09,290.26,0.0
I007003_1,O007003,P109,1,0,2218.2,1696.43,0.2
I007003_2,O007003,P027,1,0,2194.42,1900.67,0.0
I007004_1,O007004,P030,1,0,2588.97,1879.56,0.1
I007004_2,O007004,P110,2,0,552.59,387.41,0.0
I007005_1,O007005,P029,1,0,3020.12,2642.14,0.0
I007005_2,O007005,P037,1,0,822.14,604.48,0.1
I007006_1,O007006,P095,1,0,3479.78,2194.24,0.0
I007007_1,O007007,P075,1,0,806.29,632.05,0.0
I007008_1,O007008,P073,1,0,3270.92,2517.93,0.0
I007008_2,O007008,P044,1,0,2320.81,1529.57,0.05
I007008_3,O007008,P113,1,0,2357.3,1457.19,0.1
I007009_1,O007009,P116,1,0,2782.31,2344.15,0.1
I007009_2,O007009,P048,2,0,2574.9,2064.58,0.0
I007010_1,O007010,P011,1,0,669.61,470.48,0.1
I007011_1,O007011,P001,1,0,737.92,503.11,0.2
I007011_2,O007011,P049,2,0,2820.67,1767.67,0.05
I007012_1,O007012,P040,1,0,2307.06,1719.58,0.1
I007013_1,O007013,P104,1,0,861.11,640.45,0.0
I007013_2,O007013,P078,1,0,2656.83,1751.62,0.2
I007013_3,O007013,P034,1,0,668.65,551.76,0.3
I007014_1,O007014,P088,1,1,315.29,167.15,0.1
I007014_2,O007014,P010,1,0,724.78,468.72,0.1
I007015_1,O007015,P120,1,0,3445.69,2258.38,0.0
I007016_1,O007016,P111,2,0,1091.21,738.87,0.2
I007017_1,O007017,P075,2,0,884.48,632.05,0.1
I007017_2,O007017,P116,1,0,2849.86,2344.15,0.2
I007018_1,O007018,P065,1,0,2513.18,1840.19,0.0
I007019_1,O007019,P005,1,0,2446.79,1891.99,0.1
I007020_1,O007020,P054,3,0,348.64,290.26,0.05
I007020_2,O007020,P096,1,0,3295.01,1989.35,0.05
I007021_1,O007021,P020,1,0,3558.39,2726.34,0.0
I007022_1,O007022,P075,2,0,866.6,632.05,0.05
I007022_2,O007022,P031,1,0,311.07,221.16,0.0
I007023_1,O007023,P020,2,0,3397.31,2726.34,0.0
I007024_1,O007024,P112,1,0,1523.51,1059.45,0.0
I007025_1,O007025,P095,1,0,3410.16,2194.24,0.0
I007026_1,O007026,P038,1,0,2591.62,1939.6,0.0
I007027_1,O007027,P050,1,0,1154.45,748.37,0.0
I007027_2,O007027,P091,1,1,789.24,567.3,0.2
I007027_3,O007027,P009,1,0,197.17,142.71,0.0
I007028_1,O007028,P070,2,0,3572.85,2889.93,0.0
I007028_2,O007028,P096,1,0,3106.9,1989.35,0.1
I007029_1,O007029,P036,1,0,2600.68,2239.64,0.05
I007029_2,O007029,P099,1,0,985.63,579.06,0.0
I007030_1,O007030,P005,2,0,2353.08,1891.99,0.0
I007031_1,O007031,P062,1,0,1133.89,934.97,0.2
I007032_1,O007032,P076,2,0,2442.05,1928.31,0.2
I007032_2,O007032,P031,2,0,285.32,221.16,0.2
I007033_1,O007033,P058,1,0,1041.88,974.82,0.0
I007033_2,O007033,P091,1,0,737.49,567.3,0.05
I007034_1,O007034,P108,2,0,1065.93,757.54,0.1
I007035_1,O007035,P102,3,0,3485.12,2068.63,0.05
I007036_1,O007036,P016,1,0,2818.31,2126.82,0.0
I007037_1,O007037,P008,1,0,2978.66,2190.37,0.1
I007037_2,O007037,P114,1,0,1077.21,699.07,0.0
I007038_1,O007038,P042,1,0,3431.61,2480.29,0.1
I007038_2,O007038,P059,1,0,2469.52,2284.02,0.3
I007039_1,O007039,P014,1,0,1536.9,956.53,0.1
I007039_2,O007039,P086,1,1,580.65,301.67,0.0
I007040_1,O007040,P031,1,1,296.23,221.16,0.05
I007041_1,O007041,P106,1,1,2786.37,2402.81,0.0
I007041_2,O007041,P085,1,0,751.28,482.52,0.1
I007042_1,O007042,P098,1,0,330.27,210.13,0.0
I007043_1,O007043,P045,1,0,1657.17,1393.5,0.0
I007044_1,O007044,P084,2,0,1141.23,785.13,0.0
I007045_1,O007045,P098,2,0,354.06,210.13,0.0
I007045_2,O007045,P033,1,0,2633.27,2420.38,0.05
I007046_1,O007046,P051,1,0,2615.4,1856.67,0.05
I007047_1,O007047,P108,2,0,1069.76,757.54,0.05
I007047_2,O007047,P116,1,0,2876.75,2344.15,0.0
I007047_3,O007047,P027,1,0,2291.13,1900.67,0.0
I007048_1,O007048,P062,1,0,1185.95,934.97,0.3
I007048_2,O007048,P109,1,0,2295.65,1696.43,0.05
I007049_1,O007049,P040,1,0,2189.41,1719.58,0.1
I007050_1,O007050,P069,2,0,2919.7,2596.65,0.2
I007051_1,O007051,P055,1,0,1696.43,1250.56,0.1
I007051_2,O007051,P026,1,0,3281.32,2746.76,0.1
I007052_1,O007052,P047,1,0,3437.32,2991.8,0.1
I007053_1,O007053,P046,2,0,223.44,119.22,0.2
I007053_2,O007053,P093,1,0,981.61,614.67,0.05
I007054_1,O007054,P082,1,0,2254.43,1528.85,0.0
I007054_2,O007054,P030,1,0,2579.92,1879.56,0.0
I007055_1,O007055,P056,1,0,719.17,467.73,0.1
I007056_1,O007056,P025,2,0,793.5,526.03,0.0
I007056_2,O007056,P018,1,0,2833.42,1861.03,0.0
I007056_3,O007056,P104,1,0,784.86,640.45,0.05
I007057_1,O007057,P070,1,0,3599.78,2889.93,0.0
I007057_2,O007057,P056,1,0,646.59,467.73,0.2
I007058_1,O007058,P001,1,0,727.44,503.11,0.1
I007058_2,O007058,P035,1,0,2201.79,1657.14,0.05
I007059_1,O007059,P005,3,0,2213.79,1891.99,0.2
I007060_1,O007060,P062,1,0,1215.51,934.97,0.3
I007060_2,O007060,P061,1,0,2883.49,1810.66,0.2
I007061_1,O007061,P072,2,0,1797.04,1369.26,0.1
I007062_1,O007062,P101,1,0,414.13,290.92,0.2
I007062_2,O007062,P018,1,0,2959.23,1861.03,0.0
I007063_1,O007063,P035,1,0,2421.84,1657.14,0.2
I007064_1,O007064,P004,1,0,3344.11,2449.64,0.2
I007065_1,O007065,P103,1,0,3427.64,3087.95,0.0
I007065_2,O007065,P107,2,0,920.18,517.21,0.05
I007065_3,O007065,P068,1,0,3088.28,1829.36,0.0
I007066_1,O007066,P091,1,0,829.25,567.3,0.0
I007066_2,O007066,P029,2,0,2961.56,2642.14,0.05
I007067_1,O007067,P041,1,0,1721.07,1272.83,0.05
I007068_1,O007068,P079,1,0,2368.9,1780.27,0.3
I007069_1,O007069,P031,2,0,286.58,221.16,0.05
I007069_2,O007069,P060,1,0,3475.16,2190.75,0.3
I007070_1,O007070,P115,2,0,2497.77,1821.73,0.2
I007071_1,O007071,P082,1,0,2214.72,1528.85,0.0
I007072_1,O007072,P040,1,0,2121.26,1719.58,0.1
I007073_1,O007073,P015,1,0,1877.22,1639.7,0.05
I007074_1,O007074,P075,2,0,846.76,632.05,0.05
I007075_1,O007075,P120,2,0,3336.27,2258.38,0.0
I007076_1,O007076,P046,1,0,230.46,119.22,0.2
I007076_2,O007076,P115,3,0,2690.92,1821.73,0.1
I007077_1,O007077,P035,1,0,2477.99,1657.14,0.2
I007077_2,O007077,P045,1,0,1715.09,1393.5,0.2
I007078_1,O007078,P055,1,1,1707.01,1250.56,0.0
I007078_2,O007078,P084,1,0,1173.18,785.13,0.0
I007078_3,O007078,P049,2,0,2750.17,1767.67,0.0
I007079_1,O007079,P084,1,0,1127.65,785.13,0.1
I007079_2,O007079,P046,1,0,226.89,119.22,0.1
I007080_1,O007080,P011,3,3,650.38,470.48,0.1
I007080_2,O007080,P043,1,0,2449.02,2155.97,0.1
I007081_1,O007081,P076,1,1,2688.15,1928.31,0.2
I007082_1,O007082,P092,2,2,2389.8,1883.6,0.2
I007082_2,O007082,P074,1,0,2707.02,2093.66,0.0
I007083_1,O007083,P096,1,1,3387.85,1989.35,0.1
I007084_1,O007084,P012,2,0,3425.91,2599.93,0.05
I007085_1,O007085,P045,1,0,1682.96,1393.5,0.2
I007086_1,O007086,P098,1,0,327.13,210.13,0.0
I007087_1,O007087,P120,2,0,3287.24,2258.38,0.0
I007088_1,O007088,P087,1,0,1867.76,1487.18,0.2
I007089_1,O007089,P002,1,0,2654.77,2136.38,0.0
I007089_2,O007089,P063,1,1,2304.22,1328.53,0.1
I007090_1,O007090,P113,1,0,2179.92,1457.19,0.1
I007090_2,O007090,P095,1,0,3559.63,2194.24,0.0
I007091_1,O007091,P004,1,0,3348.01,2449.64,0.1
I007092_1,O007092,P041,2,2,1829.32,1272.83,0.1
I007093_1,O007093,P042,1,1,3553.02,2480.29,0.0
I007094_1,O007094,P032,1,0,791.73,692.6,0.1
I007094_2,O007094,P076,2,0,2536.39,1928.31,0.0
I007095_1,O007095,P093,1,0,974.69,614.67,0.05
I007095_2,O007095,P007,1,0,2795.32,2152.99,0.0
I007096_1,O007096,P113,1,0,2353.4,1457.19,0.0
I007097_1,O007097,P051,1,1,2781.07,1856.67,0.05
I007097_2,O007097,P028,1,0,1485.54,1251.02,0.0
I007098_1,O007098,P040,1,0,2122.33,1719.58,0.1
I007099_1,O007099,P003,1,0,695.56,593.8,0.2
I007100_1,O007100,P097,2,0,509.62,385.34,0.05
I007100_2,O007100,P091,1,0,808.69,567.3,0.0
I007100_3,O007100,P074,1,0,2754.39,2093.66,0.2
I007101_1,O007101,P057,2,0,2611.5,1751.13,0.05
I007101_2,O007101,P103,2,0,3722.7,3087.95,0.2
I007102_1,O007102,P094,3,0,2941.42,1716.82,0.05
I007103_1,O007103,P080,1,0,857.79,706.47,0.0
I007104_1,O007104,P025,3,2,774.86,526.03,0.0
I007105_1,O007105,P082,2,0,2257.46,1528.85,0.1
I007105_2,O007105,P046,1,0,223.65,119.22,0.0
I007106_1,O007106,P044,1,0,2341.55,1529.57,0.0
I007107_1,O007107,P103,1,0,3386.37,3087.95,0.0
I007108_1,O007108,P086,2,0,541.16,301.67,0.0
I007109_1,O007109,P072,1,1,1825.17,1369.26,0.05
I007110_1,O007110,P023,1,0,2303.3,1316.59,0.05
I007110_2,O007110,P025,3,0,713.88,526.03,0.0
I007111_1,O007111,P114,1,0,1029.31,699.07,0.0
I007111_2,O007111,P119,1,0,614.7,550.1,0.1
I007112_1,O007112,P062,2,0,1163.62,934.97,0.05
I007112_2,O007112,P064,1,0,256.71,140.8,0.05
I007113_1,O007113,P104,1,0,867.17,640.45,0.05
I007113_2,O007113,P066,3,0,626.69,449.79,0.1
I007114_1,O007114,P111,1,0,1086.02,738.87,0.05
I007114_2,O007114,P072,1,0,1815.45,1369.26,0.1
I007115_1,O007115,P055,1,0,1735.0,1250.56,0.0
I007116_1,O007116,P069,1,0,3038.82,2596.65,0.3
I007117_1,O007117,P106,1,0,2637.7,2402.81,0.05
I007118_1,O007118,P070,1,0,3658.13,2889.93,0.1
I007118_2,O007118,P011,1,0,697.35,470.48,0.1
I007119_1,O007119,P061,1,1,2889.86,1810.66,0.0
I007119_2,O007119,P089,1,0,2559.44,1691.26,0.1
I007120_1,O007120,P079,2,0,2447.87,1780.27,0.1
I007121_1,O007121,P063,1,0,2376.04,1328.53,0.2
I007122_1,O007122,P053,1,0,2992.18,2330.08,0.0
I007122_2,O007122,P025,1,0,787.88,526.03,0.1
I007123_1,O007123,P079,1,0,2363.94,1780.27,0.05
I007124_1,O007124,P105,1,0,1322.46,1048.44,0.1
I007124_2,O007124,P012,1,0,3607.5,2599.93,0.05
I007124_3,O007124,P076,1,0,2519.18,1928.31,0.0
I007125_1,O007125,P077,1,0,3049.36,2738.96,0.05
I007126_1,O007126,P116,2,0,2706.41,2344.15,0.2
I007127_1,O007127,P042,1,0,3454.37,2480.29,0.0
I007127_2,O007127,P014,1,0,1438.8,956.53,0.0
I007128_1,O007128,P107,3,0,815.06,517.21,0.2
I007129_1,O007129,P002,1,0,2604.79,2136.38,0.0
I007130_1,O007130,P037,1,0,830.38,604.48,0.05
I007130_2,O007130,P048,1,0,2575.67,2064.58,0.0
I007131_1,O007131,P002,1,0,2916.16,2136.38,0.05
I007131_2,O007131,P055,1,0,1782.7,1250.56,0.0
I007132_1,O007132,P029,1,0,2931.51,2642.14,0.2
I007132_2,O007132,P110,1,0,539.81,387.41,0.1
I007133_1,O007133,P097,1,0,513.7,385.34,0.05
I007133_2,O007133,P031,1,0,279.38,221.16,0.0
I007134_1,O007134,P115,2,0,2719.29,1821.73,0.0
I007134_2,O007134,P002,1,0,2616.1,2136.38,0.0
I007135_1,O007135,P095,2,0,3556.17,2194.24,0.2
I007136_1,O007136,P035,1,0,2439.67,1657.14,0.0
I007137_1,O007137,P107,1,0,900.14,517.21,0.0
I007137_2,O007137,P010,1,0,686.47,468.72,0.2
I007138_1,O007138,P035,1,0,2447.95,1657.14,0.0
I007138_2,O007138,P058,1,0,1125.19,974.82,0.0
I007139_1,O007139,P021,1,0,3034.51,2007.08,0.1
I007140_1,O007140,P067,3,0,1235.99,736.87,0.0
I007141_1,O007141,P050,1,0,1237.74,748.37,0.05
I007142_1,O007142,P030,2,0,2482.1,1879.56,0.2
I007142_2,O007142,P089,3,0,2505.97,1691.26,0.05
I007143_1,O007143,P003,1,0,663.57,593.8,0.0
I007144_1,O007144,P069,1,0,3056.56,2596.65,0.0
I007144_2,O007144,P063,1,0,2279.47,1328.53,0.0
I007145_1,O007145,P002,2,1,2692.22,2136.38,0.2
I007145_2,O007145,P048,2,0,2556.79,2064.58,0.2
I007146_1,O007146,P060,1,0,3310.56,2190.75,0.0
I007147_1,O007147,P012,1,0,3701.83,2599.93,0.3
I007147_2,O007147,P053,2,0,3191.02,2330.08,0.0
I007148_1,O007148,P104,1,0,887.72,640.45,0.0
I007149_1,O007149,P005,1,0,2356.02,1891.99,0.1
I007150_1,O007150,P117,1,0,1486.98,1301.63,0.0
I007150_2,O007150,P027,1,0,2094.89,1900.67,0.0
I007151_1,O007151,P079,2,0,2447.7,1780.27,0.0
I007152_1,O007152,P004,1,0,3374.8,2449.64,0.0
I007153_1,O007153,P047,1,0,3296.4,2991.8,0.3
I007154_1,O007154,P053,2,0,2804.85,2330.08,0.1
I007155_1,O007155,P087,1,0,2054.35,1487.18,0.0
I007156_1,O007156,P113,1,0,2397.96,1457.19,0.05
I007157_1,O007157,P056,1,0,675.95,467.73,0.1
I007158_1,O007158,P082,1,0,2136.75,1528.85,0.2
I007158_2,O007158,P081,1,0,2965.48,2035.71,0.05
I007159_1,O007159,P056,1,0,656.45,467.73,0.0
I007160_1,O007160,P043,1,0,2758.31,2155.97,0.1
I007161_1,O007161,P035,1,0,2373.6,1657.14,0.1
I007161_2,O007161,P042,1,0,3481.95,2480.29,0.0
I007162_1,O007162,P027,1,0,2060.59,1900.67,0.0
I007162_2,O007162,P115,1,1,2525.97,1821.73,0.05
I007163_1,O007163,P033,1,1,3006.59,2420.38,0.2
I007164_1,O007164,P105,1,0,1271.23,1048.44,0.1
I007165_1,O007165,P074,1,0,2687.06,2093.66,0.0
I007166_1,O007166,P031,1,0,317.81,221.16,0.2
I007166_2,O007166,P104,1,0,827.2,640.45,0.0
I007166_3,O007166,P120,1,0,3497.5,2258.38,0.05
I007167_1,O007167,P086,1,0,531.86,301.67,0.1
I007168_1,O007168,P010,2,0,748.04,468.72,0.0
I007168_2,O007168,P005,1,0,2214.59,1891.99,0.1
I007169_1,O007169,P093,3,0,1111.97,614.67,0.0
I007169_2,O007169,P111,1,0,1065.33,738.87,0.0
I007169_3,O007169,P101,1,0,431.84,290.92,0.05
I007170_1,O007170,P067,1,0,1236.98,736.87,0.1
I007171_1,O007171,P036,2,0,2544.63,2239.64,0.05
I007172_1,O007172,P119,1,0,611.48,550.1,0.1
I007173_1,O007173,P053,1,1,3200.94,2330.08,0.1
I007173_2,O007173,P115,1,0,2496.72,1821.73,0.0
I007174_1,O007174,P071,1,0,1985.83,1171.43,0.05
I007174_2,O007174,P094,1,0,2752.76,1716.82,0.0
I007175_1,O007175,P112,1,0,1411.17,1059.45,0.0
I007175_2,O007175,P015,1,0,2031.22,1639.7,0.2
I007176_1,O007176,P072,1,0,1790.55,1369.26,0.2
I007176_2,O007176,P050,1,0,1220.25,748.37,0.0
I007177_1,O007177,P008,1,0,3096.05,2190.37,0.0
I007177_2,O007177,P024,1,0,3296.93,2312.84,0.0
I007178_1,O007178,P061,1,1,2890.22,1810.66,0.1
I007179_1,O007179,P109,1,0,2191.42,1696.43,0.3
I007179_2,O007179,P062,1,0,1192.35,934.97,0.0
I007179_3,O007179,P083,2,0,979.21,674.18,0.0
I007180_1,O007180,P117,2,0,1554.85,1301.63,0.2
I007181_1,O007181,P084,1,0,1185.82,785.13,0.05
I007182_1,O007182,P095,1,0,3141.82,2194.24,0.05
I007182_2,O007182,P048,1,0,2582.91,2064.58,0.1
I007183_1,O007183,P058,1,0,1101.45,974.82,0.3
I007184_1,O007184,P074,2,0,2808.23,2093.66,0.1
I007184_2,O007184,P010,1,0,780.42,468.72,0.2
I007185_1,O007185,P033,1,0,2792.12,2420.38,0.1
I007186_1,O007186,P086,1,0,549.23,301.67,0.0
I007187_1,O007187,P117,2,0,1634.09,1301.63,0.05
I007188_1,O007188,P004,1,0,3098.55,2449.64,0.05
I007189_1,O007189,P035,2,0,2463.14,1657.14,0.3
I007189_2,O007189,P045,1,0,1564.24,1393.5,0.1
I007190_1,O007190,P049,1,0,2676.27,1767.67,0.2
I007190_2,O007190,P090,1,0,1677.45,1197.25,0.05
I007191_1,O007191,P118,1,0,1240.17,778.87,0.05
I007191_2,O007191,P085,1,0,760.6,482.52,0.2
I007192_1,O007192,P065,1,0,2332.65,1840.19,0.0
I007192_2,O007192,P091,1,0,839.54,567.3,0.0
I007193_1,O007193,P020,1,0,3656.1,2726.34,0.1
I007194_1,O007194,P088,1,0,326.97,167.15,0.2
I007194_2,O007194,P098,1,0,354.11,210.13,0.0
I007195_1,O007195,P049,1,0,2532.63,1767.67,0.05
I007196_1,O007196,P043,1,0,2582.69,2155.97,0.0
I007197_1,O007197,P048,1,0,2394.66,2064.58,0.3
I007198_1,O007198,P067,1,0,1137.98,736.87,0.05
I007199_1,O007199,P097,1,0,502.53,385.34,0.0
I007199_2,O007199,P056,1,0,627.81,467.73,0.1
I007200_1,O007200,P090,1,0,1749.22,1197.25,0.3
I007200_2,O007200,P054,1,0,329.98,290.26,0.0
I007201_1,O007201,P002,1,0,2769.19,2136.38,0.05
I007201_2,O007201,P001,1,0,776.92,503.11,0.05
I007202_1,O007202,P026,1,0,3095.44,2746.76,0.0
I007203_1,O007203,P102,1,1,3570.52,2068.63,0.0
I007203_2,O007203,P024,1,0,3217.39,2312.84,0.1
I007204_1,O007204,P113,1,0,2245.91,1457.19,0.2
I007205_1,O007205,P073,1,0,3264.46,2517.93,0.1
I007205_2,O007205,P051,1,0,2642.24,1856.67,0.0
I007206_1,O007206,P046,2,0,207.48,119.22,0.0
I007207_1,O007207,P029,3,0,3115.51,2642.14,0.1
I007207_2,O007207,P058,1,0,1073.7,974.82,0.05
I007207_3,O007207,P057,1,0,2824.86,1751.13,0.1
I007208_1,O007208,P094,1,0,2997.92,1716.82,0.2
I007208_2,O007208,P110,1,0,600.42,387.41,0.2
I007209_1,O007209,P042,1,1,3471.13,2480.29,0.0
I007209_2,O007209,P035,1,0,2472.04,1657.14,0.0
I007210_1,O007210,P006,2,0,2830.72,2483.13,0.0
I007211_1,O007211,P065,1,0,2343.79,1840.19,0.0
I007212_1,O007212,P008,1,0,3326.39,2190.37,0.05
I007213_1,O007213,P106,2,0,2748.17,2402.81,0.1
I007213_2,O007213,P035,1,1,2262.24,1657.14,0.05
I007214_1,O007214,P027,1,0,2323.49,1900.67,0.2
I007215_1,O007215,P086,1,0,564.43,301.67,0.05
I007216_1,O007216,P111,1,0,1069.56,738.87,0.0
I007217_1,O007217,P018,1,0,2987.23,1861.03,0.0
I007217_2,O007217,P064,1,0,248.5,140.8,0.05
I007218_1,O007218,P026,1,0,3255.74,2746.76,0.05
I007219_1,O007219,P071,1,0,1870.44,1171.43,0.1
I007220_1,O007220,P094,1,1,2907.11,1716.82,0.2
I007220_2,O007220,P068,2,0,3469.56,1829.36,0.05
I007221_1,O007221,P051,1,0,2585.28,1856.67,0.1
I007222_1,O007222,P109,1,0,2263.61,1696.43,0.2
I007223_1,O007223,P112,1,0,1505.78,1059.45,0.0
I007223_2,O007223,P003,1,0,672.33,593.8,0.05
I007224_1,O007224,P008,2,0,3175.78,2190.37,0.3
I007224_2,O007224,P055,1,0,1664.63,1250.56,0.05
I007224_3,O007224,P002,1,0,2849.47,2136.38,0.05
I007225_1,O007225,P045,1,0,1638.55,1393.5,0.1
I007225_2,O007225,P087,1,0,1956.67,1487.18,0.2
I007226_1,O007226,P113,1,0,2241.72,1457.19,0.1
I007227_1,O007227,P021,1,1,2969.39,2007.08,0.05
I007227_2,O007227,P055,2,0,1656.86,1250.56,0.0
I007227_3,O007227,P105,2,0,1234.6,1048.44,0.0
I007228_1,O007228,P108,2,0,1054.35,757.54,0.0
I007229_1,O007229,P047,1,1,3537.51,2991.8,0.0
I007229_2,O007229,P103,2,0,3387.22,3087.95,0.05
I007230_1,O007230,P091,1,0,750.85,567.3,0.0
I007231_1,O007231,P065,2,0,2385.12,1840.19,0.1
I007231_2,O007231,P114,2,0,1046.95,699.07,0.2
I007232_1,O007232,P104,1,0,835.49,640.45,0.1
I007232_2,O007232,P075,1,0,801.02,632.05,0.3
I007233_1,O007233,P092,1,0,2417.17,1883.6,0.0
I007233_2,O007233,P002,2,0,2938.96,2136.38,0.05
I007234_1,O007234,P110,2,0,547.03,387.41,0.0
I007234_2,O007234,P042,1,0,3338.32,2480.29,0.05
I007235_1,O007235,P048,1,0,2355.53,2064.58,0.05
I007236_1,O007236,P005,1,0,2295.63,1891.99,0.05
I007237_1,O007237,P070,1,0,3375.56,2889.93,0.0
I007238_1,O007238,P087,1,0,2063.77,1487.18,0.0
I007238_2,O007238,P017,1,0,1856.09,1079.58,0.0
I007239_1,O007239,P087,1,0,1867.42,1487.18,0.05
I007239_2,O007239,P039,1,0,2995.14,1842.48,0.0
I007240_1,O007240,P085,1,0,707.36,482.52,0.2
I007240_2,O007240,P030,1,0,2478.36,1879.56,0.0
I007241_1,O007241,P004,1,0,3195.76,2449.64,0.0
I007241_2,O007241,P117,1,0,1658.98,1301.63,0.0
I007242_1,O007242,P062,1,0,1150.68,934.97,0.0
I007243_1,O007243,P069,1,0,2737.27,2596.65,0.1
I007243_2,O007243,P097,1,0,500.14,385.34,0.1
I007243_3,O007243,P044,1,0,2309.41,1529.57,0.05
I007244_1,O007244,P109,1,0,2181.23,1696.43,0.0
I007245_1,O007245,P088,2,0,305.21,167.15,0.1
I007245_2,O007245,P040,2,0,2240.39,1719.58,0.2
I007246_1,O007246,P012,1,0,3728.76,2599.93,0.1
I007247_1,O007247,P005,1,0,2316.42,1891.99,0.0
I007247_2,O007247,P113,1,0,2306.77,1457.19,0.1
I007248_1,O007248,P069,1,0,3049.8,2596.65,0.2
I007248_2,O007248,P007,1,0,2758.59,2152.99,0.1
I007248_3,O007248,P045,1,0,1567.23,1393.5,0.05
I007249_1,O007249,P039,1,0,2734.95,1842.48,0.05
I007249_2,O007249,P067,1,0,1106.91,736.87,0.1
I007250_1,O007250,P057,1,0,2950.9,1751.13,0.0
I007250_2,O007250,P051,1,0,2563.15,1856.67,0.1
I007251_1,O007251,P100,1,0,2852.77,2560.83,0.0
I007252_1,O007252,P046,1,1,225.76,119.22,0.05
I007252_2,O007252,P104,1,0,801.47,640.45,0.0
I007253_1,O007253,P087,1,0,2032.42,1487.18,0.1
I007253_2,O007253,P060,1,0,3542.79,2190.75,0.0
I007254_1,O007254,P075,2,0,875.01,632.05,0.2
I007255_1,O007255,P002,1,1,2690.78,2136.38,0.0
I007256_1,O007256,P089,1,0,2648.09,1691.26,0.1
I007257_1,O007257,P114,1,0,1085.37,699.07,0.0
I007257_2,O007257,P096,1,1,3030.0,1989.35,0.05
I007258_1,O007258,P048,1,0,2394.9,2064.58,0.05
I007259_1,O007259,P065,1,0,2565.01,1840.19,0.2
I007259_2,O007259,P049,1,0,2627.59,1767.67,0.0
I007260_1,O007260,P052,1,0,2749.06,2232.75,0.05
I007260_2,O007260,P004,1,0,3045.44,2449.64,0.0
I007261_1,O007261,P052,1,0,2778.05,2232.75,0.2
I007262_1,O007262,P057,1,0,2843.89,1751.13,0.0
I007262_2,O007262,P103,1,0,3451.52,3087.95,0.1
I007262_3,O007262,P069,1,0,3127.65,2596.65,0.1
I007263_1,O007263,P119,1,0,678.91,550.1,0.0
I007264_1,O007264,P090,1,1,1701.82,1197.25,0.05
I007265_1,O007265,P074,1,1,2590.0,2093.66,0.1
I007265_2,O007265,P110,1,0,563.99,387.41,0.1
I007266_1,O007266,P068,1,0,3526.98,1829.36,0.0
I007267_1,O007267,P075,1,0,908.37,632.05,0.05
I007268_1,O007268,P041,2,0,1617.54,1272.83,0.05
I007269_1,O007269,P084,2,0,1178.53,785.13,0.2
I007270_1,O007270,P017,1,0,1908.19,1079.58,0.0
I007271_1,O007271,P067,1,0,1203.01,736.87,0.2
I007271_2,O007271,P120,1,0,3481.37,2258.38,0.3
I007272_1,O007272,P097,1,0,550.72,385.34,0.05
I007272_2,O007272,P060,2,0,3622.6,2190.75,0.0
I007273_1,O007273,P013,1,0,1707.72,1078.11,0.05
I007274_1,O007274,P097,1,0,542.36,385.34,0.05
I007275_1,O007275,P025,1,0,793.67,526.03,0.0
I007276_1,O007276,P035,1,0,2512.0,1657.14,0.0
I007276_2,O007276,P057,1,0,2832.74,1751.13,0.0
I007277_1,O007277,P026,3,0,3402.18,2746.76,0.1
I007278_1,O007278,P077,2,0,3277.05,2738.96,0.1
I007279_1,O007279,P027,1,0,2138.86,1900.67,0.1
I007279_2,O007279,P010,1,0,764.32,468.72,0.1
I007280_1,O007280,P080,2,0,855.87,706.47,0.2
I007281_1,O007281,P106,1,0,2749.59,2402.81,0.0
I007281_2,O007281,P054,1,1,361.83,290.26,0.0
I007282_1,O007282,P006,1,0,2764.11,2483.13,0.2
I007283_1,O007283,P116,1,0,2682.06,2344.15,0.2
I007284_1,O007284,P071,1,1,1869.43,1171.43,0.05
I007284_2,O007284,P064,1,0,240.76,140.8,0.05
I007285_1,O007285,P021,1,0,3017.03,2007.08,0.0
I007286_1,O007286,P093,1,0,1039.38,614.67,0.0
I007287_1,O007287,P018,1,0,2992.2,1861.03,0.0
I007288_1,O007288,P063,1,0,2336.3,1328.53,0.0
I007288_2,O007288,P032,1,0,802.94,692.6,0.0
I007288_3,O007288,P105,1,0,1334.1,1048.44,0.05
I007289_1,O007289,P103,1,0,3448.8,3087.95,0.05
I007290_1,O007290,P070,1,0,3364.12,2889.93,0.0
I007290_2,O007290,P096,1,0,3334.53,1989.35,0.05
I007291_1,O007291,P079,1,0,2126.3,1780.27,0.1
I007292_1,O007292,P040,1,0,2278.28,1719.58,0.1
I007293_1,O007293,P104,2,0,834.62,640.45,0.0
I007294_1,O007294,P053,1,1,3161.47,2330.08,0.1
I007295_1,O007295,P025,1,0,719.72,526.03,0.05
I007296_1,O007296,P081,1,1,3262.3,2035.71,0.0
I007297_1,O007297,P120,2,0,3307.96,2258.38,0.05
I007298_1,O007298,P092,1,0,2422.69,1883.6,0.0
I007298_2,O007298,P002,1,0,2607.35,2136.38,0.0
I007299_1,O007299,P007,1,0,2735.47,2152.99,0.2
I007300_1,O007300,P032,1,0,824.48,692.6,0.0
I007301_1,O007301,P028,2,0,1405.88,1251.02,0.0
I007301_2,O007301,P047,1,0,3262.18,2991.8,0.2
I007302_1,O007302,P108,2,0,1106.66,757.54,0.1
I007303_1,O007303,P109,1,0,2196.83,1696.43,0.0
I007304_1,O007304,P029,1,0,2878.37,2642.14,0.1
I007305_1,O007305,P002,1,0,2956.23,2136.38,0.05
I007305_2,O007305,P061,1,0,2663.89,1810.66,0.0
I007306_1,O007306,P035,1,0,2506.79,1657.14,0.0
I007307_1,O007307,P091,1,0,782.93,567.3,0.2
I007307_2,O007307,P088,1,0,292.4,167.15,0.0
I007308_1,O007308,P101,1,0,388.01,290.92,0.1
I007309_1,O007309,P030,1,0,2646.96,1879.56,0.05
I007309_2,O007309,P015,1,0,1860.07,1639.7,0.1
I007309_3,O007309,P095,1,0,3164.96,2194.24,0.0
I007310_1,O007310,P044,1,0,2063.76,1529.57,0.05
I007311_1,O007311,P064,1,1,230.61,140.8,0.1
I007311_2,O007311,P091,1,0,829.41,567.3,0.0
I007312_1,O007312,P082,2,0,2312.73,1528.85,0.2
I007313_1,O007313,P005,1,0,2210.91,1891.99,0.0
I007313_2,O007313,P090,1,0,1660.9,1197.25,0.05
I007314_1,O007314,P097,1,1,511.56,385.34,0.1
I007314_2,O007314,P058,2,0,1075.4,974.82,0.2
I007314_3,O007314,P085,1,0,758.63,482.52,0.0
I007315_1,O007315,P002,1,0,2824.87,2136.38,0.05
I007315_2,O007315,P080,1,0,834.02,706.47,0.0
I007316_1,O007316,P050,1,0,1138.27,748.37,0.0
I007316_2,O007316,P081,1,0,3335.62,2035.71,0.05
I007316_3,O007316,P115,1,0,2662.64,1821.73,0.0
I007317_1,O007317,P023,1,0,2428.12,1316.59,0.1
I007318_1,O007318,P023,1,0,2250.27,1316.59,0.0
I007319_1,O007319,P078,1,0,2648.3,1751.62,0.0
I007320_1,O007320,P066,1,0,629.93,449.79,0.05
I007321_1,O007321,P118,1,0,1283.63,778.87,0.1
I007322_1,O007322,P008,1,0,3182.06,2190.37,0.0
I007322_2,O007322,P017,1,0,1980.31,1079.58,0.1
I007323_1,O007323,P108,1,0,1174.27,757.54,0.1
I007323_2,O007323,P093,1,0,1103.4,614.67,0.3
I007324_1,O007324,P120,1,0,3245.01,2258.38,0.1
I007324_2,O007324,P095,2,0,3496.0,2194.24,0.1
I007325_1,O007325,P027,1,0,2203.37,1900.67,0.0
I007325_2,O007325,P104,1,0,784.21,640.45,0.05
I007325_3,O007325,P034,1,0,679.98,551.76,0.0
I007326_1,O007326,P066,1,0,562.41,449.79,0.3
I007326_2,O007326,P008,1,0,3089.69,2190.37,0.0
I007327_1,O007327,P047,1,0,3522.67,2991.8,0.0
I007328_1,O007328,P090,1,0,1794.22,1197.25,0.0
I007328_2,O007328,P015,1,1,2008.43,1639.7,0.05
I007329_1,O007329,P078,1,0,2610.9,1751.62,0.05
I007330_1,O007330,P107,1,0,830.49,517.21,0.3
I007330_2,O007330,P023,1,0,2434.38,1316.59,0.2
I007330_3,O007330,P011,1,0,690.28,470.48,0.1
I007331_1,O007331,P021,2,0,3035.74,2007.08,0.05
I007331_2,O007331,P057,2,0,2684.49,1751.13,0.2
I007332_1,O007332,P080,1,0,820.2,706.47,0.1
I007333_1,O007333,P006,1,1,3148.19,2483.13,0.0
I007334_1,O007334,P099,2,0,1012.53,579.06,0.0
I007335_1,O007335,P112,1,0,1601.24,1059.45,0.1
I007335_2,O007335,P057,1,0,2923.74,1751.13,0.0
I007336_1,O007336,P015,1,0,1998.77,1639.7,0.2
I007337_1,O007337,P040,1,0,2219.41,1719.58,0.1
I007338_1,O007338,P046,1,0,215.07,119.22,0.1
I007338_2,O007338,P011,2,0,691.98,470.48,0.1
I007339_1,O007339,P053,1,0,3065.45,2330.08,0.1
I007340_1,O007340,P071,1,0,1890.29,1171.43,0.0
I007340_2,O007340,P046,1,0,206.89,119.22,0.2
I007341_1,O007341,P112,1,0,1475.19,1059.45,0.05
I007342_1,O007342,P097,2,0,518.03,385.34,0.0
I007342_2,O007342,P028,1,0,1547.22,1251.02,0.2
I007343_1,O007343,P030,1,0,2737.55,1879.56,0.05
I007343_2,O007343,P078,1,0,2616.57,1751.62,0.05
I007343_3,O007343,P110,1,1,593.3,387.41,0.2
I007344_1,O007344,P023,2,0,2444.62,1316.59,0.1
I007345_1,O007345,P097,1,0,522.66,385.34,0.0
I007346_1,O007346,P028,1,0,1558.23,1251.02,0.05
I007346_2,O007346,P120,1,0,3415.84,2258.38,0.0
I007346_3,O007346,P094,1,0,2693.35,1716.82,0.1
I007347_1,O007347,P083,1,0,905.96,674.18,0.05
I007347_2,O007347,P098,1,1,337.01,210.13,0.2
I007348_1,O007348,P016,1,0,2714.6,2126.82,0.0
I007348_2,O007348,P003,1,0,692.15,593.8,0.1
I007349_1,O007349,P096,1,0,3292.55,1989.35,0.1
I007350_1,O007350,P095,1,0,3152.44,2194.24,0.1
I007351_1,O007351,P026,1,0,3079.05,2746.76,0.0
I007352_1,O007352,P055,2,0,1899.92,1250.56,0.0
I007353_1,O007353,P002,1,0,2963.93,2136.38,0.1
I007353_2,O007353,P079,1,0,2133.55,1780.27,0.0
I007353_3,O007353,P086,3,0,558.28,301.67,0.0
I007354_1,O007354,P069,2,0,3053.75,2596.65,0.05
I007355_1,O007355,P095,1,0,3281.32,2194.24,0.05
I007356_1,O007356,P117,1,0,1472.71,1301.63,0.1
I007357_1,O007357,P110,1,0,555.29,387.41,0.1
I007358_1,O007358,P112,1,0,1409.58,1059.45,0.1
I007358_2,O007358,P101,2,0,398.6,290.92,0.1
I007359_1,O007359,P063,2,0,2295.75,1328.53,0.1
I007359_2,O007359,P084,2,0,1086.15,785.13,0.0
I007360_1,O007360,P050,2,0,1130.91,748.37,0.0
I007360_2,O007360,P077,1,0,3149.58,2738.96,0.0
I007361_1,O007361,P045,1,0,1575.54,1393.5,0.0
I007362_1,O007362,P053,1,1,2914.24,2330.08,0.0
I007363_1,O007363,P060,1,0,3464.4,2190.75,0.0
I007363_2,O007363,P114,1,0,1004.43,699.07,0.0
I007364_1,O007364,P001,1,0,782.33,503.11,0.0
I007364_2,O007364,P100,1,0,2757.56,2560.83,0.05
I007365_1,O007365,P064,1,0,259.87,140.8,0.1
I007366_1,O007366,P028,3,0,1574.45,1251.02,0.1
I007367_1,O007367,P038,1,0,2503.77,1939.6,0.2
I007368_1,O007368,P063,1,0,2211.73,1328.53,0.05
I007368_2,O007368,P017,1,0,1939.69,1079.58,0.0
I007369_1,O007369,P080,1,0,803.68,706.47,0.0
I007370_1,O007370,P105,1,0,1215.59,1048.44,0.1
I007371_1,O007371,P015,1,0,1896.15,1639.7,0.1
I007372_1,O007372,P047,2,0,3717.26,2991.8,0.1
I007372_2,O007372,P071,1,0,2021.73,1171.43,0.0
I007373_1,O007373,P084,1,0,1238.44,785.13,0.0
I007374_1,O007374,P053,1,0,3021.56,2330.08,0.1
I007375_1,O007375,P114,2,0,993.93,699.07,0.0
I007376_1,O007376,P084,2,0,1204.11,785.13,0.0
I007376_2,O007376,P098,1,0,326.14,210.13,0.0
I007377_1,O007377,P091,1,0,789.22,567.3,0.0
I007377_2,O007377,P037,1,0,766.72,604.48,0.0
I007378_1,O007378,P089,1,0,2579.55,1691.26,0.1
I007378_2,O007378,P033,3,0,2798.05,2420.38,0.2
I007379_1,O007379,P120,1,0,3397.27,2258.38,0.05
I007380_1,O007380,P116,1,0,2739.76,2344.15,0.1
I007381_1,O007381,P026,1,0,3372.44,2746.76,0.05
I007381_2,O007381,P089,2,0,2554.09,1691.26,0.1
I007382_1,O007382,P113,1,0,2353.44,1457.19,0.0
I007383_1,O007383,P033,3,0,2993.8,2420.38,0.0
I007383_2,O007383,P030,1,0,2681.67,1879.56,0.1
I007383_3,O007383,P031,1,0,295.59,221.16,0.1
I007384_1,O007384,P052,1,0,2791.61,2232.75,0.1
I007385_1,O007385,P053,1,0,3080.69,2330.08,0.05
I007386_1,O007386,P095,1,1,3101.92,2194.24,0.2
I007386_2,O007386,P008,1,0,3130.84,2190.37,0.1
I007386_3,O007386,P001,1,0,791.25,503.11,0.0
I007387_1,O007387,P018,2,0,3073.68,1861.03,0.0
I007388_1,O007388,P068,1,0,3266.67,1829.36,0.05
I007388_2,O007388,P040,1,0,2101.78,1719.58,0.05
I007389_1,O007389,P005,1,0,2298.07,1891.99,0.0
I007390_1,O007390,P041,3,0,1850.3,1272.83,0.05
I007391_1,O007391,P058,1,0,1145.46,974.82,0.0
I007391_2,O007391,P097,1,0,540.22,385.34,0.0
I007392_1,O007392,P021,1,0,3175.86,2007.08,0.0
I007392_2,O007392,P093,1,0,1000.2,614.67,0.1
I007392_3,O007392,P041,1,0,1773.0,1272.83,0.1
I007393_1,O007393,P007,1,0,2763.3,2152.99,0.0
I007393_2,O007393,P071,1,0,1869.03,1171.43,0.0
I007394_1,O007394,P033,1,0,3001.77,2420.38,0.1
I007394_2,O007394,P086,1,1,571.32,301.67,0.1
I007395_1,O007395,P033,1,0,2862.65,2420.38,0.0
I007395_2,O007395,P045,1,0,1765.18,1393.5,0.05
I007396_1,O007396,P079,1,0,2309.97,1780.27,0.0
I007396_2,O007396,P101,1,0,392.23,290.92,0.0
I007397_1,O007397,P099,1,0,1081.61,579.06,0.05
I007398_1,O007398,P038,1,0,2639.31,1939.6,0.05
I007399_1,O007399,P002,3,0,2658.58,2136.38,0.2
I007399_2,O007399,P016,3,0,2730.77,2126.82,0.0
I007400_1,O007400,P102,1,0,3655.1,2068.63,0.1
I007401_1,O007401,P069,1,0,3066.37,2596.65,0.0
I007401_2,O007401,P118,2,0,1211.91,778.87,0.0
I007402_1,O007402,P046,1,0,216.6,119.22,0.05
I007403_1,O007403,P077,2,0,3021.36,2738.96,0.2
I007404_1,O007404,P117,1,0,1492.41,1301.63,0.1
I007405_1,O007405,P001,1,0,782.26,503.11,0.0
I007406_1,O007406,P093,2,0,1102.54,614.67,0.0
I007406_2,O007406,P056,1,0,668.63,467.73,0.05
I007407_1,O007407,P066,1,1,589.95,449.79,0.0
I007408_1,O007408,P025,2,0,802.86,526.03,0.1
I007408_2,O007408,P089,1,0,2703.58,1691.26,0.0
I007408_3,O007408,P063,1,0,2355.9,1328.53,0.0
I007409_1,O007409,P025,2,0,756.46,526.03,0.0
I007410_1,O007410,P096,3,0,3129.15,1989.35,0.0
I007411_1,O007411,P032,1,0,867.38,692.6,0.0
I007411_2,O007411,P069,2,0,2881.0,2596.65,0.1
I007412_1,O007412,P103,1,0,3839.88,3087.95,0.3
I007413_1,O007413,P030,1,0,2538.19,1879.56,0.0
I007413_2,O007413,P042,3,0,3243.24,2480.29,0.0
I007414_1,O007414,P059,1,0,2690.32,2284.02,0.2
I007415_1,O007415,P002,1,0,2792.37,2136.38,0.2
I007416_1,O007416,P064,1,0,261.51,140.8,0.1
I007417_1,O007417,P081,2,0,3071.62,2035.71,0.05
I007418_1,O007418,P107,1,0,909.84,517.21,0.05
I007419_1,O007419,P075,1,0,890.27,632.05,0.0
I007420_1,O007420,P037,1,0,846.43,604.48,0.2
I007421_1,O007421,P120,1,1,3602.35,2258.38,0.1
I007421_2,O007421,P046,2,0,224.41,119.22,0.0
I007422_1,O007422,P012,2,0,3539.89,2599.93,0.05
I007422_2,O007422,P072,1,0,1847.93,1369.26,0.0
I007423_1,O007423,P026,1,0,3384.85,2746.76,0.2
I007423_2,O007423,P086,1,0,559.66,301.67,0.2
I007424_1,O007424,P115,2,0,2594.45,1821.73,0.2
I007425_1,O007425,P059,1,0,2530.52,2284.02,0.0
I007425_2,O007425,P078,3,3,2565.71,1751.62,0.1
I007425_3,O007425,P067,1,0,1150.27,736.87,0.1
I007426_1,O007426,P033,3,0,2632.13,2420.38,0.05
I007426_2,O007426,P005,1,0,2442.9,1891.99,0.2
I007426_3,O007426,P037,1,0,824.47,604.48,0.05
I007427_1,O007427,P070,1,0,3780.6,2889.93,0.0
I007428_1,O007428,P033,1,0,2936.52,2420.38,0.0
I007429_1,O007429,P010,2,0,729.89,468.72,0.1
I007429_2,O007429,P089,2,0,2687.05,1691.26,0.0
I007430_1,O007430,P083,1,0,981.04,674.18,0.1
I007430_2,O007430,P065,1,0,2603.5,1840.19,0.05
I007430_3,O007430,P020,1,0,3662.7,2726.34,0.0
I007431_1,O007431,P095,2,0,3105.07,2194.24,0.05
I007432_1,O007432,P074,1,0,2825.45,2093.66,0.3
I007433_1,O007433,P020,1,0,3490.24,2726.34,0.0
I007433_2,O007433,P008,2,0,3089.47,2190.37,0.2
I007434_1,O007434,P016,2,0,2901.37,2126.82,0.0
I007435_1,O007435,P073,3,0,3119.27,2517.93,0.1
I007436_1,O007436,P048,1,0,2536.09,2064.58,0.1
I007437_1,O007437,P069,1,0,2756.67,2596.65,0.0
I007438_1,O007438,P111,1,0,1062.9,738.87,0.0
I007438_2,O007438,P037,1,0,792.71,604.48,0.1
I007438_3,O007438,P031,1,0,278.7,221.16,0.0
I007439_1,O007439,P068,1,0,3096.69,1829.36,0.05
I007440_1,O007440,P006,1,0,3124.71,2483.13,0.1
I007440_2,O007440,P024,3,0,3213.47,2312.84,0.3
I007441_1,O007441,P046,1,0,233.09,119.22,0.05
I007441_2,O007441,P054,1,0,361.29,290.26,0.1
I007442_1,O007442,P073,1,0,3076.08,2517.93,0.0
I007443_1,O007443,P011,1,0,644.65,470.48,0.2
I007443_2,O007443,P029,2,1,2853.0,2642.14,0.2
I007444_1,O007444,P112,1,0,1518.45,1059.45,0.3
I007444_2,O007444,P014,1,0,1462.85,956.53,0.05
I007444_3,O007444,P017,1,0,1940.62,1079.58,0.1
I007445_1,O007445,P005,1,0,2149.99,1891.99,0.0
I007445_2,O007445,P074,1,0,2765.01,2093.66,0.1
I007446_1,O007446,P032,1,0,859.34,692.6,0.0
I007446_2,O007446,P093,1,0,1104.59,614.67,0.0
I007447_1,O007447,P035,3,0,2238.34,1657.14,0.05
I007448_1,O007448,P058,1,0,1117.59,974.82,0.0
I007449_1,O007449,P047,1,0,3497.32,2991.8,0.1
I007450_1,O007450,P022,1,0,2049.24,1361.4,0.0
I007450_2,O007450,P074,2,0,2816.8,2093.66,0.2
I007451_1,O007451,P037,1,0,812.39,604.48,0.2
I007452_1,O007452,P094,1,0,2836.81,1716.82,0.05
I007452_2,O007452,P112,1,0,1537.34,1059.45,0.0
I007453_1,O007453,P060,1,0,3497.53,2190.75,0.0
I007453_2,O007453,P021,1,0,3287.33,2007.08,0.0
I007453_3,O007453,P076,1,0,2559.86,1928.31,0.0
I007454_1,O007454,P094,2,0,2673.09,1716.82,0.0
I007455_1,O007455,P074,2,0,2817.92,2093.66,0.2
I007456_1,O007456,P089,1,0,2481.65,1691.26,0.0
I007456_2,O007456,P112,1,1,1500.06,1059.45,0.0
I007457_1,O007457,P105,1,0,1355.45,1048.44,0.05
I007458_1,O007458,P088,1,0,306.02,167.15,0.0
I007459_1,O007459,P022,1,0,2135.33,1361.4,0.05
I007460_1,O007460,P098,1,0,340.93,210.13,0.05
I007461_1,O007461,P027,1,0,2161.65,1900.67,0.0
I007462_1,O007462,P026,2,0,3032.23,2746.76,0.1
I007462_2,O007462,P097,2,0,498.0,385.34,0.1
I007463_1,O007463,P073,1,0,3083.97,2517.93,0.0
I007463_2,O007463,P009,2,0,176.77,142.71,0.1
I007463_3,O007463,P080,1,0,824.19,706.47,0.1
I007464_1,O007464,P116,1,0,2852.31,2344.15,0.0
I007464_2,O007464,P029,1,0,3056.63,2642.14,0.1
I007465_1,O007465,P006,1,1,2828.06,2483.13,0.05
I007466_1,O007466,P094,1,1,2895.32,1716.82,0.0
I007466_2,O007466,P039,1,0,2848.18,1842.48,0.2
I007467_1,O007467,P017,1,0,1776.4,1079.58,0.0
I007467_2,O007467,P018,1,0,2831.83,1861.03,0.1
I007468_1,O007468,P086,1,0,510.18,301.67,0.0
I007469_1,O007469,P114,1,0,1079.81,699.07,0.1
I007470_1,O007470,P011,1,0,676.06,470.48,0.1
I007471_1,O007471,P117,2,0,1611.0,1301.63,0.2
I007472_1,O007472,P079,2,0,2157.9,1780.27,0.0
I007473_1,O007473,P058,1,0,1079.27,974.82,0.1
I007474_1,O007474,P066,1,0,561.13,449.79,0.1
I007475_1,O007475,P120,1,0,3547.22,2258.38,0.0
I007476_1,O007476,P010,2,1,772.64,468.72,0.0
I007476_2,O007476,P014,2,0,1447.9,956.53,0.0
I007477_1,O007477,P063,1,0,2335.21,1328.53,0.0
I007478_1,O007478,P076,1,0,2495.26,1928.31,0.0
I007479_1,O007479,P019,1,0,2494.91,1463.41,0.0
I007480_1,O007480,P043,1,0,2422.07,2155.97,0.05
I007481_1,O007481,P062,2,0,1089.48,934.97,0.05
I007481_2,O007481,P120,2,0,3210.86,2258.38,0.05
I007482_1,O007482,P014,1,0,1389.71,956.53,0.0
I007482_2,O007482,P108,1,0,1062.62,757.54,0.0
I007482_3,O007482,P060,1,0,3636.25,2190.75,0.2
I007483_1,O007483,P074,2,0,2704.27,2093.66,0.2
I007484_1,O007484,P017,1,0,1886.62,1079.58,0.2
I007484_2,O007484,P064,1,0,243.03,140.8,0.05
I007485_1,O007485,P057,1,1,2723.48,1751.13,0.05
I007485_2,O007485,P024,2,0,3182.5,2312.84,0.0
I007486_1,O007486,P108,1,0,1175.17,757.54,0.0
I007487_1,O007487,P022,1,0,1958.35,1361.4,0.0
I007488_1,O007488,P041,1,0,1804.2,1272.83,0.0
I007489_1,O007489,P019,1,0,2463.64,1463.41,0.0
I007490_1,O007490,P080,2,0,851.51,706.47,0.0
I007491_1,O007491,P024,1,1,3175.41,2312.84,0.0
I007492_1,O007492,P012,1,0,3873.45,2599.93,0.1
I007493_1,O007493,P081,1,0,2975.9,2035.71,0.2
I007494_1,O007494,P012,1,0,3622.1,2599.93,0.0
I007495_1,O007495,P057,1,0,2816.92,1751.13,0.2
I007495_2,O007495,P045,1,0,1780.69,1393.5,0.2
I007496_1,O007496,P078,1,0,2845.53,1751.62,0.2
I007496_2,O007496,P093,1,0,1108.31,614.67,0.0
I007497_1,O007497,P017,2,0,1966.37,1079.58,0.05
I007498_1,O007498,P001,1,0,759.38,503.11,0.0
I007499_1,O007499,P091,1,0,815.2,567.3,0.0
I007500_1,O007500,P074,1,1,2717.97,2093.66,0.05
I007500_2,O007500,P012,1,0,3471.09,2599.93,0.05
I007501_1,O007501,P033,1,0,2743.91,2420.38,0.1
I007501_2,O007501,P031,2,2,291.9,221.16,0.2
I007501_3,O007501,P116,1,0,3024.23,2344.15,0.0
I007502_1,O007502,P017,1,0,1945.61,1079.58,0.3
I007503_1,O007503,P058,1,0,1040.64,974.82,0.0
I007503_2,O007503,P064,1,0,232.29,140.8,0.05
I007504_1,O007504,P018,1,0,2985.26,1861.03,0.0
I007504_2,O007504,P098,1,0,331.15,210.13,0.05
I007505_1,O007505,P099,1,0,1022.91,579.06,0.05
I007506_1,O007506,P075,1,0,804.35,632.05,0.0
I007507_1,O007507,P024,1,0,3085.75,2312.84,0.2
I007507_2,O007507,P007,1,0,2532.81,2152.99,0.0
I007508_1,O007508,P070,1,0,3782.16,2889.93,0.0
I007509_1,O007509,P067,1,0,1106.75,736.87,0.05
I007509_2,O007509,P083,1,0,948.27,674.18,0.0
I007510_1,O007510,P045,2,0,1685.21,1393.5,0.0
I007510_2,O007510,P102,1,0,3346.99,2068.63,0.05
I007511_1,O007511,P100,1,0,3074.98,2560.83,0.0
I007511_2,O007511,P107,2,0,859.88,517.21,0.05
I007512_1,O007512,P002,2,0,2738.69,2136.38,0.1
I007512_2,O007512,P032,2,0,845.9,692.6,0.0
I007513_1,O007513,P081,1,0,3319.47,2035.71,0.05
I007514_1,O007514,P059,1,0,2766.51,2284.02,0.0
I007514_2,O007514,P075,1,0,855.01,632.05,0.05
I007515_1,O007515,P011,1,0,704.44,470.48,0.0
I007516_1,O007516,P045,1,0,1707.32,1393.5,0.0
I007517_1,O007517,P072,1,0,1712.86,1369.26,0.0
I007518_1,O007518,P101,1,0,430.13,290.92,0.2
I007519_1,O007519,P033,1,0,3001.97,2420.38,0.1
I007520_1,O007520,P050,1,0,1135.26,748.37,0.0
I007521_1,O007521,P104,2,0,846.74,640.45,0.05
I007521_2,O007521,P077,1,0,3078.77,2738.96,0.1
I007522_1,O007522,P074,1,0,2742.2,2093.66,0.05
I007523_1,O007523,P029,2,0,2853.2,2642.14,0.0
I007524_1,O007524,P102,1,0,3382.1,2068.63,0.05
I007525_1,O007525,P070,1,0,3656.54,2889.93,0.05
I007525_2,O007525,P107,1,0,885.72,517.21,0.0
I007525_3,O007525,P017,1,0,1889.96,1079.58,0.0
I007526_1,O007526,P070,1,0,3442.77,2889.93,0.0
I007526_2,O007526,P028,1,0,1433.49,1251.02,0.0
I007526_3,O007526,P001,2,0,789.6,503.11,0.1
I007527_1,O007527,P081,1,0,3064.26,2035.71,0.05
I007528_1,O007528,P036,1,0,2696.94,2239.64,0.0
I007529_1,O007529,P070,1,0,3742.92,2889.93,0.05
I007529_2,O007529,P034,1,0,658.0,551.76,0.0
I007529_3,O007529,P085,1,0,715.37,482.52,0.05
I007530_1,O007530,P015,1,0,2050.26,1639.7,0.1
I007531_1,O007531,P114,1,0,1032.43,699.07,0.0
I007531_2,O007531,P064,1,0,261.38,140.8,0.0
I007532_1,O007532,P107,1,0,916.63,517.21,0.0
I007532_2,O007532,P028,1,0,1406.25,1251.02,0.05
I007533_1,O007533,P053,1,0,2833.64,2330.08,0.0
I007533_2,O007533,P072,2,0,1793.48,1369.26,0.0
I007533_3,O007533,P054,1,0,352.0,290.26,0.0
I007534_1,O007534,P027,1,0,2164.37,1900.67,0.0
I007535_1,O007535,P047,1,0,3375.68,2991.8,0.1
I007535_2,O007535,P044,1,0,2291.42,1529.57,0.2
I007536_1,O007536,P052,2,0,2805.08,2232.75,0.0
I007536_2,O007536,P001,1,0,760.05,503.11,0.0
I007537_1,O007537,P101,1,0,396.83,290.92,0.05
I007538_1,O007538,P076,2,0,2729.53,1928.31,0.0
I007539_1,O007539,P006,2,0,2771.7,2483.13,0.0
I007540_1,O007540,P110,1,0,541.72,387.41,0.05
I007541_1,O007541,P053,1,0,3163.68,2330.08,0.0
I007541_2,O007541,P014,1,0,1367.58,956.53,0.0
I007541_3,O007541,P067,2,0,1187.87,736.87,0.05
I007542_1,O007542,P047,2,0,3300.86,2991.8,0.2
I007543_1,O007543,P095,1,0,3505.87,2194.24,0.1
I007544_1,O007544,P001,1,0,728.33,503.11,0.0
I007545_1,O007545,P095,1,0,3312.77,2194.24,0.0
I007545_2,O007545,P046,1,0,205.16,119.22,0.2
I007545_3,O007545,P079,1,0,2205.85,1780.27,0.0
I007546_1,O007546,P118,2,0,1264.4,778.87,0.3
I007546_2,O007546,P111,1,0,1108.44,738.87,0.2
I007547_1,O007547,P083,1,0,905.19,674.18,0.0
I007547_2,O007547,P042,1,0,3530.67,2480.29,0.1
I007548_1,O007548,P015,1,0,1848.2,1639.7,0.0
I007549_1,O007549,P043,2,1,2609.86,2155.97,0.05
I007550_1,O007550,P032,1,0,773.0,692.6,0.1
I007551_1,O007551,P071,1,0,2079.89,1171.43,0.0
I007552_1,O007552,P049,3,0,2595.1,1767.67,0.1
I007552_2,O007552,P001,1,0,723.22,503.11,0.05
I007553_1,O007553,P032,1,0,780.46,692.6,0.0
I007554_1,O007554,P027,1,0,2175.1,1900.67,0.1
I007555_1,O007555,P039,2,0,3043.37,1842.48,0.0
I007555_2,O007555,P088,2,0,315.1,167.15,0.0
I007555_3,O007555,P030,1,0,2565.99,1879.56,0.1
I007556_1,O007556,P082,1,1,2149.83,1528.85,0.2
I007556_2,O007556,P003,1,0,673.38,593.8,0.0
I007557_1,O007557,P102,2,0,3196.28,2068.63,0.05
I007558_1,O007558,P086,1,0,529.86,301.67,0.0
I007559_1,O007559,P001,2,0,817.2,503.11,0.0
I007560_1,O007560,P072,1,0,1825.76,1369.26,0.2
I007560_2,O007560,P019,2,0,2490.97,1463.41,0.1
I007561_1,O007561,P109,1,0,2298.05,1696.43,0.2
I007561_2,O007561,P118,1,0,1245.86,778.87,0.0
I007562_1,O007562,P012,2,0,3597.45,2599.93,0.0
I007562_2,O007562,P054,1,0,331.67,290.26,0.0
I007563_1,O007563,P038,1,0,2442.23,1939.6,0.2
I007563_2,O007563,P075,1,0,838.77,632.05,0.0
I007564_1,O007564,P029,1,0,2831.34,2642.14,0.0
I007565_1,O007565,P050,1,0,1169.99,748.37,0.05
I007565_2,O007565,P048,2,0,2526.04,2064.58,0.0
I007566_1,O007566,P055,1,0,1785.32,1250.56,0.1
I007566_2,O007566,P046,1,0,222.49,119.22,0.0
I007566_3,O007566,P118,1,0,1186.69,778.87,0.05
I007567_1,O007567,P046,1,0,207.84,119.22,0.05
I007568_1,O007568,P096,1,0,3403.84,1989.35,0.0
I007569_1,O007569,P085,2,0,716.82,482.52,0.05
I007570_1,O007570,P005,1,0,2265.01,1891.99,0.05
I007571_1,O007571,P106,1,0,2619.01,2402.81,0.2
I007571_2,O007571,P035,1,0,2468.58,1657.14,0.0
I007571_3,O007571,P078,1,0,2641.21,1751.62,0.0
I007572_1,O007572,P050,1,0,1199.2,748.37,0.1
I007573_1,O007573,P095,2,0,3520.2,2194.24,0.05
I007573_2,O007573,P076,1,0,2498.21,1928.31,0.0
I007574_1,O007574,P052,1,0,2628.33,2232.75,0.05
I007575_1,O007575,P074,1,0,2718.48,2093.66,0.05
I007575_2,O007575,P101,1,1,445.1,290.92,0.0
I007576_1,O007576,P048,1,0,2376.15,2064.58,0.0
I007577_1,O007577,P108,1,0,1167.29,757.54,0.0
I007578_1,O007578,P009,1,0,180.57,142.71,0.0
I007579_1,O007579,P077,1,0,3333.81,2738.96,0.1
I007579_2,O007579,P008,1,0,3162.97,2190.37,0.0
I007580_1,O007580,P063,1,0,2118.3,1328.53,0.0
I007580_2,O007580,P044,1,0,2163.83,1529.57,0.0
I007581_1,O007581,P030,1,0,2602.36,1879.56,0.1
I007582_1,O007582,P078,1,0,2585.6,1751.62,0.0
I007583_1,O007583,P080,1,0,874.64,706.47,0.0
I007583_2,O007583,P117,1,0,1545.21,1301.63,0.05
I007584_1,O007584,P049,1,0,2596.92,1767.67,0.0
I007584_2,O007584,P044,1,0,2182.18,1529.57,0.05
I007585_1,O007585,P025,2,0,734.59,526.03,0.0
I007586_1,O007586,P113,2,0,2335.31,1457.19,0.1
I007587_1,O007587,P114,1,1,1108.81,699.07,0.0
I007588_1,O007588,P024,1,0,2917.57,2312.84,0.05
I007589_1,O007589,P046,1,0,227.21,119.22,0.0
I007590_1,O007590,P045,1,0,1640.67,1393.5,0.2
I007591_1,O007591,P011,1,0,689.68,470.48,0.0
I007592_1,O007592,P005,1,0,2364.22,1891.99,0.05
I007592_2,O007592,P009,1,0,189.46,142.71,0.05
I007593_1,O007593,P008,3,0,2946.03,2190.37,0.05
I007593_2,O007593,P037,1,0,838.97,604.48,0.05
I007593_3,O007593,P025,1,0,715.27,526.03,0.2
I007594_1,O007594,P119,2,0,636.67,550.1,0.1
I007595_1,O007595,P006,1,0,3105.09,2483.13,0.0
I007596_1,O007596,P109,1,0,2387.35,1696.43,0.05
I007596_2,O007596,P107,2,0,860.71,517.21,0.2
I007597_1,O007597,P101,2,0,393.72,290.92,0.05
I007598_1,O007598,P019,1,0,2661.76,1463.41,0.05
I007599_1,O007599,P010,1,0,771.23,468.72,0.0
I007600_1,O007600,P031,1,0,298.33,221.16,0.0
I007601_1,O007601,P001,2,0,799.37,503.11,0.0
I007602_1,O007602,P065,3,0,2310.77,1840.19,0.0
I007603_1,O007603,P096,1,0,3130.88,1989.35,0.0
I007604_1,O007604,P092,1,0,2400.86,1883.6,0.1
I007604_2,O007604,P055,1,1,1729.3,1250.56,0.05
I007604_3,O007604,P027,1,0,2168.35,1900.67,0.1
I007605_1,O007605,P035,2,0,2367.15,1657.14,0.1
I007606_1,O007606,P024,1,0,3131.21,2312.84,0.0
I007606_2,O007606,P001,2,0,775.75,503.11,0.2
I007607_1,O007607,P004,1,0,3382.75,2449.64,0.0
I007607_2,O007607,P107,1,0,899.57,517.21,0.0
I007608_1,O007608,P108,1,0,1136.09,757.54,0.0
I007608_2,O007608,P096,1,0,3341.63,1989.35,0.0
I007608_3,O007608,P092,1,0,2434.5,1883.6,0.2
I007609_1,O007609,P065,1,0,2487.27,1840.19,0.2
I007610_1,O007610,P055,1,0,1677.6,1250.56,0.0
I007610_2,O007610,P101,1,0,414.83,290.92,0.0
I007611_1,O007611,P051,2,0,2621.88,1856.67,0.0
I007612_1,O007612,P004,2,0,3201.24,2449.64,0.05
I007613_1,O007613,P078,1,0,2596.75,1751.62,0.0
I007614_1,O007614,P117,1,0,1651.38,1301.63,0.05
I007615_1,O007615,P026,1,0,3424.59,2746.76,0.05
I007616_1,O007616,P058,1,0,1154.05,974.82,0.1
I007617_1,O007617,P026,1,0,3101.46,2746.76,0.3
I007618_1,O007618,P022,1,1,1971.16,1361.4,0.0
I007618_2,O007618,P069,1,0,2777.96,2596.65,0.0
I007619_1,O007619,P029,1,0,3146.21,2642.14,0.1
I007619_2,O007619,P093,1,0,1030.11,614.67,0.05
I007620_1,O007620,P074,1,1,2712.4,2093.66,0.1
I007621_1,O007621,P066,1,1,592.23,449.79,0.0
I007622_1,O007622,P048,1,0,2375.55,2064.58,0.05
I007623_1,O007623,P102,1,0,3506.88,2068.63,0.2
I007624_1,O007624,P025,2,0,807.74,526.03,0.3
I007624_2,O007624,P037,1,0,788.15,604.48,0.1
I007625_1,O007625,P087,2,0,1888.27,1487.18,0.0
I007625_2,O007625,P053,1,0,2862.92,2330.08,0.05
I007626_1,O007626,P113,2,0,2261.13,1457.19,0.0
I007626_2,O007626,P111,2,0,1051.85,738.87,0.0
I007627_1,O007627,P070,1,0,3783.69,2889.93,0.0
I007628_1,O007628,P104,1,0,874.03,640.45,0.1
I007629_1,O007629,P091,1,0,772.02,567.3,0.0
I007630_1,O007630,P111,2,0,1089.38,738.87,0.0
I007630_2,O007630,P034,1,0,652.42,551.76,0.0
I007631_1,O007631,P029,2,0,2971.75,2642.14,0.1
I007631_2,O007631,P052,1,0,2881.88,2232.75,0.1
I007631_3,O007631,P115,1,0,2548.71,1821.73,0.05
I007632_1,O007632,P002,2,2,2942.1,2136.38,0.05
I007633_1,O007633,P052,1,1,2714.38,2232.75,0.2
I007633_2,O007633,P112,1,1,1605.78,1059.45,0.0
I007634_1,O007634,P054,1,0,361.34,290.26,0.05
I007635_1,O007635,P043,1,0,2752.7,2155.97,0.1
I007635_2,O007635,P066,1,0,570.89,449.79,0.05
I007636_1,O007636,P051,1,0,2654.5,1856.67,0.1
I007637_1,O007637,P026,1,0,3007.18,2746.76,0.05
I007638_1,O007638,P033,1,0,2751.7,2420.38,0.05
I007639_1,O007639,P065,2,1,2296.5,1840.19,0.05
I007640_1,O007640,P116,1,0,2662.22,2344.15,0.0
I007641_1,O007641,P057,3,0,2851.74,1751.13,0.0
I007642_1,O007642,P008,1,0,3324.6,2190.37,0.1
I007643_1,O007643,P108,1,0,1154.73,757.54,0.05
I007643_2,O007643,P024,1,1,2963.03,2312.84,0.0
I007643_3,O007643,P099,2,0,988.69,579.06,0.0
I007644_1,O007644,P014,1,0,1399.07,956.53,0.05
I007644_2,O007644,P041,1,0,1652.0,1272.83,0.1
I007644_3,O007644,P003,1,0,656.57,593.8,0.0
I007645_1,O007645,P015,2,0,1901.56,1639.7,0.2
I007646_1,O007646,P018,2,0,2735.62,1861.03,0.1
I007646_2,O007646,P086,3,0,515.47,301.67,0.1
I007647_1,O007647,P115,2,0,2781.1,1821.73,0.0
I007648_1,O007648,P107,1,0,842.24,517.21,0.05
I007648_2,O007648,P080,1,0,828.67,706.47,0.0
I007649_1,O007649,P098,2,0,344.04,210.13,0.05
I007649_2,O007649,P017,1,1,1954.79,1079.58,0.05
I007650_1,O007650,P005,1,0,2338.29,1891.99,0.1
I007651_1,O007651,P046,1,0,230.46,119.22,0.0
I007652_1,O007652,P032,2,0,819.89,692.6,0.0
I007653_1,O007653,P089,1,1,2427.17,1691.26,0.2
I007653_2,O007653,P025,1,0,742.54,526.03,0.0
I007654_1,O007654,P093,1,0,1009.31,614.67,0.05
I007655_1,O007655,P049,2,0,2642.85,1767.67,0.2
I007656_1,O007656,P049,1,0,2809.64,1767.67,0.05
I007656_2,O007656,P025,1,0,793.53,526.03,0.0
I007656_3,O007656,P038,1,0,2359.55,1939.6,0.05
I007657_1,O007657,P043,1,0,2571.47,2155.97,0.0
I007658_1,O007658,P112,1,0,1427.44,1059.45,0.05
I007659_1,O007659,P058,1,0,1073.77,974.82,0.0
I007660_1,O007660,P107,1,0,932.47,517.21,0.0
I007661_1,O007661,P039,2,0,2896.84,1842.48,0.05
I007662_1,O007662,P008,1,0,3138.14,2190.37,0.0
I007662_2,O007662,P090,1,0,1669.55,1197.25,0.0
I007663_1,O007663,P045,3,0,1767.58,1393.5,0.0
I007663_2,O007663,P017,2,0,1813.82,1079.58,0.0
I007664_1,O007664,P028,1,0,1408.86,1251.02,0.05
I007664_2,O007664,P015,1,0,2077.07,1639.7,0.1
I007665_1,O007665,P089,1,0,2443.36,1691.26,0.1
I007665_2,O007665,P074,2,0,2781.51,2093.66,0.2
I007666_1,O007666,P014,1,0,1399.56,956.53,0.0
I007667_1,O007667,P076,1,1,2745.11,1928.31,0.1
I007668_1,O007668,P022,1,0,1946.43,1361.4,0.2
I007669_1,O007669,P027,1,0,2103.41,1900.67,0.2
I007670_1,O007670,P120,2,0,3373.81,2258.38,0.3
I007670_2,O007670,P039,1,0,3141.31,1842.48,0.0
I007670_3,O007670,P103,1,0,3542.32,3087.95,0.0
I007671_1,O007671,P034,1,0,649.3,551.76,0.0
I007672_1,O007672,P014,1,0,1377.94,956.53,0.0
I007673_1,O007673,P029,3,0,3002.8,2642.14,0.0
I007673_2,O007673,P047,2,0,3360.55,2991.8,0.0
I007674_1,O007674,P100,1,0,2973.41,2560.83,0.05
I007674_2,O007674,P085,1,0,678.06,482.52,0.05
I007675_1,O007675,P068,2,0,3294.59,1829.36,0.2
I007676_1,O007676,P055,1,0,1796.86,1250.56,0.0
I007676_2,O007676,P056,1,0,652.5,467.73,0.05
I007677_1,O007677,P012,1,0,3663.39,2599.93,0.1
I007678_1,O007678,P044,1,0,2117.47,1529.57,0.1
I007678_2,O007678,P045,1,0,1660.89,1393.5,0.3
I007679_1,O007679,P049,2,0,2607.83,1767.67,0.0
I007679_2,O007679,P051,1,0,2679.12,1856.67,0.05
I007680_1,O007680,P113,1,0,2313.7,1457.19,0.05
I007680_2,O007680,P075,1,0,894.07,632.05,0.0
I007681_1,O007681,P083,1,0,940.4,674.18,0.05
I007681_2,O007681,P018,1,0,3050.24,1861.03,0.0
I007682_1,O007682,P078,1,0,2877.44,1751.62,0.05
I007683_1,O007683,P118,1,0,1296.82,778.87,0.0
I007684_1,O007684,P092,2,0,2672.85,1883.6,0.2
I007684_2,O007684,P102,2,0,3602.25,2068.63,0.0
I007685_1,O007685,P105,1,0,1267.82,1048.44,0.05
I007686_1,O007686,P053,2,0,2990.01,2330.08,0.05
I007686_2,O007686,P018,1,0,3008.75,1861.03,0.2
I007687_1,O007687,P001,1,0,789.75,503.11,0.0
I007688_1,O007688,P119,2,0,663.79,550.1,0.1
I007688_2,O007688,P094,1,0,2878.92,1716.82,0.0
I007689_1,O007689,P067,1,0,1159.42,736.87,0.2
I007689_2,O007689,P066,1,0,598.29,449.79,0.2
I007690_1,O007690,P052,1,0,2795.12,2232.75,0.05
I007690_2,O007690,P043,1,0,2534.2,2155.97,0.05
I007691_1,O007691,P023,1,0,2413.1,1316.59,0.1
I007691_2,O007691,P094,2,0,2619.7,1716.82,0.05
I007692_1,O007692,P022,1,0,1909.48,1361.4,0.0
I007693_1,O007693,P011,1,0,689.95,470.48,0.0
I007694_1,O007694,P099,1,0,1079.98,579.06,0.0
I007695_1,O007695,P053,1,0,3143.19,2330.08,0.0
I007695_2,O007695,P112,1,0,1426.42,1059.45,0.1
I007696_1,O007696,P044,1,0,2239.31,1529.57,0.2
I007696_2,O007696,P107,1,0,866.54,517.21,0.2
I007697_1,O007697,P117,1,0,1471.63,1301.63,0.05
I007698_1,O007698,P040,2,0,2194.18,1719.58,0.05
I007699_1,O007699,P019,2,0,2456.88,1463.41,0.0
I007699_2,O007699,P045,2,0,1700.42,1393.5,0.1
I007700_1,O007700,P077,1,0,3337.45,2738.96,0.2
I007701_1,O007701,P008,1,0,2929.18,2190.37,0.1
I007701_2,O007701,P037,1,0,737.65,604.48,0.1
I007702_1,O007702,P090,1,0,1610.36,1197.25,0.0
I007702_2,O007702,P060,2,0,3591.14,2190.75,0.0
I007703_1,O007703,P044,2,0,2071.09,1529.57,0.0
I007703_2,O007703,P112,1,0,1489.34,1059.45,0.1
I007703_3,O007703,P053,1,0,2968.73,2330.08,0.0
I007704_1,O007704,P041,1,0,1745.68,1272.83,0.1
I007704_2,O007704,P080,1,0,845.41,706.47,0.0
I007705_1,O007705,P081,1,0,2974.83,2035.71,0.1
I007705_2,O007705,P015,2,0,1900.96,1639.7,0.05
I007706_1,O007706,P019,1,0,2589.18,1463.41,0.05
I007706_2,O007706,P083,1,0,914.61,674.18,0.2
I007706_3,O007706,P055,1,0,1795.95,1250.56,0.0
I007707_1,O007707,P029,1,0,2858.31,2642.14,0.05
I007707_2,O007707,P042,1,0,3637.49,2480.29,0.3
I007708_1,O007708,P027,1,0,2067.13,1900.67,0.0
I007709_1,O007709,P034,2,0,654.62,551.76,0.05
I007709_2,O007709,P078,1,0,2737.58,1751.62,0.1
I007710_1,O007710,P091,1,0,786.34,567.3,0.0
I007710_2,O007710,P087,1,0,1933.83,1487.18,0.2
I007711_1,O007711,P031,1,0,288.15,221.16,0.1
I007711_2,O007711,P094,1,0,2994.63,1716.82,0.1
I007712_1,O007712,P120,2,0,3616.13,2258.38,0.05
I007712_2,O007712,P076,1,0,2747.39,1928.31,0.0
I007713_1,O007713,P103,1,0,3568.24,3087.95,0.05
I007714_1,O007714,P098,3,0,360.14,210.13,0.05
I007715_1,O007715,P058,1,0,1034.34,974.82,0.05
I007715_2,O007715,P080,2,0,917.55,706.47,0.05
I007716_1,O007716,P114,2,0,1139.08,699.07,0.0
I007717_1,O007717,P030,1,0,2537.43,1879.56,0.0
I007718_1,O007718,P079,1,0,2142.54,1780.27,0.0
I007718_2,O007718,P001,1,0,740.8,503.11,0.0
I007719_1,O007719,P112,1,0,1608.34,1059.45,0.2
I007719_2,O007719,P018,1,0,2937.95,1861.03,0.05
I007719_3,O007719,P084,1,1,1246.94,785.13,0.2
I007720_1,O007720,P012,2,0,3806.11,2599.93,0.05
I007721_1,O007721,P085,2,2,752.39,482.52,0.0
I007721_2,O007721,P013,2,0,1740.54,1078.11,0.0
I007722_1,O007722,P105,2,0,1289.24,1048.44,0.0
I007723_1,O007723,P073,2,0,2892.48,2517.93,0.0
I007723_2,O007723,P027,1,0,2104.64,1900.67,0.1
I007723_3,O007723,P045,1,1,1686.8,1393.5,0.0
I007724_1,O007724,P043,1,1,2755.03,2155.97,0.0
I007724_2,O007724,P050,1,0,1193.47,748.37,0.2
I007725_1,O007725,P061,1,0,2785.01,1810.66,0.05
I007725_2,O007725,P117,1,0,1611.83,1301.63,0.2
I007725_3,O007725,P112,1,0,1597.75,1059.45,0.0
I007726_1,O007726,P061,1,0,2854.33,1810.66,0.05
I007726_2,O007726,P012,1,0,3734.08,2599.93,0.0
I007727_1,O007727,P001,2,0,732.03,503.11,0.1
I007727_2,O007727,P118,1,0,1266.02,778.87,0.05
I007727_3,O007727,P096,1,0,3238.93,1989.35,0.1
I007728_1,O007728,P085,1,0,709.22,482.52,0.0
I007729_1,O007729,P020,2,0,3221.71,2726.34,0.05
I007729_2,O007729,P112,1,0,1604.38,1059.45,0.0
I007730_1,O007730,P067,1,0,1192.58,736.87,0.1
I007731_1,O007731,P007,1,0,2640.08,2152.99,0.1
I007732_1,O007732,P061,1,0,2539.66,1810.66,0.0
I007732_2,O007732,P040,1,0,2262.36,1719.58,0.0
I007732_3,O007732,P023,1,0,2344.27,1316.59,0.1
I007733_1,O007733,P101,1,0,443.79,290.92,0.1
I007734_1,O007734,P039,3,0,2742.99,1842.48,0.0
I007735_1,O007735,P036,1,0,2547.81,2239.64,0.05
I007736_1,O007736,P118,1,0,1236.08,778.87,0.0
I007736_2,O007736,P010,1,0,737.71,468.72,0.0
I007737_1,O007737,P055,1,0,1878.58,1250.56,0.0
I007738_1,O007738,P104,1,0,785.53,640.45,0.2
I007739_1,O007739,P003,1,0,741.34,593.8,0.0
I007740_1,O007740,P003,1,0,732.8,593.8,0.3
I007741_1,O007741,P010,1,0,760.26,468.72,0.0
I007742_1,O007742,P120,1,0,3408.16,2258.38,0.1
I007743_1,O007743,P005,1,0,2468.62,1891.99,0.1
I007744_1,O007744,P012,1,0,3596.59,2599.93,0.05
I007744_2,O007744,P092,1,0,2378.31,1883.6,0.0
I007744_3,O007744,P022,1,0,2111.99,1361.4,0.1
I007745_1,O007745,P017,1,0,1915.4,1079.58,0.0
I007746_1,O007746,P094,1,1,2793.14,1716.82,0.1
I007746_2,O007746,P068,1,0,3155.01,1829.36,0.0
I007747_1,O007747,P054,1,0,364.51,290.26,0.3
I007748_1,O007748,P020,1,0,3493.18,2726.34,0.0
I007749_1,O007749,P025,1,1,734.5,526.03,0.1
I007750_1,O007750,P008,2,0,3226.95,2190.37,0.2
I007750_2,O007750,P050,2,0,1201.33,748.37,0.05
I007751_1,O007751,P073,1,0,3160.09,2517.93,0.0
I007752_1,O007752,P096,1,0,3268.63,1989.35,0.0
I007753_1,O007753,P009,1,0,179.38,142.71,0.0
I007754_1,O007754,P097,1,0,520.1,385.34,0.2
I007755_1,O007755,P003,2,0,696.23,593.8,0.1
I007755_2,O007755,P089,2,0,2642.7,1691.26,0.05
I007756_1,O007756,P099,1,0,1037.59,579.06,0.1
I007757_1,O007757,P104,1,0,822.32,640.45,0.2
I007757_2,O007757,P086,1,0,555.36,301.67,0.05
I007758_1,O007758,P105,1,0,1314.25,1048.44,0.0
I007759_1,O007759,P058,1,0,1162.81,974.82,0.1
I007760_1,O007760,P069,1,0,2737.51,2596.65,0.1
I007760_2,O007760,P091,2,0,772.18,567.3,0.0
I007761_1,O007761,P109,1,0,2244.18,1696.43,0.2
I007762_1,O007762,P072,1,0,1845.65,1369.26,0.0
I007762_2,O007762,P082,1,0,2129.47,1528.85,0.05
I007763_1,O007763,P029,3,0,2975.32,2642.14,0.0
I007764_1,O007764,P023,1,0,2275.13,1316.59,0.1
I007764_2,O007764,P034,2,0,718.88,551.76,0.0
I007764_3,O007764,P086,1,0,513.91,301.67,0.2
I007765_1,O007765,P095,1,0,3227.05,2194.24,0.0
I007766_1,O007766,P001,1,0,795.47,503.11,0.0
I007767_1,O007767,P091,1,0,813.93,567.3,0.0
I007768_1,O007768,P076,1,0,2479.83,1928.31,0.05
I007768_2,O007768,P050,1,0,1220.69,748.37,0.05
I007769_1,O007769,P111,1,1,1093.19,738.87,0.3
I007770_1,O007770,P095,1,0,3551.8,2194.24,0.0
I007770_2,O007770,P065,1,0,2451.32,1840.19,0.0
I007770_3,O007770,P021,1,0,2965.59,2007.08,0.1
I007771_1,O007771,P043,2,0,2765.87,2155.97,0.0
I007771_2,O007771,P005,1,0,2200.84,1891.99,0.2
I007772_1,O007772,P037,1,0,745.27,604.48,0.2
I007773_1,O007773,P057,2,0,2965.93,1751.13,0.0
I007773_2,O007773,P116,3,0,2943.59,2344.15,0.0
I007774_1,O007774,P089,1,0,2516.7,1691.26,0.0
I007774_2,O007774,P077,2,0,3112.54,2738.96,0.05
I007774_3,O007774,P095,1,0,3482.8,2194.24,0.0
I007775_1,O007775,P044,1,0,2194.57,1529.57,0.1
I007776_1,O007776,P088,1,0,302.08,167.15,0.0
I007776_2,O007776,P008,1,0,2980.13,2190.37,0.0
I007777_1,O007777,P012,2,0,3616.08,2599.93,0.05
I007778_1,O007778,P018,1,0,2780.93,1861.03,0.0
I007779_1,O007779,P087,1,0,1979.88,1487.18,0.05
I007780_1,O007780,P061,1,0,2600.21,1810.66,0.1
I007780_2,O007780,P045,2,0,1702.23,1393.5,0.05
I007781_1,O007781,P010,1,0,756.68,468.72,0.05
I007781_2,O007781,P094,1,0,2627.01,1716.82,0.05
I007781_3,O007781,P034,1,0,696.63,551.76,0.0
I007782_1,O007782,P064,2,0,250.86,140.8,0.0
I007782_2,O007782,P109,1,0,2278.6,1696.43,0.05
I007782_3,O007782,P022,1,0,2014.92,1361.4,0.0
I007783_1,O007783,P007,1,0,2543.06,2152.99,0.1
I007784_1,O007784,P069,1,0,2948.72,2596.65,0.1
I007785_1,O007785,P039,1,0,2775.97,1842.48,0.0
I007785_2,O007785,P040,1,0,2194.86,1719.58,0.0
I007785_3,O007785,P042,1,0,3373.52,2480.29,0.05
I007786_1,O007786,P025,1,0,764.59,526.03,0.1
I007786_2,O007786,P104,1,0,849.08,640.45,0.05
I007786_3,O007786,P102,2,0,3640.89,2068.63,0.2
I007787_1,O007787,P015,1,0,1978.68,1639.7,0.1
I007788_1,O007788,P114,2,2,1065.89,699.07,0.05
I007789_1,O007789,P024,1,0,3086.92,2312.84,0.05
I007790_1,O007790,P063,1,0,2210.94,1328.53,0.1
I007790_2,O007790,P005,1,0,2326.54,1891.99,0.0
I007791_1,O007791,P082,1,0,2148.04,1528.85,0.0
I007791_2,O007791,P026,1,0,3152.31,2746.76,0.05
I007791_3,O007791,P032,1,0,815.66,692.6,0.05
I007792_1,O007792,P119,1,0,659.98,550.1,0.05
I007792_2,O007792,P053,2,0,2995.39,2330.08,0.2
I007792_3,O007792,P006,2,0,2845.06,2483.13,0.0
I007793_1,O007793,P098,1,0,359.21,210.13,0.0
I007794_1,O007794,P059,2,0,2645.54,2284.02,0.05
I007795_1,O007795,P065,1,0,2314.98,1840.19,0.0
I007795_2,O007795,P115,1,0,2712.68,1821.73,0.1
I007796_1,O007796,P052,1,0,2860.91,2232.75,0.05
I007797_1,O007797,P081,1,1,3203.27,2035.71,0.0
I007797_2,O007797,P072,1,0,1768.54,1369.26,0.05
I007798_1,O007798,P099,1,0,981.0,579.06,0.0
I007799_1,O007799,P043,1,0,2460.38,2155.97,0.0
I007800_1,O007800,P066,1,0,580.25,449.79,0.0
I007801_1,O007801,P069,1,0,3143.17,2596.65,0.1
I007801_2,O007801,P092,1,0,2455.5,1883.6,0.0
I007802_1,O007802,P109,1,0,2311.9,1696.43,0.1
I007803_1,O007803,P020,1,0,3443.28,2726.34,0.1
I007803_2,O007803,P082,1,0,2177.61,1528.85,0.0
I007804_1,O007804,P075,3,0,820.59,632.05,0.0
I007805_1,O007805,P116,1,0,2651.17,2344.15,0.0
I007806_1,O007806,P096,1,0,3249.07,1989.35,0.3
I007806_2,O007806,P021,1,0,3126.92,2007.08,0.2
I007807_1,O007807,P103,1,0,3492.07,3087.95,0.2
I007807_2,O007807,P022,2,0,1897.36,1361.4,0.1
I007808_1,O007808,P068,1,0,3507.54,1829.36,0.0
I007808_2,O007808,P015,1,0,1944.03,1639.7,0.0
I007809_1,O007809,P058,1,0,1166.8,974.82,0.05
I007810_1,O007810,P095,1,0,3187.18,2194.24,0.0
I007810_2,O007810,P041,1,0,1678.81,1272.83,0.0
I007811_1,O007811,P019,1,1,2624.77,1463.41,0.1
I007812_1,O007812,P043,1,0,2573.11,2155.97,0.1
I007813_1,O007813,P120,1,0,3359.46,2258.38,0.1
I007813_2,O007813,P087,1,0,1832.26,1487.18,0.1
I007814_1,O007814,P112,1,0,1452.96,1059.45,0.2
I007815_1,O007815,P091,1,0,810.42,567.3,0.3
I007816_1,O007816,P116,1,0,2945.49,2344.15,0.0
I007816_2,O007816,P020,1,0,3468.01,2726.34,0.0
I007817_1,O007817,P008,1,0,3193.18,2190.37,0.2
I007818_1,O007818,P015,1,0,1914.14,1639.7,0.05
I007819_1,O007819,P111,1,1,1155.07,738.87,0.1
I007819_2,O007819,P092,1,0,2710.58,1883.6,0.05
I007820_1,O007820,P065,1,0,2550.12,1840.19,0.3
I007821_1,O007821,P097,1,0,518.48,385.34,0.0
I007822_1,O007822,P029,1,0,3137.75,2642.14,0.0
I007823_1,O007823,P055,1,0,1691.06,1250.56,0.0
I007823_2,O007823,P062,1,0,1178.49,934.97,0.1
I007823_3,O007823,P100,1,0,2743.28,2560.83,0.0
I007824_1,O007824,P105,1,0,1316.09,1048.44,0.0
I007825_1,O007825,P032,2,0,819.13,692.6,0.2
I007826_1,O007826,P019,1,0,2509.28,1463.41,0.3
I007826_2,O007826,P089,1,0,2555.84,1691.26,0.05
I007827_1,O007827,P051,2,0,2599.76,1856.67,0.0
I007827_2,O007827,P006,2,0,3055.43,2483.13,0.05
I007828_1,O007828,P029,1,0,2884.53,2642.14,0.0
I007828_2,O007828,P055,1,0,1793.19,1250.56,0.0
I007829_1,O007829,P028,1,0,1424.79,1251.02,0.05
I007830_1,O007830,P111,1,0,1173.87,738.87,0.05
I007830_2,O007830,P030,1,0,2525.55,1879.56,0.05
I007831_1,O007831,P025,1,0,722.65,526.03,0.05
I007832_1,O007832,P031,2,0,292.77,221.16,0.1
I007833_1,O007833,P016,1,0,2659.99,2126.82,0.2
I007834_1,O007834,P019,1,0,2503.09,1463.41,0.2
I007835_1,O007835,P002,1,0,2822.74,2136.38,0.0
I007836_1,O007836,P099,1,0,998.77,579.06,0.2
I007837_1,O007837,P073,2,0,3300.7,2517.93,0.1
I007837_2,O007837,P057,1,0,2659.03,1751.13,0.1
I007837_3,O007837,P039,1,0,2882.34,1842.48,0.0
I007838_1,O007838,P103,1,0,3598.06,3087.95,0.2
I007838_2,O007838,P056,1,0,642.02,467.73,0.2
I007839_1,O007839,P004,1,0,3225.87,2449.64,0.05
I007840_1,O007840,P079,1,0,2196.86,1780.27,0.1
I007841_1,O007841,P019,1,0,2419.1,1463.41,0.05
I007842_1,O007842,P119,1,0,659.7,550.1,0.1
I007843_1,O007843,P043,1,1,2558.04,2155.97,0.2
I007844_1,O007844,P042,3,0,3257.59,2480.29,0.05
I007844_2,O007844,P023,2,0,2253.29,1316.59,0.05
I007844_3,O007844,P095,1,0,3493.94,2194.24,0.3
I007845_1,O007845,P050,1,0,1246.15,748.37,0.2
I007846_1,O007846,P022,1,0,2076.63,1361.4,0.1
I007847_1,O007847,P091,1,0,793.11,567.3,0.2
I007847_2,O007847,P102,1,1,3282.59,2068.63,0.05
I007847_3,O007847,P113,1,0,2151.78,1457.19,0.1
I007848_1,O007848,P025,1,0,718.44,526.03,0.3
I007848_2,O007848,P050,2,0,1210.56,748.37,0.0
I007848_3,O007848,P109,1,0,2403.4,1696.43,0.1
I007849_1,O007849,P045,2,0,1750.5,1393.5,0.1
I007849_2,O007849,P025,1,0,739.96,526.03,0.1
I007850_1,O007850,P061,1,0,2695.13,1810.66,0.2
I007851_1,O007851,P069,2,0,3093.61,2596.65,0.0
I007851_2,O007851,P021,1,0,3164.64,2007.08,0.1
I007852_1,O007852,P094,2,0,2869.58,1716.82,0.2
I007852_2,O007852,P013,1,0,1665.65,1078.11,0.2
I007853_1,O007853,P073,1,0,2921.96,2517.93,0.0
I007854_1,O007854,P071,1,0,2092.54,1171.43,0.2
I007854_2,O007854,P094,1,0,3009.63,1716.82,0.1
I007854_3,O007854,P046,1,0,207.62,119.22,0.0
I007855_1,O007855,P100,2,0,2750.12,2560.83,0.05
I007856_1,O007856,P067,1,0,1105.98,736.87,0.1
I007857_1,O007857,P095,1,0,3433.85,2194.24,0.0
I007857_2,O007857,P029,2,0,3082.39,2642.14,0.0
I007858_1,O007858,P019,2,0,2470.05,1463.41,0.0
I007859_1,O007859,P081,1,1,3243.16,2035.71,0.1
I007859_2,O007859,P100,2,0,3061.77,2560.83,0.2
I007860_1,O007860,P070,1,0,3675.47,2889.93,0.2
I007861_1,O007861,P061,1,0,2553.09,1810.66,0.1
I007861_2,O007861,P085,3,0,673.88,482.52,0.05
I007862_1,O007862,P069,2,0,2792.32,2596.65,0.0
I007862_2,O007862,P095,1,0,3252.19,2194.24,0.1
I007863_1,O007863,P074,1,1,2700.88,2093.66,0.0
I007864_1,O007864,P030,1,0,2493.23,1879.56,0.0
I007864_2,O007864,P103,1,0,3560.84,3087.95,0.0
I007864_3,O007864,P100,1,0,2734.44,2560.83,0.0
I007865_1,O007865,P056,2,0,676.04,467.73,0.1
I007866_1,O007866,P118,1,0,1206.66,778.87,0.0
I007867_1,O007867,P028,1,0,1407.66,1251.02,0.1
I007868_1,O007868,P024,1,0,3094.39,2312.84,0.0
I007868_2,O007868,P102,1,0,3288.13,2068.63,0.05
I007869_1,O007869,P039,1,0,2961.5,1842.48,0.2
I007870_1,O007870,P104,1,0,855.73,640.45,0.0
I007870_2,O007870,P109,3,0,2297.51,1696.43,0.0
I007871_1,O007871,P051,1,0,2492.7,1856.67,0.0
I007872_1,O007872,P024,1,0,3160.68,2312.84,0.05
I007873_1,O007873,P026,1,0,3038.81,2746.76,0.1
I007873_2,O007873,P099,1,1,994.34,579.06,0.0
I007873_3,O007873,P080,1,0,863.59,706.47,0.0
I007874_1,O007874,P002,1,1,2624.39,2136.38,0.0
I007875_1,O007875,P029,1,0,3133.65,2642.14,0.05
I007876_1,O007876,P067,1,0,1181.26,736.87,0.05
I007877_1,O007877,P103,1,0,3865.02,3087.95,0.0
I007878_1,O007878,P093,1,0,996.99,614.67,0.2
I007879_1,O007879,P051,2,2,2507.55,1856.67,0.05
I007880_1,O007880,P092,2,0,2618.53,1883.6,0.2
I007881_1,O007881,P027,1,0,2042.3,1900.67,0.0
I007882_1,O007882,P014,2,0,1389.33,956.53,0.1
I007882_2,O007882,P018,1,0,2839.8,1861.03,0.1
I007882_3,O007882,P064,1,0,256.17,140.8,0.1
I007883_1,O007883,P027,1,0,2336.5,1900.67,0.05
I007884_1,O007884,P021,1,0,3090.25,2007.08,0.0
I007885_1,O007885,P102,1,0,3561.87,2068.63,0.1
I007886_1,O007886,P076,1,1,2533.11,1928.31,0.0
I007886_2,O007886,P109,1,0,2167.28,1696.43,0.0
I007886_3,O007886,P097,1,0,514.4,385.34,0.0
I007887_1,O007887,P038,2,0,2516.94,1939.6,0.1
I007888_1,O007888,P075,1,0,920.64,632.05,0.2
I007888_2,O007888,P118,1,0,1317.87,778.87,0.0
I007889_1,O007889,P037,1,0,752.65,604.48,0.0
I007889_2,O007889,P055,1,0,1892.89,1250.56,0.1
I007890_1,O007890,P067,3,0,1129.6,736.87,0.05
I007891_1,O007891,P082,1,0,2202.58,1528.85,0.0
I007891_2,O007891,P116,1,0,2907.43,2344.15,0.0
I007892_1,O007892,P038,1,0,2373.74,1939.6,0.2
I007892_2,O007892,P009,1,0,198.04,142.71,0.1
I007893_1,O007893,P079,1,0,2425.58,1780.27,0.05
I007893_2,O007893,P098,1,0,351.54,210.13,0.1
I007894_1,O007894,P088,1,0,309.43,167.15,0.0
I007895_1,O007895,P095,1,0,3298.03,2194.24,0.1
I007895_2,O007895,P082,1,0,2365.27,1528.85,0.1
I007896_1,O007896,P079,1,0,2154.46,1780.27,0.0
I007897_1,O007897,P017,1,0,1980.86,1079.58,0.05
I007897_2,O007897,P094,1,0,2846.67,1716.82,0.05
I007898_1,O007898,P045,1,0,1760.04,1393.5,0.1
I007898_2,O007898,P105,1,0,1268.24,1048.44,0.0
I007898_3,O007898,P016,1,1,2953.86,2126.82,0.05
I007899_1,O007899,P046,1,0,218.85,119.22,0.0
I007900_1,O007900,P011,1,0,641.63,470.48,0.0
I007900_2,O007900,P001,1,0,808.24,503.11,0.0
I007900_3,O007900,P084,1,0,1117.65,785.13,0.05
I007901_1,O007901,P105,1,0,1273.48,1048.44,0.0
I007901_2,O007901,P104,1,0,883.97,640.45,0.0
I007902_1,O007902,P011,1,0,703.75,470.48,0.2
I007902_2,O007902,P069,1,0,2974.7,2596.65,0.0
I007903_1,O007903,P062,1,0,1088.32,934.97,0.0
I007904_1,O007904,P083,1,0,901.81,674.18,0.0
I007905_1,O007905,P087,1,0,1833.56,1487.18,0.05
I007906_1,O007906,P069,1,0,2739.66,2596.65,0.05
I007907_1,O007907,P034,1,0,739.32,551.76,0.0
I007908_1,O007908,P113,1,0,2277.42,1457.19,0.05
I007909_1,O007909,P086,1,0,565.3,301.67,0.05
I007909_2,O007909,P007,2,0,2626.99,2152.99,0.05
I007910_1,O007910,P101,1,0,391.88,290.92,0.05
I007911_1,O007911,P083,1,0,953.43,674.18,0.0
I007911_2,O007911,P018,1,0,2793.09,1861.03,0.0
I007911_3,O007911,P017,1,1,1924.23,1079.58,0.0
I007912_1,O007912,P110,1,0,547.56,387.41,0.1
I007913_1,O007913,P035,2,0,2396.82,1657.14,0.1
I007913_2,O007913,P089,1,0,2675.13,1691.26,0.0
I007913_3,O007913,P115,1,0,2674.0,1821.73,0.1
I007914_1,O007914,P075,1,0,814.38,632.05,0.1
I007915_1,O007915,P063,1,0,2176.09,1328.53,0.1
I007916_1,O007916,P064,1,0,261.4,140.8,0.2
I007916_2,O007916,P006,1,0,2918.11,2483.13,0.0
I007916_3,O007916,P022,3,0,1960.21,1361.4,0.05
I007917_1,O007917,P112,1,0,1482.85,1059.45,0.05
I007917_2,O007917,P097,1,0,491.3,385.34,0.0
I007918_1,O007918,P104,1,0,802.29,640.45,0.1
I007918_2,O007918,P027,1,0,2108.05,1900.67,0.0
I007919_1,O007919,P040,1,0,2313.35,1719.58,0.1
I007920_1,O007920,P113,1,0,2188.79,1457.19,0.05
I007920_2,O007920,P004,1,0,3124.89,2449.64,0.0
I007921_1,O007921,P075,1,0,863.56,632.05,0.1
I007921_2,O007921,P118,1,0,1317.04,778.87,0.0
I007921_3,O007921,P101,1,1,417.79,290.92,0.0
I007922_1,O007922,P001,2,0,730.68,503.11,0.2
I007922_2,O007922,P082,1,0,2227.23,1528.85,0.1
I007923_1,O007923,P032,1,1,783.46,692.6,0.0
I007924_1,O007924,P070,2,0,3713.64,2889.93,0.05
I007925_1,O007925,P095,2,0,3154.14,2194.24,0.05
I007926_1,O007926,P046,2,0,215.12,119.22,0.0
I007927_1,O007927,P079,1,0,2290.46,1780.27,0.0
I007927_2,O007927,P001,1,0,721.74,503.11,0.0
I007928_1,O007928,P082,1,0,2307.07,1528.85,0.05
I007928_2,O007928,P040,1,0,2357.66,1719.58,0.0
I007928_3,O007928,P004,1,0,3366.03,2449.64,0.0
I007929_1,O007929,P036,1,0,2490.99,2239.64,0.1
I007929_2,O007929,P020,1,0,3498.86,2726.34,0.0
I007930_1,O007930,P078,1,0,2667.72,1751.62,0.0
I007931_1,O007931,P046,1,0,216.79,119.22,0.2
I007931_2,O007931,P109,1,0,2484.53,1696.43,0.0
I007932_1,O007932,P076,1,0,2637.9,1928.31,0.0
I007932_2,O007932,P097,2,0,544.26,385.34,0.0
I007933_1,O007933,P049,2,0,2508.91,1767.67,0.3
I007933_2,O007933,P039,1,1,2816.43,1842.48,0.2
I007934_1,O007934,P068,1,0,3314.13,1829.36,0.0
I007935_1,O007935,P115,1,0,2512.46,1821.73,0.0
I007936_1,O007936,P067,1,0,1219.55,736.87,0.0
I007937_1,O007937,P077,1,0,3418.59,2738.96,0.05
I007937_2,O007937,P052,2,0,2626.36,2232.75,0.0
I007938_1,O007938,P099,2,0,1069.05,579.06,0.0
I007939_1,O007939,P076,2,1,2626.59,1928.31,0.0
I007940_1,O007940,P021,2,0,3163.0,2007.08,0.0
I007940_2,O007940,P059,2,0,2513.72,2284.02,0.1
I007941_1,O007941,P028,1,0,1589.81,1251.02,0.05
I007942_1,O007942,P096,1,0,3400.1,1989.35,0.0
I007942_2,O007942,P020,1,0,3643.85,2726.34,0.1
I007942_3,O007942,P079,1,0,2208.53,1780.27,0.0
I007943_1,O007943,P092,1,1,2524.88,1883.6,0.05
I007944_1,O007944,P017,2,0,1924.14,1079.58,0.05
I007944_2,O007944,P055,1,0,1907.96,1250.56,0.2
I007945_1,O007945,P029,1,0,2903.47,2642.14,0.05
I007946_1,O007946,P032,2,0,882.89,692.6,0.2
I007947_1,O007947,P073,1,0,2968.35,2517.93,0.0
I007947_2,O007947,P059,1,1,2761.51,2284.02,0.0
I007948_1,O007948,P050,3,0,1237.67,748.37,0.05
I007949_1,O007949,P039,1,0,2966.27,1842.48,0.2
I007950_1,O007950,P070,1,0,3626.33,2889.93,0.05
I007951_1,O007951,P008,1,0,3198.68,2190.37,0.0
I007952_1,O007952,P009,1,0,181.14,142.71,0.0
I007953_1,O007953,P082,1,0,2272.61,1528.85,0.0
I007953_2,O007953,P046,1,0,232.5,119.22,0.1
I007954_1,O007954,P100,1,1,2823.03,2560.83,0.05
I007954_2,O007954,P058,1,0,1165.46,974.82,0.0
I007955_1,O007955,P088,1,0,325.09,167.15,0.1
I007955_2,O007955,P049,1,0,2694.2,1767.67,0.05
I007956_1,O007956,P097,2,0,538.39,385.34,0.0
I007956_2,O007956,P114,1,0,1067.59,699.07,0.0
I007957_1,O007957,P087,1,0,1854.86,1487.18,0.05
I007957_2,O007957,P092,1,0,2423.59,1883.6,0.0
I007958_1,O007958,P083,1,0,930.4,674.18,0.1
I007959_1,O007959,P039,1,0,3126.77,1842.48,0.0
I007959_2,O007959,P001,2,0,718.0,503.11,0.1
I007960_1,O007960,P055,1,0,1888.42,1250.56,0.05
I007960_2,O007960,P037,1,0,743.34,604.48,0.1
I007961_1,O007961,P062,1,0,1111.93,934.97,0.0
I007962_1,O007962,P098,1,0,331.92,210.13,0.2
I007963_1,O007963,P034,1,0,662.82,551.76,0.0
I007964_1,O007964,P106,1,0,2791.62,2402.81,0.0
I007965_1,O007965,P019,1,0,2399.31,1463.41,0.0
I007965_2,O007965,P030,1,0,2502.47,1879.56,0.0
I007966_1,O007966,P003,1,0,661.15,593.8,0.0
I007966_2,O007966,P004,1,0,3171.35,2449.64,0.05
I007967_1,O007967,P079,1,0,2258.52,1780.27,0.0
I007967_2,O007967,P117,1,0,1510.75,1301.63,0.1
I007968_1,O007968,P073,1,0,2978.92,2517.93,0.1
I007968_2,O007968,P049,1,0,2561.4,1767.67,0.0
I007969_1,O007969,P068,1,0,3496.75,1829.36,0.1
I007969_2,O007969,P074,2,0,2726.82,2093.66,0.1
I007969_3,O007969,P069,2,0,2859.93,2596.65,0.0
I007970_1,O007970,P053,2,0,2870.23,2330.08,0.2
I007970_2,O007970,P084,2,0,1158.09,785.13,0.0
I007971_1,O007971,P001,1,0,728.79,503.11,0.1
I007971_2,O007971,P044,1,0,2080.49,1529.57,0.05
I007971_3,O007971,P110,1,0,593.81,387.41,0.1
I007972_1,O007972,P081,2,0,3262.21,2035.71,0.0
I007972_2,O007972,P020,1,0,3655.57,2726.34,0.1
I007973_1,O007973,P019,1,0,2433.66,1463.41,0.0
I007973_2,O007973,P032,2,0,807.14,692.6,0.05
I007974_1,O007974,P016,3,0,2797.23,2126.82,0.1
I007974_2,O007974,P101,1,0,434.36,290.92,0.05
I007975_1,O007975,P111,2,0,1072.18,738.87,0.0
I007975_2,O007975,P080,1,0,884.08,706.47,0.0
I007976_1,O007976,P106,2,0,2623.04,2402.81,0.1
I007977_1,O007977,P097,1,0,526.78,385.34,0.0
I007978_1,O007978,P088,2,0,298.38,167.15,0.0
I007979_1,O007979,P081,1,0,3119.64,2035.71,0.1
I007979_2,O007979,P079,1,0,2356.2,1780.27,0.2
I007979_3,O007979,P016,1,1,2809.23,2126.82,0.0
I007980_1,O007980,P109,1,0,2428.47,1696.43,0.0
I007981_1,O007981,P097,2,0,560.78,385.34,0.0
I007981_2,O007981,P074,2,0,2602.85,2093.66,0.05
I007981_3,O007981,P104,1,0,799.56,640.45,0.0
I007982_1,O007982,P018,1,0,3002.27,1861.03,0.2
I007983_1,O007983,P032,1,0,809.86,692.6,0.0
I007984_1,O007984,P038,1,0,2365.87,1939.6,0.2
I007984_2,O007984,P046,2,0,229.32,119.22,0.05
I007985_1,O007985,P083,1,0,871.67,674.18,0.0
I007986_1,O007986,P081,1,0,2931.31,2035.71,0.1
I007986_2,O007986,P084,1,0,1136.73,785.13,0.05
I007986_3,O007986,P031,2,1,289.4,221.16,0.0
I007987_1,O007987,P048,1,0,2388.51,2064.58,0.1
I007987_2,O007987,P069,2,0,3045.15,2596.65,0.2
I007988_1,O007988,P029,1,0,3074.88,2642.14,0.0
I007989_1,O007989,P031,1,0,307.59,221.16,0.1
I007990_1,O007990,P104,3,0,849.0,640.45,0.05
I007991_1,O007991,P057,1,0,2664.87,1751.13,0.05
I007992_1,O007992,P011,1,0,662.93,470.48,0.05
I007993_1,O007993,P046,2,2,227.05,119.22,0.0
I007993_2,O007993,P101,1,1,438.24,290.92,0.3
I007993_3,O007993,P012,1,0,3791.51,2599.93,0.1
I007994_1,O007994,P064,1,0,252.42,140.8,0.05
I007995_1,O007995,P081,1,0,2979.18,2035.71,0.0
I007996_1,O007996,P020,1,0,3343.96,2726.34,0.1
I007996_2,O007996,P101,1,0,407.82,290.92,0.1
I007997_1,O007997,P073,1,0,2985.82,2517.93,0.05
I007998_1,O007998,P011,1,0,635.24,470.48,0.0
I007999_1,O007999,P079,1,0,2307.38,1780.27,0.1
I008000_1,O008000,P002,1,0,2628.93,2136.38,0.05
I008001_1,O008001,P030,2,0,2762.36,1879.56,0.0
I008001_2,O008001,P028,1,1,1575.04,1251.02,0.0
I008002_1,O008002,P034,1,0,701.16,551.76,0.0
I008003_1,O008003,P001,1,0,757.2,503.11,0.05
I008004_1,O008004,P069,2,0,3029.58,2596.65,0.0
I008004_2,O008004,P043,1,1,2722.07,2155.97,0.0
I008004_3,O008004,P026,1,0,3089.96,2746.76,0.05
I008005_1,O008005,P025,1,0,750.3,526.03,0.05
I008006_1,O008006,P020,1,0,3280.68,2726.34,0.0
I008007_1,O008007,P017,1,0,1887.15,1079.58,0.0
I008007_2,O008007,P079,3,0,2359.39,1780.27,0.0
I008007_3,O008007,P055,1,0,1750.89,1250.56,0.0
I008008_1,O008008,P059,1,0,2610.39,2284.02,0.05
I008009_1,O008009,P097,1,0,524.03,385.34,0.0
I008009_2,O008009,P105,1,0,1305.4,1048.44,0.2
I008010_1,O008010,P092,1,0,2654.31,1883.6,0.05
I008011_1,O008011,P072,1,0,1639.57,1369.26,0.2
I008012_1,O008012,P115,1,0,2447.67,1821.73,0.05
I008012_2,O008012,P069,1,0,3142.76,2596.65,0.0
I008013_1,O008013,P077,1,0,3026.38,2738.96,0.05
I008013_2,O008013,P104,1,0,775.23,640.45,0.1
I008013_3,O008013,P083,2,0,981.23,674.18,0.1
I008014_1,O008014,P004,1,0,3091.14,2449.64,0.0
I008015_1,O008015,P021,1,0,2884.72,2007.08,0.0
I008016_1,O008016,P070,1,0,3452.22,2889.93,0.1
I008017_1,O008017,P119,1,0,641.32,550.1,0.0
I008017_2,O008017,P008,1,1,3271.82,2190.37,0.1
I008018_1,O008018,P039,1,0,2848.07,1842.48,0.05
I008019_1,O008019,P072,1,0,1752.46,1369.26,0.0
I008020_1,O008020,P074,2,0,2512.25,2093.66,0.0
I008021_1,O008021,P016,2,0,2696.88,2126.82,0.0
I008022_1,O008022,P109,1,0,2473.45,1696.43,0.0
I008023_1,O008023,P017,1,0,1950.8,1079.58,0.0
I008024_1,O008024,P076,1,0,2513.1,1928.31,0.2
I008025_1,O008025,P027,1,0,2310.33,1900.67,0.0
I008025_2,O008025,P076,1,0,2712.08,1928.31,0.1
I008026_1,O008026,P098,1,0,362.05,210.13,0.0
I008026_2,O008026,P116,1,0,2735.36,2344.15,0.0
I008027_1,O008027,P019,1,0,2612.28,1463.41,0.1
I008028_1,O008028,P046,1,0,204.73,119.22,0.3
I008028_2,O008028,P037,1,0,827.7,604.48,0.0
I008029_1,O008029,P071,2,0,1878.82,1171.43,0.05
I008030_1,O008030,P002,1,0,2756.74,2136.38,0.0
I008030_2,O008030,P044,1,0,2220.46,1529.57,0.0
I008031_1,O008031,P072,3,0,1876.65,1369.26,0.0
I008031_2,O008031,P097,1,1,501.77,385.34,0.2
I008031_3,O008031,P014,1,0,1427.89,956.53,0.0
I008032_1,O008032,P114,1,0,1037.43,699.07,0.0
I008033_1,O008033,P019,1,0,2484.74,1463.41,0.0
I008034_1,O008034,P013,1,0,1773.24,1078.11,0.2
I008035_1,O008035,P058,1,0,1114.99,974.82,0.0
I008036_1,O008036,P020,1,0,3676.06,2726.34,0.05
I008037_1,O008037,P002,2,0,2758.77,2136.38,0.1
I008038_1,O008038,P021,1,0,3284.72,2007.08,0.1
I008038_2,O008038,P106,1,0,2678.31,2402.81,0.1
I008039_1,O008039,P065,1,0,2598.74,1840.19,0.0
I008040_1,O008040,P045,1,0,1682.45,1393.5,0.0
I008040_2,O008040,P015,2,0,1916.06,1639.7,0.0
I008040_3,O008040,P046,1,0,222.87,119.22,0.05
I008041_1,O008041,P034,1,0,655.23,551.76,0.0
I008042_1,O008042,P064,1,0,261.53,140.8,0.05
I008043_1,O008043,P118,1,0,1228.46,778.87,0.05
I008043_2,O008043,P031,1,0,292.32,221.16,0.0
I008044_1,O008044,P077,1,0,3282.21,2738.96,0.05
I008045_1,O008045,P087,1,0,2029.02,1487.18,0.05
I008046_1,O008046,P024,3,1,3114.91,2312.84,0.05
I008047_1,O008047,P070,1,0,3778.96,2889.93,0.0
I008048_1,O008048,P024,2,0,3268.17,2312.84,0.2
I008049_1,O008049,P074,1,0,2689.36,2093.66,0.1
I008050_1,O008050,P005,3,0,2425.93,1891.99,0.0
I008051_1,O008051,P099,1,0,1071.47,579.06,0.0
I008052_1,O008052,P022,1,0,2017.51,1361.4,0.0
I008053_1,O008053,P070,1,0,3672.12,2889.93,0.0
I008054_1,O008054,P070,2,0,3675.65,2889.93,0.0
I008055_1,O008055,P052,2,0,2577.78,2232.75,0.1
I008055_2,O008055,P011,1,0,630.78,470.48,0.0
I008056_1,O008056,P060,2,2,3326.1,2190.75,0.05
I008056_2,O008056,P067,2,0,1195.28,736.87,0.05
I008056_3,O008056,P043,1,0,2636.88,2155.97,0.05
I008057_1,O008057,P059,1,0,2490.38,2284.02,0.05
I008058_1,O008058,P025,3,0,720.25,526.03,0.05
I008059_1,O008059,P021,1,0,2977.91,2007.08,0.0
I008060_1,O008060,P050,1,0,1108.93,748.37,0.05
I008060_2,O008060,P053,1,0,2930.37,2330.08,0.0
I008060_3,O008060,P107,2,0,924.17,517.21,0.1
I008061_1,O008061,P061,1,0,2560.31,1810.66,0.0
I008062_1,O008062,P097,1,0,537.81,385.34,0.0
I008062_2,O008062,P016,2,0,2874.95,2126.82,0.0
I008063_1,O008063,P066,1,0,619.52,449.79,0.1
I008064_1,O008064,P015,1,1,2015.95,1639.7,0.2
I008064_2,O008064,P050,1,0,1139.71,748.37,0.0
I008065_1,O008065,P067,1,0,1140.27,736.87,0.0
I008066_1,O008066,P120,1,0,3551.31,2258.38,0.0
I008066_2,O008066,P091,1,0,808.32,567.3,0.3
I008067_1,O008067,P036,1,0,2700.98,2239.64,0.2
I008068_1,O008068,P080,1,0,909.9,706.47,0.05
I008069_1,O008069,P115,1,0,2732.36,1821.73,0.0
I008069_2,O008069,P117,1,0,1502.29,1301.63,0.2
I008069_3,O008069,P056,2,0,673.39,467.73,0.1
I008070_1,O008070,P017,3,0,1806.9,1079.58,0.2
I008071_1,O008071,P077,1,0,3308.13,2738.96,0.2
I008071_2,O008071,P048,2,0,2421.63,2064.58,0.0
I008072_1,O008072,P006,1,0,3144.23,2483.13,0.0
I008072_2,O008072,P051,1,0,2557.43,1856.67,0.3
I008073_1,O008073,P065,1,0,2300.7,1840.19,0.05
I008073_2,O008073,P052,1,0,2688.27,2232.75,0.1
I008074_1,O008074,P097,2,0,492.62,385.34,0.0
I008075_1,O008075,P115,1,0,2540.51,1821.73,0.2
I008076_1,O008076,P083,1,0,924.31,674.18,0.05
I008077_1,O008077,P008,1,0,3100.12,2190.37,0.0
I008078_1,O008078,P014,1,0,1417.96,956.53,0.3
I008078_2,O008078,P073,1,0,3062.76,2517.93,0.1
I008078_3,O008078,P070,1,0,3784.74,2889.93,0.0
I008079_1,O008079,P075,3,0,875.91,632.05,0.05
I008079_2,O008079,P050,1,0,1163.06,748.37,0.0
I008080_1,O008080,P113,1,0,2385.69,1457.19,0.0
I008081_1,O008081,P019,2,0,2630.14,1463.41,0.1
I008082_1,O008082,P075,1,0,846.88,632.05,0.0
I008083_1,O008083,P006,1,0,3052.46,2483.13,0.1
I008084_1,O008084,P066,1,0,584.02,449.79,0.2
I008085_1,O008085,P102,1,0,3540.47,2068.63,0.05
I008085_2,O008085,P100,1,0,2906.13,2560.83,0.2
I008086_1,O008086,P079,1,0,2130.78,1780.27,0.0
I008087_1,O008087,P015,1,0,1917.61,1639.7,0.0
I008087_2,O008087,P037,1,0,738.49,604.48,0.0
I008088_1,O008088,P095,2,0,3232.95,2194.24,0.2
I008089_1,O008089,P045,1,0,1774.83,1393.5,0.05
I008089_2,O008089,P073,2,0,3110.34,2517.93,0.2
I008090_1,O008090,P077,1,0,3096.99,2738.96,0.0
I008090_2,O008090,P042,1,0,3501.41,2480.29,0.0
I008091_1,O008091,P019,2,0,2512.75,1463.41,0.1
I008091_2,O008091,P058,1,0,1129.47,974.82,0.0
I008091_3,O008091,P079,1,0,2265.22,1780.27,0.0
I008092_1,O008092,P102,1,0,3214.99,2068.63,0.2
I008092_2,O008092,P096,1,0,2994.27,1989.35,0.05
I008092_3,O008092,P020,1,0,3614.47,2726.34,0.05
I008093_1,O008093,P028,1,0,1559.95,1251.02,0.0
I008093_2,O008093,P099,1,0,1007.58,579.06,0.2
I008093_3,O008093,P096,1,0,2984.0,1989.35,0.0
I008094_1,O008094,P011,1,0,690.76,470.48,0.0
I008094_2,O008094,P006,2,0,2788.56,2483.13,0.0
I008095_1,O008095,P011,1,0,655.99,470.48,0.0
I008095_2,O008095,P032,1,0,852.44,692.6,0.05
I008096_1,O008096,P046,2,0,229.45,119.22,0.0
I008096_2,O008096,P004,1,0,3388.85,2449.64,0.05
I008096_3,O008096,P104,1,0,850.31,640.45,0.1
I008097_1,O008097,P066,2,0,628.61,449.79,0.05
I008097_2,O008097,P045,3,0,1581.49,1393.5,0.1
I008098_1,O008098,P118,1,0,1343.47,778.87,0.0
I008099_1,O008099,P102,1,1,3643.26,2068.63,0.2
I008100_1,O008100,P024,1,0,3318.88,2312.84,0.2
I008101_1,O008101,P079,1,0,2225.38,1780.27,0.0
I008102_1,O008102,P072,2,0,1846.26,1369.26,0.1
I008102_2,O008102,P117,1,0,1624.1,1301.63,0.0
I008103_1,O008103,P049,1,0,2531.57,1767.67,0.0
I008103_2,O008103,P097,1,0,533.17,385.34,0.2
I008104_1,O008104,P019,1,0,2659.95,1463.41,0.0
I008104_2,O008104,P078,1,0,2759.47,1751.62,0.0
I008104_3,O008104,P084,1,0,1101.88,785.13,0.0
I008105_1,O008105,P003,1,0,719.09,593.8,0.05
I008106_1,O008106,P046,2,1,212.14,119.22,0.1
I008107_1,O008107,P092,1,0,2588.97,1883.6,0.0
I008108_1,O008108,P107,2,0,883.15,517.21,0.1
I008109_1,O008109,P072,1,0,1670.77,1369.26,0.05
I008109_2,O008109,P064,1,0,258.92,140.8,0.1
I008110_1,O008110,P112,3,0,1588.5,1059.45,0.3
I008111_1,O008111,P034,1,0,726.09,551.76,0.05
I008112_1,O008112,P084,1,0,1173.73,785.13,0.0
I008112_2,O008112,P104,2,0,772.92,640.45,0.1
I008113_1,O008113,P113,1,0,2424.9,1457.19,0.05
I008114_1,O008114,P094,1,0,2889.59,1716.82,0.2
I008115_1,O008115,P033,2,0,2740.28,2420.38,0.2
I008116_1,O008116,P021,2,0,3117.54,2007.08,0.1
I008116_2,O008116,P008,2,2,3096.99,2190.37,0.0
I008116_3,O008116,P017,1,0,1783.02,1079.58,0.0
I008117_1,O008117,P064,2,0,253.95,140.8,0.05
I008117_2,O008117,P085,1,0,719.32,482.52,0.0
I008118_1,O008118,P120,2,0,3341.44,2258.38,0.1
I008118_2,O008118,P119,2,0,646.84,550.1,0.05
I008119_1,O008119,P091,1,1,781.33,567.3,0.05
I008120_1,O008120,P073,1,0,3022.28,2517.93,0.2
I008120_2,O008120,P108,1,0,1042.89,757.54,0.2
I008121_1,O008121,P083,1,0,981.41,674.18,0.3
I008122_1,O008122,P074,1,0,2839.55,2093.66,0.0
I008123_1,O008123,P101,1,0,416.46,290.92,0.0
I008124_1,O008124,P001,1,0,807.64,503.11,0.1
I008124_2,O008124,P059,1,0,2474.38,2284.02,0.1
I008125_1,O008125,P120,1,0,3234.03,2258.38,0.1
I008125_2,O008125,P115,1,0,2535.55,1821.73,0.3
I008126_1,O008126,P032,2,0,780.57,692.6,0.0
I008126_2,O008126,P015,1,1,1988.12,1639.7,0.1
I008127_1,O008127,P051,1,0,2739.62,1856.67,0.0
I008128_1,O008128,P026,1,0,3208.9,2746.76,0.1
I008128_2,O008128,P055,1,0,1671.59,1250.56,0.0
I008128_3,O008128,P032,1,0,821.84,692.6,0.0
I008129_1,O008129,P118,1,1,1231.82,778.87,0.0
I008130_1,O008130,P108,1,1,1066.09,757.54,0.2
I008130_2,O008130,P011,1,0,681.77,470.48,0.1
I008131_1,O008131,P076,2,0,2538.82,1928.31,0.05
I008131_2,O008131,P062,1,0,1080.17,934.97,0.3
I008132_1,O008132,P024,1,0,3118.73,2312.84,0.05
I008133_1,O008133,P118,1,0,1231.16,778.87,0.0
I008134_1,O008134,P036,1,0,2626.61,2239.64,0.1
I008134_2,O008134,P051,1,0,2594.64,1856.67,0.1
I008135_1,O008135,P026,1,0,3258.83,2746.76,0.0
I008135_2,O008135,P035,1,0,2289.23,1657.14,0.2
I008135_3,O008135,P053,1,0,2941.29,2330.08,0.0
I008136_1,O008136,P119,3,0,682.38,550.1,0.0
I008136_2,O008136,P036,1,1,2565.93,2239.64,0.0
I008137_1,O008137,P013,1,0,1829.74,1078.11,0.0
I008138_1,O008138,P009,2,0,180.44,142.71,0.05
I008139_1,O008139,P074,1,0,2598.61,2093.66,0.0
I008140_1,O008140,P073,2,0,2911.99,2517.93,0.0
I008141_1,O008141,P007,1,0,2820.38,2152.99,0.1
I008141_2,O008141,P089,1,0,2643.92,1691.26,0.0
I008142_1,O008142,P012,1,0,3453.95,2599.93,0.1
I008143_1,O008143,P088,1,0,304.43,167.15,0.2
I008143_2,O008143,P108,1,0,1109.56,757.54,0.0
I008144_1,O008144,P092,1,0,2555.19,1883.6,0.05
I008144_2,O008144,P077,2,0,3039.68,2738.96,0.05
I008145_1,O008145,P068,1,0,3545.28,1829.36,0.0
I008146_1,O008146,P055,2,0,1656.2,1250.56,0.05
I008146_2,O008146,P078,1,0,2736.24,1751.62,0.0
I008147_1,O008147,P107,1,0,856.39,517.21,0.1
I008147_2,O008147,P078,1,0,2896.87,1751.62,0.05
I008147_3,O008147,P064,1,0,244.58,140.8,0.1
I008148_1,O008148,P037,1,0,838.45,604.48,0.1
I008148_2,O008148,P026,1,0,3249.19,2746.76,0.05
I008149_1,O008149,P018,1,0,2934.03,1861.03,0.05
I008150_1,O008150,P066,1,0,590.93,449.79,0.0
I008151_1,O008151,P078,2,0,2596.05,1751.62,0.0
I008152_1,O008152,P008,1,0,2984.74,2190.37,0.05
I008152_2,O008152,P006,1,0,2976.06,2483.13,0.1
I008153_1,O008153,P002,1,0,2644.97,2136.38,0.1
I008153_2,O008153,P106,1,0,2607.31,2402.81,0.05
I008154_1,O008154,P105,2,0,1210.81,1048.44,0.0
I008155_1,O008155,P072,1,0,1792.63,1369.26,0.2
I008156_1,O008156,P043,2,0,2621.76,2155.97,0.05
I008156_2,O008156,P101,1,0,408.06,290.92,0.0
I008157_1,O008157,P053,1,0,3171.54,2330.08,0.0
I008157_2,O008157,P113,2,0,2356.08,1457.19,0.0
I008158_1,O008158,P090,1,0,1688.2,1197.25,0.1
I008158_2,O008158,P102,1,0,3525.33,2068.63,0.2
I008159_1,O008159,P107,1,0,865.89,517.21,0.0
I008159_2,O008159,P030,1,0,2673.94,1879.56,0.2
I008160_1,O008160,P055,1,0,1810.86,1250.56,0.05
I008160_2,O008160,P063,1,0,2300.97,1328.53,0.0
I008161_1,O008161,P035,1,0,2184.57,1657.14,0.3
I008161_2,O008161,P048,1,0,2643.1,2064.58,0.05
I008161_3,O008161,P118,1,0,1177.12,778.87,0.2
I008162_1,O008162,P100,1,0,2954.53,2560.83,0.05
I008162_2,O008162,P065,1,0,2411.86,1840.19,0.2
I008162_3,O008162,P002,1,0,2614.68,2136.38,0.0
I008163_1,O008163,P089,1,0,2607.64,1691.26,0.05
I008164_1,O008164,P040,1,0,2258.2,1719.58,0.0
I008164_2,O008164,P022,1,0,2040.6,1361.4,0.0
I008165_1,O008165,P034,1,0,698.17,551.76,0.1
I008166_1,O008166,P115,1,0,2759.23,1821.73,0.0
I008167_1,O008167,P058,1,0,1118.62,974.82,0.0
I008168_1,O008168,P062,2,0,1217.69,934.97,0.1
I008169_1,O008169,P024,1,0,3099.58,2312.84,0.2
I008169_2,O008169,P053,1,1,2828.02,2330.08,0.0
I008169_3,O008169,P063,1,0,2190.96,1328.53,0.2
I008170_1,O008170,P023,2,0,2202.42,1316.59,0.05
I008171_1,O008171,P007,1,0,2568.44,2152.99,0.0
I008171_2,O008171,P074,1,0,2474.91,2093.66,0.0
I008172_1,O008172,P112,1,0,1604.75,1059.45,0.1
I008173_1,O008173,P053,1,0,3160.34,2330.08,0.1
I008174_1,O008174,P085,2,0,734.89,482.52,0.0
I008175_1,O008175,P116,1,0,2979.01,2344.15,0.05
I008176_1,O008176,P013,1,0,1881.81,1078.11,0.0
I008176_2,O008176,P057,1,0,2887.94,1751.13,0.0
I008176_3,O008176,P038,1,0,2508.0,1939.6,0.0
I008177_1,O008177,P045,1,0,1589.47,1393.5,0.3
I008177_2,O008177,P096,1,0,2997.1,1989.35,0.0
I008177_3,O008177,P008,1,0,3087.65,2190.37,0.0
I008178_1,O008178,P116,1,0,2894.64,2344.15,0.1
I008178_2,O008178,P073,1,0,3208.67,2517.93,0.05
I008179_1,O008179,P116,1,0,2823.31,2344.15,0.0
I008179_2,O008179,P065,1,0,2340.51,1840.19,0.1
I008179_3,O008179,P082,1,0,2186.29,1528.85,0.0
I008180_1,O008180,P045,2,0,1618.22,1393.5,0.0
I008180_2,O008180,P101,1,0,434.23,290.92,0.0
I008181_1,O008181,P029,1,0,2855.25,2642.14,0.2
I008181_2,O008181,P014,1,0,1510.44,956.53,0.0
I008182_1,O008182,P055,1,0,1808.42,1250.56,0.1
I008182_2,O008182,P052,2,0,2722.81,2232.75,0.2
I008183_1,O008183,P024,1,0,3044.22,2312.84,0.05
I008184_1,O008184,P055,1,0,1892.1,1250.56,0.0
I008185_1,O008185,P098,1,0,357.6,210.13,0.0
I008186_1,O008186,P031,2,0,288.32,221.16,0.2
I008187_1,O008187,P097,1,0,528.71,385.34,0.05
I008187_2,O008187,P118,2,0,1256.73,778.87,0.1
I008188_1,O008188,P046,1,0,213.8,119.22,0.0
I008189_1,O008189,P105,1,0,1230.34,1048.44,0.2
I008189_2,O008189,P016,1,0,2705.4,2126.82,0.05
I008189_3,O008189,P010,1,0,778.72,468.72,0.2
I008190_1,O008190,P036,2,0,2630.27,2239.64,0.1
I008191_1,O008191,P039,3,0,3009.4,1842.48,0.0
I008191_2,O008191,P068,1,0,3296.1,1829.36,0.0
I008192_1,O008192,P118,1,0,1273.2,778.87,0.05
I008193_1,O008193,P036,1,0,2659.25,2239.64,0.0
I008194_1,O008194,P051,2,0,2481.13,1856.67,0.0
I008195_1,O008195,P010,1,0,759.79,468.72,0.0
I008196_1,O008196,P071,2,0,2010.83,1171.43,0.0
I008197_1,O008197,P040,1,0,2252.52,1719.58,0.05
I008197_2,O008197,P075,2,0,800.56,632.05,0.0
I008197_3,O008197,P046,1,0,204.78,119.22,0.1
I008198_1,O008198,P075,1,0,897.34,632.05,0.3
I008199_1,O008199,P047,1,0,3274.4,2991.8,0.2
I008200_1,O008200,P038,1,0,2310.47,1939.6,0.3
I008201_1,O008201,P117,1,0,1620.12,1301.63,0.2
I008202_1,O008202,P093,1,0,1099.32,614.67,0.1
I008202_2,O008202,P036,1,0,2704.83,2239.64,0.0
I008203_1,O008203,P084,1,0,1092.55,785.13,0.2
I008204_1,O008204,P001,2,0,806.73,503.11,0.0
I008204_2,O008204,P065,1,0,2315.24,1840.19,0.05
I008205_1,O008205,P038,1,0,2330.65,1939.6,0.3
I008205_2,O008205,P037,1,0,780.12,604.48,0.2
I008206_1,O008206,P050,1,0,1163.92,748.37,0.05
I008207_1,O008207,P059,2,1,2453.55,2284.02,0.0
I008208_1,O008208,P062,1,1,1114.41,934.97,0.0
I008208_2,O008208,P031,1,0,280.74,221.16,0.05
I008209_1,O008209,P058,1,0,1132.56,974.82,0.05
I008209_2,O008209,P080,1,1,847.43,706.47,0.1
I008210_1,O008210,P008,1,0,3023.2,2190.37,0.3
I008210_2,O008210,P063,1,0,2314.45,1328.53,0.0
I008210_3,O008210,P006,2,0,3065.19,2483.13,0.1
I008211_1,O008211,P103,2,0,3527.65,3087.95,0.0
I008212_1,O008212,P053,1,0,2858.31,2330.08,0.0
I008212_2,O008212,P050,1,0,1222.83,748.37,0.05
I008213_1,O008213,P084,1,0,1153.5,785.13,0.0
I008213_2,O008213,P024,1,0,3238.49,2312.84,0.05
I008214_1,O008214,P023,1,0,2351.52,1316.59,0.2
I008215_1,O008215,P041,1,0,1816.67,1272.83,0.2
I008215_2,O008215,P080,1,0,912.44,706.47,0.1
I008216_1,O008216,P082,1,0,2287.5,1528.85,0.0
I008217_1,O008217,P058,3,0,1161.04,974.82,0.1
I008218_1,O008218,P094,2,0,2844.55,1716.82,0.2
I008218_2,O008218,P034,1,0,672.01,551.76,0.0
I008219_1,O008219,P108,1,0,1186.19,757.54,0.05
I008219_2,O008219,P114,1,0,1069.05,699.07,0.0
I008220_1,O008220,P070,1,1,3604.2,2889.93,0.1
I008220_2,O008220,P090,1,0,1707.48,1197.25,0.1
I008221_1,O008221,P061,1,0,2676.63,1810.66,0.0
I008222_1,O008222,P114,1,0,1018.38,699.07,0.0
I008222_2,O008222,P052,1,0,2844.38,2232.75,0.05
I008223_1,O008223,P119,1,0,618.39,550.1,0.0
I008224_1,O008224,P095,1,0,3469.06,2194.24,0.2
I008224_2,O008224,P086,3,0,541.15,301.67,0.05
I008225_1,O008225,P100,1,0,3032.93,2560.83,0.1
I008226_1,O008226,P088,2,0,298.25,167.15,0.0
I008227_1,O008227,P015,2,0,1874.69,1639.7,0.0
I008227_2,O008227,P039,1,0,2932.28,1842.48,0.1
I008228_1,O008228,P095,1,0,3362.0,2194.24,0.1
I008228_2,O008228,P101,1,0,430.89,290.92,0.1
I008229_1,O008229,P109,1,0,2370.98,1696.43,0.2
I008229_2,O008229,P014,1,0,1427.52,956.53,0.05
I008230_1,O008230,P042,1,0,3690.2,2480.29,0.3
I008231_1,O008231,P020,1,0,3313.31,2726.34,0.0
I008231_2,O008231,P029,1,0,3027.54,2642.14,0.1
I008232_1,O008232,P030,1,0,2481.43,1879.56,0.1
I008232_2,O008232,P016,1,0,2666.74,2126.82,0.1
I008233_1,O008233,P107,2,0,889.17,517.21,0.0
I008234_1,O008234,P096,1,0,3317.03,1989.35,0.1
I008234_2,O008234,P075,2,0,840.4,632.05,0.0
I008235_1,O008235,P004,1,0,3195.46,2449.64,0.0
I008236_1,O008236,P096,1,0,3188.73,1989.35,0.0
I008236_2,O008236,P100,1,0,2967.84,2560.83,0.1
I008237_1,O008237,P067,1,0,1117.35,736.87,0.05
I008237_2,O008237,P118,1,0,1254.31,778.87,0.0
I008238_1,O008238,P033,2,0,2653.72,2420.38,0.0
I008238_2,O008238,P112,1,0,1437.81,1059.45,0.05
I008239_1,O008239,P075,1,0,870.76,632.05,0.1
I008240_1,O008240,P094,1,0,2820.12,1716.82,0.05
I008241_1,O008241,P028,1,0,1466.14,1251.02,0.1
I008241_2,O008241,P063,1,0,2169.33,1328.53,0.1
I008242_1,O008242,P104,1,0,816.13,640.45,0.0
I008243_1,O008243,P031,1,0,291.22,221.16,0.3
I008243_2,O008243,P082,1,0,2262.25,1528.85,0.05
I008244_1,O008244,P120,1,0,3537.77,2258.38,0.3
I008245_1,O008245,P116,1,0,2791.77,2344.15,0.1
I008246_1,O008246,P044,2,0,2281.36,1529.57,0.1
I008246_2,O008246,P110,1,0,549.02,387.41,0.05
I008247_1,O008247,P110,2,0,595.68,387.41,0.05
I008247_2,O008247,P097,1,0,523.17,385.34,0.2
I008248_1,O008248,P077,1,0,3316.23,2738.96,0.2
I008248_2,O008248,P027,1,0,2270.3,1900.67,0.1
I008249_1,O008249,P026,1,0,3292.84,2746.76,0.2
I008249_2,O008249,P031,1,0,299.59,221.16,0.0
I008249_3,O008249,P063,1,0,2317.45,1328.53,0.05
I008250_1,O008250,P094,1,0,2911.18,1716.82,0.2
I008251_1,O008251,P067,2,0,1187.52,736.87,0.2
I008252_1,O008252,P050,1,0,1229.93,748.37,0.0
I008252_2,O008252,P091,1,0,757.49,567.3,0.3
I008253_1,O008253,P062,1,0,1200.95,934.97,0.05
I008253_2,O008253,P102,1,1,3408.39,2068.63,0.2
I008254_1,O008254,P109,1,0,2200.9,1696.43,0.0
I008255_1,O008255,P004,1,0,3324.64,2449.64,0.0
I008256_1,O008256,P042,2,0,3289.96,2480.29,0.1
I008256_2,O008256,P107,2,0,815.33,517.21,0.0
I008257_1,O008257,P047,3,0,3723.82,2991.8,0.0
I008258_1,O008258,P077,1,0,3407.08,2738.96,0.1
I008259_1,O008259,P050,1,0,1266.2,748.37,0.0
I008260_1,O008260,P059,1,0,2482.96,2284.02,0.1
I008261_1,O008261,P110,2,1,534.57,387.41,0.0
I008261_2,O008261,P096,1,1,3139.09,1989.35,0.1
I008262_1,O008262,P031,1,0,292.95,221.16,0.0
I008263_1,O008263,P017,1,0,1863.78,1079.58,0.05
I008263_2,O008263,P004,1,0,3370.25,2449.64,0.0
I008264_1,O008264,P066,1,0,607.38,449.79,0.0
I008265_1,O008265,P064,1,0,242.79,140.8,0.1
I008265_2,O008265,P069,1,0,2912.39,2596.65,0.2
I008266_1,O008266,P036,1,0,2791.29,2239.64,0.1
I008266_2,O008266,P077,1,0,3166.72,2738.96,0.0
I008267_1,O008267,P117,2,0,1617.41,1301.63,0.0
I008268_1,O008268,P111,1,0,1164.17,738.87,0.05
I008268_2,O008268,P011,1,0,626.83,470.48,0.1
I008269_1,O008269,P062,1,0,1118.43,934.97,0.0
I008269_2,O008269,P098,1,0,368.31,210.13,0.2
I008270_1,O008270,P057,1,0,2911.56,1751.13,0.0
I008270_2,O008270,P020,1,0,3322.93,2726.34,0.0
I008271_1,O008271,P057,1,0,2775.18,1751.13,0.2
I008271_2,O008271,P016,1,1,2914.25,2126.82,0.1
I008271_3,O008271,P046,1,0,220.91,119.22,0.0
I008272_1,O008272,P057,1,0,2607.69,1751.13,0.05
I008273_1,O008273,P061,1,1,2649.45,1810.66,0.0
I008273_2,O008273,P026,2,0,3295.71,2746.76,0.3
I008273_3,O008273,P112,1,0,1608.43,1059.45,0.0
I008274_1,O008274,P077,1,0,3076.71,2738.96,0.0
I008275_1,O008275,P066,1,0,601.26,449.79,0.0
I008276_1,O008276,P007,1,0,2755.48,2152.99,0.2
I008276_2,O008276,P036,1,0,2561.09,2239.64,0.05
I008277_1,O008277,P093,1,0,1032.21,614.67,0.05
I008278_1,O008278,P047,1,0,3638.77,2991.8,0.05
I008278_2,O008278,P094,1,0,2730.06,1716.82,0.05
I008279_1,O008279,P022,1,0,2127.31,1361.4,0.0
I008280_1,O008280,P003,1,0,699.77,593.8,0.05
I008280_2,O008280,P112,1,0,1478.55,1059.45,0.05
I008281_1,O008281,P064,1,0,258.25,140.8,0.1
I008282_1,O008282,P080,1,0,809.94,706.47,0.05
I008282_2,O008282,P104,1,0,889.57,640.45,0.05
I008283_1,O008283,P041,1,0,1705.08,1272.83,0.0
I008284_1,O008284,P101,1,0,437.37,290.92,0.0
I008285_1,O008285,P083,1,0,911.16,674.18,0.05
I008285_2,O008285,P047,1,0,3329.43,2991.8,0.05
I008285_3,O008285,P015,1,0,2024.09,1639.7,0.2
I008286_1,O008286,P067,1,0,1224.37,736.87,0.0
I008286_2,O008286,P048,1,0,2566.69,2064.58,0.05
I008287_1,O008287,P072,1,0,1840.63,1369.26,0.05
I008288_1,O008288,P099,2,0,985.9,579.06,0.05
I008288_2,O008288,P090,2,0,1818.97,1197.25,0.05
I008288_3,O008288,P032,1,0,869.4,692.6,0.0
I008289_1,O008289,P087,1,0,1810.55,1487.18,0.05
I008290_1,O008290,P113,1,0,2284.16,1457.19,0.1
I008290_2,O008290,P079,1,0,2394.46,1780.27,0.05
I008291_1,O008291,P025,1,1,733.59,526.03,0.0
I008292_1,O008292,P025,1,0,768.73,526.03,0.0
I008293_1,O008293,P060,2,0,3401.55,2190.75,0.0
I008294_1,O008294,P038,2,0,2469.46,1939.6,0.1
I008294_2,O008294,P009,1,0,187.33,142.71,0.2
I008294_3,O008294,P003,2,0,730.74,593.8,0.0
I008295_1,O008295,P001,1,0,725.36,503.11,0.1
I008295_2,O008295,P071,2,0,2109.04,1171.43,0.1
I008296_1,O008296,P012,1,0,3453.35,2599.93,0.0
I008297_1,O008297,P019,1,0,2411.22,1463.41,0.0
I008298_1,O008298,P113,1,0,2235.97,1457.19,0.0
I008298_2,O008298,P061,1,0,2553.17,1810.66,0.05
I008298_3,O008298,P103,1,0,3463.9,3087.95,0.0
I008299_1,O008299,P095,1,0,3392.2,2194.24,0.0
I008300_1,O008300,P075,3,0,813.96,632.05,0.0
I008301_1,O008301,P096,1,0,3114.22,1989.35,0.0
I008301_2,O008301,P115,1,0,2751.35,1821.73,0.0
I008301_3,O008301,P047,1,0,3659.27,2991.8,0.05
I008302_1,O008302,P119,1,0,606.53,550.1,0.1
I008302_2,O008302,P111,1,0,1141.78,738.87,0.0
I008303_1,O008303,P014,1,0,1434.27,956.53,0.1
I008304_1,O008304,P072,1,0,1799.45,1369.26,0.05
I008305_1,O008305,P005,1,0,2321.9,1891.99,0.1
I008306_1,O008306,P027,1,0,2083.11,1900.67,0.05
I008307_1,O008307,P068,1,0,3106.32,1829.36,0.0
I008307_2,O008307,P020,1,0,3463.76,2726.34,0.05
I008308_1,O008308,P035,1,0,2452.68,1657.14,0.05
I008308_2,O008308,P049,1,0,2600.57,1767.67,0.0
I008309_1,O008309,P013,1,0,1703.92,1078.11,0.1
I008310_1,O008310,P006,1,0,2950.74,2483.13,0.0
I008310_2,O008310,P019,1,0,2598.57,1463.41,0.0
I008311_1,O008311,P112,2,0,1432.79,1059.45,0.0
I008312_1,O008312,P052,1,0,2837.74,2232.75,0.0
I008312_2,O008312,P108,1,0,1188.51,757.54,0.1
I008313_1,O008313,P091,1,0,793.84,567.3,0.0
I008314_1,O008314,P034,2,0,714.52,551.76,0.0
I008314_2,O008314,P003,2,0,719.2,593.8,0.05
I008315_1,O008315,P045,2,0,1766.24,1393.5,0.0
I008315_2,O008315,P120,2,0,3625.36,2258.38,0.0
I008315_3,O008315,P117,1,0,1492.36,1301.63,0.05
I008316_1,O008316,P042,2,0,3500.51,2480.29,0.0
I008317_1,O008317,P047,1,0,3482.33,2991.8,0.1
I008317_2,O008317,P116,1,0,2938.15,2344.15,0.05
I008318_1,O008318,P060,1,0,3689.18,2190.75,0.0
I008319_1,O008319,P020,1,0,3630.06,2726.34,0.1
I008320_1,O008320,P018,1,0,2708.22,1861.03,0.3
I008321_1,O008321,P110,1,0,577.62,387.41,0.0
I008322_1,O008322,P051,1,0,2669.84,1856.67,0.05
I008323_1,O008323,P118,1,0,1230.91,778.87,0.2
I008324_1,O008324,P093,1,0,967.16,614.67,0.0
I008324_2,O008324,P108,1,0,1103.69,757.54,0.1
I008325_1,O008325,P030,1,0,2773.02,1879.56,0.0
I008325_2,O008325,P052,2,0,2768.95,2232.75,0.1
I008326_1,O008326,P031,2,1,303.96,221.16,0.2
I008327_1,O008327,P004,2,0,3107.54,2449.64,0.05
I008328_1,O008328,P093,2,0,1046.78,614.67,0.05
I008329_1,O008329,P044,1,0,2321.25,1529.57,0.05
I008330_1,O008330,P042,1,0,3548.18,2480.29,0.3
I008330_2,O008330,P082,1,0,2351.26,1528.85,0.2
I008330_3,O008330,P062,1,0,1229.14,934.97,0.0
I008331_1,O008331,P111,1,0,1178.91,738.87,0.1
I008331_2,O008331,P059,1,0,2438.99,2284.02,0.05
I008332_1,O008332,P018,1,1,2920.74,1861.03,0.0
I008333_1,O008333,P066,1,0,558.74,449.79,0.0
I008334_1,O008334,P066,1,0,574.09,449.79,0.0
I008334_2,O008334,P039,1,0,3032.04,1842.48,0.05
I008335_1,O008335,P030,1,0,2462.79,1879.56,0.0
I008336_1,O008336,P089,1,0,2709.55,1691.26,0.0
I008337_1,O008337,P018,1,0,3103.13,1861.03,0.05
I008338_1,O008338,P077,1,0,3204.6,2738.96,0.05
I008338_2,O008338,P065,1,0,2441.56,1840.19,0.05
I008339_1,O008339,P076,1,1,2550.44,1928.31,0.1
I008339_2,O008339,P031,2,0,311.83,221.16,0.0
I008339_3,O008339,P114,1,0,1104.98,699.07,0.0
I008340_1,O008340,P039,1,0,3071.85,1842.48,0.0
I008341_1,O008341,P082,1,0,2277.48,1528.85,0.0
I008341_2,O008341,P064,1,0,232.77,140.8,0.0
I008341_3,O008341,P081,1,0,3304.22,2035.71,0.0
I008342_1,O008342,P053,1,0,2806.7,2330.08,0.2
I008342_2,O008342,P009,2,0,181.12,142.71,0.1
I008342_3,O008342,P120,1,0,3255.4,2258.38,0.05
I008343_1,O008343,P113,1,0,2399.51,1457.19,0.0
I008344_1,O008344,P039,1,0,2934.23,1842.48,0.05
I008345_1,O008345,P103,2,0,3376.72,3087.95,0.1
I008346_1,O008346,P042,1,0,3627.67,2480.29,0.05
I008346_2,O008346,P086,1,0,562.35,301.67,0.05
I008347_1,O008347,P072,2,0,1764.28,1369.26,0.0
I008347_2,O008347,P055,1,0,1678.04,1250.56,0.1
I008348_1,O008348,P081,1,0,3203.12,2035.71,0.0
I008349_1,O008349,P038,1,0,2477.73,1939.6,0.3
I008350_1,O008350,P045,1,0,1637.74,1393.5,0.0
I008351_1,O008351,P110,2,0,534.68,387.41,0.1
I008351_2,O008351,P047,1,0,3589.96,2991.8,0.0
I008352_1,O008352,P005,1,0,2467.45,1891.99,0.1
I008353_1,O008353,P055,1,0,1737.68,1250.56,0.0
I008353_2,O008353,P005,2,1,2279.24,1891.99,0.3
I008353_3,O008353,P065,1,0,2437.89,1840.19,0.0
I008354_1,O008354,P040,1,0,2163.84,1719.58,0.2
I008354_2,O008354,P120,1,0,3407.12,2258.38,0.0
I008355_1,O008355,P046,3,0,205.36,119.22,0.05
I008356_1,O008356,P024,1,0,3028.05,2312.84,0.1
I008356_2,O008356,P079,1,0,2279.43,1780.27,0.0
I008357_1,O008357,P074,1,0,2832.03,2093.66,0.0
I008357_2,O008357,P051,1,0,2776.9,1856.67,0.05
I008357_3,O008357,P088,2,0,327.91,167.15,0.05
I008358_1,O008358,P026,1,0,3287.08,2746.76,0.1
I008358_2,O008358,P120,1,0,3227.58,2258.38,0.05
I008358_3,O008358,P029,1,0,2881.91,2642.14,0.05
I008359_1,O008359,P021,1,0,3280.66,2007.08,0.0
I008360_1,O008360,P055,1,0,1906.82,1250.56,0.05
I008361_1,O008361,P016,1,0,2807.78,2126.82,0.1
I008361_2,O008361,P033,3,0,2679.31,2420.38,0.05
I008362_1,O008362,P078,1,0,2883.35,1751.62,0.1
I008363_1,O008363,P040,2,0,2065.4,1719.58,0.05
I008364_1,O008364,P055,1,0,1703.53,1250.56,0.05
I008364_2,O008364,P074,2,0,2621.99,2093.66,0.2
I008365_1,O008365,P010,1,0,723.27,468.72,0.05
I008366_1,O008366,P119,2,0,640.99,550.1,0.1
I008366_2,O008366,P076,1,0,2578.89,1928.31,0.05
I008366_3,O008366,P103,2,0,3524.14,3087.95,0.05
I008367_1,O008367,P094,1,0,2932.36,1716.82,0.0
I008368_1,O008368,P109,1,0,2392.96,1696.43,0.0
I008369_1,O008369,P007,1,0,2628.3,2152.99,0.0
I008369_2,O008369,P017,3,0,1958.95,1079.58,0.1
I008370_1,O008370,P078,1,0,2566.2,1751.62,0.1
I008371_1,O008371,P042,2,0,3410.75,2480.29,0.0
I008371_2,O008371,P026,1,0,3029.05,2746.76,0.0
I008372_1,O008372,P055,1,0,1697.63,1250.56,0.0
I008372_2,O008372,P045,1,0,1744.46,1393.5,0.2
I008373_1,O008373,P089,1,0,2612.96,1691.26,0.0
I008373_2,O008373,P055,1,0,1835.39,1250.56,0.05
I008374_1,O008374,P035,1,0,2384.11,1657.14,0.0
I008374_2,O008374,P061,1,0,2702.21,1810.66,0.1
I008375_1,O008375,P002,1,0,2872.48,2136.38,0.05
I008376_1,O008376,P034,2,0,659.69,551.76,0.0
I008376_2,O008376,P082,1,0,2336.22,1528.85,0.2
I008377_1,O008377,P101,2,0,410.42,290.92,0.0
I008377_2,O008377,P061,1,0,2844.47,1810.66,0.05
I008378_1,O008378,P005,1,0,2258.66,1891.99,0.05
I008378_2,O008378,P034,2,0,650.42,551.76,0.0
I008379_1,O008379,P028,1,0,1462.87,1251.02,0.2
I008380_1,O008380,P002,2,0,2792.59,2136.38,0.1
I008380_2,O008380,P027,2,0,2143.23,1900.67,0.1
I008381_1,O008381,P046,1,0,226.82,119.22,0.05
I008381_2,O008381,P033,1,0,2830.23,2420.38,0.1
I008382_1,O008382,P016,1,0,2870.05,2126.82,0.0
I008383_1,O008383,P090,1,0,1624.99,1197.25,0.05
I008383_2,O008383,P092,1,0,2626.71,1883.6,0.0
I008384_1,O008384,P115,1,0,2729.47,1821.73,0.0
I008385_1,O008385,P060,1,0,3231.9,2190.75,0.0
I008385_2,O008385,P061,2,0,2822.38,1810.66,0.2
I008385_3,O008385,P052,1,0,2674.6,2232.75,0.0
I008386_1,O008386,P119,1,0,599.9,550.1,0.2
I008386_2,O008386,P085,1,0,682.45,482.52,0.05
I008387_1,O008387,P002,1,0,2734.11,2136.38,0.0
I008387_2,O008387,P010,1,1,685.12,468.72,0.0
I008388_1,O008388,P102,1,0,3456.06,2068.63,0.1
I008389_1,O008389,P077,2,0,3212.69,2738.96,0.05
I008389_2,O008389,P073,3,0,3014.77,2517.93,0.2
I008390_1,O008390,P073,1,0,3052.75,2517.93,0.05
I008391_1,O008391,P043,1,0,2607.17,2155.97,0.0
I008391_2,O008391,P041,3,0,1686.49,1272.83,0.0
I008392_1,O008392,P086,1,0,507.02,301.67,0.05
I008392_2,O008392,P105,1,0,1303.09,1048.44,0.1
I008393_1,O008393,P045,1,0,1723.48,1393.5,0.0
I008393_2,O008393,P025,1,0,768.08,526.03,0.1
I008394_1,O008394,P044,1,0,2320.01,1529.57,0.0
I008394_2,O008394,P054,1,0,325.54,290.26,0.0
I008394_3,O008394,P011,1,1,680.3,470.48,0.3
I008395_1,O008395,P065,2,0,2306.92,1840.19,0.2
I008396_1,O008396,P014,1,0,1547.01,956.53,0.0
I008396_2,O008396,P056,1,0,649.42,467.73,0.05
I008397_1,O008397,P031,3,3,299.2,221.16,0.1
I008397_2,O008397,P039,1,0,2851.79,1842.48,0.0
I008398_1,O008398,P013,1,0,1830.06,1078.11,0.05
I008399_1,O008399,P061,1,0,2654.37,1810.66,0.0
I008399_2,O008399,P006,1,1,2889.34,2483.13,0.0
I008400_1,O008400,P091,1,0,762.15,567.3,0.0
I008401_1,O008401,P029,1,0,3161.3,2642.14,0.0
I008402_1,O008402,P048,1,0,2349.69,2064.58,0.05
I008402_2,O008402,P020,2,0,3294.13,2726.34,0.0
I008403_1,O008403,P084,1,0,1127.21,785.13,0.0
I008404_1,O008404,P032,1,0,878.57,692.6,0.0
I008405_1,O008405,P115,1,0,2570.94,1821.73,0.2
I008405_2,O008405,P021,1,0,3273.52,2007.08,0.1
I008406_1,O008406,P064,1,0,261.19,140.8,0.0
I008407_1,O008407,P026,1,0,3406.08,2746.76,0.1
I008407_2,O008407,P113,1,1,2199.91,1457.19,0.1
I008408_1,O008408,P073,2,0,3189.18,2517.93,0.0
I008408_2,O008408,P077,1,0,3199.0,2738.96,0.0
I008409_1,O008409,P012,1,0,3598.66,2599.93,0.1
I008409_2,O008409,P044,2,0,2307.03,1529.57,0.0
I008410_1,O008410,P060,1,0,3429.66,2190.75,0.0
I008410_2,O008410,P117,1,0,1562.33,1301.63,0.05
I008411_1,O008411,P094,2,0,2752.13,1716.82,0.05
I008412_1,O008412,P037,1,0,795.74,604.48,0.2
I008413_1,O008413,P001,1,0,795.51,503.11,0.1
I008414_1,O008414,P095,1,1,3248.72,2194.24,0.1
I008415_1,O008415,P055,1,0,1814.66,1250.56,0.0
I008416_1,O008416,P041,1,0,1732.69,1272.83,0.2
I008417_1,O008417,P031,1,0,291.79,221.16,0.0
I008418_1,O008418,P015,1,0,2007.44,1639.7,0.1
I008418_2,O008418,P115,1,0,2678.99,1821.73,0.2
I008418_3,O008418,P107,1,0,932.13,517.21,0.2
I008419_1,O008419,P120,2,0,3446.9,2258.38,0.0
I008419_2,O008419,P014,1,0,1502.35,956.53,0.1
I008420_1,O008420,P058,1,0,1048.91,974.82,0.0
I008421_1,O008421,P011,1,0,647.5,470.48,0.0
I008422_1,O008422,P033,1,0,3018.98,2420.38,0.2
I008422_2,O008422,P021,1,0,2920.41,2007.08,0.0
I008423_1,O008423,P063,1,0,2351.39,1328.53,0.1
I008424_1,O008424,P038,1,0,2418.05,1939.6,0.0
I008425_1,O008425,P081,1,0,3131.43,2035.71,0.05
I008426_1,O008426,P028,1,0,1412.17,1251.02,0.0
I008426_2,O008426,P002,2,0,2700.73,2136.38,0.0
I008426_3,O008426,P099,1,0,1021.33,579.06,0.05
I008427_1,O008427,P029,1,0,2829.77,2642.14,0.0
I008428_1,O008428,P030,2,0,2669.53,1879.56,0.0
I008428_2,O008428,P045,1,0,1710.61,1393.5,0.0
I008429_1,O008429,P050,2,0,1116.17,748.37,0.3
I008430_1,O008430,P073,1,0,2963.59,2517.93,0.05
I008430_2,O008430,P093,1,0,993.95,614.67,0.05
I008431_1,O008431,P032,1,0,791.44,692.6,0.2
I008431_2,O008431,P003,1,1,664.39,593.8,0.1
I008432_1,O008432,P049,1,0,2766.28,1767.67,0.1
I008432_2,O008432,P048,2,0,2619.43,2064.58,0.0
I008433_1,O008433,P029,1,0,2977.87,2642.14,0.1
I008433_2,O008433,P022,1,0,1947.48,1361.4,0.1
I008434_1,O008434,P021,2,0,3169.89,2007.08,0.2
I008435_1,O008435,P085,1,0,688.62,482.52,0.05
I008436_1,O008436,P044,1,0,2229.77,1529.57,0.1
I008436_2,O008436,P102,1,0,3590.74,2068.63,0.0
I008436_3,O008436,P052,1,0,2810.13,2232.75,0.0
I008437_1,O008437,P042,1,0,3357.25,2480.29,0.0
I008438_1,O008438,P079,1,0,2170.65,1780.27,0.2
I008439_1,O008439,P015,2,0,1893.68,1639.7,0.3
I008439_2,O008439,P047,1,0,3324.68,2991.8,0.0
I008440_1,O008440,P047,1,0,3530.64,2991.8,0.1
I008441_1,O008441,P065,1,1,2434.89,1840.19,0.2
I008441_2,O008441,P016,3,0,2871.64,2126.82,0.05
I008442_1,O008442,P024,1,0,3149.19,2312.84,0.1
I008442_2,O008442,P025,1,0,796.25,526.03,0.0
I008443_1,O008443,P107,2,0,825.17,517.21,0.05
I008444_1,O008444,P078,1,0,2612.15,1751.62,0.0
I008444_2,O008444,P029,1,0,3056.45,2642.14,0.0
I008445_1,O008445,P048,2,0,2387.39,2064.58,0.0
I008445_2,O008445,P107,1,1,855.87,517.21,0.0
I008446_1,O008446,P028,1,0,1509.98,1251.02,0.1
I008446_2,O008446,P021,1,1,3212.73,2007.08,0.0
I008447_1,O008447,P008,1,1,2972.4,2190.37,0.2
I008447_2,O008447,P107,1,0,844.69,517.21,0.0
I008447_3,O008447,P010,2,0,695.27,468.72,0.05
I008448_1,O008448,P046,1,0,203.86,119.22,0.05
I008449_1,O008449,P017,2,0,2014.47,1079.58,0.05
I008449_2,O008449,P046,1,0,222.39,119.22,0.2
I008450_1,O008450,P057,1,0,2666.81,1751.13,0.0
I008450_2,O008450,P011,2,0,656.56,470.48,0.0
I008451_1,O008451,P020,1,0,3443.03,2726.34,0.3
I008452_1,O008452,P016,2,0,2678.73,2126.82,0.0
I008452_2,O008452,P002,1,0,2675.1,2136.38,0.05
I008453_1,O008453,P007,1,0,2478.67,2152.99,0.05
I008453_2,O008453,P120,1,0,3325.62,2258.38,0.3
I008454_1,O008454,P019,1,0,2441.69,1463.41,0.1
I008454_2,O008454,P104,1,0,812.71,640.45,0.0
I008455_1,O008455,P006,1,0,2907.68,2483.13,0.2
I008455_2,O008455,P015,1,0,1922.67,1639.7,0.0
I008456_1,O008456,P002,1,0,2580.65,2136.38,0.05
I008456_2,O008456,P042,1,0,3692.8,2480.29,0.05
I008457_1,O008457,P089,1,1,2709.57,1691.26,0.1
I008457_2,O008457,P005,1,0,2216.58,1891.99,0.1
I008458_1,O008458,P109,1,0,2260.5,1696.43,0.0
I008458_2,O008458,P003,1,0,693.58,593.8,0.1
I008459_1,O008459,P107,2,0,854.9,517.21,0.2
I008459_2,O008459,P024,1,0,3340.14,2312.84,0.0
I008460_1,O008460,P074,1,0,2839.84,2093.66,0.0
I008460_2,O008460,P058,1,0,1040.35,974.82,0.05
I008461_1,O008461,P106,1,0,2952.92,2402.81,0.0
I008462_1,O008462,P110,1,0,605.0,387.41,0.1
I008463_1,O008463,P044,1,0,2195.96,1529.57,0.05
I008464_1,O008464,P054,1,0,329.82,290.26,0.0
I008465_1,O008465,P001,1,0,742.07,503.11,0.1
I008466_1,O008466,P008,1,0,3332.28,2190.37,0.0
I008467_1,O008467,P109,2,0,2356.46,1696.43,0.1
I008467_2,O008467,P073,1,0,3138.85,2517.93,0.0
I008468_1,O008468,P063,1,0,2129.87,1328.53,0.1
I008469_1,O008469,P058,1,0,1057.7,974.82,0.05
I008469_2,O008469,P014,1,0,1409.43,956.53,0.0
I008470_1,O008470,P055,1,0,1863.6,1250.56,0.05
I008470_2,O008470,P061,1,0,2605.86,1810.66,0.1
I008470_3,O008470,P120,1,0,3346.9,2258.38,0.2
I008471_1,O008471,P041,1,0,1826.29,1272.83,0.2
I008472_1,O008472,P072,1,0,1787.64,1369.26,0.05
I008472_2,O008472,P093,1,1,1057.37,614.67,0.05
I008473_1,O008473,P068,1,0,3335.11,1829.36,0.0
I008474_1,O008474,P106,1,0,2864.1,2402.81,0.05
I008475_1,O008475,P082,1,0,2304.85,1528.85,0.0
I008476_1,O008476,P080,1,0,813.59,706.47,0.05
I008477_1,O008477,P088,1,0,325.47,167.15,0.1
I008478_1,O008478,P106,1,1,2922.79,2402.81,0.0
I008479_1,O008479,P115,1,0,2482.0,1821.73,0.0
I008479_2,O008479,P080,1,0,834.21,706.47,0.1
I008480_1,O008480,P073,1,0,3208.47,2517.93,0.1
I008480_2,O008480,P106,1,0,2861.19,2402.81,0.1
I008481_1,O008481,P054,1,0,340.95,290.26,0.0
I008482_1,O008482,P031,1,0,287.28,221.16,0.0
I008482_2,O008482,P009,2,0,188.77,142.71,0.05
I008482_3,O008482,P019,1,0,2452.33,1463.41,0.05
I008483_1,O008483,P005,1,0,2411.51,1891.99,0.3
I008483_2,O008483,P060,1,0,3249.91,2190.75,0.0
I008483_3,O008483,P068,1,1,3305.89,1829.36,0.3
I008484_1,O008484,P029,1,0,3213.54,2642.14,0.2
I008485_1,O008485,P111,1,0,1186.25,738.87,0.05
I008485_2,O008485,P090,1,0,1816.53,1197.25,0.0
I008486_1,O008486,P114,2,0,1124.41,699.07,0.0
I008487_1,O008487,P047,1,0,3253.73,2991.8,0.1
I008488_1,O008488,P015,1,0,2038.07,1639.7,0.05
I008488_2,O008488,P120,1,0,3573.04,2258.38,0.2
I008489_1,O008489,P030,1,0,2582.91,1879.56,0.1
I008490_1,O008490,P037,1,0,845.74,604.48,0.0
I008491_1,O008491,P113,1,0,2254.85,1457.19,0.3
I008491_2,O008491,P035,1,0,2250.59,1657.14,0.1
I008492_1,O008492,P089,1,0,2530.21,1691.26,0.0
I008493_1,O008493,P025,1,0,813.23,526.03,0.2
I008494_1,O008494,P049,1,0,2591.9,1767.67,0.05
I008495_1,O008495,P103,1,0,3414.84,3087.95,0.0
I008496_1,O008496,P015,1,0,2012.95,1639.7,0.0
I008496_2,O008496,P024,1,0,3232.29,2312.84,0.0
I008497_1,O008497,P035,1,0,2426.53,1657.14,0.0
I008498_1,O008498,P007,3,0,2819.83,2152.99,0.05
I008499_1,O008499,P022,1,0,2138.76,1361.4,0.1
I008500_1,O008500,P084,1,0,1097.92,785.13,0.1
I008500_2,O008500,P094,1,0,2844.74,1716.82,0.1
I008501_1,O008501,P025,1,0,730.64,526.03,0.1
I008501_2,O008501,P008,1,0,2934.08,2190.37,0.0
I008501_3,O008501,P071,1,0,1906.73,1171.43,0.0
I008502_1,O008502,P016,1,0,2586.95,2126.82,0.0
I008502_2,O008502,P024,2,0,3312.14,2312.84,0.1
I008502_3,O008502,P079,1,0,2411.92,1780.27,0.0
I008503_1,O008503,P002,1,0,2614.48,2136.38,0.3
I008504_1,O008504,P042,1,0,3625.11,2480.29,0.1
I008505_1,O008505,P037,1,0,825.46,604.48,0.05
I008505_2,O008505,P007,1,0,2709.9,2152.99,0.2
I008506_1,O008506,P078,1,0,2647.04,1751.62,0.2
I008506_2,O008506,P108,1,0,1189.87,757.54,0.2
I008507_1,O008507,P018,1,1,2923.77,1861.03,0.2
I008508_1,O008508,P098,1,0,355.75,210.13,0.0
I008509_1,O008509,P059,1,0,2536.58,2284.02,0.0
I008510_1,O008510,P054,1,0,356.59,290.26,0.2
I008510_2,O008510,P004,2,0,3103.67,2449.64,0.0
I008511_1,O008511,P063,1,0,2173.86,1328.53,0.0
I008511_2,O008511,P085,1,0,742.46,482.52,0.0
I008512_1,O008512,P062,1,0,1186.24,934.97,0.1
I008513_1,O008513,P047,1,0,3301.78,2991.8,0.0
I008514_1,O008514,P034,1,0,730.76,551.76,0.0
I008514_2,O008514,P090,1,0,1676.72,1197.25,0.05
I008514_3,O008514,P052,1,0,2835.54,2232.75,0.2
I008515_1,O008515,P061,1,0,2575.07,1810.66,0.0
I008515_2,O008515,P008,1,0,3258.97,2190.37,0.0
I008515_3,O008515,P037,1,0,738.78,604.48,0.0
I008516_1,O008516,P041,2,0,1708.9,1272.83,0.2
I008516_2,O008516,P007,2,0,2499.12,2152.99,0.0
I008517_1,O008517,P080,2,0,801.87,706.47,0.05
I008518_1,O008518,P076,1,0,2550.13,1928.31,0.0
I008519_1,O008519,P011,1,0,628.31,470.48,0.05
I008519_2,O008519,P036,1,0,2539.78,2239.64,0.05
I008520_1,O008520,P079,1,1,2260.51,1780.27,0.2
I008520_2,O008520,P117,2,0,1541.0,1301.63,0.0
I008521_1,O008521,P054,1,0,357.94,290.26,0.05
I008521_2,O008521,P066,1,0,558.09,449.79,0.2
I008522_1,O008522,P088,1,0,328.17,167.15,0.1
I008522_2,O008522,P017,2,0,2000.63,1079.58,0.0
I008523_1,O008523,P016,1,0,2616.21,2126.82,0.0
I008524_1,O008524,P095,1,0,3285.35,2194.24,0.2
I008524_2,O008524,P069,2,2,2905.11,2596.65,0.1
I008525_1,O008525,P063,1,0,2150.07,1328.53,0.2
I008526_1,O008526,P051,1,0,2699.73,1856.67,0.0
I008527_1,O008527,P103,1,0,3359.09,3087.95,0.2
I008527_2,O008527,P046,1,0,227.0,119.22,0.1
I008528_1,O008528,P001,1,0,784.35,503.11,0.0
I008529_1,O008529,P032,1,0,850.28,692.6,0.0
I008530_1,O008530,P081,1,0,3202.85,2035.71,0.0
I008531_1,O008531,P004,1,0,3146.85,2449.64,0.0
I008532_1,O008532,P065,1,0,2402.49,1840.19,0.1
I008532_2,O008532,P108,1,0,1099.48,757.54,0.0
I008532_3,O008532,P023,1,0,2153.93,1316.59,0.0
I008533_1,O008533,P077,2,0,3059.48,2738.96,0.0
I008533_2,O008533,P059,2,0,2586.26,2284.02,0.3
I008534_1,O008534,P069,1,0,2780.92,2596.65,0.05
I008535_1,O008535,P068,1,0,3484.19,1829.36,0.1
I008535_2,O008535,P118,1,0,1312.83,778.87,0.0
I008536_1,O008536,P023,2,0,2399.01,1316.59,0.05
I008536_2,O008536,P118,1,0,1311.54,778.87,0.05
I008537_1,O008537,P113,1,0,2319.7,1457.19,0.0
I008538_1,O008538,P011,1,0,675.82,470.48,0.3
I008539_1,O008539,P008,1,0,2966.32,2190.37,0.1
I008539_2,O008539,P052,2,0,2611.1,2232.75,0.0
I008540_1,O008540,P108,1,0,1052.62,757.54,0.0
I008541_1,O008541,P087,1,0,2049.24,1487.18,0.0
I008541_2,O008541,P072,1,0,1883.95,1369.26,0.0
I008542_1,O008542,P078,2,0,2589.99,1751.62,0.1
I008543_1,O008543,P096,2,0,3247.56,1989.35,0.0
I008544_1,O008544,P089,1,0,2681.57,1691.26,0.1
I008544_2,O008544,P032,1,0,835.37,692.6,0.1
I008545_1,O008545,P088,1,1,303.19,167.15,0.0
I008546_1,O008546,P019,1,0,2486.4,1463.41,0.05
I008547_1,O008547,P111,2,0,1138.93,738.87,0.1
I008547_2,O008547,P019,1,0,2489.29,1463.41,0.0
I008548_1,O008548,P115,3,0,2617.81,1821.73,0.0
I008549_1,O008549,P096,1,0,3416.93,1989.35,0.3
I008549_2,O008549,P099,1,0,1114.25,579.06,0.0
I008550_1,O008550,P011,1,0,677.53,470.48,0.1
I008551_1,O008551,P008,1,0,3345.99,2190.37,0.0
I008552_1,O008552,P111,2,1,1107.24,738.87,0.0
I008553_1,O008553,P035,1,0,2278.43,1657.14,0.05
I008554_1,O008554,P079,2,0,2394.84,1780.27,0.0
I008555_1,O008555,P071,2,0,1968.0,1171.43,0.05
I008555_2,O008555,P059,1,0,2571.06,2284.02,0.05
I008556_1,O008556,P021,1,0,3112.88,2007.08,0.0
I008557_1,O008557,P067,2,0,1168.0,736.87,0.05
I008557_2,O008557,P119,1,0,646.69,550.1,0.2
I008558_1,O008558,P040,1,0,2349.53,1719.58,0.0
I008558_2,O008558,P103,1,0,3444.26,3087.95,0.0
I008559_1,O008559,P060,3,0,3246.82,2190.75,0.05
I008560_1,O008560,P081,1,0,3156.46,2035.71,0.2
I008560_2,O008560,P073,2,0,3068.54,2517.93,0.0
I008561_1,O008561,P103,2,2,3520.12,3087.95,0.0
I008561_2,O008561,P018,2,0,2957.62,1861.03,0.0
I008562_1,O008562,P005,2,0,2289.24,1891.99,0.0
I008562_2,O008562,P084,1,0,1113.08,785.13,0.0
I008563_1,O008563,P081,1,0,3003.5,2035.71,0.0
I008564_1,O008564,P033,1,1,3004.56,2420.38,0.1
I008565_1,O008565,P100,1,0,2949.04,2560.83,0.05
I008566_1,O008566,P105,1,0,1207.54,1048.44,0.0
I008567_1,O008567,P119,1,0,602.24,550.1,0.1
I008567_2,O008567,P002,1,1,2790.96,2136.38,0.1
I008567_3,O008567,P023,1,0,2256.85,1316.59,0.0
I008568_1,O008568,P006,1,0,2920.39,2483.13,0.05
I008568_2,O008568,P057,1,0,2602.7,1751.13,0.0
I008569_1,O008569,P061,1,0,2609.63,1810.66,0.0
I008570_1,O008570,P089,1,0,2750.33,1691.26,0.0
I008571_1,O008571,P035,2,0,2420.83,1657.14,0.0
I008571_2,O008571,P061,1,0,2739.1,1810.66,0.0
I008572_1,O008572,P026,1,0,3342.67,2746.76,0.3
I008572_2,O008572,P045,1,0,1600.46,1393.5,0.0
I008573_1,O008573,P008,1,1,2991.11,2190.37,0.05
I008573_2,O008573,P076,1,0,2563.83,1928.31,0.0
I008574_1,O008574,P120,1,0,3623.61,2258.38,0.0
I008574_2,O008574,P051,1,1,2809.74,1856.67,0.1
I008575_1,O008575,P100,1,0,3014.67,2560.83,0.1
I008576_1,O008576,P092,3,0,2655.14,1883.6,0.0
I008576_2,O008576,P032,1,0,845.39,692.6,0.05
I008576_3,O008576,P079,3,0,2345.32,1780.27,0.1
I008577_1,O008577,P102,2,0,3593.55,2068.63,0.1
I008578_1,O008578,P084,2,0,1245.37,785.13,0.0
I008578_2,O008578,P075,1,0,840.18,632.05,0.05
I008578_3,O008578,P005,1,0,2298.42,1891.99,0.2
I008579_1,O008579,P070,1,0,3749.34,2889.93,0.3
I008580_1,O008580,P023,1,0,2198.22,1316.59,0.0
I008580_2,O008580,P034,1,0,687.39,551.76,0.1
I008580_3,O008580,P076,1,0,2457.1,1928.31,0.05
I008581_1,O008581,P108,3,0,1053.45,757.54,0.0
I008581_2,O008581,P006,1,0,2785.6,2483.13,0.0
I008581_3,O008581,P078,1,1,2762.98,1751.62,0.0
I008582_1,O008582,P104,1,0,831.36,640.45,0.0
I008582_2,O008582,P016,2,0,2673.7,2126.82,0.1
I008583_1,O008583,P052,1,0,2729.21,2232.75,0.0
I008584_1,O008584,P085,1,1,667.15,482.52,0.0
I008584_2,O008584,P037,1,0,835.22,604.48,0.0
I008585_1,O008585,P051,2,0,2666.41,1856.67,0.0
I008585_2,O008585,P035,1,0,2326.1,1657.14,0.0
I008586_1,O008586,P119,1,0,604.25,550.1,0.1
I008587_1,O008587,P118,1,0,1213.76,778.87,0.05
I008588_1,O008588,P015,1,0,1941.55,1639.7,0.3
I008589_1,O008589,P055,1,0,1791.51,1250.56,0.0
I008590_1,O008590,P013,1,0,1696.74,1078.11,0.0
I008591_1,O008591,P093,1,0,992.81,614.67,0.05
I008592_1,O008592,P036,2,1,2550.89,2239.64,0.05
I008593_1,O008593,P068,1,0,3158.66,1829.36,0.0
I008594_1,O008594,P070,3,0,3700.81,2889.93,0.05
I008594_2,O008594,P002,1,0,2903.95,2136.38,0.0
I008595_1,O008595,P004,1,0,3172.99,2449.64,0.2
I008595_2,O008595,P012,1,0,3475.64,2599.93,0.2
I008595_3,O008595,P028,1,0,1427.96,1251.02,0.1
I008596_1,O008596,P029,2,0,3120.51,2642.14,0.05
I008596_2,O008596,P018,2,0,2753.5,1861.03,0.0
I008597_1,O008597,P017,1,0,1904.57,1079.58,0.1
I008598_1,O008598,P022,2,0,2094.01,1361.4,0.0
I008598_2,O008598,P089,1,0,2675.56,1691.26,0.0
I008599_1,O008599,P056,1,0,678.92,467.73,0.2
I008600_1,O008600,P059,1,0,2783.63,2284.02,0.1
I008601_1,O008601,P081,1,0,3129.42,2035.71,0.1
I008601_2,O008601,P017,2,0,1800.19,1079.58,0.1
I008602_1,O008602,P098,1,0,369.48,210.13,0.1
I008603_1,O008603,P095,3,0,3469.32,2194.24,0.0
I008604_1,O008604,P040,1,0,2132.58,1719.58,0.2
I008605_1,O008605,P080,1,0,829.85,706.47,0.05
I008606_1,O008606,P050,1,0,1269.41,748.37,0.05
I008607_1,O008607,P025,1,0,738.67,526.03,0.0
I008607_2,O008607,P108,1,0,1065.23,757.54,0.1
I008608_1,O008608,P008,1,0,3079.7,2190.37,0.0
I008609_1,O008609,P080,1,0,892.74,706.47,0.0
I008609_2,O008609,P073,2,0,3022.41,2517.93,0.1
I008609_3,O008609,P074,1,0,2786.82,2093.66,0.2
I008610_1,O008610,P084,2,0,1136.27,785.13,0.3
I008611_1,O008611,P053,1,0,2902.67,2330.08,0.2
I008612_1,O008612,P023,1,0,2431.52,1316.59,0.1
I008612_2,O008612,P045,1,0,1730.41,1393.5,0.0
I008613_1,O008613,P056,1,0,629.23,467.73,0.0
I008614_1,O008614,P036,1,0,2709.6,2239.64,0.0
I008615_1,O008615,P076,1,0,2599.23,1928.31,0.1
I008616_1,O008616,P090,1,0,1667.73,1197.25,0.0
I008617_1,O008617,P091,1,1,790.57,567.3,0.2
I008617_2,O008617,P080,1,0,815.04,706.47,0.1
I008617_3,O008617,P112,1,0,1416.68,1059.45,0.05
I008618_1,O008618,P043,1,0,2773.61,2155.97,0.2
I008618_2,O008618,P033,2,0,2743.68,2420.38,0.1
I008619_1,O008619,P007,1,0,2839.79,2152.99,0.05
I008619_2,O008619,P108,2,0,1153.39,757.54,0.05
I008619_3,O008619,P050,1,0,1169.23,748.37,0.0
I008620_1,O008620,P003,1,0,702.61,593.8,0.0
I008620_2,O008620,P070,1,0,3463.41,2889.93,0.0
I008621_1,O008621,P032,1,0,879.48,692.6,0.2
I008621_2,O008621,P014,1,0,1448.15,956.53,0.2
I008622_1,O008622,P103,1,0,3426.82,3087.95,0.05
I008623_1,O008623,P112,1,0,1534.7,1059.45,0.0
I008624_1,O008624,P112,2,0,1463.72,1059.45,0.05
I008625_1,O008625,P048,1,0,2602.06,2064.58,0.05
I008625_2,O008625,P060,1,0,3697.99,2190.75,0.05
I008626_1,O008626,P103,1,0,3845.71,3087.95,0.0
I008627_1,O008627,P078,1,0,2862.13,1751.62,0.05
I008627_2,O008627,P114,1,0,1074.85,699.07,0.05
I008628_1,O008628,P087,1,0,1802.51,1487.18,0.05
I008629_1,O008629,P106,1,1,2849.85,2402.81,0.1
I008629_2,O008629,P068,1,0,3407.82,1829.36,0.0
I008630_1,O008630,P120,1,0,3326.83,2258.38,0.0
I008630_2,O008630,P058,1,1,1091.17,974.82,0.2
I008631_1,O008631,P032,1,0,848.86,692.6,0.05
I008631_2,O008631,P002,1,0,2863.16,2136.38,0.2
I008632_1,O008632,P100,1,0,3011.99,2560.83,0.1
I008632_2,O008632,P111,1,0,1132.22,738.87,0.05
I008632_3,O008632,P062,1,0,1093.04,934.97,0.2
I008633_1,O008633,P055,1,0,1837.51,1250.56,0.2
I008633_2,O008633,P035,1,0,2280.96,1657.14,0.1
I008633_3,O008633,P070,1,0,3679.1,2889.93,0.1
I008634_1,O008634,P117,2,1,1554.22,1301.63,0.2
I008634_2,O008634,P003,1,0,700.63,593.8,0.2
I008635_1,O008635,P077,1,0,3119.25,2738.96,0.05
I008636_1,O008636,P078,1,0,2839.72,1751.62,0.0
I008637_1,O008637,P081,1,0,2988.24,2035.71,0.0
I008638_1,O008638,P106,1,0,2649.6,2402.81,0.1
I008638_2,O008638,P057,1,0,2805.25,1751.13,0.1
I008639_1,O008639,P088,1,0,309.19,167.15,0.0
I008640_1,O008640,P027,1,0,2085.77,1900.67,0.0
I008640_2,O008640,P060,2,0,3674.17,2190.75,0.0
I008641_1,O008641,P037,1,0,758.29,604.48,0.2
I008641_2,O008641,P004,1,1,3037.24,2449.64,0.05
I008642_1,O008642,P007,1,1,2569.88,2152.99,0.05
I008642_2,O008642,P005,1,0,2467.05,1891.99,0.1
I008642_3,O008642,P068,1,0,3479.77,1829.36,0.2
I008643_1,O008643,P080,1,0,920.83,706.47,0.1
I008644_1,O008644,P057,1,0,2708.18,1751.13,0.1
I008645_1,O008645,P029,2,0,3121.1,2642.14,0.0
I008645_2,O008645,P036,2,0,2441.4,2239.64,0.1
I008646_1,O008646,P058,1,0,1036.44,974.82,0.2
I008647_1,O008647,P110,1,0,604.92,387.41,0.0
I008648_1,O008648,P117,1,1,1599.04,1301.63,0.0
I008649_1,O008649,P009,1,0,189.06,142.71,0.1
I008650_1,O008650,P101,1,0,409.25,290.92,0.2
I008651_1,O008651,P004,1,0,3227.25,2449.64,0.0
I008651_2,O008651,P076,1,0,2665.64,1928.31,0.2
I008652_1,O008652,P031,2,0,283.84,221.16,0.0
I008652_2,O008652,P048,1,0,2334.56,2064.58,0.0
I008653_1,O008653,P024,1,1,3102.94,2312.84,0.0
I008653_2,O008653,P114,1,0,997.96,699.07,0.0
I008654_1,O008654,P101,1,0,398.04,290.92,0.0
I008655_1,O008655,P053,1,0,2979.47,2330.08,0.05
I008656_1,O008656,P016,1,0,2598.97,2126.82,0.05
I008656_2,O008656,P067,1,0,1144.44,736.87,0.0
I008657_1,O008657,P049,1,0,2740.67,1767.67,0.0
I008657_2,O008657,P039,1,0,2983.67,1842.48,0.2
I008658_1,O008658,P057,1,0,2712.51,1751.13,0.1
I008659_1,O008659,P036,1,0,2455.64,2239.64,0.1
I008659_2,O008659,P058,3,0,1146.77,974.82,0.2
I008660_1,O008660,P029,1,1,2872.84,2642.14,0.2
I008660_2,O008660,P100,2,0,2821.6,2560.83,0.0
I008661_1,O008661,P105,2,0,1317.85,1048.44,0.0
I008662_1,O008662,P018,2,0,3017.78,1861.03,0.0
I008662_2,O008662,P108,1,0,1105.5,757.54,0.05
I008663_1,O008663,P108,2,0,1050.67,757.54,0.0
I008664_1,O008664,P055,2,1,1815.73,1250.56,0.2
I008665_1,O008665,P107,2,0,847.63,517.21,0.05
I008665_2,O008665,P113,1,1,2174.8,1457.19,0.05
I008666_1,O008666,P118,1,0,1294.28,778.87,0.0
I008666_2,O008666,P016,2,0,2783.75,2126.82,0.3
I008666_3,O008666,P007,1,0,2479.83,2152.99,0.05
I008667_1,O008667,P079,2,0,2278.11,1780.27,0.05
I008667_2,O008667,P076,1,0,2550.15,1928.31,0.05
I008668_1,O008668,P114,1,0,1122.28,699.07,0.05
I008669_1,O008669,P017,1,0,2033.49,1079.58,0.1
I008670_1,O008670,P004,2,0,3039.8,2449.64,0.05
I008670_2,O008670,P040,2,0,2363.15,1719.58,0.2
I008671_1,O008671,P017,1,0,1867.41,1079.58,0.0
I008671_2,O008671,P033,1,0,2973.13,2420.38,0.1
I008671_3,O008671,P005,1,0,2344.28,1891.99,0.2
I008672_1,O008672,P095,1,0,3492.95,2194.24,0.0
I008673_1,O008673,P001,2,0,791.2,503.11,0.1
I008674_1,O008674,P012,1,0,3791.11,2599.93,0.05
I008674_2,O008674,P078,1,0,2729.56,1751.62,0.05
I008675_1,O008675,P029,3,0,3209.29,2642.14,0.1
I008675_2,O008675,P044,1,0,2254.84,1529.57,0.05
I008676_1,O008676,P041,1,0,1750.61,1272.83,0.3
I008677_1,O008677,P039,1,0,2950.75,1842.48,0.05
I008678_1,O008678,P001,1,1,803.56,503.11,0.3
I008679_1,O008679,P030,1,0,2470.89,1879.56,0.0
I008680_1,O008680,P098,1,0,334.49,210.13,0.0
I008681_1,O008681,P060,1,0,3502.48,2190.75,0.0
I008682_1,O008682,P093,1,0,1106.63,614.67,0.0
I008683_1,O008683,P050,1,0,1201.39,748.37,0.1
I008683_2,O008683,P028,1,0,1390.53,1251.02,0.3
I008684_1,O008684,P054,1,0,351.78,290.26,0.2
I008685_1,O008685,P037,1,0,760.66,604.48,0.05
I008686_1,O008686,P051,1,0,2692.88,1856.67,0.0
I008687_1,O008687,P078,3,0,2701.97,1751.62,0.2
I008687_2,O008687,P092,2,0,2674.36,1883.6,0.0
I008688_1,O008688,P085,1,0,730.48,482.52,0.0
I008688_2,O008688,P073,1,0,3271.34,2517.93,0.0
I008688_3,O008688,P056,2,0,694.73,467.73,0.0
I008689_1,O008689,P006,1,0,3045.7,2483.13,0.2
I008689_2,O008689,P007,1,0,2704.81,2152.99,0.0
I008690_1,O008690,P120,2,0,3316.17,2258.38,0.1
I008691_1,O008691,P039,1,0,2846.02,1842.48,0.0
I008691_2,O008691,P008,1,0,3306.05,2190.37,0.0
I008692_1,O008692,P009,2,0,180.3,142.71,0.1
I008693_1,O008693,P114,1,0,1046.34,699.07,0.05
I008694_1,O008694,P020,2,0,3568.76,2726.34,0.05
I008695_1,O008695,P102,1,0,3567.04,2068.63,0.0
I008695_2,O008695,P063,1,0,2356.62,1328.53,0.05
I008696_1,O008696,P026,1,0,3026.97,2746.76,0.0
I008696_2,O008696,P085,1,0,692.24,482.52,0.2
I008697_1,O008697,P011,2,0,648.82,470.48,0.1
I008698_1,O008698,P051,1,0,2626.7,1856.67,0.0
I008699_1,O008699,P120,1,0,3617.69,2258.38,0.1
I008700_1,O008700,P116,2,0,2913.49,2344.15,0.0
I008700_2,O008700,P110,1,0,576.22,387.41,0.05
I008701_1,O008701,P011,2,0,661.68,470.48,0.1
I008701_2,O008701,P102,1,0,3378.3,2068.63,0.1
I008702_1,O008702,P030,1,0,2521.94,1879.56,0.0
I008702_2,O008702,P091,2,2,767.09,567.3,0.0
I008703_1,O008703,P070,1,0,3689.09,2889.93,0.2
I008703_2,O008703,P053,1,0,3147.87,2330.08,0.05
I008704_1,O008704,P089,1,0,2466.26,1691.26,0.0
I008705_1,O008705,P119,3,0,642.12,550.1,0.2
I008705_2,O008705,P100,1,0,2782.7,2560.83,0.0
I008706_1,O008706,P088,1,0,327.23,167.15,0.05
I008706_2,O008706,P106,2,0,2668.33,2402.81,0.0
I008707_1,O008707,P076,2,0,2742.59,1928.31,0.0
I008707_2,O008707,P099,1,1,1025.17,579.06,0.0
I008708_1,O008708,P112,1,0,1427.64,1059.45,0.3
I008708_2,O008708,P048,1,0,2519.17,2064.58,0.0
I008709_1,O008709,P044,1,0,2281.15,1529.57,0.2
I008710_1,O008710,P052,1,0,2584.2,2232.75,0.05
I008711_1,O008711,P039,1,1,3072.83,1842.48,0.1
I008712_1,O008712,P114,1,0,1092.86,699.07,0.05
I008713_1,O008713,P102,1,0,3485.54,2068.63,0.05
I008714_1,O008714,P108,1,0,1061.12,757.54,0.05
I008714_2,O008714,P085,1,0,704.33,482.52,0.1
I008715_1,O008715,P023,1,0,2224.4,1316.59,0.0
I008715_2,O008715,P040,2,0,2303.67,1719.58,0.05
I008715_3,O008715,P005,1,0,2194.04,1891.99,0.0
I008716_1,O008716,P073,1,0,2998.46,2517.93,0.1
I008717_1,O008717,P078,1,0,2615.52,1751.62,0.05
I008718_1,O008718,P011,1,0,657.96,470.48,0.1
I008718_2,O008718,P004,1,0,3299.87,2449.64,0.0
I008719_1,O008719,P068,1,0,3264.68,1829.36,0.05
I008720_1,O008720,P021,1,0,3229.85,2007.08,0.1
I008721_1,O008721,P087,1,0,1806.06,1487.18,0.0
I008721_2,O008721,P105,1,0,1250.38,1048.44,0.0
I008722_1,O008722,P009,1,0,196.43,142.71,0.1
I008723_1,O008723,P033,1,0,2669.87,2420.38,0.05
I008723_2,O008723,P077,2,0,3011.65,2738.96,0.0
I008723_3,O008723,P102,1,0,3505.87,2068.63,0.0
I008724_1,O008724,P040,2,0,2214.92,1719.58,0.1
I008724_2,O008724,P072,1,0,1744.89,1369.26,0.05
I008725_1,O008725,P039,1,0,3127.06,1842.48,0.0
I008726_1,O008726,P067,1,0,1159.87,736.87,0.1
I008726_2,O008726,P088,1,0,303.33,167.15,0.0
I008727_1,O008727,P054,1,0,328.38,290.26,0.0
I008727_2,O008727,P093,1,0,1000.07,614.67,0.1
I008728_1,O008728,P045,1,0,1724.93,1393.5,0.1
I008728_2,O008728,P004,1,0,3322.26,2449.64,0.3
I008729_1,O008729,P011,1,0,685.66,470.48,0.0
I008729_2,O008729,P062,2,0,1178.7,934.97,0.1
I008730_1,O008730,P047,2,0,3625.51,2991.8,0.2
I008731_1,O008731,P090,1,0,1596.08,1197.25,0.3
I008731_2,O008731,P050,1,0,1124.75,748.37,0.0
I008732_1,O008732,P021,1,0,2952.35,2007.08,0.1
I008733_1,O008733,P027,1,0,2144.98,1900.67,0.2
I008733_2,O008733,P048,1,1,2578.24,2064.58,0.1
I008733_3,O008733,P113,1,0,2131.97,1457.19,0.0
I008734_1,O008734,P117,1,0,1571.44,1301.63,0.1
I008735_1,O008735,P111,2,0,1182.4,738.87,0.1
I008735_2,O008735,P099,1,0,1059.33,579.06,0.05
I008736_1,O008736,P026,1,0,3374.83,2746.76,0.1
I008737_1,O008737,P001,1,0,775.47,503.11,0.0
I008737_2,O008737,P035,1,0,2382.03,1657.14,0.0
I008738_1,O008738,P045,2,0,1566.77,1393.5,0.05
I008738_2,O008738,P085,1,0,671.37,482.52,0.1
I008739_1,O008739,P035,1,0,2386.2,1657.14,0.05
I008739_2,O008739,P077,2,2,3006.4,2738.96,0.2
I008740_1,O008740,P082,1,0,2377.97,1528.85,0.0
I008740_2,O008740,P059,2,0,2675.99,2284.02,0.0
I008741_1,O008741,P099,2,0,1072.07,579.06,0.05
I008741_2,O008741,P006,1,0,2863.0,2483.13,0.2
I008742_1,O008742,P035,1,0,2324.58,1657.14,0.0
I008743_1,O008743,P001,1,0,750.28,503.11,0.0
I008743_2,O008743,P110,1,1,595.4,387.41,0.0
I008744_1,O008744,P010,1,0,683.2,468.72,0.1
I008745_1,O008745,P061,2,0,2672.05,1810.66,0.0
I008745_2,O008745,P071,1,1,1870.22,1171.43,0.0
I008746_1,O008746,P018,1,0,3045.34,1861.03,0.0
I008747_1,O008747,P117,3,0,1623.26,1301.63,0.2
I008748_1,O008748,P076,1,0,2696.74,1928.31,0.0
I008749_1,O008749,P108,1,0,1117.94,757.54,0.0
I008750_1,O008750,P035,1,0,2284.11,1657.14,0.05
I008751_1,O008751,P025,1,0,739.73,526.03,0.0
I008752_1,O008752,P008,1,0,3216.11,2190.37,0.0
I008753_1,O008753,P009,1,0,175.57,142.71,0.0
I008754_1,O008754,P077,1,0,3141.25,2738.96,0.0
I008754_2,O008754,P056,3,0,647.74,467.73,0.2
I008755_1,O008755,P037,1,0,828.0,604.48,0.0
I008756_1,O008756,P001,1,0,731.31,503.11,0.0
I008757_1,O008757,P074,1,1,2756.41,2093.66,0.2
I008757_2,O008757,P072,1,0,1881.96,1369.26,0.0
I008758_1,O008758,P094,1,1,2957.1,1716.82,0.05
I008759_1,O008759,P025,1,0,802.23,526.03,0.0
I008760_1,O008760,P041,1,0,1772.38,1272.83,0.0
I008760_2,O008760,P036,3,0,2674.84,2239.64,0.05
I008761_1,O008761,P070,1,0,3678.28,2889.93,0.2
I008762_1,O008762,P117,1,0,1552.22,1301.63,0.0
I008763_1,O008763,P057,1,0,2949.05,1751.13,0.0
I008763_2,O008763,P038,1,0,2550.08,1939.6,0.2
I008764_1,O008764,P023,2,0,2263.09,1316.59,0.05
I008764_2,O008764,P051,1,0,2457.47,1856.67,0.1
I008765_1,O008765,P042,1,0,3248.6,2480.29,0.1
I008765_2,O008765,P078,2,0,2821.17,1751.62,0.05
I008766_1,O008766,P113,1,0,2317.63,1457.19,0.0
I008767_1,O008767,P071,1,0,2111.54,1171.43,0.2
I008767_2,O008767,P088,2,0,308.81,167.15,0.0
I008767_3,O008767,P074,2,0,2561.25,2093.66,0.0
I008768_1,O008768,P091,1,0,766.33,567.3,0.05
I008769_1,O008769,P072,1,0,1820.02,1369.26,0.0
I008769_2,O008769,P006,1,0,2929.51,2483.13,0.2
I008770_1,O008770,P041,1,0,1653.42,1272.83,0.1
I008770_2,O008770,P120,1,0,3269.26,2258.38,0.0
I008771_1,O008771,P022,2,2,2058.76,1361.4,0.05
I008772_1,O008772,P072,1,0,1753.42,1369.26,0.0
I008772_2,O008772,P025,1,0,815.89,526.03,0.0
I008773_1,O008773,P009,1,0,188.71,142.71,0.0
I008774_1,O008774,P065,2,0,2593.37,1840.19,0.1
I008774_2,O008774,P007,1,0,2763.51,2152.99,0.0
I008775_1,O008775,P064,1,0,237.38,140.8,0.2
I008776_1,O008776,P075,1,0,907.24,632.05,0.0
I008777_1,O008777,P065,1,0,2370.9,1840.19,0.0
I008778_1,O008778,P056,1,0,649.12,467.73,0.1
I008778_2,O008778,P060,1,0,3461.41,2190.75,0.3
I008778_3,O008778,P064,1,1,264.16,140.8,0.0
I008779_1,O008779,P095,2,0,3271.47,2194.24,0.1
I008780_1,O008780,P085,1,0,732.95,482.52,0.05
I008781_1,O008781,P079,1,0,2151.55,1780.27,0.1
I008782_1,O008782,P075,1,0,867.39,632.05,0.1
I008782_2,O008782,P117,1,0,1522.48,1301.63,0.05
I008783_1,O008783,P014,1,0,1356.96,956.53,0.05
I008784_1,O008784,P096,1,0,3175.97,1989.35,0.2
I008784_2,O008784,P071,1,0,1901.77,1171.43,0.1
I008785_1,O008785,P103,1,0,3513.19,3087.95,0.1
I008785_2,O008785,P072,1,0,1738.79,1369.26,0.0
I008786_1,O008786,P103,1,1,3559.3,3087.95,0.1
I008786_2,O008786,P081,1,0,3289.78,2035.71,0.0
I008787_1,O008787,P037,2,0,839.59,604.48,0.2
I008788_1,O008788,P082,1,0,2218.74,1528.85,0.0
I008789_1,O008789,P113,2,0,2363.58,1457.19,0.0
I008790_1,O008790,P058,1,0,1168.68,974.82,0.0
I008791_1,O008791,P048,1,0,2492.77,2064.58,0.1
I008791_2,O008791,P021,1,0,2950.38,2007.08,0.05
I008792_1,O008792,P065,2,0,2505.81,1840.19,0.0
I008792_2,O008792,P104,1,0,814.26,640.45,0.1
I008793_1,O008793,P033,1,0,2652.69,2420.38,0.1
I008794_1,O008794,P006,1,0,2805.54,2483.13,0.3
I008794_2,O008794,P104,2,0,858.53,640.45,0.05
I008795_1,O008795,P099,2,0,1018.36,579.06,0.1
I008795_2,O008795,P113,1,0,2337.57,1457.19,0.05
I008796_1,O008796,P052,1,0,2681.78,2232.75,0.05
I008796_2,O008796,P049,1,0,2561.66,1767.67,0.05
I008797_1,O008797,P120,1,0,3233.51,2258.38,0.3
I008797_2,O008797,P028,1,0,1451.38,1251.02,0.2
I008798_1,O008798,P089,1,0,2449.71,1691.26,0.05
I008799_1,O008799,P016,2,0,2809.08,2126.82,0.1
I008799_2,O008799,P004,1,0,3241.53,2449.64,0.0
I008800_1,O008800,P050,1,0,1190.24,748.37,0.1
I008800_2,O008800,P062,1,0,1167.91,934.97,0.05
I008800_3,O008800,P059,3,0,2505.8,2284.02,0.0
I008801_1,O008801,P112,1,1,1512.54,1059.45,0.2
I008802_1,O008802,P025,1,1,786.94,526.03,0.2
I008803_1,O008803,P117,1,0,1539.24,1301.63,0.0
I008803_2,O008803,P046,1,0,204.63,119.22,0.1
I008804_1,O008804,P112,2,0,1451.83,1059.45,0.1
I008805_1,O008805,P073,1,0,3175.7,2517.93,0.0
I008806_1,O008806,P068,1,0,3178.74,1829.36,0.2
I008807_1,O008807,P081,1,0,2957.83,2035.71,0.05
I008808_1,O008808,P013,2,0,1837.03,1078.11,0.05
I008808_2,O008808,P058,1,0,1044.62,974.82,0.2
I008809_1,O008809,P105,1,0,1196.35,1048.44,0.2
I008809_2,O008809,P088,1,0,314.72,167.15,0.2
I008810_1,O008810,P059,1,0,2442.88,2284.02,0.0
I008810_2,O008810,P119,2,0,683.74,550.1,0.0
I008810_3,O008810,P115,1,0,2784.03,1821.73,0.1
I008811_1,O008811,P061,1,0,2631.5,1810.66,0.0
I008812_1,O008812,P003,1,0,721.98,593.8,0.0
I008813_1,O008813,P004,1,0,3362.31,2449.64,0.1
I008813_2,O008813,P087,2,0,1918.33,1487.18,0.05
I008814_1,O008814,P041,1,1,1688.2,1272.83,0.0
I008815_1,O008815,P092,1,0,2526.15,1883.6,0.05
I008815_2,O008815,P020,1,0,3520.22,2726.34,0.0
I008816_1,O008816,P008,1,0,3251.93,2190.37,0.0
I008817_1,O008817,P101,1,0,424.18,290.92,0.1
I008818_1,O008818,P010,1,0,706.19,468.72,0.05
I008818_2,O008818,P108,2,0,1149.99,757.54,0.1
I008819_1,O008819,P106,1,0,2640.27,2402.81,0.3
I008820_1,O008820,P041,1,0,1614.44,1272.83,0.1
I008821_1,O008821,P003,2,0,650.12,593.8,0.05
I008821_2,O008821,P048,1,0,2466.47,2064.58,0.0
I008822_1,O008822,P063,2,0,2265.53,1328.53,0.05
I008823_1,O008823,P105,1,0,1225.31,1048.44,0.05
I008824_1,O008824,P051,1,0,2619.3,1856.67,0.0
I008824_2,O008824,P071,1,0,1970.86,1171.43,0.0
I008825_1,O008825,P078,1,0,2714.64,1751.62,0.2
I008825_2,O008825,P009,2,0,196.58,142.71,0.1
I008826_1,O008826,P065,1,0,2609.99,1840.19,0.05
I008827_1,O008827,P109,1,0,2421.65,1696.43,0.0
I008827_2,O008827,P097,2,0,527.13,385.34,0.3
I008828_1,O008828,P009,1,0,179.72,142.71,0.05
I008828_2,O008828,P090,1,0,1746.97,1197.25,0.2
I008829_1,O008829,P004,2,0,3155.26,2449.64,0.0
I008829_2,O008829,P084,1,0,1244.26,785.13,0.05
I008830_1,O008830,P081,1,0,3001.04,2035.71,0.05
I008831_1,O008831,P104,2,0,864.31,640.45,0.05
I008832_1,O008832,P114,1,0,1005.69,699.07,0.05
I008833_1,O008833,P095,1,0,3113.93,2194.24,0.3
I008834_1,O008834,P069,1,0,3049.17,2596.65,0.1
I008834_2,O008834,P075,2,0,824.04,632.05,0.0
I008835_1,O008835,P083,2,0,904.82,674.18,0.3
I008836_1,O008836,P084,1,0,1089.51,785.13,0.2
I008836_2,O008836,P049,1,0,2693.44,1767.67,0.05
I008837_1,O008837,P078,1,0,2592.26,1751.62,0.05
I008838_1,O008838,P059,1,0,2685.62,2284.02,0.0
I008838_2,O008838,P020,1,0,3565.62,2726.34,0.1
I008839_1,O008839,P039,1,1,2894.57,1842.48,0.1
I008840_1,O008840,P023,1,0,2387.66,1316.59,0.0
I008841_1,O008841,P022,1,0,1904.46,1361.4,0.0
I008842_1,O008842,P105,1,0,1312.31,1048.44,0.0
I008843_1,O008843,P059,3,0,2622.53,2284.02,0.3
I008844_1,O008844,P109,3,0,2418.03,1696.43,0.05
I008845_1,O008845,P079,1,0,2326.61,1780.27,0.0
I008846_1,O008846,P108,1,0,1089.82,757.54,0.3
I008847_1,O008847,P075,1,0,913.84,632.05,0.1
I008847_2,O008847,P077,1,0,3051.92,2738.96,0.05
I008848_1,O008848,P115,1,0,2501.18,1821.73,0.1
I008848_2,O008848,P021,1,0,2997.73,2007.08,0.0
I008849_1,O008849,P078,1,0,2786.13,1751.62,0.0
I008850_1,O008850,P110,1,1,579.54,387.41,0.0
I008850_2,O008850,P064,1,0,238.77,140.8,0.2
I008850_3,O008850,P098,1,1,323.58,210.13,0.0
I008851_1,O008851,P073,1,0,2904.84,2517.93,0.2
I008851_2,O008851,P118,2,0,1252.16,778.87,0.1
I008852_1,O008852,P107,1,0,832.27,517.21,0.2
I008853_1,O008853,P054,1,0,333.72,290.26,0.05
I008853_2,O008853,P016,1,0,2813.35,2126.82,0.05
I008854_1,O008854,P062,1,0,1233.44,934.97,0.1
I008855_1,O008855,P094,1,0,2655.04,1716.82,0.0
I008856_1,O008856,P083,1,0,880.69,674.18,0.0
I008857_1,O008857,P079,1,0,2221.53,1780.27,0.3
I008858_1,O008858,P013,1,0,1868.9,1078.11,0.1
I008859_1,O008859,P062,1,0,1173.4,934.97,0.05
I008859_2,O008859,P099,1,0,1024.43,579.06,0.1
I008860_1,O008860,P091,1,0,787.81,567.3,0.0
I008861_1,O008861,P086,1,0,563.12,301.67,0.0
I008862_1,O008862,P052,1,0,2784.39,2232.75,0.05
I008862_2,O008862,P080,1,0,804.94,706.47,0.05
I008863_1,O008863,P104,1,0,826.52,640.45,0.0
I008864_1,O008864,P090,1,0,1756.62,1197.25,0.1
I008865_1,O008865,P061,1,0,2674.51,1810.66,0.1
I008865_2,O008865,P105,2,0,1229.56,1048.44,0.1
I008866_1,O008866,P119,1,0,637.13,550.1,0.0
I008866_2,O008866,P041,1,0,1730.46,1272.83,0.05
I008867_1,O008867,P099,1,0,1062.36,579.06,0.05
I008868_1,O008868,P008,2,0,3361.58,2190.37,0.0
I008869_1,O008869,P070,1,0,3412.92,2889.93,0.05
I008869_2,O008869,P015,1,1,1970.32,1639.7,0.0
I008869_3,O008869,P086,1,0,531.19,301.67,0.0
I008870_1,O008870,P055,1,0,1884.83,1250.56,0.2
I008871_1,O008871,P008,1,0,3315.05,2190.37,0.1
I008871_2,O008871,P072,1,0,1806.24,1369.26,0.05
I008871_3,O008871,P041,1,0,1642.21,1272.83,0.0
I008872_1,O008872,P044,1,0,2255.34,1529.57,0.05
I008873_1,O008873,P043,1,0,2559.29,2155.97,0.0
I008874_1,O008874,P013,1,0,1827.31,1078.11,0.05
I008875_1,O008875,P119,1,0,641.52,550.1,0.1
I008876_1,O008876,P026,1,0,3365.38,2746.76,0.1
I008877_1,O008877,P029,1,0,2965.89,2642.14,0.0
I008878_1,O008878,P089,1,0,2686.77,1691.26,0.2
I008879_1,O008879,P043,2,0,2443.51,2155.97,0.2
I008880_1,O008880,P039,1,0,2776.92,1842.48,0.05
I008881_1,O008881,P111,1,0,1111.44,738.87,0.0
I008882_1,O008882,P009,1,0,175.83,142.71,0.05
I008882_2,O008882,P069,1,0,2835.96,2596.65,0.0
I008883_1,O008883,P069,1,0,3101.84,2596.65,0.1
I008883_2,O008883,P090,1,0,1615.28,1197.25,0.0
I008884_1,O008884,P069,1,0,3114.79,2596.65,0.1
I008885_1,O008885,P066,1,0,593.56,449.79,0.0
I008885_2,O008885,P062,1,0,1095.52,934.97,0.0
I008886_1,O008886,P044,1,0,2358.34,1529.57,0.05
I008886_2,O008886,P118,3,0,1243.92,778.87,0.05
I008887_1,O008887,P108,1,0,1099.22,757.54,0.05
I008887_2,O008887,P112,2,0,1544.09,1059.45,0.0
I008888_1,O008888,P045,1,0,1718.42,1393.5,0.0
I008889_1,O008889,P016,2,0,2606.69,2126.82,0.0
I008890_1,O008890,P028,2,0,1541.2,1251.02,0.0
I008891_1,O008891,P032,1,0,784.51,692.6,0.0
I008892_1,O008892,P044,1,0,2055.8,1529.57,0.1
I008893_1,O008893,P036,2,0,2668.01,2239.64,0.0
I008894_1,O008894,P051,1,0,2629.94,1856.67,0.2
I008894_2,O008894,P024,1,0,2981.38,2312.84,0.05
I008895_1,O008895,P064,1,0,248.1,140.8,0.0
I008895_2,O008895,P111,1,0,1181.85,738.87,0.2
I008896_1,O008896,P067,1,0,1248.31,736.87,0.0
I008897_1,O008897,P037,1,0,740.98,604.48,0.0
I008898_1,O008898,P115,1,0,2603.86,1821.73,0.2
I008898_2,O008898,P038,1,0,2325.65,1939.6,0.1
I008899_1,O008899,P021,1,1,3274.66,2007.08,0.0
I008899_2,O008899,P072,1,0,1720.6,1369.26,0.2
I008900_1,O008900,P115,1,0,2758.17,1821.73,0.2
I008900_2,O008900,P052,2,0,2868.06,2232.75,0.1
I008901_1,O008901,P066,1,0,613.17,449.79,0.2
I008901_2,O008901,P028,1,0,1539.79,1251.02,0.3
I008902_1,O008902,P097,1,0,517.27,385.34,0.05
I008903_1,O008903,P087,1,0,1858.51,1487.18,0.0
I008904_1,O008904,P032,1,0,807.84,692.6,0.2
I008904_2,O008904,P048,1,0,2353.69,2064.58,0.0
I008905_1,O008905,P061,1,0,2552.38,1810.66,0.1
I008906_1,O008906,P052,1,0,2706.14,2232.75,0.0
I008907_1,O008907,P043,2,0,2771.72,2155.97,0.1
I008908_1,O008908,P076,1,0,2600.49,1928.31,0.0
I008909_1,O008909,P114,1,0,1085.59,699.07,0.05
I008910_1,O008910,P119,1,0,611.36,550.1,0.0
I008911_1,O008911,P086,1,0,533.38,301.67,0.05
I008912_1,O008912,P120,1,0,3202.9,2258.38,0.3
I008913_1,O008913,P071,1,0,1873.33,1171.43,0.0
I008914_1,O008914,P110,1,0,566.9,387.41,0.2
I008914_2,O008914,P035,1,0,2250.84,1657.14,0.1
I008915_1,O008915,P072,1,0,1799.43,1369.26,0.2
I008916_1,O008916,P115,1,1,2505.71,1821.73,0.0
I008916_2,O008916,P020,2,0,3411.76,2726.34,0.1
I008917_1,O008917,P027,1,0,2148.73,1900.67,0.2
I008918_1,O008918,P076,2,0,2616.27,1928.31,0.2
I008919_1,O008919,P078,2,0,2577.95,1751.62,0.0
I008920_1,O008920,P034,1,0,718.99,551.76,0.0
I008921_1,O008921,P063,1,0,2334.64,1328.53,0.1
I008922_1,O008922,P036,1,0,2695.61,2239.64,0.0
I008923_1,O008923,P046,1,0,209.38,119.22,0.1
I008924_1,O008924,P109,1,0,2438.54,1696.43,0.2
I008924_2,O008924,P092,1,0,2584.6,1883.6,0.1
I008924_3,O008924,P067,1,1,1195.75,736.87,0.0
I008925_1,O008925,P041,2,0,1841.65,1272.83,0.0
I008926_1,O008926,P074,1,0,2734.36,2093.66,0.05
I008927_1,O008927,P011,1,0,669.25,470.48,0.05
I008927_2,O008927,P046,2,0,217.59,119.22,0.05
I008928_1,O008928,P070,1,0,3337.4,2889.93,0.1
I008928_2,O008928,P072,1,0,1882.15,1369.26,0.2
I008929_1,O008929,P096,1,0,3234.92,1989.35,0.0
I008930_1,O008930,P095,2,0,3234.93,2194.24,0.0
I008931_1,O008931,P072,1,0,1770.5,1369.26,0.1
I008931_2,O008931,P004,1,0,3063.28,2449.64,0.0
I008931_3,O008931,P100,1,0,3129.23,2560.83,0.0
I008932_1,O008932,P080,1,0,813.02,706.47,0.0
I008932_2,O008932,P090,1,0,1709.02,1197.25,0.05
I008933_1,O008933,P103,2,0,3804.26,3087.95,0.0
I008934_1,O008934,P090,2,0,1814.28,1197.25,0.05
I008935_1,O008935,P058,1,0,1096.48,974.82,0.0
I008936_1,O008936,P045,1,1,1731.65,1393.5,0.05
I008936_2,O008936,P102,3,0,3380.66,2068.63,0.0
I008937_1,O008937,P071,1,0,2112.55,1171.43,0.1
I008937_2,O008937,P059,1,0,2471.13,2284.02,0.0
I008938_1,O008938,P096,1,0,3056.16,1989.35,0.0
I008939_1,O008939,P103,1,0,3606.45,3087.95,0.05
I008940_1,O008940,P090,1,0,1830.68,1197.25,0.1
I008941_1,O008941,P058,1,0,1165.5,974.82,0.0
I008942_1,O008942,P051,1,0,2565.46,1856.67,0.0
I008942_2,O008942,P085,2,0,724.49,482.52,0.1
I008943_1,O008943,P106,1,0,2871.93,2402.81,0.05
I008944_1,O008944,P008,1,0,3335.76,2190.37,0.2
I008944_2,O008944,P041,1,1,1639.26,1272.83,0.0
I008945_1,O008945,P012,2,0,3704.54,2599.93,0.3
I008945_2,O008945,P022,1,0,2024.01,1361.4,0.05
I008946_1,O008946,P060,1,0,3230.8,2190.75,0.3
I008947_1,O008947,P002,2,0,2598.98,2136.38,0.0
I008948_1,O008948,P102,2,0,3466.53,2068.63,0.0
I008948_2,O008948,P045,3,0,1770.73,1393.5,0.2
I008949_1,O008949,P001,1,0,750.7,503.11,0.05
I008949_2,O008949,P026,1,0,3181.18,2746.76,0.0
I008950_1,O008950,P041,1,0,1823.66,1272.83,0.0
I008950_2,O008950,P013,2,0,1772.43,1078.11,0.1
I008951_1,O008951,P023,1,0,2330.1,1316.59,0.1
I008952_1,O008952,P109,1,0,2486.29,1696.43,0.1
I008952_2,O008952,P001,1,0,741.97,503.11,0.05
I008953_1,O008953,P113,1,0,2292.68,1457.19,0.0
I008953_2,O008953,P068,1,0,3278.92,1829.36,0.0
I008953_3,O008953,P076,1,0,2629.69,1928.31,0.0
I008954_1,O008954,P039,2,0,2878.8,1842.48,0.0
I008955_1,O008955,P051,2,0,2518.84,1856.67,0.0
I008956_1,O008956,P104,1,0,819.1,640.45,0.0
I008956_2,O008956,P046,1,0,211.99,119.22,0.05
I008957_1,O008957,P099,1,0,988.41,579.06,0.05
I008957_2,O008957,P064,1,1,239.6,140.8,0.1
I008958_1,O008958,P113,1,0,2252.64,1457.19,0.1
I008959_1,O008959,P080,2,0,921.7,706.47,0.0
I008959_2,O008959,P001,1,0,782.5,503.11,0.0
I008960_1,O008960,P005,1,0,2350.67,1891.99,0.0
I008960_2,O008960,P080,1,0,876.77,706.47,0.05
I008961_1,O008961,P007,1,0,2493.45,2152.99,0.0
I008962_1,O008962,P012,2,0,3798.95,2599.93,0.0
I008962_2,O008962,P091,1,0,792.22,567.3,0.05
I008962_3,O008962,P062,1,0,1192.08,934.97,0.1
I008963_1,O008963,P038,1,0,2425.74,1939.6,0.0
I008964_1,O008964,P020,1,0,3374.13,2726.34,0.3
I008964_2,O008964,P057,1,0,2857.01,1751.13,0.1
I008965_1,O008965,P028,2,0,1447.37,1251.02,0.0
I008965_2,O008965,P058,1,0,1068.86,974.82,0.0
I008966_1,O008966,P013,1,0,1731.41,1078.11,0.1
I008966_2,O008966,P052,1,0,2593.22,2232.75,0.1
I008966_3,O008966,P074,1,0,2496.68,2093.66,0.05
I008967_1,O008967,P046,2,0,227.15,119.22,0.2
I008968_1,O008968,P099,1,0,1055.53,579.06,0.0
I008968_2,O008968,P083,1,0,935.8,674.18,0.3
I008968_3,O008968,P064,1,0,235.83,140.8,0.05
I008969_1,O008969,P058,1,0,1026.96,974.82,0.0
I008969_2,O008969,P065,1,0,2528.2,1840.19,0.1
I008969_3,O008969,P068,2,0,3331.57,1829.36,0.3
I008970_1,O008970,P049,2,0,2831.39,1767.67,0.0
I008971_1,O008971,P018,1,0,2744.39,1861.03,0.0
I008972_1,O008972,P087,1,0,1911.46,1487.18,0.1
I008973_1,O008973,P089,1,0,2759.38,1691.26,0.05
I008973_2,O008973,P091,1,0,781.0,567.3,0.05
I008974_1,O008974,P061,1,1,2623.06,1810.66,0.05
I008975_1,O008975,P035,2,0,2282.43,1657.14,0.05
I008976_1,O008976,P033,1,0,2963.17,2420.38,0.0
I008977_1,O008977,P075,3,0,847.53,632.05,0.2
I008978_1,O008978,P097,1,0,531.22,385.34,0.0
I008979_1,O008979,P072,1,0,1793.86,1369.26,0.2
I008979_2,O008979,P034,1,0,685.84,551.76,0.05
I008980_1,O008980,P038,1,0,2466.22,1939.6,0.05
I008981_1,O008981,P070,1,0,3721.26,2889.93,0.0
I008982_1,O008982,P107,1,0,851.95,517.21,0.05
I008982_2,O008982,P055,2,0,1704.44,1250.56,0.05
I008983_1,O008983,P056,1,0,693.82,467.73,0.05
I008984_1,O008984,P117,1,0,1638.45,1301.63,0.05
I008984_2,O008984,P024,2,0,3312.46,2312.84,0.05
I008984_3,O008984,P018,1,0,3021.6,1861.03,0.2
I008985_1,O008985,P057,1,0,2942.07,1751.13,0.05
I008985_2,O008985,P111,1,0,1174.76,738.87,0.2
I008986_1,O008986,P033,1,0,2634.28,2420.38,0.0
I008986_2,O008986,P035,2,0,2386.18,1657.14,0.05
I008986_3,O008986,P081,1,0,3051.65,2035.71,0.0
I008987_1,O008987,P045,2,0,1628.34,1393.5,0.1
I008988_1,O008988,P018,1,0,2741.0,1861.03,0.05
I008989_1,O008989,P008,1,0,3006.11,2190.37,0.05
I008990_1,O008990,P001,1,0,825.84,503.11,0.0
I008991_1,O008991,P016,1,1,2602.59,2126.82,0.05
I008991_2,O008991,P077,1,0,3194.76,2738.96,0.2
I008992_1,O008992,P027,1,0,2101.32,1900.67,0.1
I008993_1,O008993,P049,1,0,2662.36,1767.67,0.05
I008994_1,O008994,P039,2,0,2906.31,1842.48,0.2
I008994_2,O008994,P022,1,0,2053.4,1361.4,0.1
I008995_1,O008995,P065,1,0,2624.37,1840.19,0.0
I008996_1,O008996,P007,2,0,2700.11,2152.99,0.1
I008997_1,O008997,P022,1,0,1931.05,1361.4,0.0
I008998_1,O008998,P064,1,0,255.86,140.8,0.0
I008999_1,O008999,P057,1,0,2903.89,1751.13,0.05
I009000_1,O009000,P077,1,0,3185.73,2738.96,0.2
I009000_2,O009000,P046,1,0,202.76,119.22,0.0
I009001_1,O009001,P102,1,0,3268.93,2068.63,0.2
I009001_2,O009001,P051,1,0,2548.77,1856.67,0.0
I009002_1,O009002,P057,1,0,2608.68,1751.13,0.05
I009003_1,O009003,P119,1,0,687.15,550.1,0.05
I009004_1,O009004,P023,1,0,2394.09,1316.59,0.0
I009004_2,O009004,P109,2,0,2203.41,1696.43,0.2
I009005_1,O009005,P049,1,0,2835.43,1767.67,0.2
I009006_1,O009006,P099,1,0,1069.47,579.06,0.0
I009007_1,O009007,P051,1,0,2773.78,1856.67,0.0
I009007_2,O009007,P054,1,0,343.39,290.26,0.0
I009008_1,O009008,P109,1,0,2433.68,1696.43,0.2
I009008_2,O009008,P084,1,0,1157.09,785.13,0.0
I009009_1,O009009,P082,1,0,2168.62,1528.85,0.1
I009010_1,O009010,P080,3,0,901.41,706.47,0.1
I009010_2,O009010,P010,1,0,689.06,468.72,0.2
I009011_1,O009011,P078,1,0,2885.96,1751.62,0.1
I009011_2,O009011,P068,1,0,3147.81,1829.36,0.1
I009011_3,O009011,P038,1,0,2628.52,1939.6,0.05
I009012_1,O009012,P012,2,0,3887.24,2599.93,0.0
I009012_2,O009012,P014,2,0,1518.11,956.53,0.0
I009013_1,O009013,P096,1,0,3210.13,1989.35,0.0
I009013_2,O009013,P084,2,0,1225.65,785.13,0.05
I009014_1,O009014,P039,1,0,3131.42,1842.48,0.05
I009015_1,O009015,P011,1,0,672.52,470.48,0.1
I009016_1,O009016,P076,2,0,2651.77,1928.31,0.05
I009016_2,O009016,P085,1,0,733.04,482.52,0.3
I009016_3,O009016,P109,1,0,2290.56,1696.43,0.0
I009017_1,O009017,P054,2,0,368.7,290.26,0.0
I009017_2,O009017,P067,1,0,1167.49,736.87,0.0
I009018_1,O009018,P120,1,0,3676.61,2258.38,0.05
I009019_1,O009019,P083,2,0,882.46,674.18,0.05
I009019_2,O009019,P096,1,1,3253.91,1989.35,0.0
I009020_1,O009020,P027,2,0,2037.13,1900.67,0.05
I009020_2,O009020,P111,1,0,1192.97,738.87,0.0
I009021_1,O009021,P040,2,0,2229.6,1719.58,0.0
I009022_1,O009022,P097,2,0,492.86,385.34,0.3
I009023_1,O009023,P051,1,0,2720.87,1856.67,0.0
I009024_1,O009024,P100,2,0,3041.01,2560.83,0.2
I009025_1,O009025,P009,2,0,185.38,142.71,0.1
I009026_1,O009026,P066,1,0,623.9,449.79,0.1
I009027_1,O009027,P063,2,0,2216.38,1328.53,0.0
I009027_2,O009027,P071,1,0,1983.51,1171.43,0.1
I009028_1,O009028,P106,1,0,2822.56,2402.81,0.1
I009029_1,O009029,P087,2,0,2006.24,1487.18,0.1
I009030_1,O009030,P008,1,0,3328.99,2190.37,0.1
I009030_2,O009030,P081,1,0,3366.61,2035.71,0.0
I009031_1,O009031,P077,1,1,3407.67,2738.96,0.2
I009032_1,O009032,P114,1,0,1066.11,699.07,0.0
I009033_1,O009033,P051,1,0,2568.72,1856.67,0.0
I009033_2,O009033,P109,1,0,2272.69,1696.43,0.0
I009033_3,O009033,P003,2,0,697.76,593.8,0.2
I009034_1,O009034,P053,1,0,2925.07,2330.08,0.1
I009034_2,O009034,P112,2,0,1407.45,1059.45,0.2
I009035_1,O009035,P048,1,0,2602.88,2064.58,0.0
I009035_2,O009035,P107,2,0,894.36,517.21,0.0
I009036_1,O009036,P058,1,0,1046.9,974.82,0.05
I009036_2,O009036,P007,1,0,2573.02,2152.99,0.0
I009037_1,O009037,P058,1,0,1171.56,974.82,0.05
I009037_2,O009037,P060,1,1,3303.24,2190.75,0.0
I009037_3,O009037,P014,1,0,1419.38,956.53,0.0
I009038_1,O009038,P038,1,0,2328.27,1939.6,0.0
I009039_1,O009039,P077,1,0,3203.02,2738.96,0.05
I009040_1,O009040,P031,1,0,277.75,221.16,0.2
I009041_1,O009041,P007,1,0,2818.43,2152.99,0.05
I009041_2,O009041,P115,1,0,2785.66,1821.73,0.05
I009041_3,O009041,P036,2,0,2681.39,2239.64,0.0
I009042_1,O009042,P087,2,2,1903.93,1487.18,0.3
I009043_1,O009043,P034,1,0,672.06,551.76,0.2
I009044_1,O009044,P101,1,0,442.68,290.92,0.05
I009045_1,O009045,P017,1,0,1967.02,1079.58,0.05
I009046_1,O009046,P055,1,0,1844.03,1250.56,0.1
I009046_2,O009046,P087,1,0,1902.39,1487.18,0.05
I009046_3,O009046,P120,1,0,3225.97,2258.38,0.1
I009047_1,O009047,P101,1,0,395.62,290.92,0.2
I009047_2,O009047,P107,1,0,900.52,517.21,0.0
I009048_1,O009048,P031,1,1,297.34,221.16,0.05
I009049_1,O009049,P077,1,0,3159.02,2738.96,0.0
I009049_2,O009049,P053,1,0,3044.74,2330.08,0.0
I009049_3,O009049,P110,1,0,555.47,387.41,0.05
I009050_1,O009050,P054,2,0,357.87,290.26,0.05
I009051_1,O009051,P070,2,0,3408.55,2889.93,0.2
I009051_2,O009051,P101,1,0,432.52,290.92,0.0
I009052_1,O009052,P064,2,0,253.79,140.8,0.0
I009052_2,O009052,P014,1,0,1456.28,956.53,0.0
I009053_1,O009053,P109,1,0,2228.74,1696.43,0.0
I009053_2,O009053,P006,1,0,2965.3,2483.13,0.05
I009054_1,O009054,P028,1,0,1396.49,1251.02,0.0
I009054_2,O009054,P048,1,0,2345.65,2064.58,0.0
I009055_1,O009055,P079,1,0,2364.16,1780.27,0.0
I009055_2,O009055,P042,1,0,3561.69,2480.29,0.2
I009056_1,O009056,P012,2,0,3550.46,2599.93,0.05
I009056_2,O009056,P017,2,0,1922.14,1079.58,0.1
I009057_1,O009057,P089,2,0,2682.03,1691.26,0.0
I009058_1,O009058,P054,1,1,369.46,290.26,0.0
I009058_2,O009058,P107,1,0,819.39,517.21,0.05
I009058_3,O009058,P058,1,0,1087.59,974.82,0.05
I009059_1,O009059,P041,1,0,1657.09,1272.83,0.0
I009060_1,O009060,P028,1,0,1562.59,1251.02,0.2
I009061_1,O009061,P092,1,0,2520.87,1883.6,0.0
I009061_2,O009061,P120,2,0,3268.8,2258.38,0.0
I009062_1,O009062,P105,1,0,1209.85,1048.44,0.1
I009063_1,O009063,P050,1,0,1130.26,748.37,0.05
I009063_2,O009063,P040,2,0,2330.49,1719.58,0.0
I009064_1,O009064,P076,2,0,2741.78,1928.31,0.0
I009065_1,O009065,P059,1,0,2460.42,2284.02,0.3
I009066_1,O009066,P052,1,0,2589.68,2232.75,0.05
I009067_1,O009067,P028,1,0,1430.47,1251.02,0.0
I009068_1,O009068,P061,1,0,2885.47,1810.66,0.2
I009069_1,O009069,P037,1,0,748.51,604.48,0.05
I009069_2,O009069,P009,2,0,180.55,142.71,0.2
I009069_3,O009069,P026,1,0,3370.12,2746.76,0.2
I009070_1,O009070,P102,2,0,3281.38,2068.63,0.1
I009070_2,O009070,P017,1,0,1917.56,1079.58,0.05
I009071_1,O009071,P015,1,0,1949.98,1639.7,0.1
I009072_1,O009072,P093,1,0,1043.39,614.67,0.05
I009073_1,O009073,P107,2,0,823.62,517.21,0.1
I009074_1,O009074,P009,1,0,187.85,142.71,0.3
I009074_2,O009074,P002,1,0,2629.44,2136.38,0.05
I009074_3,O009074,P068,1,0,3287.93,1829.36,0.1
I009075_1,O009075,P066,2,0,569.33,449.79,0.0
I009076_1,O009076,P053,1,0,2836.45,2330.08,0.0
I009077_1,O009077,P038,1,0,2315.05,1939.6,0.05
I009078_1,O009078,P108,1,0,1089.96,757.54,0.0
I009078_2,O009078,P097,2,0,559.42,385.34,0.3
I009079_1,O009079,P108,2,0,1157.31,757.54,0.05
I009080_1,O009080,P086,1,1,508.06,301.67,0.0
I009080_2,O009080,P100,1,0,2811.52,2560.83,0.05
I009081_1,O009081,P045,1,0,1628.03,1393.5,0.2
I009081_2,O009081,P018,1,0,2707.62,1861.03,0.05
I009082_1,O009082,P055,2,0,1875.28,1250.56,0.2
I009082_2,O009082,P025,1,0,726.18,526.03,0.05
I009083_1,O009083,P047,1,0,3513.19,2991.8,0.2
I009084_1,O009084,P017,1,0,1946.92,1079.58,0.2
I009085_1,O009085,P031,1,0,291.93,221.16,0.0
I009086_1,O009086,P099,1,0,1087.15,579.06,0.0
I009086_2,O009086,P030,3,0,2505.05,1879.56,0.0
I009087_1,O009087,P084,1,0,1136.11,785.13,0.2
I009087_2,O009087,P098,1,0,365.81,210.13,0.2
I009088_1,O009088,P098,1,0,331.1,210.13,0.0
I009089_1,O009089,P016,2,2,2889.67,2126.82,0.0
I009089_2,O009089,P067,1,0,1170.91,736.87,0.05
I009090_1,O009090,P007,1,1,2781.72,2152.99,0.1
I009090_2,O009090,P065,1,0,2606.21,1840.19,0.0
I009091_1,O009091,P055,1,0,1856.6,1250.56,0.05
I009091_2,O009091,P011,1,0,702.71,470.48,0.05
I009092_1,O009092,P041,1,0,1799.75,1272.83,0.1
I009093_1,O009093,P106,3,0,2894.67,2402.81,0.0
I009093_2,O009093,P100,1,0,3014.42,2560.83,0.05
I009094_1,O009094,P054,1,0,353.55,290.26,0.0
I009094_2,O009094,P115,1,0,2784.03,1821.73,0.0
I009095_1,O009095,P116,1,0,2967.3,2344.15,0.1
I009096_1,O009096,P084,1,1,1164.19,785.13,0.3
I009097_1,O009097,P101,2,0,444.93,290.92,0.05
I009097_2,O009097,P097,1,0,519.76,385.34,0.2
I009098_1,O009098,P115,1,0,2495.45,1821.73,0.2
I009098_2,O009098,P050,2,0,1108.4,748.37,0.05
I009099_1,O009099,P097,1,0,538.06,385.34,0.2
I009100_1,O009100,P075,1,0,870.49,632.05,0.0
I009100_2,O009100,P037,1,0,767.23,604.48,0.0
I009101_1,O009101,P111,1,0,1134.77,738.87,0.1
I009102_1,O009102,P018,2,0,2869.17,1861.03,0.2
I009103_1,O009103,P099,2,0,1035.55,579.06,0.0
I009103_2,O009103,P082,1,0,2159.72,1528.85,0.05
I009104_1,O009104,P044,1,0,2160.34,1529.57,0.0
I009104_2,O009104,P108,1,0,1161.36,757.54,0.0
I009104_3,O009104,P100,1,0,2814.36,2560.83,0.0
I009105_1,O009105,P098,1,0,353.58,210.13,0.05
I009105_2,O009105,P106,1,0,2987.36,2402.81,0.05
I009106_1,O009106,P092,1,0,2601.47,1883.6,0.05
I009106_2,O009106,P021,1,0,2938.08,2007.08,0.05
I009106_3,O009106,P069,1,0,2971.95,2596.65,0.0
I009107_1,O009107,P087,1,0,1987.78,1487.18,0.0
I009108_1,O009108,P109,2,0,2451.52,1696.43,0.2
I009109_1,O009109,P012,1,0,3652.41,2599.93,0.0
I009110_1,O009110,P074,1,0,2549.3,2093.66,0.05
I009111_1,O009111,P089,1,0,2493.95,1691.26,0.05
I009111_2,O009111,P078,1,0,2863.67,1751.62,0.0
I009111_3,O009111,P097,1,0,558.33,385.34,0.3
I009112_1,O009112,P018,1,0,2898.28,1861.03,0.1
I009113_1,O009113,P053,2,0,2984.89,2330.08,0.0
I009113_2,O009113,P034,1,0,650.26,551.76,0.0
I009114_1,O009114,P094,1,0,2617.85,1716.82,0.0
I009115_1,O009115,P037,1,0,785.34,604.48,0.05
I009116_1,O009116,P098,3,0,355.55,210.13,0.05
I009116_2,O009116,P054,2,0,343.39,290.26,0.1
I009116_3,O009116,P017,1,1,1806.98,1079.58,0.1
I009117_1,O009117,P094,1,0,2623.85,1716.82,0.05
I009118_1,O009118,P109,1,0,2487.52,1696.43,0.1
I009119_1,O009119,P031,1,0,302.41,221.16,0.1
I009120_1,O009120,P014,2,0,1389.78,956.53,0.05
I009120_2,O009120,P028,1,0,1434.99,1251.02,0.05
I009121_1,O009121,P013,1,0,1736.43,1078.11,0.2
I009121_2,O009121,P014,1,0,1445.69,956.53,0.1
I009122_1,O009122,P013,1,0,1879.08,1078.11,0.0
I009123_1,O009123,P099,1,0,1011.16,579.06,0.05
I009124_1,O009124,P040,2,0,2200.2,1719.58,0.0
I009124_2,O009124,P023,1,0,2370.67,1316.59,0.2
I009125_1,O009125,P043,1,0,2538.24,2155.97,0.1
I009125_2,O009125,P031,1,0,296.52,221.16,0.0
I009125_3,O009125,P002,1,0,2711.84,2136.38,0.05
I009126_1,O009126,P016,1,0,2644.74,2126.82,0.2
I009126_2,O009126,P019,2,0,2580.32,1463.41,0.05
I009127_1,O009127,P025,1,0,719.64,526.03,0.1
I009128_1,O009128,P009,1,0,182.36,142.71,0.05
I009129_1,O009129,P045,1,0,1693.39,1393.5,0.05
I009129_2,O009129,P065,1,0,2370.14,1840.19,0.2
I009129_3,O009129,P096,1,0,2993.03,1989.35,0.1
I009130_1,O009130,P083,2,0,932.92,674.18,0.05
I009130_2,O009130,P065,1,0,2429.13,1840.19,0.2
I009131_1,O009131,P062,1,0,1139.96,934.97,0.2
I009132_1,O009132,P063,2,0,2316.59,1328.53,0.0
I009132_2,O009132,P060,2,0,3593.05,2190.75,0.1
I009132_3,O009132,P105,1,0,1303.47,1048.44,0.05
I009133_1,O009133,P033,2,0,2712.53,2420.38,0.0
I009133_2,O009133,P109,1,0,2402.88,1696.43,0.0
I009134_1,O009134,P053,2,0,3169.71,2330.08,0.0
I009134_2,O009134,P018,1,0,2857.52,1861.03,0.1
I009134_3,O009134,P035,2,0,2283.83,1657.14,0.05
I009135_1,O009135,P040,1,0,2116.45,1719.58,0.05
I009135_2,O009135,P043,1,0,2638.44,2155.97,0.2
I009136_1,O009136,P044,1,0,2244.45,1529.57,0.0
I009137_1,O009137,P026,1,0,3411.17,2746.76,0.2
I009138_1,O009138,P055,1,0,1892.98,1250.56,0.1
I009138_2,O009138,P097,2,0,545.07,385.34,0.2
I009138_3,O009138,P017,1,0,1850.75,1079.58,0.0
I009139_1,O009139,P084,1,0,1158.39,785.13,0.1
I009140_1,O009140,P092,1,0,2426.17,1883.6,0.05
I009141_1,O009141,P054,1,0,357.02,290.26,0.0
I009141_2,O009141,P101,2,0,439.43,290.92,0.05
I009141_3,O009141,P028,2,0,1522.32,1251.02,0.3
I009142_1,O009142,P110,1,1,599.01,387.41,0.1
I009142_2,O009142,P008,1,0,3211.01,2190.37,0.1
I009143_1,O009143,P114,1,0,1074.69,699.07,0.2
I009143_2,O009143,P104,2,0,819.48,640.45,0.0
I009144_1,O009144,P111,1,0,1163.93,738.87,0.3
I009145_1,O009145,P018,1,1,3074.65,1861.03,0.0
I009146_1,O009146,P086,2,0,535.18,301.67,0.1
I009146_2,O009146,P020,1,1,3327.81,2726.34,0.05
I009147_1,O009147,P097,1,0,490.51,385.34,0.0
I009147_2,O009147,P096,1,0,3023.98,1989.35,0.0
I009148_1,O009148,P041,1,1,1787.55,1272.83,0.1
I009149_1,O009149,P093,1,0,1054.16,614.67,0.2
I009149_2,O009149,P043,1,0,2596.77,2155.97,0.05
I009150_1,O009150,P062,1,0,1217.6,934.97,0.05
I009151_1,O009151,P015,1,0,1856.06,1639.7,0.1
I009151_2,O009151,P119,1,0,622.4,550.1,0.05
I009152_1,O009152,P046,2,0,220.39,119.22,0.05
I009152_2,O009152,P044,3,0,2103.49,1529.57,0.1
I009153_1,O009153,P003,2,0,674.92,593.8,0.05
I009154_1,O009154,P060,1,0,3392.12,2190.75,0.2
I009154_2,O009154,P021,1,0,3154.72,2007.08,0.05
I009155_1,O009155,P081,1,0,3267.49,2035.71,0.1
I009156_1,O009156,P033,1,0,2798.13,2420.38,0.1
I009156_2,O009156,P074,1,0,2730.72,2093.66,0.0
I009156_3,O009156,P004,1,0,2992.14,2449.64,0.05
I009157_1,O009157,P023,2,0,2391.02,1316.59,0.0
I009157_2,O009157,P059,1,0,2640.98,2284.02,0.0
I009158_1,O009158,P118,1,0,1171.52,778.87,0.0
I009158_2,O009158,P007,1,0,2675.37,2152.99,0.1
I009159_1,O009159,P109,1,0,2452.0,1696.43,0.0
I009160_1,O009160,P097,1,0,543.38,385.34,0.0
I009160_2,O009160,P118,2,0,1333.22,778.87,0.0
I009161_1,O009161,P037,1,0,747.48,604.48,0.0
I009161_2,O009161,P060,1,0,3258.12,2190.75,0.0
I009162_1,O009162,P085,1,0,667.69,482.52,0.1
I009162_2,O009162,P004,1,0,3159.29,2449.64,0.2
I009162_3,O009162,P039,1,0,2980.9,1842.48,0.0
I009163_1,O009163,P085,1,0,697.73,482.52,0.1
I009164_1,O009164,P028,2,0,1431.41,1251.02,0.0
I009165_1,O009165,P026,1,0,3232.24,2746.76,0.0
I009166_1,O009166,P025,1,0,743.07,526.03,0.3
I009166_2,O009166,P031,1,0,278.06,221.16,0.0
I009166_3,O009166,P027,2,0,2307.71,1900.67,0.05
I009167_1,O009167,P049,1,0,2684.96,1767.67,0.1
I009168_1,O009168,P009,1,1,177.85,142.71,0.0
I009168_2,O009168,P019,2,0,2496.79,1463.41,0.3
I009169_1,O009169,P111,1,0,1148.33,738.87,0.05
I009170_1,O009170,P093,1,0,970.36,614.67,0.0
I009170_2,O009170,P076,1,0,2576.42,1928.31,0.0
I009171_1,O009171,P047,1,0,3264.83,2991.8,0.1
I009171_2,O009171,P057,1,0,2939.14,1751.13,0.05
I009172_1,O009172,P011,1,0,695.26,470.48,0.05
I009172_2,O009172,P077,2,2,3416.46,2738.96,0.0
I009173_1,O009173,P072,1,0,1765.59,1369.26,0.0
I009174_1,O009174,P004,2,0,3254.83,2449.64,0.3
I009174_2,O009174,P038,1,0,2336.21,1939.6,0.0
I009175_1,O009175,P014,2,0,1421.33,956.53,0.05
I009176_1,O009176,P023,1,0,2468.61,1316.59,0.0
I009176_2,O009176,P072,1,0,1772.29,1369.26,0.0
I009177_1,O009177,P046,2,0,209.9,119.22,0.1
I009178_1,O009178,P100,2,1,2917.01,2560.83,0.1
I009178_2,O009178,P036,1,0,2714.74,2239.64,0.0
I009179_1,O009179,P096,1,0,3373.78,1989.35,0.0
I009180_1,O009180,P063,1,0,2205.4,1328.53,0.0
I009181_1,O009181,P083,1,0,923.93,674.18,0.05
I009181_2,O009181,P098,1,0,361.37,210.13,0.05
I009182_1,O009182,P104,1,0,793.35,640.45,0.1
I009183_1,O009183,P099,1,0,1056.92,579.06,0.0
I009183_2,O009183,P037,1,0,749.38,604.48,0.0
I009184_1,O009184,P089,1,0,2594.62,1691.26,0.0
I009185_1,O009185,P099,1,0,1034.3,579.06,0.1
I009185_2,O009185,P057,2,0,2808.71,1751.13,0.0
I009186_1,O009186,P066,2,0,611.79,449.79,0.1
I009186_2,O009186,P040,1,0,2264.26,1719.58,0.0
I009186_3,O009186,P093,1,0,1088.67,614.67,0.05
I009187_1,O009187,P089,1,0,2646.07,1691.26,0.05
I009187_2,O009187,P090,1,0,1666.98,1197.25,0.0
I009188_1,O009188,P065,1,0,2364.64,1840.19,0.05
I009189_1,O009189,P017,1,0,1849.92,1079.58,0.0
I009190_1,O009190,P006,1,0,2928.26,2483.13,0.0
I009191_1,O009191,P079,1,0,2314.06,1780.27,0.0
I009192_1,O009192,P065,1,1,2438.63,1840.19,0.2
I009192_2,O009192,P118,1,0,1234.65,778.87,0.1
I009193_1,O009193,P005,2,0,2400.96,1891.99,0.0
I009193_2,O009193,P108,2,0,1181.99,757.54,0.1
I009194_1,O009194,P062,2,0,1093.83,934.97,0.1
I009195_1,O009195,P023,1,0,2322.82,1316.59,0.1
I009196_1,O009196,P091,1,0,750.06,567.3,0.05
I009196_2,O009196,P096,1,0,3369.25,1989.35,0.1
I009197_1,O009197,P048,1,0,2375.21,2064.58,0.2
I009198_1,O009198,P056,1,0,644.83,467.73,0.0
I009199_1,O009199,P028,1,0,1413.87,1251.02,0.2
I009200_1,O009200,P046,1,0,225.22,119.22,0.3
I009201_1,O009201,P065,1,0,2397.3,1840.19,0.05
I009201_2,O009201,P092,1,0,2563.03,1883.6,0.1
I009202_1,O009202,P053,1,0,3145.42,2330.08,0.05
I009202_2,O009202,P049,2,0,2696.28,1767.67,0.05
I009203_1,O009203,P069,2,0,3068.05,2596.65,0.05
I009204_1,O009204,P096,1,0,3161.28,1989.35,0.05
I009205_1,O009205,P022,1,0,1954.4,1361.4,0.2
I009205_2,O009205,P078,1,0,2793.18,1751.62,0.0
I009206_1,O009206,P010,1,0,770.71,468.72,0.2
I009206_2,O009206,P006,1,0,3095.92,2483.13,0.1
I009207_1,O009207,P038,2,0,2475.65,1939.6,0.05
I009207_2,O009207,P104,1,0,880.42,640.45,0.05
I009207_3,O009207,P013,1,0,1814.5,1078.11,0.0
I009208_1,O009208,P094,1,0,2827.04,1716.82,0.2
I009208_2,O009208,P038,1,0,2495.62,1939.6,0.1
I009209_1,O009209,P056,2,0,716.47,467.73,0.0
I009209_2,O009209,P057,1,0,2623.34,1751.13,0.05
I009210_1,O009210,P035,1,0,2199.37,1657.14,0.05
I009211_1,O009211,P107,1,0,848.58,517.21,0.3
I009211_2,O009211,P106,1,0,2935.57,2402.81,0.1
I009211_3,O009211,P116,1,0,2881.64,2344.15,0.0
I009212_1,O009212,P002,1,0,2947.14,2136.38,0.0
I009212_2,O009212,P097,1,0,496.99,385.34,0.0
I009213_1,O009213,P119,3,0,609.19,550.1,0.05
I009213_2,O009213,P027,1,0,2189.73,1900.67,0.0
I009214_1,O009214,P078,1,0,2905.9,1751.62,0.05
I009215_1,O009215,P055,1,0,1787.02,1250.56,0.05
I009216_1,O009216,P072,1,0,1790.37,1369.26,0.2
I009216_2,O009216,P049,1,0,2755.58,1767.67,0.0
I009217_1,O009217,P113,1,0,2266.05,1457.19,0.05
I009218_1,O009218,P006,2,0,3019.62,2483.13,0.0
I009219_1,O009219,P064,1,0,261.59,140.8,0.0
I009219_2,O009219,P095,1,0,3464.18,2194.24,0.3
I009219_3,O009219,P119,2,0,675.37,550.1,0.0
I009220_1,O009220,P017,2,0,1796.12,1079.58,0.0
I009221_1,O009221,P076,2,0,2462.21,1928.31,0.05
I009222_1,O009222,P055,1,0,1662.8,1250.56,0.0
I009222_2,O009222,P038,2,0,2342.99,1939.6,0.0
I009222_3,O009222,P005,1,0,2421.56,1891.99,0.0
I009223_1,O009223,P094,1,0,2756.38,1716.82,0.05
I009224_1,O009224,P105,1,0,1273.13,1048.44,0.05
I009224_2,O009224,P033,1,0,2992.67,2420.38,0.1
I009225_1,O009225,P070,1,0,3580.99,2889.93,0.1
I009225_2,O009225,P085,1,0,691.36,482.52,0.0
I009226_1,O009226,P053,1,0,3125.72,2330.08,0.0
I009226_2,O009226,P112,1,0,1505.47,1059.45,0.2
I009227_1,O009227,P068,1,0,3319.5,1829.36,0.0
I009227_2,O009227,P061,1,0,2722.61,1810.66,0.05
I009228_1,O009228,P047,1,0,3272.43,2991.8,0.0
I009228_2,O009228,P025,3,0,743.48,526.03,0.05
I009229_1,O009229,P040,1,0,2266.22,1719.58,0.1
I009229_2,O009229,P093,1,0,1046.49,614.67,0.0
I009229_3,O009229,P036,2,0,2597.82,2239.64,0.1
I009230_1,O009230,P047,1,0,3382.12,2991.8,0.2
I009230_2,O009230,P090,2,0,1744.52,1197.25,0.3
I009231_1,O009231,P097,2,0,519.93,385.34,0.2
I009231_2,O009231,P045,2,0,1680.52,1393.5,0.3
I009231_3,O009231,P117,1,0,1598.13,1301.63,0.05
I009232_1,O009232,P037,1,0,793.84,604.48,0.1
I009232_2,O009232,P015,2,0,1923.36,1639.7,0.05
I009233_1,O009233,P012,1,0,3859.21,2599.93,0.2
I009233_2,O009233,P081,1,0,3263.19,2035.71,0.05
I009233_3,O009233,P103,1,0,3630.33,3087.95,0.3
I009234_1,O009234,P014,1,1,1525.59,956.53,0.1
I009235_1,O009235,P058,1,0,1156.1,974.82,0.0
I009236_1,O009236,P030,1,0,2657.2,1879.56,0.05
I009236_2,O009236,P119,1,0,669.4,550.1,0.0
I009236_3,O009236,P005,1,1,2447.67,1891.99,0.2
I009237_1,O009237,P077,1,0,3006.23,2738.96,0.0
I009238_1,O009238,P064,1,0,255.53,140.8,0.05
I009239_1,O009239,P060,1,0,3424.97,2190.75,0.0
I009239_2,O009239,P098,1,0,349.93,210.13,0.0
I009240_1,O009240,P074,2,2,2542.12,2093.66,0.05
I009241_1,O009241,P119,1,0,649.3,550.1,0.05
I009242_1,O009242,P036,1,0,2509.65,2239.64,0.2
I009242_2,O009242,P007,1,0,2665.45,2152.99,0.0
I009243_1,O009243,P048,1,0,2536.58,2064.58,0.1
I009243_2,O009243,P019,1,1,2606.03,1463.41,0.1
I009244_1,O009244,P045,1,0,1719.65,1393.5,0.1
I009245_1,O009245,P048,1,0,2656.21,2064.58,0.05
I009246_1,O009246,P083,2,0,904.66,674.18,0.0
I009247_1,O009247,P063,1,0,2147.79,1328.53,0.1
I009248_1,O009248,P062,1,0,1189.77,934.97,0.1
I009249_1,O009249,P100,1,0,2925.28,2560.83,0.05
I009250_1,O009250,P089,1,0,2517.71,1691.26,0.05
I009250_2,O009250,P036,1,1,2657.96,2239.64,0.1
I009251_1,O009251,P079,1,0,2328.89,1780.27,0.0
I009251_2,O009251,P096,1,0,3426.0,1989.35,0.3
I009252_1,O009252,P088,1,0,303.22,167.15,0.2
I009253_1,O009253,P090,1,0,1761.42,1197.25,0.0
I009253_2,O009253,P016,1,0,2845.88,2126.82,0.05
I009254_1,O009254,P077,2,0,3076.77,2738.96,0.05
I009254_2,O009254,P056,1,0,673.21,467.73,0.1
I009255_1,O009255,P037,1,0,765.74,604.48,0.05
I009256_1,O009256,P075,1,0,828.29,632.05,0.2
I009257_1,O009257,P034,1,0,712.29,551.76,0.2
I009257_2,O009257,P053,2,0,3149.49,2330.08,0.0
I009258_1,O009258,P018,2,0,2731.74,1861.03,0.1
I009258_2,O009258,P120,1,0,3281.13,2258.38,0.1
I009259_1,O009259,P042,1,0,3262.39,2480.29,0.1
I009259_2,O009259,P011,1,0,633.03,470.48,0.2
I009260_1,O009260,P020,2,0,3511.9,2726.34,0.0
I009260_2,O009260,P119,2,0,656.51,550.1,0.0
I009261_1,O009261,P113,1,0,2406.21,1457.19,0.2
I009262_1,O009262,P088,2,0,309.29,167.15,0.0
I009263_1,O009263,P028,1,0,1400.78,1251.02,0.0
I009264_1,O009264,P119,1,0,657.4,550.1,0.0
I009264_2,O009264,P070,1,0,3749.71,2889.93,0.1
I009264_3,O009264,P104,1,0,872.35,640.45,0.0
I009265_1,O009265,P038,1,0,2606.51,1939.6,0.2
I009265_2,O009265,P005,2,0,2278.96,1891.99,0.2
I009266_1,O009266,P112,1,0,1524.62,1059.45,0.2
I009266_2,O009266,P097,1,0,561.38,385.34,0.05
I009266_3,O009266,P021,1,0,3158.87,2007.08,0.0
I009267_1,O009267,P079,1,0,2280.08,1780.27,0.05
I009267_2,O009267,P065,1,0,2315.51,1840.19,0.05
I009268_1,O009268,P031,3,0,290.51,221.16,0.05
I009269_1,O009269,P066,1,0,615.89,449.79,0.05
I009270_1,O009270,P106,1,0,2721.6,2402.81,0.0
I009271_1,O009271,P002,2,0,2797.82,2136.38,0.05
I009272_1,O009272,P101,1,0,393.42,290.92,0.1
I009273_1,O009273,P019,1,0,2619.51,1463.41,0.1
I009274_1,O009274,P104,1,0,819.93,640.45,0.0
I009274_2,O009274,P072,3,0,1638.43,1369.26,0.3
I009275_1,O009275,P064,1,0,257.42,140.8,0.0
I009276_1,O009276,P109,1,0,2184.72,1696.43,0.05
I009277_1,O009277,P003,1,0,717.52,593.8,0.0
I009278_1,O009278,P029,1,0,2964.17,2642.14,0.0
I009279_1,O009279,P118,1,0,1188.4,778.87,0.2
I009279_2,O009279,P116,1,0,3012.23,2344.15,0.05
I009280_1,O009280,P094,1,0,2795.98,1716.82,0.0
I009280_2,O009280,P041,2,2,1745.91,1272.83,0.0
I009280_3,O009280,P112,1,0,1573.87,1059.45,0.1
I009281_1,O009281,P089,1,0,2657.21,1691.26,0.1
I009282_1,O009282,P004,1,0,3155.46,2449.64,0.3
I009283_1,O009283,P069,1,0,3118.06,2596.65,0.05
I009283_2,O009283,P117,3,0,1649.98,1301.63,0.0
I009284_1,O009284,P070,1,0,3443.68,2889.93,0.3
I009285_1,O009285,P053,1,0,2977.14,2330.08,0.2
I009286_1,O009286,P028,2,0,1579.27,1251.02,0.05
I009287_1,O009287,P035,2,0,2314.64,1657.14,0.2
I009288_1,O009288,P022,1,0,2055.06,1361.4,0.2
I009289_1,O009289,P120,1,0,3354.12,2258.38,0.0
I009290_1,O009290,P043,1,0,2698.88,2155.97,0.0
I009290_2,O009290,P118,1,0,1269.21,778.87,0.2
I009291_1,O009291,P073,2,0,3291.4,2517.93,0.0
I009292_1,O009292,P044,1,0,2166.04,1529.57,0.05
I009292_2,O009292,P114,1,0,1073.28,699.07,0.2
I009292_3,O009292,P019,1,0,2341.51,1463.41,0.05
I009293_1,O009293,P041,1,0,1801.76,1272.83,0.0
I009293_2,O009293,P058,1,0,1058.73,974.82,0.0
I009294_1,O009294,P076,2,0,2515.08,1928.31,0.0
I009294_2,O009294,P008,1,0,3285.99,2190.37,0.0
I009294_3,O009294,P019,1,0,2374.3,1463.41,0.0
I009295_1,O009295,P003,1,0,697.82,593.8,0.0
I009295_2,O009295,P053,1,0,2933.52,2330.08,0.0
I009296_1,O009296,P057,2,0,2764.5,1751.13,0.0
I009297_1,O009297,P070,1,0,3617.03,2889.93,0.05
I009298_1,O009298,P054,1,0,335.91,290.26,0.1
I009299_1,O009299,P098,1,0,325.73,210.13,0.0
I009299_2,O009299,P093,1,0,1089.33,614.67,0.05
I009300_1,O009300,P070,2,0,3575.04,2889.93,0.2
I009300_2,O009300,P033,1,0,2688.9,2420.38,0.0
I009301_1,O009301,P043,1,0,2426.65,2155.97,0.1
I009301_2,O009301,P091,2,0,760.48,567.3,0.0
I009302_1,O009302,P084,1,0,1145.73,785.13,0.0
I009302_2,O009302,P015,1,0,1844.85,1639.7,0.2
I009302_3,O009302,P044,2,0,2308.84,1529.57,0.2
I009303_1,O009303,P023,1,0,2184.14,1316.59,0.1
I009303_2,O009303,P047,2,0,3512.87,2991.8,0.05
I009303_3,O009303,P071,1,0,2113.18,1171.43,0.0
I009304_1,O009304,P027,1,0,2313.51,1900.67,0.1
I009305_1,O009305,P086,1,0,554.97,301.67,0.05
I009306_1,O009306,P042,1,0,3267.66,2480.29,0.0
I009306_2,O009306,P059,1,0,2566.46,2284.02,0.05
I009307_1,O009307,P047,2,0,3467.65,2991.8,0.0
I009307_2,O009307,P089,1,0,2588.9,1691.26,0.2
I009308_1,O009308,P116,1,0,2761.32,2344.15,0.0
I009308_2,O009308,P014,2,0,1401.67,956.53,0.1
I009308_3,O009308,P094,1,0,2955.93,1716.82,0.0
I009309_1,O009309,P056,1,0,684.79,467.73,0.1
I009309_2,O009309,P118,1,0,1212.01,778.87,0.1
I009310_1,O009310,P112,1,0,1409.67,1059.45,0.05
I009311_1,O009311,P100,1,1,2791.73,2560.83,0.0
I009311_2,O009311,P047,1,0,3280.42,2991.8,0.0
I009311_3,O009311,P092,1,0,2657.4,1883.6,0.0
I009312_1,O009312,P009,2,0,178.69,142.71,0.3
I009313_1,O009313,P095,1,0,3326.59,2194.24,0.0
I009313_2,O009313,P090,1,1,1643.35,1197.25,0.0
I009314_1,O009314,P076,1,0,2488.31,1928.31,0.1
I009314_2,O009314,P091,2,0,761.45,567.3,0.05
I009315_1,O009315,P081,1,0,3190.08,2035.71,0.05
I009315_2,O009315,P082,2,0,2403.8,1528.85,0.2
I009316_1,O009316,P099,1,1,979.6,579.06,0.1
I009317_1,O009317,P036,2,0,2656.34,2239.64,0.05
I009317_2,O009317,P047,1,0,3281.12,2991.8,0.0
I009318_1,O009318,P057,1,0,2670.05,1751.13,0.1
I009318_2,O009318,P010,1,0,722.87,468.72,0.1
I009319_1,O009319,P044,1,0,2167.75,1529.57,0.05
I009320_1,O009320,P118,1,0,1169.34,778.87,0.0
I009321_1,O009321,P067,1,0,1128.43,736.87,0.2
I009322_1,O009322,P056,2,0,715.69,467.73,0.05
I009323_1,O009323,P083,1,0,918.11,674.18,0.0
I009324_1,O009324,P113,2,0,2187.34,1457.19,0.0
I009324_2,O009324,P068,1,0,3260.8,1829.36,0.0
I009325_1,O009325,P041,2,0,1756.09,1272.83,0.2
I009326_1,O009326,P022,1,0,2029.98,1361.4,0.3
I009327_1,O009327,P079,2,0,2381.51,1780.27,0.1
I009328_1,O009328,P090,1,0,1678.77,1197.25,0.05
I009329_1,O009329,P090,2,0,1764.18,1197.25,0.0
I009330_1,O009330,P065,1,0,2387.83,1840.19,0.05
I009331_1,O009331,P076,1,0,2687.82,1928.31,0.05
I009332_1,O009332,P009,1,0,185.21,142.71,0.1
I009333_1,O009333,P100,1,0,2783.38,2560.83,0.0
I009333_2,O009333,P078,1,0,2689.7,1751.62,0.2
I009334_1,O009334,P026,1,0,3186.97,2746.76,0.0
I009335_1,O009335,P009,1,0,177.9,142.71,0.05
I009335_2,O009335,P050,2,0,1174.02,748.37,0.0
I009335_3,O009335,P034,1,0,668.21,551.76,0.0
I009336_1,O009336,P056,1,0,689.95,467.73,0.3
I009337_1,O009337,P056,1,0,698.82,467.73,0.1
I009337_2,O009337,P016,1,0,2599.0,2126.82,0.2
I009338_1,O009338,P081,1,0,3314.04,2035.71,0.0
I009339_1,O009339,P087,1,0,1922.79,1487.18,0.0
I009339_2,O009339,P043,1,0,2609.69,2155.97,0.0
I009340_1,O009340,P063,1,0,2296.25,1328.53,0.05
I009340_2,O009340,P072,2,0,1721.93,1369.26,0.0
I009341_1,O009341,P029,1,0,3053.08,2642.14,0.05
I009341_2,O009341,P094,1,0,2982.12,1716.82,0.2
I009342_1,O009342,P113,1,0,2328.01,1457.19,0.05
I009342_2,O009342,P002,1,0,2874.26,2136.38,0.0
I009342_3,O009342,P014,1,0,1372.3,956.53,0.0
I009343_1,O009343,P012,1,0,3684.25,2599.93,0.0
I009343_2,O009343,P099,1,0,1104.39,579.06,0.0
I009344_1,O009344,P062,3,0,1143.59,934.97,0.0
I009345_1,O009345,P011,1,0,691.9,470.48,0.05
I009345_2,O009345,P117,2,0,1652.1,1301.63,0.05
I009346_1,O009346,P065,1,0,2408.86,1840.19,0.0
I009347_1,O009347,P115,1,0,2658.57,1821.73,0.2
I009347_2,O009347,P036,2,0,2507.13,2239.64,0.05
I009348_1,O009348,P074,1,0,2752.67,2093.66,0.05
I009348_2,O009348,P115,2,0,2654.12,1821.73,0.2
I009348_3,O009348,P027,1,0,2334.42,1900.67,0.1
I009349_1,O009349,P098,1,0,324.2,210.13,0.05
I009350_1,O009350,P023,1,0,2444.26,1316.59,0.05
I009351_1,O009351,P062,3,0,1140.63,934.97,0.0
I009352_1,O009352,P006,1,0,3125.15,2483.13,0.1
I009353_1,O009353,P055,2,1,1723.51,1250.56,0.0
I009353_2,O009353,P105,1,0,1204.92,1048.44,0.05
I009353_3,O009353,P061,1,1,2520.31,1810.66,0.0
I009354_1,O009354,P041,1,0,1723.53,1272.83,0.0
I009355_1,O009355,P089,1,0,2572.8,1691.26,0.2
I009355_2,O009355,P062,1,0,1176.18,934.97,0.1
I009356_1,O009356,P118,2,2,1281.37,778.87,0.1
I009356_2,O009356,P031,1,0,285.15,221.16,0.0
I009357_1,O009357,P027,1,0,2156.91,1900.67,0.1
I009358_1,O009358,P013,1,0,1802.31,1078.11,0.0
I009359_1,O009359,P040,1,0,2183.35,1719.58,0.0
I009360_1,O009360,P094,3,0,2846.22,1716.82,0.05
I009361_1,O009361,P038,1,0,2373.18,1939.6,0.1
I009362_1,O009362,P111,1,0,1063.35,738.87,0.1
I009363_1,O009363,P025,1,0,766.98,526.03,0.3
I009363_2,O009363,P040,1,0,2171.82,1719.58,0.05
I009364_1,O009364,P018,2,0,3072.77,1861.03,0.3
I009364_2,O009364,P115,1,0,2581.85,1821.73,0.2
I009365_1,O009365,P116,1,0,2780.7,2344.15,0.1
I009366_1,O009366,P036,2,0,2744.35,2239.64,0.05
I009367_1,O009367,P054,1,0,346.62,290.26,0.3
I009367_2,O009367,P103,1,0,3546.67,3087.95,0.2
I009368_1,O009368,P011,1,0,664.52,470.48,0.1
I009369_1,O009369,P066,1,0,596.3,449.79,0.1
I009370_1,O009370,P022,2,0,1909.1,1361.4,0.0
I009371_1,O009371,P070,1,0,3319.31,2889.93,0.05
I009371_2,O009371,P061,1,0,2868.91,1810.66,0.0
I009372_1,O009372,P060,1,0,3606.08,2190.75,0.05
I009373_1,O009373,P075,2,0,863.12,632.05,0.1
I009374_1,O009374,P021,1,0,3088.5,2007.08,0.0
I009374_2,O009374,P086,1,0,564.91,301.67,0.1
I009375_1,O009375,P024,2,0,3207.01,2312.84,0.1
I009375_2,O009375,P018,1,0,2735.55,1861.03,0.0
I009375_3,O009375,P119,1,0,639.77,550.1,0.2
I009376_1,O009376,P013,1,0,1851.29,1078.11,0.0
I009377_1,O009377,P070,1,0,3576.2,2889.93,0.0
I009377_2,O009377,P047,1,0,3284.18,2991.8,0.0
I009377_3,O009377,P001,1,0,770.69,503.11,0.1
I009378_1,O009378,P089,2,0,2618.78,1691.26,0.2
I009378_2,O009378,P080,1,0,880.08,706.47,0.1
I009379_1,O009379,P106,1,0,2817.66,2402.81,0.0
I009379_2,O009379,P093,1,1,1006.82,614.67,0.0
I009380_1,O009380,P085,1,0,735.44,482.52,0.1
I009380_2,O009380,P043,1,0,2650.54,2155.97,0.1
I009381_1,O009381,P113,1,0,2396.84,1457.19,0.1
I009382_1,O009382,P060,1,0,3382.23,2190.75,0.05
I009382_2,O009382,P009,1,0,195.64,142.71,0.05
I009382_3,O009382,P062,1,0,1219.4,934.97,0.0
I009383_1,O009383,P073,1,0,3273.02,2517.93,0.05
I009383_2,O009383,P018,1,0,3066.73,1861.03,0.0
I009384_1,O009384,P066,1,0,618.19,449.79,0.0
I009384_2,O009384,P069,1,0,2806.19,2596.65,0.05
I009385_1,O009385,P026,1,0,3336.43,2746.76,0.05
I009386_1,O009386,P110,1,0,590.94,387.41,0.0
I009387_1,O009387,P019,1,0,2557.36,1463.41,0.2
I009388_1,O009388,P054,2,0,325.06,290.26,0.0
I009388_2,O009388,P086,1,0,582.95,301.67,0.0
I009389_1,O009389,P069,1,0,2837.94,2596.65,0.05
I009389_2,O009389,P109,1,0,2298.24,1696.43,0.05
I009390_1,O009390,P012,1,0,3549.33,2599.93,0.1
I009390_2,O009390,P120,1,1,3297.53,2258.38,0.05
I009391_1,O009391,P093,1,0,1005.51,614.67,0.2
I009391_2,O009391,P041,1,0,1843.23,1272.83,0.05
I009392_1,O009392,P019,1,0,2542.5,1463.41,0.2
I009393_1,O009393,P111,1,0,1101.51,738.87,0.05
I009394_1,O009394,P033,1,0,2851.86,2420.38,0.05
I009395_1,O009395,P001,2,0,815.71,503.11,0.1
I009396_1,O009396,P111,1,0,1069.89,738.87,0.0
I009397_1,O009397,P005,1,0,2407.06,1891.99,0.05
I009398_1,O009398,P002,3,0,2963.42,2136.38,0.0
I009399_1,O009399,P099,2,0,1068.13,579.06,0.0
I009400_1,O009400,P026,1,0,3121.07,2746.76,0.0
I009401_1,O009401,P086,1,0,545.39,301.67,0.0
I009401_2,O009401,P053,1,0,2958.03,2330.08,0.2
I009402_1,O009402,P015,1,0,1989.88,1639.7,0.05
I009402_2,O009402,P063,1,1,2207.49,1328.53,0.0
I009403_1,O009403,P089,1,0,2577.25,1691.26,0.0
I009404_1,O009404,P023,1,0,2333.93,1316.59,0.1
I009405_1,O009405,P111,1,0,1044.93,738.87,0.0
I009406_1,O009406,P069,2,0,3073.01,2596.65,0.0
I009406_2,O009406,P054,2,0,324.38,290.26,0.0
I009407_1,O009407,P017,1,0,1863.75,1079.58,0.0
I009408_1,O009408,P003,1,0,675.21,593.8,0.2
I009409_1,O009409,P041,1,0,1768.81,1272.83,0.0
I009410_1,O009410,P062,1,0,1095.25,934.97,0.0
I009410_2,O009410,P086,2,0,533.81,301.67,0.05
I009411_1,O009411,P050,1,0,1160.41,748.37,0.1
I009411_2,O009411,P075,1,0,848.7,632.05,0.0
I009412_1,O009412,P054,1,0,337.24,290.26,0.3
I009413_1,O009413,P016,3,0,2930.4,2126.82,0.0
I009413_2,O009413,P052,1,0,2654.09,2232.75,0.3
I009414_1,O009414,P040,1,0,2058.03,1719.58,0.0
I009414_2,O009414,P007,1,0,2659.46,2152.99,0.1
I009415_1,O009415,P034,1,0,721.05,551.76,0.1
I009416_1,O009416,P049,2,0,2594.12,1767.67,0.0
I009417_1,O009417,P047,3,0,3708.35,2991.8,0.0
I009418_1,O009418,P055,2,0,1842.26,1250.56,0.05
I009419_1,O009419,P075,1,0,911.62,632.05,0.05
I009419_2,O009419,P037,3,0,845.15,604.48,0.1
I009420_1,O009420,P055,1,0,1902.16,1250.56,0.1
I009420_2,O009420,P096,1,0,3303.02,1989.35,0.05
I009421_1,O009421,P070,2,0,3619.43,2889.93,0.05
I009422_1,O009422,P093,1,0,1033.09,614.67,0.0
I009423_1,O009423,P069,1,1,2826.71,2596.65,0.2
I009424_1,O009424,P044,1,0,2333.21,1529.57,0.05
I009424_2,O009424,P106,1,0,2775.65,2402.81,0.0
I009425_1,O009425,P109,1,0,2456.4,1696.43,0.05
I009425_2,O009425,P024,1,0,3309.16,2312.84,0.2
I009426_1,O009426,P113,1,0,2200.92,1457.19,0.1
I009426_2,O009426,P035,1,0,2468.51,1657.14,0.1
I009427_1,O009427,P104,1,0,824.68,640.45,0.3
I009427_2,O009427,P074,1,0,2802.78,2093.66,0.05
I009428_1,O009428,P011,1,0,695.8,470.48,0.1
I009428_2,O009428,P014,1,0,1477.94,956.53,0.1
I009429_1,O009429,P086,1,0,582.76,301.67,0.05
I009429_2,O009429,P065,1,0,2449.26,1840.19,0.05
I009429_3,O009429,P016,1,0,2580.36,2126.82,0.05
I009430_1,O009430,P003,1,0,672.23,593.8,0.3
I009430_2,O009430,P061,2,0,2823.53,1810.66,0.0
I009431_1,O009431,P097,1,0,490.85,385.34,0.05
I009431_2,O009431,P116,1,0,2954.52,2344.15,0.0
I009431_3,O009431,P107,1,0,927.88,517.21,0.1
I009432_1,O009432,P077,1,0,3010.18,2738.96,0.05
I009433_1,O009433,P004,1,0,3096.34,2449.64,0.1
I009434_1,O009434,P083,1,0,940.64,674.18,0.3
I009435_1,O009435,P022,1,0,2052.47,1361.4,0.1
I009436_1,O009436,P108,1,0,1112.77,757.54,0.0
I009437_1,O009437,P058,1,0,1040.08,974.82,0.05
I009438_1,O009438,P111,1,0,1186.96,738.87,0.1
I009439_1,O009439,P101,1,0,391.74,290.92,0.0
I009440_1,O009440,P032,1,0,778.52,692.6,0.05
I009441_1,O009441,P016,1,0,2671.22,2126.82,0.05
I009441_2,O009441,P070,1,0,3533.07,2889.93,0.0
I009442_1,O009442,P038,1,0,2621.64,1939.6,0.0
I009442_2,O009442,P035,1,0,2412.27,1657.14,0.1
I009442_3,O009442,P086,1,0,556.34,301.67,0.1
I009443_1,O009443,P018,1,0,2786.84,1861.03,0.0
I009444_1,O009444,P064,2,0,240.11,140.8,0.1
I009444_2,O009444,P079,1,0,2248.82,1780.27,0.0
I009445_1,O009445,P084,3,0,1174.0,785.13,0.1
I009445_2,O009445,P104,1,0,830.0,640.45,0.0
I009446_1,O009446,P031,1,1,314.77,221.16,0.0
I009446_2,O009446,P089,1,0,2439.03,1691.26,0.0
I009446_3,O009446,P104,1,0,853.83,640.45,0.0
I009447_1,O009447,P067,1,0,1216.68,736.87,0.0
I009448_1,O009448,P092,1,0,2654.33,1883.6,0.05
I009448_2,O009448,P013,1,0,1853.38,1078.11,0.1
I009449_1,O009449,P051,1,0,2583.35,1856.67,0.1
I009449_2,O009449,P120,1,0,3357.21,2258.38,0.2
I009450_1,O009450,P005,2,2,2217.35,1891.99,0.0
I009451_1,O009451,P012,1,0,3803.06,2599.93,0.05
I009451_2,O009451,P026,1,0,3019.18,2746.76,0.0
I009452_1,O009452,P022,1,0,1964.71,1361.4,0.05
I009452_2,O009452,P004,1,0,3047.89,2449.64,0.0
I009452_3,O009452,P075,1,0,865.26,632.05,0.05
I009453_1,O009453,P095,1,0,3118.31,2194.24,0.0
I009454_1,O009454,P036,1,0,2687.14,2239.64,0.0
I009455_1,O009455,P069,1,0,2889.4,2596.65,0.0
I009455_2,O009455,P018,1,0,2801.09,1861.03,0.05
I009456_1,O009456,P001,2,0,774.39,503.11,0.0
I009456_2,O009456,P035,1,0,2386.51,1657.14,0.05
I009457_1,O009457,P094,2,0,2873.53,1716.82,0.0
I009457_2,O009457,P089,1,0,2692.53,1691.26,0.05
I009458_1,O009458,P061,2,0,2644.49,1810.66,0.2
I009458_2,O009458,P059,3,0,2549.06,2284.02,0.0
I009459_1,O009459,P089,1,0,2640.77,1691.26,0.2
I009459_2,O009459,P055,1,0,1888.25,1250.56,0.1
I009460_1,O009460,P103,2,0,3583.33,3087.95,0.1
I009461_1,O009461,P027,2,0,2141.69,1900.67,0.0
I009462_1,O009462,P078,1,0,2590.58,1751.62,0.0
I009463_1,O009463,P090,1,0,1815.97,1197.25,0.2
I009464_1,O009464,P045,1,0,1574.18,1393.5,0.1
I009465_1,O009465,P109,1,0,2292.09,1696.43,0.1
I009466_1,O009466,P066,1,0,589.95,449.79,0.05
I009466_2,O009466,P081,1,0,3370.65,2035.71,0.05
I009467_1,O009467,P109,1,0,2404.58,1696.43,0.0
I009467_2,O009467,P028,1,0,1536.52,1251.02,0.1
I009468_1,O009468,P029,3,0,3168.88,2642.14,0.1
I009469_1,O009469,P051,1,0,2620.51,1856.67,0.0
I009469_2,O009469,P006,2,0,2759.2,2483.13,0.05
I009470_1,O009470,P040,1,0,2135.22,1719.58,0.05
I009470_2,O009470,P044,1,0,2236.1,1529.57,0.05
I009471_1,O009471,P081,1,0,3223.29,2035.71,0.2
I009471_2,O009471,P100,1,0,2997.02,2560.83,0.1
I009472_1,O009472,P026,1,0,3277.44,2746.76,0.2
I009472_2,O009472,P117,1,0,1605.54,1301.63,0.05
I009473_1,O009473,P118,2,0,1316.48,778.87,0.2
I009473_2,O009473,P055,2,0,1781.33,1250.56,0.0
I009473_3,O009473,P094,1,0,2617.17,1716.82,0.3
I009474_1,O009474,P037,1,0,781.66,604.48,0.0
I009475_1,O009475,P065,1,0,2523.65,1840.19,0.05
I009476_1,O009476,P096,1,0,3192.08,1989.35,0.0
I009477_1,O009477,P115,2,0,2613.56,1821.73,0.0
I009478_1,O009478,P042,1,0,3267.19,2480.29,0.05
I009479_1,O009479,P010,1,0,686.16,468.72,0.0
I009479_2,O009479,P062,1,0,1180.55,934.97,0.0
I009480_1,O009480,P059,2,0,2755.09,2284.02,0.0
I009481_1,O009481,P083,1,0,894.6,674.18,0.0
I009481_2,O009481,P033,1,0,2873.49,2420.38,0.0
I009481_3,O009481,P089,1,0,2431.85,1691.26,0.0
I009482_1,O009482,P020,1,0,3419.17,2726.34,0.0
I009483_1,O009483,P007,1,0,2615.48,2152.99,0.3
I009483_2,O009483,P084,1,0,1133.41,785.13,0.0
I009484_1,O009484,P099,1,0,1017.39,579.06,0.2
I009485_1,O009485,P059,2,0,2498.56,2284.02,0.0
I009486_1,O009486,P084,1,0,1195.08,785.13,0.0
I009486_2,O009486,P061,1,0,2876.21,1810.66,0.0
I009487_1,O009487,P025,1,0,797.76,526.03,0.1
I009487_2,O009487,P081,1,0,3300.2,2035.71,0.0
I009487_3,O009487,P046,1,0,204.31,119.22,0.0
I009488_1,O009488,P037,1,0,785.1,604.48,0.0
I009488_2,O009488,P088,1,0,307.61,167.15,0.0
I009489_1,O009489,P008,1,0,3046.92,2190.37,0.05
I009489_2,O009489,P116,1,0,2662.22,2344.15,0.2
I009490_1,O009490,P097,2,0,509.41,385.34,0.0
I009491_1,O009491,P056,1,0,683.25,467.73,0.1
I009492_1,O009492,P113,1,0,2308.57,1457.19,0.0
I009492_2,O009492,P049,1,0,2645.2,1767.67,0.05
I009493_1,O009493,P080,1,0,856.68,706.47,0.0
I009494_1,O009494,P093,1,0,989.59,614.67,0.0
I009494_2,O009494,P103,1,0,3431.36,3087.95,0.0
I009495_1,O009495,P015,1,0,1858.77,1639.7,0.0
I009496_1,O009496,P022,2,0,2082.45,1361.4,0.2
I009497_1,O009497,P098,1,0,324.56,210.13,0.0
I009497_2,O009497,P009,1,0,197.19,142.71,0.05
I009497_3,O009497,P120,1,0,3368.57,2258.38,0.0
I009498_1,O009498,P004,1,0,3380.88,2449.64,0.1
I009498_2,O009498,P033,1,0,2630.2,2420.38,0.0
I009499_1,O009499,P078,1,0,2698.55,1751.62,0.2
I009499_2,O009499,P027,1,0,2043.39,1900.67,0.2
I009500_1,O009500,P070,1,0,3783.07,2889.93,0.05
I009500_2,O009500,P012,2,0,3521.8,2599.93,0.2
I009501_1,O009501,P092,1,0,2440.7,1883.6,0.05
I009502_1,O009502,P002,1,1,2865.17,2136.38,0.05
I009503_1,O009503,P005,1,0,2357.44,1891.99,0.0
I009503_2,O009503,P047,2,0,3340.41,2991.8,0.0
I009504_1,O009504,P063,3,0,2138.57,1328.53,0.0
I009505_1,O009505,P057,2,0,2603.7,1751.13,0.0
I009505_2,O009505,P007,1,0,2602.66,2152.99,0.05
I009506_1,O009506,P029,1,0,2823.97,2642.14,0.05
I009506_2,O009506,P020,1,0,3271.14,2726.34,0.3
I009507_1,O009507,P120,2,0,3411.23,2258.38,0.0
I009508_1,O009508,P094,1,1,2889.0,1716.82,0.0
I009509_1,O009509,P077,1,0,3130.89,2738.96,0.2
I009509_2,O009509,P001,2,0,743.17,503.11,0.05
I009510_1,O009510,P041,1,0,1671.38,1272.83,0.1
I009511_1,O009511,P084,1,0,1171.26,785.13,0.0
I009512_1,O009512,P031,1,0,313.27,221.16,0.1
I009513_1,O009513,P060,1,1,3476.46,2190.75,0.2
I009514_1,O009514,P101,2,0,393.93,290.92,0.2
I009515_1,O009515,P055,2,0,1754.72,1250.56,0.05
I009516_1,O009516,P097,1,0,551.88,385.34,0.0
I009517_1,O009517,P077,1,0,3225.08,2738.96,0.0
I009518_1,O009518,P073,1,0,3131.11,2517.93,0.0
I009519_1,O009519,P104,1,0,845.6,640.45,0.0
I009519_2,O009519,P078,2,0,2906.43,1751.62,0.0
I009520_1,O009520,P008,2,0,3211.01,2190.37,0.1
I009521_1,O009521,P069,1,0,2856.81,2596.65,0.3
I009522_1,O009522,P104,1,0,879.31,640.45,0.2
I009523_1,O009523,P006,2,0,3146.38,2483.13,0.0
I009523_2,O009523,P112,1,0,1480.68,1059.45,0.1
I009524_1,O009524,P019,1,0,2542.74,1463.41,0.05
I009525_1,O009525,P090,1,0,1643.56,1197.25,0.05
I009526_1,O009526,P061,1,0,2732.57,1810.66,0.05
I009527_1,O009527,P059,1,0,2770.78,2284.02,0.2
I009528_1,O009528,P097,1,0,487.76,385.34,0.0
I009529_1,O009529,P057,1,0,2970.89,1751.13,0.2
I009530_1,O009530,P107,1,0,915.82,517.21,0.1
I009531_1,O009531,P093,2,0,973.91,614.67,0.2
I009532_1,O009532,P003,1,0,696.43,593.8,0.2
I009533_1,O009533,P022,1,0,1946.18,1361.4,0.2
I009534_1,O009534,P089,1,0,2520.4,1691.26,0.0
I009535_1,O009535,P009,2,0,198.02,142.71,0.1
I009536_1,O009536,P016,1,0,2744.48,2126.82,0.05
I009536_2,O009536,P079,1,0,2215.77,1780.27,0.0
I009537_1,O009537,P104,2,0,773.53,640.45,0.0
I009537_2,O009537,P046,1,0,219.78,119.22,0.05
I009538_1,O009538,P084,1,0,1129.07,785.13,0.2
I009538_2,O009538,P103,1,0,3630.79,3087.95,0.1
I009539_1,O009539,P003,1,0,671.31,593.8,0.05
I009540_1,O009540,P052,1,0,2866.98,2232.75,0.0
I009541_1,O009541,P076,2,0,2729.78,1928.31,0.05
I009541_2,O009541,P088,1,0,322.47,167.15,0.0
I009542_1,O009542,P104,2,0,870.6,640.45,0.0
I009543_1,O009543,P104,1,0,820.85,640.45,0.0
I009543_2,O009543,P082,2,0,2141.53,1528.85,0.0
I009544_1,O009544,P106,1,0,2710.86,2402.81,0.05
I009544_2,O009544,P090,1,0,1800.74,1197.25,0.3
I009544_3,O009544,P059,1,0,2491.59,2284.02,0.3
I009545_1,O009545,P072,1,0,1837.85,1369.26,0.1
I009545_2,O009545,P091,1,0,815.14,567.3,0.1
I009545_3,O009545,P099,1,0,1076.79,579.06,0.05
I009546_1,O009546,P108,1,0,1115.39,757.54,0.05
I009546_2,O009546,P037,2,0,776.79,604.48,0.05
I009547_1,O009547,P021,2,0,3158.24,2007.08,0.1
I009548_1,O009548,P075,2,0,903.18,632.05,0.0
I009548_2,O009548,P042,1,0,3578.07,2480.29,0.05
I009549_1,O009549,P049,1,0,2624.59,1767.67,0.0
I009550_1,O009550,P028,1,0,1435.97,1251.02,0.0
I009550_2,O009550,P010,1,0,757.39,468.72,0.1
I009551_1,O009551,P033,1,0,2681.69,2420.38,0.05
I009551_2,O009551,P118,1,0,1265.85,778.87,0.05
I009551_3,O009551,P040,1,0,2132.47,1719.58,0.0
I009552_1,O009552,P085,2,0,714.13,482.52,0.0
I009553_1,O009553,P079,2,0,2435.26,1780.27,0.05
I009554_1,O009554,P054,2,0,333.74,290.26,0.0
I009554_2,O009554,P113,1,0,2126.36,1457.19,0.1
I009555_1,O009555,P052,1,0,2588.95,2232.75,0.0
I009555_2,O009555,P014,1,1,1448.45,956.53,0.0
I009556_1,O009556,P001,1,0,799.04,503.11,0.2
I009556_2,O009556,P057,2,0,2866.03,1751.13,0.05
I009556_3,O009556,P006,1,0,2873.24,2483.13,0.2
I009557_1,O009557,P080,1,0,849.73,706.47,0.0
I009558_1,O009558,P010,1,0,766.0,468.72,0.05
I009559_1,O009559,P094,1,0,2981.03,1716.82,0.0
I009559_2,O009559,P047,1,1,3736.06,2991.8,0.0
I009560_1,O009560,P099,2,0,978.44,579.06,0.0
I009561_1,O009561,P042,1,0,3498.0,2480.29,0.0
I009561_2,O009561,P045,1,0,1660.56,1393.5,0.0
I009562_1,O009562,P074,1,0,2639.75,2093.66,0.0
I009563_1,O009563,P075,2,0,868.12,632.05,0.0
I009563_2,O009563,P101,1,0,403.85,290.92,0.0
I009564_1,O009564,P107,1,0,849.35,517.21,0.1
I009564_2,O009564,P003,1,0,678.37,593.8,0.0
I009565_1,O009565,P077,1,0,3431.61,2738.96,0.0
I009565_2,O009565,P052,1,0,2858.31,2232.75,0.05
I009566_1,O009566,P090,1,0,1626.29,1197.25,0.0
I009567_1,O009567,P031,1,0,317.6,221.16,0.0
I009568_1,O009568,P061,1,0,2739.47,1810.66,0.1
I009569_1,O009569,P040,1,0,2235.73,1719.58,0.2
I009570_1,O009570,P116,2,0,2695.66,2344.15,0.05
I009570_2,O009570,P035,1,0,2201.73,1657.14,0.05
I009571_1,O009571,P074,1,0,2764.95,2093.66,0.0
I009571_2,O009571,P009,1,0,200.24,142.71,0.0
I009572_1,O009572,P004,1,0,3314.17,2449.64,0.0
I009573_1,O009573,P096,1,0,3432.21,1989.35,0.1
I009573_2,O009573,P077,1,0,3381.39,2738.96,0.1
I009574_1,O009574,P050,2,0,1213.22,748.37,0.1
I009574_2,O009574,P067,1,1,1144.2,736.87,0.1
I009575_1,O009575,P078,2,0,2634.55,1751.62,0.1
I009576_1,O009576,P118,1,0,1186.32,778.87,0.1
I009576_2,O009576,P084,2,2,1148.91,785.13,0.0
I009576_3,O009576,P038,1,0,2366.97,1939.6,0.0
I009577_1,O009577,P041,2,0,1843.28,1272.83,0.0
I009577_2,O009577,P046,1,0,212.83,119.22,0.05
I009577_3,O009577,P019,1,0,2587.78,1463.41,0.05
I009578_1,O009578,P023,1,0,2308.44,1316.59,0.1
I009579_1,O009579,P066,1,0,589.03,449.79,0.2
I009579_2,O009579,P077,1,0,3429.68,2738.96,0.05
I009580_1,O009580,P013,1,0,1651.91,1078.11,0.1
I009581_1,O009581,P016,2,0,2808.92,2126.82,0.1
I009582_1,O009582,P107,1,0,923.21,517.21,0.2
I009583_1,O009583,P053,1,0,3047.11,2330.08,0.0
I009584_1,O009584,P053,2,0,2932.2,2330.08,0.0
I009584_2,O009584,P093,2,0,1053.25,614.67,0.0
I009584_3,O009584,P049,1,0,2734.71,1767.67,0.3
I009585_1,O009585,P032,1,0,889.83,692.6,0.05
I009586_1,O009586,P009,1,0,194.07,142.71,0.0
I009587_1,O009587,P038,1,0,2537.3,1939.6,0.3
I009588_1,O009588,P008,1,0,2974.87,2190.37,0.2
I009588_2,O009588,P053,1,0,3072.16,2330.08,0.0
I009589_1,O009589,P112,1,0,1490.58,1059.45,0.0
I009590_1,O009590,P026,1,0,3299.9,2746.76,0.0
I009591_1,O009591,P068,2,0,3197.91,1829.36,0.0
I009592_1,O009592,P034,2,0,680.69,551.76,0.0
I009593_1,O009593,P099,1,0,991.13,579.06,0.05
I009594_1,O009594,P035,1,0,2491.4,1657.14,0.2
I009594_2,O009594,P119,1,1,665.74,550.1,0.0
I009595_1,O009595,P088,1,0,313.37,167.15,0.05
I009596_1,O009596,P091,1,0,777.79,567.3,0.05
I009597_1,O009597,P053,1,0,2978.99,2330.08,0.0
I009598_1,O009598,P038,1,0,2473.65,1939.6,0.05
I009598_2,O009598,P029,1,0,2846.02,2642.14,0.1
I009599_1,O009599,P045,1,0,1776.24,1393.5,0.0
I009599_2,O009599,P052,2,0,2659.33,2232.75,0.1
I009600_1,O009600,P043,1,0,2615.01,2155.97,0.0
I009601_1,O009601,P022,1,0,1899.45,1361.4,0.0
I009601_2,O009601,P015,1,0,2110.51,1639.7,0.05
I009602_1,O009602,P015,2,0,1998.07,1639.7,0.05
I009603_1,O009603,P026,1,0,2997.07,2746.76,0.1
I009603_2,O009603,P044,1,0,2141.05,1529.57,0.0
I009604_1,O009604,P078,1,0,2739.29,1751.62,0.3
I009604_2,O009604,P062,1,0,1133.19,934.97,0.2
I009605_1,O009605,P115,1,0,2787.98,1821.73,0.1
I009606_1,O009606,P086,1,1,525.13,301.67,0.1
I009607_1,O009607,P086,1,0,526.95,301.67,0.05
I009608_1,O009608,P017,1,0,1848.66,1079.58,0.0
I009608_2,O009608,P115,1,0,2640.81,1821.73,0.2
I009609_1,O009609,P019,1,1,2450.75,1463.41,0.0
I009609_2,O009609,P094,1,0,2996.21,1716.82,0.0
I009610_1,O009610,P019,1,0,2669.12,1463.41,0.0
I009611_1,O009611,P067,1,0,1183.75,736.87,0.0
I009612_1,O009612,P035,1,0,2365.5,1657.14,0.1
I009613_1,O009613,P073,1,0,3221.57,2517.93,0.0
I009613_2,O009613,P029,1,0,3067.61,2642.14,0.3
I009613_3,O009613,P026,1,0,3093.36,2746.76,0.1
I009614_1,O009614,P079,1,0,2206.59,1780.27,0.05
I009614_2,O009614,P025,1,0,801.88,526.03,0.05
I009615_1,O009615,P077,1,0,2984.71,2738.96,0.0
I009615_2,O009615,P003,1,0,651.43,593.8,0.05
I009616_1,O009616,P117,1,0,1455.9,1301.63,0.05
I009616_2,O009616,P008,2,0,3211.12,2190.37,0.05
I009617_1,O009617,P034,1,0,725.77,551.76,0.3
I009617_2,O009617,P013,2,0,1647.82,1078.11,0.05
I009618_1,O009618,P030,1,0,2648.79,1879.56,0.05
I009619_1,O009619,P091,1,0,791.0,567.3,0.05
I009619_2,O009619,P097,1,0,508.98,385.34,0.05
I009620_1,O009620,P040,1,0,2253.94,1719.58,0.05
I009620_2,O009620,P046,1,0,223.5,119.22,0.1
I009620_3,O009620,P032,1,0,863.71,692.6,0.0
I009621_1,O009621,P092,3,0,2395.23,1883.6,0.2
I009621_2,O009621,P063,1,0,2200.3,1328.53,0.05
I009622_1,O009622,P045,1,0,1666.52,1393.5,0.05
I009622_2,O009622,P020,1,0,3545.88,2726.34,0.0
I009623_1,O009623,P012,1,0,3690.69,2599.93,0.05
I009623_2,O009623,P070,1,0,3683.47,2889.93,0.0
I009624_1,O009624,P051,1,0,2778.66,1856.67,0.05
I009624_2,O009624,P008,2,0,3175.58,2190.37,0.3
I009625_1,O009625,P069,2,0,2937.25,2596.65,0.0
I009626_1,O009626,P052,1,0,2772.02,2232.75,0.1
I009626_2,O009626,P086,1,0,546.72,301.67,0.1
I009627_1,O009627,P104,1,0,859.97,640.45,0.0
I009627_2,O009627,P060,2,0,3405.52,2190.75,0.0
I009628_1,O009628,P002,1,0,2867.98,2136.38,0.0
I009628_2,O009628,P106,1,0,2943.29,2402.81,0.1
I009629_1,O009629,P005,1,0,2422.25,1891.99,0.05
I009630_1,O009630,P070,1,0,3604.79,2889.93,0.0
I009631_1,O009631,P091,1,0,804.3,567.3,0.0
I009631_2,O009631,P006,1,0,3059.89,2483.13,0.0
I009632_1,O009632,P017,1,0,1985.07,1079.58,0.3
I009633_1,O009633,P102,1,0,3227.09,2068.63,0.1
I009633_2,O009633,P010,1,0,749.2,468.72,0.0
I009634_1,O009634,P036,1,0,2795.33,2239.64,0.0
I009634_2,O009634,P102,1,0,3523.54,2068.63,0.1
I009634_3,O009634,P084,1,0,1116.51,785.13,0.0
I009635_1,O009635,P077,1,0,3177.94,2738.96,0.05
I009635_2,O009635,P023,1,0,2474.29,1316.59,0.1
I009636_1,O009636,P112,1,0,1448.0,1059.45,0.3
I009636_2,O009636,P038,2,0,2468.89,1939.6,0.0
I009636_3,O009636,P063,1,0,2400.88,1328.53,0.1
I009637_1,O009637,P091,1,0,766.22,567.3,0.05
I009638_1,O009638,P010,1,0,699.91,468.72,0.1
I009639_1,O009639,P017,1,0,1930.28,1079.58,0.1
I009640_1,O009640,P081,1,0,2998.56,2035.71,0.05
I009641_1,O009641,P042,1,0,3676.55,2480.29,0.1
I009642_1,O009642,P112,2,0,1596.78,1059.45,0.0
I009643_1,O009643,P020,3,0,3231.18,2726.34,0.0
I009643_2,O009643,P095,2,0,3526.53,2194.24,0.1
I009643_3,O009643,P112,2,0,1596.02,1059.45,0.2
I009644_1,O009644,P027,1,0,2147.19,1900.67,0.0
I009644_2,O009644,P055,1,0,1823.57,1250.56,0.2
I009645_1,O009645,P093,2,0,1054.77,614.67,0.2
I009645_2,O009645,P051,1,0,2656.02,1856.67,0.0
I009646_1,O009646,P077,2,1,3244.59,2738.96,0.05
I009647_1,O009647,P099,1,0,1004.9,579.06,0.0
I009647_2,O009647,P104,2,2,802.09,640.45,0.3
I009647_3,O009647,P095,1,0,3223.12,2194.24,0.0
I009648_1,O009648,P113,2,0,2161.26,1457.19,0.05
I009648_2,O009648,P009,1,0,185.49,142.71,0.2
I009649_1,O009649,P098,1,0,357.2,210.13,0.0
I009650_1,O009650,P040,2,0,2284.09,1719.58,0.1
I009650_2,O009650,P062,1,0,1121.69,934.97,0.0
I009651_1,O009651,P093,1,0,971.16,614.67,0.05
I009652_1,O009652,P045,1,0,1777.35,1393.5,0.2
I009653_1,O009653,P023,1,0,2418.97,1316.59,0.05
I009654_1,O009654,P046,2,0,212.25,119.22,0.1
I009655_1,O009655,P038,1,0,2650.72,1939.6,0.0
I009656_1,O009656,P002,1,0,2829.1,2136.38,0.1
I009656_2,O009656,P081,1,0,3316.91,2035.71,0.0
I009656_3,O009656,P057,2,0,2966.64,1751.13,0.0
I009657_1,O009657,P037,1,1,788.96,604.48,0.1
I009658_1,O009658,P080,1,0,802.43,706.47,0.2
I009659_1,O009659,P003,2,0,675.55,593.8,0.0
I009659_2,O009659,P053,1,0,2903.51,2330.08,0.05
I009659_3,O009659,P066,1,0,557.95,449.79,0.1
I009660_1,O009660,P038,1,0,2483.59,1939.6,0.0
I009660_2,O009660,P090,2,0,1735.22,1197.25,0.0
I009661_1,O009661,P060,2,0,3642.32,2190.75,0.0
I009662_1,O009662,P050,1,0,1181.23,748.37,0.0
I009662_2,O009662,P106,1,1,2902.0,2402.81,0.2
I009662_3,O009662,P047,1,0,3450.86,2991.8,0.2
I009663_1,O009663,P102,1,0,3220.83,2068.63,0.0
I009663_2,O009663,P080,1,0,856.93,706.47,0.3
I009663_3,O009663,P026,2,0,3227.31,2746.76,0.05
I009664_1,O009664,P022,1,0,2160.01,1361.4,0.3
I009665_1,O009665,P016,1,0,2584.44,2126.82,0.0
I009665_2,O009665,P091,1,0,787.48,567.3,0.3
I009666_1,O009666,P049,1,0,2577.64,1767.67,0.1
I009667_1,O009667,P042,1,0,3398.54,2480.29,0.0
I009667_2,O009667,P050,1,0,1170.75,748.37,0.0
I009668_1,O009668,P061,1,0,2717.15,1810.66,0.0
I009668_2,O009668,P066,1,0,606.57,449.79,0.3
I009669_1,O009669,P038,1,0,2514.15,1939.6,0.0
I009669_2,O009669,P001,1,0,754.24,503.11,0.05
I009669_3,O009669,P113,1,0,2302.97,1457.19,0.05
I009670_1,O009670,P051,2,0,2586.29,1856.67,0.0
I009671_1,O009671,P089,1,0,2517.78,1691.26,0.0
I009672_1,O009672,P033,1,0,2674.47,2420.38,0.05
I009672_2,O009672,P069,1,0,2826.82,2596.65,0.1
I009673_1,O009673,P052,2,0,2682.21,2232.75,0.1
I009673_2,O009673,P056,1,0,657.44,467.73,0.0
I009674_1,O009674,P019,1,0,2466.52,1463.41,0.0
I009675_1,O009675,P071,1,0,1901.42,1171.43,0.2
I009675_2,O009675,P020,1,1,3489.23,2726.34,0.0
I009676_1,O009676,P003,1,0,671.53,593.8,0.2
I009677_1,O009677,P096,1,0,3040.92,1989.35,0.0
I009678_1,O009678,P093,1,1,1059.15,614.67,0.0
I009679_1,O009679,P100,1,0,3009.01,2560.83,0.0
I009679_2,O009679,P047,1,0,3386.17,2991.8,0.0
I009680_1,O009680,P091,1,1,845.53,567.3,0.0
I009681_1,O009681,P012,2,0,3877.96,2599.93,0.0
I009682_1,O009682,P031,1,0,303.67,221.16,0.05
I009683_1,O009683,P041,3,0,1809.24,1272.83,0.1
I009683_2,O009683,P034,2,0,685.25,551.76,0.0
I009684_1,O009684,P002,1,0,2713.37,2136.38,0.0
I009685_1,O009685,P060,2,0,3388.84,2190.75,0.05
I009686_1,O009686,P071,1,0,1875.3,1171.43,0.1
I009687_1,O009687,P094,2,0,2814.37,1716.82,0.1
I009688_1,O009688,P007,1,0,2727.43,2152.99,0.0
I009689_1,O009689,P019,1,0,2369.68,1463.41,0.0
I009690_1,O009690,P031,2,0,303.88,221.16,0.2
I009691_1,O009691,P054,1,0,354.17,290.26,0.0
I009692_1,O009692,P021,3,0,3073.71,2007.08,0.3
I009692_2,O009692,P039,1,0,2993.75,1842.48,0.0
I009693_1,O009693,P045,1,1,1774.98,1393.5,0.3
I009693_2,O009693,P098,1,0,333.93,210.13,0.0
I009693_3,O009693,P080,1,0,846.72,706.47,0.0
I009694_1,O009694,P004,1,0,3384.66,2449.64,0.05
I009695_1,O009695,P013,1,0,1733.6,1078.11,0.3
I009695_2,O009695,P095,1,0,3311.38,2194.24,0.0
I009696_1,O009696,P088,2,0,291.89,167.15,0.1
I009697_1,O009697,P116,1,0,2917.12,2344.15,0.3
I009698_1,O009698,P035,1,0,2510.21,1657.14,0.0
I009698_2,O009698,P027,1,0,2110.33,1900.67,0.1
I009699_1,O009699,P101,1,0,442.48,290.92,0.2
I009700_1,O009700,P043,1,1,2550.3,2155.97,0.0
I009700_2,O009700,P096,1,0,3134.09,1989.35,0.0
I009701_1,O009701,P087,1,0,2004.01,1487.18,0.05
I009702_1,O009702,P079,1,0,2284.25,1780.27,0.1
I009703_1,O009703,P073,1,0,3044.88,2517.93,0.0
I009703_2,O009703,P104,1,0,830.79,640.45,0.1
I009704_1,O009704,P093,1,0,1047.29,614.67,0.0
I009704_2,O009704,P010,2,0,708.73,468.72,0.05
I009705_1,O009705,P099,1,0,1114.96,579.06,0.0
I009705_2,O009705,P088,2,0,301.18,167.15,0.0
I009705_3,O009705,P116,1,0,2978.48,2344.15,0.1
I009706_1,O009706,P071,1,0,1933.12,1171.43,0.0
I009707_1,O009707,P067,2,0,1205.31,736.87,0.0
I009708_1,O009708,P082,1,0,2108.39,1528.85,0.0
I009708_2,O009708,P065,1,0,2326.8,1840.19,0.1
I009708_3,O009708,P021,1,0,3258.45,2007.08,0.0
I009709_1,O009709,P062,1,0,1197.88,934.97,0.05
I009710_1,O009710,P051,1,0,2491.51,1856.67,0.05
I009710_2,O009710,P116,1,0,2657.02,2344.15,0.0
I009711_1,O009711,P090,1,0,1668.35,1197.25,0.1
I009711_2,O009711,P036,1,0,2551.04,2239.64,0.05
I009712_1,O009712,P038,1,0,2655.19,1939.6,0.2
I009712_2,O009712,P092,1,0,2410.44,1883.6,0.2
I009712_3,O009712,P035,1,0,2277.01,1657.14,0.0
I009713_1,O009713,P011,1,1,703.54,470.48,0.0
I009713_2,O009713,P076,1,0,2521.9,1928.31,0.05
I009714_1,O009714,P099,2,0,1105.18,579.06,0.05
I009714_2,O009714,P052,1,0,2859.52,2232.75,0.2
I009714_3,O009714,P095,1,1,3305.08,2194.24,0.0
I009715_1,O009715,P076,1,0,2455.65,1928.31,0.0
I009715_2,O009715,P101,1,0,444.14,290.92,0.05
I009715_3,O009715,P098,2,0,343.64,210.13,0.05
I009716_1,O009716,P062,1,0,1129.69,934.97,0.0
I009716_2,O009716,P022,1,1,2107.8,1361.4,0.0
I009717_1,O009717,P070,1,1,3651.31,2889.93,0.0
I009718_1,O009718,P087,1,1,2045.1,1487.18,0.0
I009719_1,O009719,P003,1,0,705.55,593.8,0.2
I009720_1,O009720,P055,2,0,1733.9,1250.56,0.0
I009721_1,O009721,P055,1,0,1702.77,1250.56,0.0
I009722_1,O009722,P069,1,0,2906.46,2596.65,0.05
I009723_1,O009723,P046,1,0,228.38,119.22,0.1
I009723_2,O009723,P041,1,1,1781.61,1272.83,0.0
I009724_1,O009724,P017,1,0,2019.01,1079.58,0.1
I009724_2,O009724,P104,1,1,816.28,640.45,0.1
I009724_3,O009724,P103,2,0,3573.88,3087.95,0.0
I009725_1,O009725,P104,1,0,807.88,640.45,0.0
I009726_1,O009726,P032,1,0,846.25,692.6,0.1
I009727_1,O009727,P043,1,0,2508.42,2155.97,0.05
I009728_1,O009728,P014,1,0,1462.96,956.53,0.0
I009729_1,O009729,P101,1,0,419.0,290.92,0.0
I009730_1,O009730,P041,1,0,1691.99,1272.83,0.0
I009731_1,O009731,P041,1,0,1766.34,1272.83,0.1
I009731_2,O009731,P091,1,1,798.85,567.3,0.1
I009731_3,O009731,P005,2,0,2263.33,1891.99,0.0
I009732_1,O009732,P027,2,0,2219.61,1900.67,0.0
I009733_1,O009733,P039,1,0,3144.83,1842.48,0.0
I009734_1,O009734,P116,2,0,2942.63,2344.15,0.0
I009734_2,O009734,P071,2,0,1973.18,1171.43,0.1
I009734_3,O009734,P060,1,0,3376.26,2190.75,0.1
I009735_1,O009735,P118,1,0,1180.56,778.87,0.0
I009735_2,O009735,P010,1,0,708.69,468.72,0.0
I009736_1,O009736,P057,1,0,2738.7,1751.13,0.1
I009736_2,O009736,P077,1,0,3018.33,2738.96,0.1
I009737_1,O009737,P086,2,0,519.48,301.67,0.05
I009738_1,O009738,P119,1,0,627.46,550.1,0.1
I009738_2,O009738,P037,2,0,779.11,604.48,0.1
I009739_1,O009739,P074,2,0,2736.32,2093.66,0.0
I009739_2,O009739,P114,2,0,1142.9,699.07,0.2
I009740_1,O009740,P041,1,0,1619.42,1272.83,0.3
I009741_1,O009741,P120,1,0,3337.2,2258.38,0.0
I009741_2,O009741,P104,1,0,882.55,640.45,0.1
I009742_1,O009742,P087,1,0,2034.7,1487.18,0.0
I009742_2,O009742,P094,2,0,2849.0,1716.82,0.05
I009743_1,O009743,P034,2,0,665.76,551.76,0.0
I009744_1,O009744,P012,1,0,3579.98,2599.93,0.0
I009745_1,O009745,P076,2,0,2427.1,1928.31,0.0
I009746_1,O009746,P039,2,0,2798.31,1842.48,0.1
I009746_2,O009746,P024,1,0,3288.3,2312.84,0.1
I009747_1,O009747,P115,1,0,2457.7,1821.73,0.05
I009747_2,O009747,P102,2,0,3485.85,2068.63,0.1
I009748_1,O009748,P049,2,0,2740.48,1767.67,0.1
I009748_2,O009748,P073,1,1,3151.48,2517.93,0.0
I009748_3,O009748,P118,1,0,1242.18,778.87,0.0
I009749_1,O009749,P022,2,0,2167.31,1361.4,0.1
I009750_1,O009750,P120,1,0,3645.12,2258.38,0.0
I009750_2,O009750,P050,1,0,1271.4,748.37,0.0
I009750_3,O009750,P044,1,0,2297.62,1529.57,0.1
I009751_1,O009751,P058,1,0,1029.02,974.82,0.1
I009752_1,O009752,P022,1,0,2175.14,1361.4,0.0
I009752_2,O009752,P006,1,0,2994.82,2483.13,0.0
I009753_1,O009753,P070,2,0,3803.76,2889.93,0.05
I009754_1,O009754,P081,1,0,3178.54,2035.71,0.2
I009755_1,O009755,P063,1,0,2275.02,1328.53,0.0
I009756_1,O009756,P024,3,0,2969.7,2312.84,0.1
I009756_2,O009756,P065,1,0,2352.99,1840.19,0.0
I009756_3,O009756,P118,1,0,1234.43,778.87,0.1
I009757_1,O009757,P102,1,0,3237.26,2068.63,0.05
I009758_1,O009758,P047,1,0,3367.05,2991.8,0.2
I009759_1,O009759,P113,2,0,2119.35,1457.19,0.05
I009760_1,O009760,P068,1,1,3365.04,1829.36,0.1
I009760_2,O009760,P111,1,0,1045.44,738.87,0.2
I009760_3,O009760,P112,2,0,1557.19,1059.45,0.05
I009761_1,O009761,P105,1,0,1255.34,1048.44,0.1
I009761_2,O009761,P039,1,0,2759.0,1842.48,0.05
I009762_1,O009762,P020,1,0,3291.77,2726.34,0.1
I009763_1,O009763,P013,2,0,1650.46,1078.11,0.05
I009764_1,O009764,P089,1,0,2537.17,1691.26,0.0
I009765_1,O009765,P007,1,0,2647.52,2152.99,0.0
I009766_1,O009766,P069,2,1,2963.25,2596.65,0.1
I009766_2,O009766,P053,1,0,2958.53,2330.08,0.1
I009767_1,O009767,P087,1,0,1917.55,1487.18,0.1
I009767_2,O009767,P042,1,0,3653.65,2480.29,0.0
I009768_1,O009768,P095,1,0,3472.29,2194.24,0.2
I009769_1,O009769,P075,2,0,897.14,632.05,0.1
I009770_1,O009770,P079,1,0,2404.38,1780.27,0.1
I009771_1,O009771,P035,1,0,2181.62,1657.14,0.2
I009771_2,O009771,P050,1,0,1249.77,748.37,0.1
I009772_1,O009772,P018,1,0,2837.38,1861.03,0.0
I009773_1,O009773,P043,1,0,2704.04,2155.97,0.0
I009774_1,O009774,P060,1,0,3470.61,2190.75,0.05
I009774_2,O009774,P093,1,0,1055.51,614.67,0.2
I009775_1,O009775,P053,1,0,2981.67,2330.08,0.0
I009775_2,O009775,P103,1,0,3422.53,3087.95,0.1
I009775_3,O009775,P093,1,0,991.4,614.67,0.05
I009776_1,O009776,P048,1,0,2505.64,2064.58,0.05
I009776_2,O009776,P098,1,0,360.79,210.13,0.0
I009776_3,O009776,P036,1,0,2565.57,2239.64,0.2
I009777_1,O009777,P046,1,0,202.73,119.22,0.05
I009778_1,O009778,P024,1,0,3239.76,2312.84,0.0
I009779_1,O009779,P030,2,0,2582.04,1879.56,0.0
I009780_1,O009780,P084,1,0,1128.44,785.13,0.05
I009781_1,O009781,P101,2,0,434.46,290.92,0.1
I009781_2,O009781,P023,2,0,2167.35,1316.59,0.05
I009782_1,O009782,P119,1,0,604.56,550.1,0.0
I009782_2,O009782,P039,1,0,2814.24,1842.48,0.1
I009782_3,O009782,P013,1,0,1847.75,1078.11,0.2
I009783_1,O009783,P035,1,0,2487.48,1657.14,0.05
I009783_2,O009783,P091,1,1,814.32,567.3,0.1
I009784_1,O009784,P101,1,0,418.69,290.92,0.1
I009784_2,O009784,P113,1,0,2237.32,1457.19,0.05
I009785_1,O009785,P096,1,0,3305.28,1989.35,0.0
I009786_1,O009786,P067,2,0,1108.01,736.87,0.1
I009787_1,O009787,P063,1,0,2289.42,1328.53,0.05
I009788_1,O009788,P053,2,0,3018.53,2330.08,0.3
I009789_1,O009789,P033,1,0,2664.86,2420.38,0.05
I009789_2,O009789,P061,1,0,2811.93,1810.66,0.0
I009790_1,O009790,P003,1,0,673.68,593.8,0.1
I009791_1,O009791,P072,3,0,1759.99,1369.26,0.0
I009791_2,O009791,P046,1,0,228.14,119.22,0.2
I009792_1,O009792,P072,2,0,1778.17,1369.26,0.0
I009792_2,O009792,P067,1,0,1244.7,736.87,0.0
I009792_3,O009792,P051,1,0,2747.3,1856.67,0.0
I009793_1,O009793,P079,1,0,2351.86,1780.27,0.0
I009793_2,O009793,P021,1,0,3015.06,2007.08,0.05
I009794_1,O009794,P073,1,0,2905.23,2517.93,0.05
I009795_1,O009795,P035,1,0,2248.13,1657.14,0.05
I009796_1,O009796,P051,2,0,2809.61,1856.67,0.0
I009797_1,O009797,P022,1,0,1923.55,1361.4,0.05
I009798_1,O009798,P087,2,0,1962.32,1487.18,0.05
I009799_1,O009799,P087,3,0,2010.1,1487.18,0.1
I009799_2,O009799,P107,1,0,874.42,517.21,0.05
I009800_1,O009800,P008,1,0,3197.05,2190.37,0.1
I009800_2,O009800,P050,1,0,1270.15,748.37,0.1
I009801_1,O009801,P101,2,0,403.12,290.92,0.0
I009802_1,O009802,P060,1,0,3525.67,2190.75,0.0
I009803_1,O009803,P100,1,0,2821.97,2560.83,0.0
I009804_1,O009804,P077,1,1,3433.93,2738.96,0.1
I009804_2,O009804,P044,1,0,2331.82,1529.57,0.05
I009805_1,O009805,P059,1,0,2772.53,2284.02,0.1
I009805_2,O009805,P089,1,0,2597.63,1691.26,0.0
I009806_1,O009806,P017,2,0,1901.48,1079.58,0.05
I009806_2,O009806,P085,1,0,709.66,482.52,0.2
I009807_1,O009807,P052,2,0,2741.5,2232.75,0.0
I009808_1,O009808,P102,1,0,3390.86,2068.63,0.0
I009809_1,O009809,P028,1,0,1382.87,1251.02,0.0
I009809_2,O009809,P083,3,0,886.21,674.18,0.0
I009810_1,O009810,P053,1,0,3033.88,2330.08,0.0
I009811_1,O009811,P052,1,0,2652.78,2232.75,0.0
I009812_1,O009812,P096,1,0,3182.52,1989.35,0.05
I009812_2,O009812,P076,1,0,2549.05,1928.31,0.0
I009813_1,O009813,P084,3,0,1143.5,785.13,0.0
I009814_1,O009814,P037,1,0,750.83,604.48,0.0
I009814_2,O009814,P065,1,0,2626.62,1840.19,0.05
I009815_1,O009815,P094,1,0,2871.4,1716.82,0.05
I009816_1,O009816,P097,1,0,519.46,385.34,0.05
I009817_1,O009817,P085,1,0,745.59,482.52,0.1
I009818_1,O009818,P085,1,0,760.41,482.52,0.0
I009818_2,O009818,P045,2,0,1663.87,1393.5,0.2
I009819_1,O009819,P116,1,0,2656.02,2344.15,0.0
I009819_2,O009819,P039,1,0,2850.52,1842.48,0.2
I009820_1,O009820,P008,1,0,3292.34,2190.37,0.0
I009820_2,O009820,P002,1,0,2725.67,2136.38,0.1
I009820_3,O009820,P093,1,0,1082.25,614.67,0.0
I009821_1,O009821,P114,1,0,1128.18,699.07,0.05
I009822_1,O009822,P087,1,0,1895.83,1487.18,0.1
I009823_1,O009823,P103,1,0,3549.05,3087.95,0.0
I009823_2,O009823,P001,3,0,814.48,503.11,0.1
I009824_1,O009824,P017,1,0,1854.51,1079.58,0.05
I009824_2,O009824,P039,1,0,2858.67,1842.48,0.0
I009825_1,O009825,P001,1,0,792.96,503.11,0.0
I009825_2,O009825,P003,1,0,686.83,593.8,0.3
I009826_1,O009826,P117,1,0,1585.44,1301.63,0.0
I009827_1,O009827,P099,1,0,1004.96,579.06,0.0
I009827_2,O009827,P017,1,0,1961.99,1079.58,0.2
I009828_1,O009828,P033,1,0,2790.55,2420.38,0.05
I009829_1,O009829,P116,1,0,3031.32,2344.15,0.0
I009829_2,O009829,P013,2,0,1791.06,1078.11,0.05
I009829_3,O009829,P084,1,0,1170.69,785.13,0.1
I009830_1,O009830,P060,1,0,3471.06,2190.75,0.05
I009830_2,O009830,P016,1,0,2689.31,2126.82,0.2
I009831_1,O009831,P013,1,0,1823.65,1078.11,0.1
I009831_2,O009831,P075,1,0,861.1,632.05,0.05
I009832_1,O009832,P072,2,0,1830.0,1369.26,0.0
I009832_2,O009832,P108,1,0,1137.59,757.54,0.0
I009833_1,O009833,P002,1,0,2900.82,2136.38,0.1
I009834_1,O009834,P091,1,0,838.89,567.3,0.1
I009835_1,O009835,P083,2,2,876.17,674.18,0.1
I009835_2,O009835,P072,1,0,1708.83,1369.26,0.0
I009836_1,O009836,P027,1,0,2191.65,1900.67,0.0
I009837_1,O009837,P100,1,0,2819.75,2560.83,0.05
I009838_1,O009838,P062,1,0,1216.42,934.97,0.0
I009839_1,O009839,P008,1,1,3235.44,2190.37,0.05
I009839_2,O009839,P117,1,0,1495.67,1301.63,0.0
I009840_1,O009840,P103,2,0,3496.51,3087.95,0.1
I009841_1,O009841,P031,1,0,310.0,221.16,0.0
I009841_2,O009841,P056,1,0,678.84,467.73,0.05
I009842_1,O009842,P053,1,0,2987.57,2330.08,0.0
I009843_1,O009843,P105,1,1,1276.33,1048.44,0.05
I009844_1,O009844,P099,1,1,981.31,579.06,0.0
I009845_1,O009845,P098,1,0,339.45,210.13,0.3
I009846_1,O009846,P090,1,0,1785.49,1197.25,0.2
I009846_2,O009846,P004,1,0,3220.84,2449.64,0.2
I009847_1,O009847,P109,1,0,2476.4,1696.43,0.0
I009848_1,O009848,P054,1,0,332.79,290.26,0.2
I009849_1,O009849,P095,2,0,3455.97,2194.24,0.0
I009850_1,O009850,P102,3,0,3627.12,2068.63,0.0
I009851_1,O009851,P043,1,0,2688.57,2155.97,0.0
I009852_1,O009852,P079,1,0,2398.14,1780.27,0.1
I009853_1,O009853,P101,1,0,416.81,290.92,0.05
I009854_1,O009854,P085,2,0,729.74,482.52,0.2
I009855_1,O009855,P012,1,0,3738.28,2599.93,0.05
I009856_1,O009856,P048,2,0,2584.94,2064.58,0.1
I009856_2,O009856,P010,1,0,685.7,468.72,0.05
I009857_1,O009857,P097,1,0,525.07,385.34,0.0
I009858_1,O009858,P075,1,1,857.24,632.05,0.05
I009859_1,O009859,P025,1,0,783.44,526.03,0.1
I009860_1,O009860,P018,3,3,2966.94,1861.03,0.0
I009861_1,O009861,P084,1,0,1095.37,785.13,0.1
I009862_1,O009862,P107,1,1,824.81,517.21,0.05
I009862_2,O009862,P114,1,0,1081.47,699.07,0.1
I009863_1,O009863,P064,1,0,241.78,140.8,0.05
I009863_2,O009863,P109,1,0,2347.23,1696.43,0.0
I009863_3,O009863,P072,1,1,1799.4,1369.26,0.0
I009864_1,O009864,P010,1,1,719.51,468.72,0.05
I009865_1,O009865,P088,2,0,293.87,167.15,0.0
I009865_2,O009865,P048,1,0,2662.88,2064.58,0.3
I009865_3,O009865,P006,1,0,3027.62,2483.13,0.0
I009866_1,O009866,P021,1,0,3213.3,2007.08,0.05
I009866_2,O009866,P005,1,0,2420.88,1891.99,0.1
I009867_1,O009867,P070,2,0,3594.07,2889.93,0.0
I009868_1,O009868,P080,1,0,876.59,706.47,0.0
I009869_1,O009869,P009,3,0,187.8,142.71,0.0
I009869_2,O009869,P065,1,0,2471.02,1840.19,0.0
I009870_1,O009870,P098,1,0,325.25,210.13,0.05
I009871_1,O009871,P099,1,0,985.67,579.06,0.0
I009871_2,O009871,P039,1,0,2783.33,1842.48,0.05
I009872_1,O009872,P049,2,0,2498.76,1767.67,0.0
I009873_1,O009873,P110,1,0,581.64,387.41,0.05
I009873_2,O009873,P115,1,0,2637.94,1821.73,0.05
I009873_3,O009873,P075,1,0,904.22,632.05,0.0
I009874_1,O009874,P061,2,0,2697.39,1810.66,0.0
I009874_2,O009874,P070,1,0,3314.37,2889.93,0.1
I009875_1,O009875,P078,1,0,2688.58,1751.62,0.0
I009875_2,O009875,P024,1,0,3016.66,2312.84,0.05
I009876_1,O009876,P079,1,0,2131.34,1780.27,0.0
I009876_2,O009876,P101,2,0,390.7,290.92,0.05
I009877_1,O009877,P107,1,0,889.26,517.21,0.3
I009878_1,O009878,P025,1,0,747.17,526.03,0.05
I009879_1,O009879,P039,1,0,2786.66,1842.48,0.0
I009879_2,O009879,P003,1,0,693.68,593.8,0.05
I009880_1,O009880,P099,1,0,1067.52,579.06,0.05
I009880_2,O009880,P082,1,0,2223.37,1528.85,0.05
I009881_1,O009881,P052,1,0,2726.52,2232.75,0.0
I009882_1,O009882,P093,1,0,983.93,614.67,0.05
I009883_1,O009883,P106,1,0,2688.13,2402.81,0.05
I009884_1,O009884,P110,1,0,581.4,387.41,0.0
I009884_2,O009884,P009,2,0,184.54,142.71,0.0
I009884_3,O009884,P106,1,0,2849.26,2402.81,0.0
I009885_1,O009885,P011,1,0,633.68,470.48,0.1
I009886_1,O009886,P030,2,0,2781.7,1879.56,0.0
I009887_1,O009887,P114,1,0,1020.67,699.07,0.05
I009888_1,O009888,P002,1,0,2949.72,2136.38,0.05
I009888_2,O009888,P036,1,0,2508.21,2239.64,0.3
I009889_1,O009889,P028,1,1,1480.0,1251.02,0.0
I009889_2,O009889,P041,2,0,1753.95,1272.83,0.0
I009890_1,O009890,P079,1,0,2283.63,1780.27,0.05
I009890_2,O009890,P108,1,0,1190.12,757.54,0.3
I009891_1,O009891,P014,1,0,1390.63,956.53,0.0
I009891_2,O009891,P004,1,0,3204.54,2449.64,0.0
I009891_3,O009891,P106,1,0,2925.2,2402.81,0.0
I009892_1,O009892,P013,1,0,1813.43,1078.11,0.0
I009893_1,O009893,P092,1,0,2605.53,1883.6,0.2
I009893_2,O009893,P019,2,0,2589.89,1463.41,0.05
I009893_3,O009893,P069,1,0,2972.47,2596.65,0.1
I009894_1,O009894,P027,1,0,2176.88,1900.67,0.0
I009894_2,O009894,P060,1,0,3422.13,2190.75,0.0
I009895_1,O009895,P014,1,1,1522.28,956.53,0.0
I009895_2,O009895,P063,1,0,2134.36,1328.53,0.05
I009896_1,O009896,P065,1,0,2469.28,1840.19,0.05
I009896_2,O009896,P015,2,2,1924.98,1639.7,0.05
I009897_1,O009897,P030,1,0,2601.67,1879.56,0.2
I009897_2,O009897,P057,1,0,2941.35,1751.13,0.05
I009898_1,O009898,P043,1,0,2594.27,2155.97,0.0
I009898_2,O009898,P086,1,0,551.98,301.67,0.1
I009899_1,O009899,P046,1,0,210.26,119.22,0.0
I009900_1,O009900,P117,1,0,1472.23,1301.63,0.0
I009901_1,O009901,P043,3,0,2779.63,2155.97,0.05
I009902_1,O009902,P098,1,0,370.05,210.13,0.0
I009902_2,O009902,P079,1,0,2263.73,1780.27,0.0
I009903_1,O009903,P107,1,0,821.44,517.21,0.0
I009904_1,O009904,P092,1,0,2636.26,1883.6,0.3
I009905_1,O009905,P084,1,0,1163.15,785.13,0.0
I009906_1,O009906,P087,2,0,1997.38,1487.18,0.0
I009906_2,O009906,P075,1,0,862.17,632.05,0.1
I009907_1,O009907,P045,1,0,1567.77,1393.5,0.0
I009908_1,O009908,P020,1,0,3468.76,2726.34,0.05
I009909_1,O009909,P023,1,0,2291.06,1316.59,0.05
I009910_1,O009910,P040,2,0,2274.47,1719.58,0.0
I009911_1,O009911,P066,1,0,579.47,449.79,0.1
I009911_2,O009911,P070,1,0,3414.61,2889.93,0.1
I009912_1,O009912,P046,2,0,221.88,119.22,0.2
I009913_1,O009913,P037,2,0,819.42,604.48,0.0
I009913_2,O009913,P029,1,0,3188.8,2642.14,0.05
I009914_1,O009914,P017,2,0,1827.08,1079.58,0.2
I009914_2,O009914,P021,2,0,3070.3,2007.08,0.0
I009915_1,O009915,P056,1,0,716.94,467.73,0.05
I009916_1,O009916,P064,2,0,232.76,140.8,0.05
I009917_1,O009917,P084,1,0,1118.06,785.13,0.0
I009917_2,O009917,P051,1,1,2748.52,1856.67,0.0
I009917_3,O009917,P064,1,0,263.42,140.8,0.0
I009918_1,O009918,P016,1,0,2940.94,2126.82,0.0
I009918_2,O009918,P108,1,0,1056.81,757.54,0.0
I009919_1,O009919,P118,1,0,1288.56,778.87,0.05
I009919_2,O009919,P018,2,0,2761.83,1861.03,0.0
I009920_1,O009920,P062,1,0,1124.5,934.97,0.0
I009921_1,O009921,P101,1,0,441.55,290.92,0.0
I009922_1,O009922,P113,1,0,2419.38,1457.19,0.0
I009923_1,O009923,P028,1,0,1402.96,1251.02,0.1
I009924_1,O009924,P048,1,0,2338.04,2064.58,0.2
I009924_2,O009924,P120,2,0,3304.12,2258.38,0.0
I009925_1,O009925,P084,1,0,1090.1,785.13,0.0
I009926_1,O009926,P111,1,0,1118.17,738.87,0.0
I009926_2,O009926,P076,1,0,2583.17,1928.31,0.1
I009927_1,O009927,P076,1,0,2501.17,1928.31,0.05
I009927_2,O009927,P085,1,0,690.56,482.52,0.05
I009927_3,O009927,P102,1,0,3378.68,2068.63,0.05
I009928_1,O009928,P018,1,0,3025.22,1861.03,0.0
I009928_2,O009928,P099,1,0,1060.26,579.06,0.2
I009929_1,O009929,P072,2,0,1754.1,1369.26,0.05
I009929_2,O009929,P107,1,0,921.22,517.21,0.05
I009930_1,O009930,P093,1,1,1024.31,614.67,0.0
I009930_2,O009930,P005,1,1,2230.08,1891.99,0.1
I009931_1,O009931,P070,1,0,3643.91,2889.93,0.0
I009931_2,O009931,P111,1,0,1120.04,738.87,0.0
I009931_3,O009931,P033,1,1,2787.63,2420.38,0.0
I009932_1,O009932,P026,2,0,3208.41,2746.76,0.0
I009933_1,O009933,P106,1,0,2892.81,2402.81,0.0
I009934_1,O009934,P011,1,0,629.16,470.48,0.05
I009934_2,O009934,P052,2,0,2839.45,2232.75,0.05
I009935_1,O009935,P006,1,0,2812.75,2483.13,0.05
I009935_2,O009935,P008,1,0,3109.65,2190.37,0.3
I009936_1,O009936,P120,1,0,3423.51,2258.38,0.0
I009937_1,O009937,P046,2,0,222.7,119.22,0.0
I009937_2,O009937,P045,2,0,1679.36,1393.5,0.0
I009938_1,O009938,P013,1,0,1756.83,1078.11,0.1
I009939_1,O009939,P104,1,0,887.8,640.45,0.0
I009940_1,O009940,P011,1,0,677.44,470.48,0.05
I009941_1,O009941,P109,1,0,2443.07,1696.43,0.1
I009941_2,O009941,P004,2,0,3159.33,2449.64,0.2
I009942_1,O009942,P001,1,0,786.0,503.11,0.05
I009942_2,O009942,P073,2,0,3055.47,2517.93,0.1
I009943_1,O009943,P100,2,0,3017.71,2560.83,0.0
I009944_1,O009944,P108,1,0,1188.15,757.54,0.0
I009945_1,O009945,P100,1,0,3002.22,2560.83,0.0
I009946_1,O009946,P043,2,0,2570.72,2155.97,0.05
I009947_1,O009947,P009,1,0,191.12,142.71,0.0
I009947_2,O009947,P073,1,0,2928.58,2517.93,0.3
I009948_1,O009948,P036,3,0,2769.81,2239.64,0.0
I009948_2,O009948,P110,1,0,586.56,387.41,0.0
I009949_1,O009949,P018,2,0,3037.25,1861.03,0.0
I009950_1,O009950,P044,1,0,2131.01,1529.57,0.0
I009951_1,O009951,P079,1,0,2278.61,1780.27,0.1
I009952_1,O009952,P103,1,0,3486.32,3087.95,0.1
I009953_1,O009953,P030,1,0,2623.82,1879.56,0.2
I009953_2,O009953,P039,1,0,2952.83,1842.48,0.05
I009954_1,O009954,P055,2,0,1874.24,1250.56,0.1
I009954_2,O009954,P053,2,0,2984.58,2330.08,0.0
I009954_3,O009954,P092,2,0,2459.25,1883.6,0.05
I009955_1,O009955,P012,1,0,3768.02,2599.93,0.0
I009955_2,O009955,P046,1,0,218.34,119.22,0.05
I009956_1,O009956,P119,1,0,623.45,550.1,0.1
I009957_1,O009957,P081,2,0,3191.96,2035.71,0.1
I009958_1,O009958,P045,2,0,1664.17,1393.5,0.0
I009958_2,O009958,P032,3,0,853.77,692.6,0.0
I009958_3,O009958,P012,1,0,3527.38,2599.93,0.0
I009959_1,O009959,P012,1,0,3666.63,2599.93,0.0
I009960_1,O009960,P015,1,0,1974.87,1639.7,0.0
I009961_1,O009961,P081,1,0,3283.26,2035.71,0.1
I009961_2,O009961,P062,1,0,1126.71,934.97,0.1
I009962_1,O009962,P113,2,0,2354.15,1457.19,0.0
I009962_2,O009962,P029,1,0,3110.58,2642.14,0.2
I009963_1,O009963,P100,2,0,2807.95,2560.83,0.2
I009963_2,O009963,P006,1,0,2889.81,2483.13,0.2
I009964_1,O009964,P020,1,0,3212.47,2726.34,0.05
I009964_2,O009964,P021,1,0,3104.17,2007.08,0.0
I009965_1,O009965,P058,2,0,1117.55,974.82,0.0
I009965_2,O009965,P042,2,0,3489.91,2480.29,0.0
I009966_1,O009966,P001,2,0,800.92,503.11,0.1
I009967_1,O009967,P110,1,0,578.96,387.41,0.0
I009968_1,O009968,P106,1,0,2770.35,2402.81,0.0
I009969_1,O009969,P103,1,0,3495.49,3087.95,0.05
I009969_2,O009969,P029,1,0,2888.83,2642.14,0.0
I009969_3,O009969,P038,1,0,2454.69,1939.6,0.05
I009970_1,O009970,P091,1,0,762.27,567.3,0.2
I009970_2,O009970,P061,1,0,2710.9,1810.66,0.0
I009970_3,O009970,P097,2,0,526.38,385.34,0.0
I009971_1,O009971,P112,1,0,1537.57,1059.45,0.0
I009972_1,O009972,P033,2,0,2855.34,2420.38,0.1
I009972_2,O009972,P015,2,0,2020.58,1639.7,0.1
I009973_1,O009973,P046,1,0,212.56,119.22,0.05
I009974_1,O009974,P060,1,0,3336.81,2190.75,0.05
I009975_1,O009975,P120,2,0,3647.18,2258.38,0.0
I009976_1,O009976,P089,1,1,2518.63,1691.26,0.05
I009976_2,O009976,P068,1,0,3476.53,1829.36,0.0
I009977_1,O009977,P102,2,0,3308.16,2068.63,0.05
I009978_1,O009978,P097,1,0,558.47,385.34,0.0
I009979_1,O009979,P060,3,1,3278.03,2190.75,0.1
I009980_1,O009980,P071,1,0,2005.42,1171.43,0.05
I009980_2,O009980,P093,1,0,1110.57,614.67,0.0
I009981_1,O009981,P006,1,0,2766.55,2483.13,0.05
I009982_1,O009982,P065,1,0,2400.14,1840.19,0.05
I009982_2,O009982,P088,2,0,293.72,167.15,0.1
I009983_1,O009983,P041,2,0,1640.86,1272.83,0.0
I009984_1,O009984,P084,1,0,1123.53,785.13,0.1
I009985_1,O009985,P010,1,0,778.46,468.72,0.2
I009985_2,O009985,P062,1,0,1234.76,934.97,0.1
I009986_1,O009986,P071,1,0,1957.29,1171.43,0.0
I009987_1,O009987,P054,1,0,362.09,290.26,0.05
I009988_1,O009988,P101,1,0,399.8,290.92,0.2
I009988_2,O009988,P044,1,0,2115.54,1529.57,0.0
I009989_1,O009989,P098,1,0,370.53,210.13,0.2
I009990_1,O009990,P063,1,0,2254.37,1328.53,0.2
I009990_2,O009990,P076,1,1,2448.7,1928.31,0.05
I009991_1,O009991,P010,1,0,738.21,468.72,0.0
I009991_2,O009991,P013,1,0,1739.19,1078.11,0.0
I009991_3,O009991,P040,1,0,2146.05,1719.58,0.0
I009992_1,O009992,P009,1,0,177.9,142.71,0.0
I009993_1,O009993,P074,1,1,2575.76,2093.66,0.0
I009994_1,O009994,P057,1,0,2881.5,1751.13,0.0
I009994_2,O009994,P043,1,0,2677.79,2155.97,0.1
I009995_1,O009995,P023,1,0,2308.66,1316.59,0.0
I009996_1,O009996,P100,3,0,2914.97,2560.83,0.2
I009996_2,O009996,P069,1,1,3040.89,2596.65,0.0
I009997_1,O009997,P102,1,0,3490.98,2068.63,0.1
I009998_1,O009998,P100,2,0,3101.61,2560.83,0.0
I009998_2,O009998,P046,1,0,215.36,119.22,0.05
I009999_1,O009999,P018,1,0,2832.05,1861.03,0.0
I009999_2,O009999,P026,1,0,3298.26,2746.76,0.0
I009999_3,O009999,P006,1,0,2952.15,2483.13,0.1
I010000_1,O010000,P048,1,0,2638.93,2064.58,0.0
I010001_1,O010001,P038,2,0,2558.19,1939.6,0.0
I010001_2,O010001,P082,1,0,2162.76,1528.85,0.1
I010001_3,O010001,P101,1,0,429.45,290.92,0.0
I010002_1,O010002,P008,1,0,2937.15,2190.37,0.0
I010002_2,O010002,P091,1,0,801.86,567.3,0.0
I010003_1,O010003,P058,1,0,1080.74,974.82,0.0
I010003_2,O010003,P010,2,0,783.9,468.72,0.0
I010004_1,O010004,P104,2,0,806.49,640.45,0.1
I010004_2,O010004,P011,1,0,634.8,470.48,0.0
I010005_1,O010005,P043,1,0,2570.89,2155.97,0.2
I010005_2,O010005,P006,1,0,2841.16,2483.13,0.0
I010006_1,O010006,P007,2,0,2730.82,2152.99,0.05
I010007_1,O010007,P088,1,0,308.72,167.15,0.05
I010008_1,O010008,P103,2,0,3455.93,3087.95,0.05
I010008_2,O010008,P096,1,0,3319.74,1989.35,0.05
I010009_1,O010009,P011,1,0,695.33,470.48,0.2
I010010_1,O010010,P020,1,0,3417.61,2726.34,0.0
I010011_1,O010011,P069,2,0,2958.7,2596.65,0.1
I010011_2,O010011,P085,1,0,663.65,482.52,0.0
I010012_1,O010012,P077,2,0,3248.36,2738.96,0.0
I010013_1,O010013,P074,1,0,2763.74,2093.66,0.1
I010013_2,O010013,P095,1,0,3361.39,2194.24,0.0
I010014_1,O010014,P037,2,0,826.66,604.48,0.0
I010014_2,O010014,P081,1,0,3024.06,2035.71,0.0
I010014_3,O010014,P044,1,0,2318.46,1529.57,0.1
I010015_1,O010015,P046,1,0,213.31,119.22,0.05
I010015_2,O010015,P095,1,1,3320.4,2194.24,0.1
I010016_1,O010016,P100,2,0,3021.8,2560.83,0.0
I010017_1,O010017,P054,1,1,329.37,290.26,0.0
I010017_2,O010017,P114,2,0,1012.13,699.07,0.0
I010018_1,O010018,P042,1,0,3259.33,2480.29,0.05
I010019_1,O010019,P110,1,0,550.1,387.41,0.1
I010019_2,O010019,P012,1,0,3859.28,2599.93,0.0
I010020_1,O010020,P086,2,0,564.37,301.67,0.0
I010021_1,O010021,P096,1,0,3015.52,1989.35,0.0
I010022_1,O010022,P090,2,0,1777.17,1197.25,0.1
I010023_1,O010023,P055,2,0,1675.03,1250.56,0.0
I010024_1,O010024,P063,1,1,2390.03,1328.53,0.1
I010024_2,O010024,P022,1,0,2100.75,1361.4,0.0
I010025_1,O010025,P005,2,0,2371.1,1891.99,0.0
I010025_2,O010025,P105,1,0,1282.34,1048.44,0.0
I010026_1,O010026,P075,1,0,839.0,632.05,0.0
I010027_1,O010027,P090,1,0,1642.0,1197.25,0.0
I010027_2,O010027,P081,1,0,3192.83,2035.71,0.0
I010028_1,O010028,P058,1,0,1099.87,974.82,0.1
I010029_1,O010029,P005,1,0,2324.58,1891.99,0.0
I010030_1,O010030,P031,1,0,314.11,221.16,0.0
I010031_1,O010031,P017,1,0,2005.7,1079.58,0.2
I010032_1,O010032,P109,1,1,2300.65,1696.43,0.0
I010033_1,O010033,P049,1,0,2773.96,1767.67,0.0
I010034_1,O010034,P116,1,0,2898.76,2344.15,0.0
I010035_1,O010035,P104,1,0,775.94,640.45,0.2
I010036_1,O010036,P091,2,0,746.96,567.3,0.0
I010037_1,O010037,P092,1,0,2520.17,1883.6,0.0
I010037_2,O010037,P060,2,0,3656.47,2190.75,0.3
I010037_3,O010037,P120,2,0,3350.45,2258.38,0.05
I010038_1,O010038,P051,1,0,2803.18,1856.67,0.0
I010039_1,O010039,P016,1,0,2746.26,2126.82,0.1
I010039_2,O010039,P078,2,0,2652.56,1751.62,0.05
I010039_3,O010039,P006,2,0,2897.6,2483.13,0.05
I010040_1,O010040,P014,1,0,1441.12,956.53,0.0
I010040_2,O010040,P066,2,0,591.71,449.79,0.1
I010041_1,O010041,P087,1,0,2011.19,1487.18,0.1
I010041_2,O010041,P064,1,0,247.53,140.8,0.2
I010042_1,O010042,P118,1,0,1175.16,778.87,0.0
I010042_2,O010042,P069,1,0,2778.03,2596.65,0.05
I010042_3,O010042,P021,1,0,3097.21,2007.08,0.0
I010043_1,O010043,P033,1,0,2705.23,2420.38,0.0
I010043_2,O010043,P067,1,1,1118.11,736.87,0.0
I010043_3,O010043,P040,1,0,2208.17,1719.58,0.0
I010044_1,O010044,P110,1,0,591.48,387.41,0.3
I010045_1,O010045,P027,2,0,2251.05,1900.67,0.0
I010046_1,O010046,P017,1,0,1864.43,1079.58,0.1
I010046_2,O010046,P045,1,0,1756.38,1393.5,0.05
I010046_3,O010046,P092,1,0,2384.48,1883.6,0.05
I010047_1,O010047,P009,1,0,175.89,142.71,0.0
I010048_1,O010048,P021,1,0,3231.02,2007.08,0.0
I010048_2,O010048,P013,2,0,1881.53,1078.11,0.2
I010048_3,O010048,P032,1,0,791.98,692.6,0.1
I010049_1,O010049,P039,1,0,2960.16,1842.48,0.1
I010049_2,O010049,P006,1,0,3128.95,2483.13,0.2
I010050_1,O010050,P060,1,0,3514.14,2190.75,0.05
I010050_2,O010050,P038,2,0,2592.65,1939.6,0.0
I010051_1,O010051,P082,1,0,2200.51,1528.85,0.0
I010051_2,O010051,P004,1,0,3308.72,2449.64,0.1
I010052_1,O010052,P030,2,0,2599.22,1879.56,0.05
I010053_1,O010053,P049,1,0,2748.57,1767.67,0.2
I010054_1,O010054,P065,1,0,2329.57,1840.19,0.1
I010054_2,O010054,P028,1,0,1420.52,1251.02,0.0
I010055_1,O010055,P059,1,0,2516.55,2284.02,0.05
I010055_2,O010055,P107,2,0,817.08,517.21,0.1
I010056_1,O010056,P017,1,0,1841.25,1079.58,0.0
I010057_1,O010057,P105,1,0,1303.0,1048.44,0.0
I010058_1,O010058,P062,2,0,1150.67,934.97,0.3
I010058_2,O010058,P091,1,0,847.44,567.3,0.0
I010058_3,O010058,P030,2,0,2723.1,1879.56,0.0
I010059_1,O010059,P032,1,0,780.75,692.6,0.0
I010060_1,O010060,P046,1,0,215.96,119.22,0.0
I010060_2,O010060,P053,1,0,3149.36,2330.08,0.0
I010061_1,O010061,P027,1,0,2252.4,1900.67,0.05
I010062_1,O010062,P002,1,0,2689.89,2136.38,0.1
I010063_1,O010063,P070,1,0,3674.07,2889.93,0.0
I010063_2,O010063,P023,1,0,2291.98,1316.59,0.05
I010064_1,O010064,P104,1,0,837.18,640.45,0.0
I010065_1,O010065,P050,1,0,1187.76,748.37,0.1
I010066_1,O010066,P005,2,0,2275.04,1891.99,0.1
I010067_1,O010067,P094,2,0,2826.42,1716.82,0.1
I010068_1,O010068,P083,2,0,944.99,674.18,0.0
I010068_2,O010068,P058,1,0,1129.16,974.82,0.05
I010069_1,O010069,P087,1,0,1883.61,1487.18,0.2
I010069_2,O010069,P103,1,0,3646.08,3087.95,0.0
I010070_1,O010070,P029,1,0,3096.58,2642.14,0.0
I010071_1,O010071,P115,1,0,2759.84,1821.73,0.1
I010071_2,O010071,P019,1,0,2453.01,1463.41,0.1
I010072_1,O010072,P119,1,0,655.63,550.1,0.0
I010072_2,O010072,P074,1,0,2701.24,2093.66,0.05
I010073_1,O010073,P054,1,0,346.83,290.26,0.0
I010073_2,O010073,P038,1,0,2463.64,1939.6,0.05
I010073_3,O010073,P056,1,0,655.02,467.73,0.05
I010074_1,O010074,P037,2,0,780.93,604.48,0.0
I010075_1,O010075,P118,1,0,1247.37,778.87,0.1
I010076_1,O010076,P110,1,0,545.69,387.41,0.1
I010077_1,O010077,P081,1,1,2982.04,2035.71,0.05
I010078_1,O010078,P022,2,0,1989.35,1361.4,0.05
I010079_1,O010079,P091,3,0,822.17,567.3,0.0
I010079_2,O010079,P001,1,0,731.32,503.11,0.1
I010080_1,O010080,P068,2,0,3304.19,1829.36,0.0
I010080_2,O010080,P085,2,0,693.92,482.52,0.0
I010081_1,O010081,P013,1,0,1716.22,1078.11,0.0
I010081_2,O010081,P047,1,0,3450.14,2991.8,0.0
I010082_1,O010082,P111,1,0,1081.6,738.87,0.05
I010082_2,O010082,P031,2,0,302.93,221.16,0.0
I010083_1,O010083,P065,1,0,2365.58,1840.19,0.0
I010084_1,O010084,P024,1,0,3169.35,2312.84,0.3
I010084_2,O010084,P039,1,0,2849.13,1842.48,0.0
I010084_3,O010084,P023,1,0,2318.7,1316.59,0.05
I010085_1,O010085,P012,1,0,3564.96,2599.93,0.05
I010086_1,O010086,P053,1,0,3128.94,2330.08,0.05
I010087_1,O010087,P078,1,0,2782.49,1751.62,0.0
I010088_1,O010088,P066,1,0,553.04,449.79,0.0
I010089_1,O010089,P081,1,0,3162.16,2035.71,0.1
I010089_2,O010089,P049,1,0,2683.67,1767.67,0.05
I010090_1,O010090,P091,1,0,793.83,567.3,0.05
I010091_1,O010091,P003,2,0,648.83,593.8,0.0
I010091_2,O010091,P064,1,0,257.44,140.8,0.0
I010092_1,O010092,P064,1,0,261.14,140.8,0.0
I010093_1,O010093,P031,1,1,314.82,221.16,0.2
I010094_1,O010094,P093,1,0,1016.04,614.67,0.1
I010095_1,O010095,P045,1,0,1720.6,1393.5,0.1
I010096_1,O010096,P098,1,0,368.83,210.13,0.0
I010097_1,O010097,P055,1,0,1759.4,1250.56,0.2
I010098_1,O010098,P022,1,0,2088.99,1361.4,0.2
I010099_1,O010099,P100,1,0,2892.16,2560.83,0.1
I010099_2,O010099,P077,1,0,2985.5,2738.96,0.3
I010100_1,O010100,P094,1,0,2871.74,1716.82,0.2
I010101_1,O010101,P011,1,0,690.46,470.48,0.2
I010102_1,O010102,P115,1,0,2684.08,1821.73,0.05
I010102_2,O010102,P015,1,0,1885.68,1639.7,0.05
I010103_1,O010103,P035,2,0,2354.83,1657.14,0.1
I010103_2,O010103,P072,1,1,1690.04,1369.26,0.05
I010104_1,O010104,P071,1,0,2104.53,1171.43,0.05
I010104_2,O010104,P092,2,0,2422.72,1883.6,0.0
I010105_1,O010105,P028,2,0,1389.83,1251.02,0.0
I010105_2,O010105,P016,1,0,2771.27,2126.82,0.05
I010106_1,O010106,P075,1,0,904.28,632.05,0.2
I010107_1,O010107,P051,1,0,2651.06,1856.67,0.05
I010107_2,O010107,P100,2,0,2750.91,2560.83,0.0
I010108_1,O010108,P103,1,0,3859.96,3087.95,0.0
I010109_1,O010109,P016,1,0,2675.82,2126.82,0.2
I010110_1,O010110,P098,1,0,343.0,210.13,0.2
I010111_1,O010111,P103,1,0,3367.21,3087.95,0.0
I010112_1,O010112,P053,1,0,2800.82,2330.08,0.05
I010112_2,O010112,P066,1,0,599.42,449.79,0.0
I010113_1,O010113,P099,1,0,1006.69,579.06,0.0
I010114_1,O010114,P097,2,0,506.13,385.34,0.1
I010114_2,O010114,P058,1,0,1057.53,974.82,0.0
I010114_3,O010114,P094,1,0,2718.34,1716.82,0.0
I010115_1,O010115,P014,1,1,1373.33,956.53,0.0
I010116_1,O010116,P110,1,0,586.7,387.41,0.05
I010117_1,O010117,P104,1,0,784.05,640.45,0.2
I010118_1,O010118,P033,1,0,2859.22,2420.38,0.0
I010119_1,O010119,P024,1,0,3292.83,2312.84,0.05
I010120_1,O010120,P036,1,0,2478.63,2239.64,0.05
I010121_1,O010121,P025,1,0,790.54,526.03,0.3
I010122_1,O010122,P094,1,0,2973.36,1716.82,0.05
I010122_2,O010122,P026,2,0,3033.34,2746.76,0.05
I010123_1,O010123,P078,1,0,2634.63,1751.62,0.1
I010123_2,O010123,P036,1,0,2763.57,2239.64,0.1
I010123_3,O010123,P112,1,0,1399.46,1059.45,0.05
I010124_1,O010124,P097,1,0,555.85,385.34,0.0
I010124_2,O010124,P103,1,0,3395.39,3087.95,0.2
I010125_1,O010125,P105,1,0,1348.28,1048.44,0.2
I010125_2,O010125,P031,1,0,314.0,221.16,0.05
I010125_3,O010125,P078,1,0,2558.67,1751.62,0.0
I010126_1,O010126,P002,1,0,2689.8,2136.38,0.0
I010126_2,O010126,P046,1,0,232.31,119.22,0.0
I010126_3,O010126,P115,1,0,2716.75,1821.73,0.0
I010127_1,O010127,P012,1,0,3627.97,2599.93,0.3
I010128_1,O010128,P009,1,0,186.13,142.71,0.0
I010129_1,O010129,P046,1,0,215.92,119.22,0.2
I010130_1,O010130,P006,2,0,2879.07,2483.13,0.0
I010131_1,O010131,P078,2,0,2570.17,1751.62,0.0
I010132_1,O010132,P109,1,0,2369.1,1696.43,0.05
I010133_1,O010133,P087,1,0,1960.35,1487.18,0.0
I010133_2,O010133,P118,2,0,1218.39,778.87,0.0
I010134_1,O010134,P035,1,0,2415.22,1657.14,0.05
I010134_2,O010134,P073,1,0,3114.17,2517.93,0.0
I010135_1,O010135,P025,1,0,778.47,526.03,0.0
I010136_1,O010136,P012,1,0,3724.94,2599.93,0.1
I010137_1,O010137,P011,1,0,632.73,470.48,0.1
I010138_1,O010138,P109,1,0,2301.2,1696.43,0.0
I010138_2,O010138,P084,1,0,1222.39,785.13,0.1
I010138_3,O010138,P101,1,0,422.89,290.92,0.1
I010139_1,O010139,P038,1,0,2510.0,1939.6,0.2
I010140_1,O010140,P008,1,0,3303.12,2190.37,0.05
I010140_2,O010140,P102,1,0,3359.74,2068.63,0.1
I010141_1,O010141,P025,1,0,770.43,526.03,0.0
I010142_1,O010142,P047,1,0,3662.98,2991.8,0.05
I010142_2,O010142,P014,1,0,1364.57,956.53,0.05
I010143_1,O010143,P007,1,0,2721.21,2152.99,0.05
I010144_1,O010144,P110,2,0,573.14,387.41,0.2
I010144_2,O010144,P009,1,0,183.64,142.71,0.1
I010144_3,O010144,P097,1,0,532.63,385.34,0.0
I010145_1,O010145,P002,1,0,2859.38,2136.38,0.05
I010145_2,O010145,P006,1,0,3077.58,2483.13,0.0
I010145_3,O010145,P070,1,0,3583.42,2889.93,0.2
I010146_1,O010146,P090,1,0,1814.98,1197.25,0.05
I010146_2,O010146,P088,1,0,290.07,167.15,0.05
I010147_1,O010147,P073,1,1,2992.63,2517.93,0.0
I010148_1,O010148,P109,1,0,2445.36,1696.43,0.05
I010149_1,O010149,P051,1,1,2529.99,1856.67,0.0
I010149_2,O010149,P103,1,0,3397.16,3087.95,0.2
I010150_1,O010150,P033,1,0,2776.74,2420.38,0.0
I010150_2,O010150,P107,1,0,881.61,517.21,0.2
I010151_1,O010151,P063,1,0,2371.65,1328.53,0.1
I010152_1,O010152,P037,1,0,771.38,604.48,0.05
I010152_2,O010152,P099,1,0,1023.97,579.06,0.0
I010153_1,O010153,P020,1,0,3521.44,2726.34,0.0
I010154_1,O010154,P050,1,0,1174.27,748.37,0.0
I010155_1,O010155,P057,1,0,2661.63,1751.13,0.05
I010156_1,O010156,P070,1,1,3427.9,2889.93,0.1
I010156_2,O010156,P007,1,0,2532.89,2152.99,0.0
I010157_1,O010157,P021,1,0,3114.05,2007.08,0.0
I010158_1,O010158,P004,1,0,3163.08,2449.64,0.05
I010159_1,O010159,P072,1,0,1650.1,1369.26,0.0
I010160_1,O010160,P031,1,0,304.18,221.16,0.0
I010160_2,O010160,P081,1,0,3275.53,2035.71,0.0
I010161_1,O010161,P078,1,0,2716.56,1751.62,0.0
I010161_2,O010161,P045,1,0,1724.52,1393.5,0.1
I010162_1,O010162,P024,2,0,3055.04,2312.84,0.0
I010163_1,O010163,P054,2,0,339.07,290.26,0.05
I010163_2,O010163,P046,2,0,223.34,119.22,0.05
I010164_1,O010164,P044,2,0,2355.19,1529.57,0.05
I010164_2,O010164,P081,1,0,3209.42,2035.71,0.1
I010165_1,O010165,P077,1,0,3200.18,2738.96,0.1
I010166_1,O010166,P089,3,0,2547.03,1691.26,0.05
I010167_1,O010167,P107,2,2,836.71,517.21,0.05
I010168_1,O010168,P059,1,1,2624.36,2284.02,0.0
I010169_1,O010169,P025,1,0,717.36,526.03,0.0
I010169_2,O010169,P053,3,0,3175.94,2330.08,0.0
I010170_1,O010170,P097,1,0,533.17,385.34,0.0
I010170_2,O010170,P109,1,0,2220.12,1696.43,0.1
I010171_1,O010171,P020,1,0,3480.21,2726.34,0.0
I010171_2,O010171,P060,1,0,3641.41,2190.75,0.0
I010171_3,O010171,P112,1,0,1569.01,1059.45,0.0
I010172_1,O010172,P038,1,1,2601.1,1939.6,0.3
I010172_2,O010172,P111,1,0,1112.09,738.87,0.0
I010173_1,O010173,P104,1,1,868.71,640.45,0.05
I010174_1,O010174,P030,1,0,2693.18,1879.56,0.0
I010174_2,O010174,P088,1,0,292.96,167.15,0.1
I010175_1,O010175,P012,1,1,3517.85,2599.93,0.0
I010176_1,O010176,P077,1,0,3116.48,2738.96,0.1
I010177_1,O010177,P075,1,0,820.95,632.05,0.2
I010178_1,O010178,P043,1,0,2420.89,2155.97,0.0
I010179_1,O010179,P007,1,0,2784.42,2152.99,0.05
I010180_1,O010180,P086,1,1,524.35,301.67,0.3
I010180_2,O010180,P102,1,0,3595.44,2068.63,0.2
I010181_1,O010181,P036,1,0,2641.77,2239.64,0.0
I010181_2,O010181,P052,1,0,2679.94,2232.75,0.05
I010181_3,O010181,P029,1,0,2851.78,2642.14,0.0
I010182_1,O010182,P088,1,0,299.91,167.15,0.0
I010182_2,O010182,P014,1,0,1372.69,956.53,0.1
I010182_3,O010182,P033,1,0,2673.3,2420.38,0.1
I010183_1,O010183,P051,1,0,2795.15,1856.67,0.2
I010183_2,O010183,P094,1,0,2942.54,1716.82,0.05
I010184_1,O010184,P090,2,0,1799.17,1197.25,0.0
I010185_1,O010185,P093,3,3,1057.92,614.67,0.1
I010186_1,O010186,P077,1,0,3426.09,2738.96,0.2
I010187_1,O010187,P066,1,0,576.2,449.79,0.05
I010188_1,O010188,P110,1,0,582.26,387.41,0.2
I010188_2,O010188,P031,1,0,298.17,221.16,0.0
I010189_1,O010189,P081,2,0,3269.39,2035.71,0.2
I010189_2,O010189,P090,1,0,1693.28,1197.25,0.0
I010190_1,O010190,P006,2,0,2746.04,2483.13,0.1
I010191_1,O010191,P052,1,0,2820.34,2232.75,0.2
I010192_1,O010192,P022,1,0,2044.9,1361.4,0.1
I010193_1,O010193,P116,1,0,2703.72,2344.15,0.05
I010193_2,O010193,P118,2,0,1278.49,778.87,0.0
I010194_1,O010194,P008,1,0,3358.58,2190.37,0.05
I010194_2,O010194,P084,1,0,1235.47,785.13,0.0
I010195_1,O010195,P034,1,0,727.0,551.76,0.0
I010195_2,O010195,P095,1,0,3234.88,2194.24,0.0
I010196_1,O010196,P119,1,0,613.31,550.1,0.0
I010196_2,O010196,P052,2,0,2679.75,2232.75,0.1
I010197_1,O010197,P011,1,0,692.78,470.48,0.0
I010197_2,O010197,P089,1,1,2674.85,1691.26,0.0
I010198_1,O010198,P071,1,0,1978.33,1171.43,0.1
I010199_1,O010199,P068,1,0,3330.26,1829.36,0.0
I010199_2,O010199,P036,1,0,2623.65,2239.64,0.2
I010200_1,O010200,P016,2,0,2935.17,2126.82,0.1
I010201_1,O010201,P065,1,0,2420.73,1840.19,0.05
I010201_2,O010201,P066,1,0,564.36,449.79,0.0
I010201_3,O010201,P119,2,0,606.11,550.1,0.1
I010202_1,O010202,P095,1,0,3255.55,2194.24,0.2
I010202_2,O010202,P038,1,0,2359.95,1939.6,0.0
I010203_1,O010203,P042,1,0,3579.96,2480.29,0.05
I010203_2,O010203,P002,1,0,2788.12,2136.38,0.05
I010204_1,O010204,P105,1,0,1275.75,1048.44,0.1
I010204_2,O010204,P098,1,0,348.16,210.13,0.1
I010205_1,O010205,P094,1,0,2797.99,1716.82,0.0
I010205_2,O010205,P071,1,0,1980.02,1171.43,0.05
I010206_1,O010206,P044,2,0,2234.03,1529.57,0.1
I010207_1,O010207,P107,2,0,836.43,517.21,0.0
I010207_2,O010207,P091,1,0,767.72,567.3,0.0
I010208_1,O010208,P019,1,0,2364.76,1463.41,0.0
I010208_2,O010208,P101,1,0,404.9,290.92,0.0
I010209_1,O010209,P037,1,0,843.65,604.48,0.05
I010209_2,O010209,P006,1,0,2998.94,2483.13,0.0
I010210_1,O010210,P076,1,0,2450.21,1928.31,0.1
I010211_1,O010211,P063,1,0,2170.79,1328.53,0.0
I010212_1,O010212,P039,1,0,2893.18,1842.48,0.0
I010212_2,O010212,P027,1,0,2291.22,1900.67,0.3
I010213_1,O010213,P056,1,0,701.33,467.73,0.2
I010213_2,O010213,P098,1,0,354.86,210.13,0.2
I010214_1,O010214,P118,1,0,1320.43,778.87,0.3
I010214_2,O010214,P119,1,0,685.29,550.1,0.3
I010215_1,O010215,P054,2,0,330.98,290.26,0.1
I010216_1,O010216,P031,2,0,304.57,221.16,0.1
I010216_2,O010216,P015,1,0,1990.07,1639.7,0.0
I010217_1,O010217,P004,1,0,3169.63,2449.64,0.0
I010218_1,O010218,P039,3,0,3097.15,1842.48,0.3
I010219_1,O010219,P091,1,0,799.41,567.3,0.0
I010219_2,O010219,P087,1,0,1996.08,1487.18,0.1
I010220_1,O010220,P052,1,0,2759.39,2232.75,0.1
I010221_1,O010221,P059,1,0,2595.73,2284.02,0.1
I010222_1,O010222,P093,1,1,1084.51,614.67,0.0
I010223_1,O010223,P043,1,0,2618.58,2155.97,0.1
I010223_2,O010223,P052,2,0,2800.12,2232.75,0.2
I010224_1,O010224,P050,1,0,1151.84,748.37,0.0
I010224_2,O010224,P060,1,0,3652.95,2190.75,0.05
I010225_1,O010225,P066,1,0,623.76,449.79,0.2
I010226_1,O010226,P054,2,0,332.56,290.26,0.0
I010226_2,O010226,P008,1,0,3000.31,2190.37,0.05
I010227_1,O010227,P007,1,0,2816.69,2152.99,0.05
I010228_1,O010228,P101,1,1,432.76,290.92,0.05
I010228_2,O010228,P021,1,0,3077.31,2007.08,0.0
I010229_1,O010229,P073,1,0,3058.28,2517.93,0.1
I010230_1,O010230,P058,2,0,1051.48,974.82,0.1
I010230_2,O010230,P106,2,0,2984.44,2402.81,0.1
I010230_3,O010230,P003,2,0,719.1,593.8,0.0
I010231_1,O010231,P022,1,0,2135.39,1361.4,0.0
I010231_2,O010231,P009,1,0,183.94,142.71,0.3
I010232_1,O010232,P097,1,0,501.17,385.34,0.0
I010232_2,O010232,P058,2,0,1125.6,974.82,0.1
I010233_1,O010233,P050,1,0,1267.81,748.37,0.3
I010233_2,O010233,P072,1,0,1812.89,1369.26,0.05
I010234_1,O010234,P038,1,1,2419.94,1939.6,0.05
I010235_1,O010235,P104,1,0,839.34,640.45,0.1
I010236_1,O010236,P102,1,0,3232.12,2068.63,0.0
I010237_1,O010237,P075,1,0,912.9,632.05,0.1
I010238_1,O010238,P106,2,0,2969.08,2402.81,0.0
I010239_1,O010239,P029,1,0,2995.41,2642.14,0.2
I010240_1,O010240,P062,1,0,1141.09,934.97,0.1
I010240_2,O010240,P046,2,0,226.98,119.22,0.0
I010241_1,O010241,P104,1,0,789.81,640.45,0.0
I010241_2,O010241,P013,1,1,1679.4,1078.11,0.0
I010242_1,O010242,P062,1,0,1090.75,934.97,0.05
I010242_2,O010242,P028,1,0,1444.64,1251.02,0.0
I010243_1,O010243,P086,1,0,546.15,301.67,0.1
I010244_1,O010244,P006,2,0,3108.7,2483.13,0.2
I010245_1,O010245,P097,1,0,495.37,385.34,0.05
I010245_2,O010245,P059,1,0,2491.75,2284.02,0.0
I010245_3,O010245,P026,1,1,3210.9,2746.76,0.1
I010246_1,O010246,P022,1,0,2087.36,1361.4,0.0
I010246_2,O010246,P068,1,0,3274.07,1829.36,0.2
I010247_1,O010247,P015,2,0,2112.06,1639.7,0.0
I010248_1,O010248,P051,1,0,2646.22,1856.67,0.0
I010248_2,O010248,P049,1,0,2486.11,1767.67,0.0
I010249_1,O010249,P075,2,0,828.82,632.05,0.2
I010249_2,O010249,P093,1,0,1107.66,614.67,0.1
I010249_3,O010249,P076,1,0,2577.11,1928.31,0.2
I010250_1,O010250,P017,2,0,1907.35,1079.58,0.05
I010250_2,O010250,P091,1,0,838.0,567.3,0.1
I010251_1,O010251,P088,1,0,303.64,167.15,0.2
I010251_2,O010251,P092,1,1,2621.51,1883.6,0.0
I010252_1,O010252,P017,2,0,2020.69,1079.58,0.2
I010253_1,O010253,P006,1,0,2829.56,2483.13,0.0
I010253_2,O010253,P078,2,0,2558.93,1751.62,0.05
I010254_1,O010254,P052,1,0,2814.86,2232.75,0.0
I010255_1,O010255,P007,2,0,2601.12,2152.99,0.05
I010255_2,O010255,P046,1,0,223.46,119.22,0.2
I010255_3,O010255,P025,2,0,792.46,526.03,0.05
I010256_1,O010256,P040,1,0,2318.66,1719.58,0.05
I010256_2,O010256,P111,1,0,1166.18,738.87,0.1
I010257_1,O010257,P104,2,2,774.11,640.45,0.0
I010258_1,O010258,P036,2,0,2691.79,2239.64,0.0
I010258_2,O010258,P120,2,0,3382.7,2258.38,0.0
I010259_1,O010259,P006,1,0,2953.3,2483.13,0.1
I010259_2,O010259,P020,1,0,3668.51,2726.34,0.0
I010260_1,O010260,P096,1,0,3042.07,1989.35,0.0
I010261_1,O010261,P029,2,0,3003.82,2642.14,0.0
I010262_1,O010262,P066,2,0,591.74,449.79,0.05
I010262_2,O010262,P091,1,0,795.19,567.3,0.2
I010263_1,O010263,P023,1,0,2442.33,1316.59,0.0
I010263_2,O010263,P007,1,0,2547.83,2152.99,0.0
I010264_1,O010264,P031,1,0,283.08,221.16,0.1
I010264_2,O010264,P056,2,0,654.4,467.73,0.0
I010265_1,O010265,P084,1,0,1204.57,785.13,0.2
I010265_2,O010265,P089,1,0,2475.79,1691.26,0.2
I010265_3,O010265,P072,1,0,1808.02,1369.26,0.1
I010266_1,O010266,P012,1,0,3436.21,2599.93,0.0
I010267_1,O010267,P073,3,0,3301.78,2517.93,0.2
I010267_2,O010267,P119,3,0,688.15,550.1,0.0
I010268_1,O010268,P048,1,0,2471.99,2064.58,0.3
I010268_2,O010268,P025,1,0,778.05,526.03,0.05
I010268_3,O010268,P062,2,0,1152.44,934.97,0.0
I010269_1,O010269,P070,1,0,3697.13,2889.93,0.1
I010270_1,O010270,P065,1,0,2521.01,1840.19,0.1
I010270_2,O010270,P045,1,1,1761.03,1393.5,0.3
I010271_1,O010271,P100,2,0,3020.25,2560.83,0.0
I010271_2,O010271,P082,2,0,2105.75,1528.85,0.1
I010272_1,O010272,P009,1,0,194.64,142.71,0.2
I010273_1,O010273,P094,1,0,2932.88,1716.82,0.1
I010274_1,O010274,P053,1,0,3148.47,2330.08,0.0
I010274_2,O010274,P013,1,0,1798.62,1078.11,0.05
I010275_1,O010275,P047,1,0,3414.09,2991.8,0.2
I010275_2,O010275,P058,2,0,1128.99,974.82,0.0
I010276_1,O010276,P006,1,0,2940.2,2483.13,0.0
I010276_2,O010276,P102,1,0,3311.33,2068.63,0.0
I010277_1,O010277,P118,1,0,1338.25,778.87,0.0
I010278_1,O010278,P093,1,0,1112.0,614.67,0.2
I010278_2,O010278,P115,1,0,2441.67,1821.73,0.0
I010279_1,O010279,P027,1,1,2121.94,1900.67,0.2
I010280_1,O010280,P034,1,0,710.58,551.76,0.2
I010280_2,O010280,P070,1,0,3782.05,2889.93,0.1
I010280_3,O010280,P038,2,0,2438.46,1939.6,0.1
I010281_1,O010281,P094,2,0,2670.15,1716.82,0.05
I010282_1,O010282,P032,1,0,809.85,692.6,0.0
I010283_1,O010283,P002,1,0,2822.07,2136.38,0.0
I010284_1,O010284,P018,1,0,3028.97,1861.03,0.0
I010285_1,O010285,P021,1,0,3143.68,2007.08,0.0
I010286_1,O010286,P067,1,0,1153.04,736.87,0.0
I010287_1,O010287,P045,1,0,1575.56,1393.5,0.05
I010287_2,O010287,P028,3,0,1520.06,1251.02,0.0
I010287_3,O010287,P050,1,0,1105.9,748.37,0.0
I010288_1,O010288,P023,1,0,2337.94,1316.59,0.0
I010288_2,O010288,P069,1,0,2996.25,2596.65,0.05
I010289_1,O010289,P026,2,0,3204.61,2746.76,0.0
I010290_1,O010290,P024,1,0,3142.78,2312.84,0.0
I010290_2,O010290,P039,1,1,2851.54,1842.48,0.0
I010291_1,O010291,P113,1,0,2263.93,1457.19,0.1
I010292_1,O010292,P073,1,1,2903.19,2517.93,0.2
I010293_1,O010293,P096,1,0,3427.76,1989.35,0.05
I010294_1,O010294,P108,1,0,1153.16,757.54,0.0
I010295_1,O010295,P009,1,0,194.33,142.71,0.0
I010295_2,O010295,P043,1,1,2610.78,2155.97,0.0
I010295_3,O010295,P093,1,0,1039.62,614.67,0.05
I010296_1,O010296,P041,1,0,1631.39,1272.83,0.1
I010297_1,O010297,P078,1,0,2569.89,1751.62,0.0
I010298_1,O010298,P091,2,0,791.63,567.3,0.05
I010298_2,O010298,P088,1,0,308.6,167.15,0.1
I010299_1,O010299,P067,1,0,1237.49,736.87,0.0
I010299_2,O010299,P107,2,0,865.98,517.21,0.1
I010299_3,O010299,P075,1,0,887.09,632.05,0.0
I010300_1,O010300,P022,1,0,2116.46,1361.4,0.05
I010301_1,O010301,P101,1,1,394.62,290.92,0.05
I010301_2,O010301,P067,1,0,1171.3,736.87,0.0
I010302_1,O010302,P004,1,0,3261.91,2449.64,0.0
I010302_2,O010302,P006,1,0,3020.77,2483.13,0.2
I010303_1,O010303,P010,1,0,764.63,468.72,0.2
I010304_1,O010304,P076,1,0,2431.28,1928.31,0.05
I010304_2,O010304,P072,1,0,1818.93,1369.26,0.0
I010305_1,O010305,P016,3,0,2768.72,2126.82,0.1
I010306_1,O010306,P062,1,1,1226.6,934.97,0.2
I010307_1,O010307,P011,1,0,647.26,470.48,0.2
I010307_2,O010307,P064,2,0,233.82,140.8,0.2
I010308_1,O010308,P088,2,0,294.26,167.15,0.1
I010309_1,O010309,P103,1,0,3374.99,3087.95,0.05
I010310_1,O010310,P089,1,0,2747.93,1691.26,0.05
I010311_1,O010311,P053,2,0,3198.01,2330.08,0.2
I010311_2,O010311,P085,1,0,750.39,482.52,0.0
I010311_3,O010311,P021,1,0,3273.51,2007.08,0.05
I010312_1,O010312,P114,2,0,1046.31,699.07,0.0
I010313_1,O010313,P012,1,0,3760.08,2599.93,0.05
I010313_2,O010313,P062,1,0,1139.75,934.97,0.05
I010314_1,O010314,P015,1,0,1979.93,1639.7,0.2
I010314_2,O010314,P090,2,0,1665.82,1197.25,0.0
I010315_1,O010315,P093,1,0,1100.05,614.67,0.0
I010315_2,O010315,P023,1,0,2420.36,1316.59,0.0
I010316_1,O010316,P059,1,0,2777.77,2284.02,0.0
I010317_1,O010317,P043,1,0,2572.4,2155.97,0.1
I010317_2,O010317,P021,1,0,3264.15,2007.08,0.05
I010318_1,O010318,P023,1,0,2265.11,1316.59,0.0
I010319_1,O010319,P044,1,0,2129.59,1529.57,0.0
I010319_2,O010319,P012,1,0,3462.68,2599.93,0.0
I010319_3,O010319,P013,1,0,1701.09,1078.11,0.0
I010320_1,O010320,P037,1,0,759.85,604.48,0.0
I010321_1,O010321,P015,1,0,1970.85,1639.7,0.0
I010321_2,O010321,P094,1,0,2760.93,1716.82,0.0
I010322_1,O010322,P001,1,0,740.15,503.11,0.0
I010322_2,O010322,P041,2,0,1802.19,1272.83,0.0
I010323_1,O010323,P088,1,1,305.79,167.15,0.1
I010324_1,O010324,P087,1,0,2014.22,1487.18,0.1
I010325_1,O010325,P006,1,0,3149.41,2483.13,0.05
I010325_2,O010325,P094,2,0,2878.53,1716.82,0.05
I010325_3,O010325,P080,1,1,880.01,706.47,0.1
I010326_1,O010326,P087,1,0,2055.85,1487.18,0.2
I010327_1,O010327,P118,1,0,1296.55,778.87,0.05
I010328_1,O010328,P117,1,0,1630.91,1301.63,0.3
I010328_2,O010328,P053,1,0,2914.04,2330.08,0.0
I010329_1,O010329,P001,1,0,781.54,503.11,0.1
I010330_1,O010330,P074,1,0,2779.27,2093.66,0.0
I010330_2,O010330,P070,1,0,3566.13,2889.93,0.2
I010331_1,O010331,P111,1,0,1058.77,738.87,0.0
I010331_2,O010331,P020,1,0,3223.05,2726.34,0.1
I010332_1,O010332,P047,1,0,3426.26,2991.8,0.1
I010332_2,O010332,P034,1,0,686.56,551.76,0.2
I010332_3,O010332,P100,1,0,2871.63,2560.83,0.05
I010333_1,O010333,P066,1,0,632.63,449.79,0.2
I010333_2,O010333,P065,1,0,2437.11,1840.19,0.2
I010334_1,O010334,P030,1,0,2774.93,1879.56,0.2
I010334_2,O010334,P100,1,0,2868.51,2560.83,0.05
I010335_1,O010335,P116,1,0,2767.39,2344.15,0.1
I010335_2,O010335,P109,1,0,2451.95,1696.43,0.0
I010335_3,O010335,P073,1,0,2911.16,2517.93,0.2
I010336_1,O010336,P060,1,0,3428.48,2190.75,0.2
I010337_1,O010337,P069,1,0,2993.18,2596.65,0.05
I010338_1,O010338,P073,1,0,3259.42,2517.93,0.05
I010339_1,O010339,P024,1,0,3067.18,2312.84,0.2
I010340_1,O010340,P031,1,0,281.59,221.16,0.1
I010340_2,O010340,P090,1,0,1606.73,1197.25,0.0
I010341_1,O010341,P067,1,0,1213.74,736.87,0.05
I010342_1,O010342,P052,1,0,2731.0,2232.75,0.1
I010343_1,O010343,P027,1,0,2198.26,1900.67,0.05
I010344_1,O010344,P087,1,0,1837.29,1487.18,0.1
I010345_1,O010345,P106,2,2,2629.3,2402.81,0.0
I010346_1,O010346,P036,1,0,2574.54,2239.64,0.0
I010346_2,O010346,P052,1,0,2597.08,2232.75,0.0
I010347_1,O010347,P024,2,0,2948.78,2312.84,0.05
I010347_2,O010347,P088,1,0,291.84,167.15,0.0
I010348_1,O010348,P062,1,0,1173.27,934.97,0.0
I010349_1,O010349,P116,1,0,2979.7,2344.15,0.0
I010349_2,O010349,P092,2,0,2466.26,1883.6,0.1
I010350_1,O010350,P004,3,0,3401.01,2449.64,0.0
I010350_2,O010350,P099,2,0,1016.51,579.06,0.0
I010350_3,O010350,P085,1,0,732.42,482.52,0.2
I010351_1,O010351,P106,1,0,2880.15,2402.81,0.0
I010352_1,O010352,P095,2,0,3380.95,2194.24,0.2
I010352_2,O010352,P076,2,0,2413.06,1928.31,0.1
I010353_1,O010353,P095,2,0,3340.66,2194.24,0.0
I010354_1,O010354,P047,1,0,3731.32,2991.8,0.1
I010355_1,O010355,P040,1,0,2196.34,1719.58,0.3
I010355_2,O010355,P079,1,0,2132.3,1780.27,0.0
I010356_1,O010356,P017,3,0,1843.02,1079.58,0.2
I010356_2,O010356,P081,1,0,3289.21,2035.71,0.1
I010357_1,O010357,P118,1,0,1307.32,778.87,0.0
I010358_1,O010358,P012,1,0,3537.78,2599.93,0.05
I010358_2,O010358,P094,1,0,2834.39,1716.82,0.0
I010359_1,O010359,P030,1,0,2549.48,1879.56,0.05
I010360_1,O010360,P059,1,0,2636.97,2284.02,0.05
I010361_1,O010361,P108,1,0,1039.98,757.54,0.0
I010361_2,O010361,P035,1,0,2424.77,1657.14,0.05
I010362_1,O010362,P010,2,0,732.13,468.72,0.05
I010362_2,O010362,P060,1,0,3311.13,2190.75,0.0
I010363_1,O010363,P065,1,0,2408.14,1840.19,0.0
I010363_2,O010363,P067,1,0,1147.92,736.87,0.0
I010363_3,O010363,P023,2,2,2272.94,1316.59,0.05
I010364_1,O010364,P030,3,0,2589.89,1879.56,0.05
I010365_1,O010365,P052,1,0,2805.82,2232.75,0.0
I010366_1,O010366,P114,1,0,1126.59,699.07,0.0
I010367_1,O010367,P074,2,0,2545.77,2093.66,0.2
I010368_1,O010368,P030,1,0,2641.51,1879.56,0.05
I010369_1,O010369,P014,1,1,1441.34,956.53,0.0
I010370_1,O010370,P025,1,0,786.3,526.03,0.0
I010371_1,O010371,P103,1,0,3594.76,3087.95,0.1
I010371_2,O010371,P059,1,0,2507.07,2284.02,0.0
I010372_1,O010372,P021,1,0,3072.77,2007.08,0.0
I010373_1,O010373,P099,1,0,1112.25,579.06,0.2
I010374_1,O010374,P011,1,0,625.7,470.48,0.2
I010375_1,O010375,P083,1,0,921.37,674.18,0.2
I010375_2,O010375,P066,1,0,621.95,449.79,0.0
I010376_1,O010376,P104,2,2,827.57,640.45,0.05
I010376_2,O010376,P074,1,0,2586.95,2093.66,0.0
I010377_1,O010377,P013,1,0,1831.03,1078.11,0.2
I010378_1,O010378,P104,2,0,878.48,640.45,0.0
I010378_2,O010378,P082,1,0,2281.13,1528.85,0.1
I010379_1,O010379,P069,1,0,2943.19,2596.65,0.1
I010380_1,O010380,P114,1,0,1055.15,699.07,0.0
I010381_1,O010381,P066,2,0,567.68,449.79,0.0
I010381_2,O010381,P048,1,0,2526.13,2064.58,0.2
I010381_3,O010381,P034,2,0,734.12,551.76,0.0
I010382_1,O010382,P045,1,0,1628.71,1393.5,0.0
I010382_2,O010382,P014,2,0,1417.95,956.53,0.1
I010383_1,O010383,P081,1,0,2996.46,2035.71,0.0
I010383_2,O010383,P028,1,1,1422.25,1251.02,0.1
I010383_3,O010383,P024,1,0,3287.69,2312.84,0.05
I010384_1,O010384,P062,1,0,1122.8,934.97,0.05
I010384_2,O010384,P087,1,0,2037.57,1487.18,0.0
I010385_1,O010385,P023,2,0,2168.07,1316.59,0.05
I010385_2,O010385,P051,1,0,2480.73,1856.67,0.1
I010385_3,O010385,P076,1,0,2638.25,1928.31,0.0
I010386_1,O010386,P092,1,0,2671.74,1883.6,0.0
I010387_1,O010387,P050,1,0,1250.02,748.37,0.2
I010388_1,O010388,P091,2,0,823.46,567.3,0.1
I010389_1,O010389,P036,1,0,2721.1,2239.64,0.2
I010389_2,O010389,P083,1,0,869.15,674.18,0.1
I010390_1,O010390,P016,1,0,2800.33,2126.82,0.05
I010391_1,O010391,P042,1,0,3432.32,2480.29,0.1
I010391_2,O010391,P116,1,0,2818.0,2344.15,0.2
I010391_3,O010391,P048,2,0,2576.95,2064.58,0.1
I010392_1,O010392,P095,1,0,3374.3,2194.24,0.1
I010392_2,O010392,P108,2,0,1159.79,757.54,0.0
I010392_3,O010392,P091,2,0,823.32,567.3,0.1
I010393_1,O010393,P013,2,2,1872.57,1078.11,0.05
I010393_2,O010393,P018,1,0,2839.91,1861.03,0.3
I010394_1,O010394,P057,1,0,2626.5,1751.13,0.0
I010395_1,O010395,P032,2,0,883.94,692.6,0.0
I010395_2,O010395,P050,1,0,1210.47,748.37,0.0
I010396_1,O010396,P055,1,0,1819.87,1250.56,0.0
I010396_2,O010396,P051,1,0,2682.42,1856.67,0.0
I010397_1,O010397,P114,1,0,1096.09,699.07,0.0
I010397_2,O010397,P074,1,0,2815.99,2093.66,0.0
I010397_3,O010397,P065,1,0,2610.49,1840.19,0.0
I010398_1,O010398,P073,1,0,3159.15,2517.93,0.2
I010399_1,O010399,P064,1,0,233.34,140.8,0.0
I010400_1,O010400,P017,1,0,1780.83,1079.58,0.1
I010401_1,O010401,P087,1,0,1949.13,1487.18,0.2
I010401_2,O010401,P062,1,0,1157.26,934.97,0.0
I010401_3,O010401,P042,1,0,3653.5,2480.29,0.1
I010402_1,O010402,P006,1,0,3137.66,2483.13,0.0
I010402_2,O010402,P039,1,0,2868.42,1842.48,0.0
I010402_3,O010402,P049,1,0,2654.03,1767.67,0.1
I010403_1,O010403,P101,1,0,395.39,290.92,0.05
I010403_2,O010403,P009,1,0,182.98,142.71,0.2
I010404_1,O010404,P033,1,0,2676.61,2420.38,0.1
I010405_1,O010405,P052,1,0,2833.8,2232.75,0.0
I010405_2,O010405,P046,1,0,232.18,119.22,0.05
I010406_1,O010406,P046,1,0,205.11,119.22,0.0
I010406_2,O010406,P104,1,0,888.62,640.45,0.0
I010407_1,O010407,P067,1,0,1183.06,736.87,0.05
I010408_1,O010408,P039,1,0,2795.67,1842.48,0.1
I010408_2,O010408,P032,1,0,829.87,692.6,0.05
I010409_1,O010409,P089,1,0,2685.05,1691.26,0.0
I010409_2,O010409,P045,1,0,1619.75,1393.5,0.0
I010410_1,O010410,P088,3,1,290.23,167.15,0.1
I010411_1,O010411,P105,1,0,1216.35,1048.44,0.0
I010412_1,O010412,P011,2,0,626.45,470.48,0.05
I010412_2,O010412,P016,1,0,2600.16,2126.82,0.0
I010413_1,O010413,P119,2,0,671.83,550.1,0.05
I010414_1,O010414,P006,1,0,2814.09,2483.13,0.0
I010414_2,O010414,P021,1,0,3011.28,2007.08,0.2
I010414_3,O010414,P011,1,0,714.17,470.48,0.0
I010415_1,O010415,P072,2,0,1825.7,1369.26,0.0
I010415_2,O010415,P056,1,0,680.22,467.73,0.3
I010416_1,O010416,P070,2,0,3491.56,2889.93,0.2
I010416_2,O010416,P030,1,0,2766.04,1879.56,0.0
I010417_1,O010417,P019,2,0,2563.77,1463.41,0.05
I010417_2,O010417,P008,3,0,3239.12,2190.37,0.05
I010417_3,O010417,P022,1,0,2092.6,1361.4,0.0
I010418_1,O010418,P102,1,0,3306.68,2068.63,0.2
I010419_1,O010419,P004,1,0,3336.84,2449.64,0.2
I010419_2,O010419,P107,1,0,814.09,517.21,0.2
I010420_1,O010420,P065,1,0,2331.54,1840.19,0.3
I010421_1,O010421,P071,1,0,2057.43,1171.43,0.0
I010422_1,O010422,P076,1,0,2719.32,1928.31,0.0
I010423_1,O010423,P110,1,0,565.68,387.41,0.0
I010423_2,O010423,P052,1,0,2866.43,2232.75,0.05
I010424_1,O010424,P066,1,0,605.13,449.79,0.2
I010425_1,O010425,P060,1,0,3616.0,2190.75,0.1
I010426_1,O010426,P058,1,0,1110.73,974.82,0.0
I010426_2,O010426,P071,2,0,1944.37,1171.43,0.1
I010426_3,O010426,P104,1,0,810.1,640.45,0.0
I010427_1,O010427,P081,2,0,3155.6,2035.71,0.05
I010427_2,O010427,P035,1,0,2400.63,1657.14,0.0
I010428_1,O010428,P032,1,0,875.54,692.6,0.3
I010428_2,O010428,P093,1,0,985.03,614.67,0.1
I010429_1,O010429,P115,2,0,2608.8,1821.73,0.2
I010430_1,O010430,P052,2,0,2672.55,2232.75,0.05
I010431_1,O010431,P031,1,0,280.63,221.16,0.2
I010431_2,O010431,P118,1,0,1181.04,778.87,0.05
I010432_1,O010432,P057,1,0,2781.3,1751.13,0.1
I010433_1,O010433,P074,1,1,2706.58,2093.66,0.2
I010434_1,O010434,P096,1,0,3009.24,1989.35,0.0
I010434_2,O010434,P021,1,0,3222.69,2007.08,0.1
I010434_3,O010434,P030,1,0,2603.71,1879.56,0.1
I010435_1,O010435,P053,1,0,2923.59,2330.08,0.0
I010436_1,O010436,P041,1,0,1616.78,1272.83,0.05
I010437_1,O010437,P033,1,0,2858.99,2420.38,0.05
I010437_2,O010437,P061,1,0,2888.49,1810.66,0.0
I010438_1,O010438,P090,1,0,1714.66,1197.25,0.0
I010438_2,O010438,P072,1,0,1657.78,1369.26,0.1
I010439_1,O010439,P033,2,2,2797.25,2420.38,0.2
I010439_2,O010439,P083,2,0,949.5,674.18,0.1
I010439_3,O010439,P031,2,0,306.74,221.16,0.2
I010440_1,O010440,P006,2,0,3097.76,2483.13,0.0
I010440_2,O010440,P082,1,0,2210.47,1528.85,0.0
I010441_1,O010441,P096,1,1,3016.24,1989.35,0.0
I010442_1,O010442,P108,1,0,1197.71,757.54,0.0
I010442_2,O010442,P083,1,0,964.68,674.18,0.05
I010442_3,O010442,P069,1,0,2812.76,2596.65,0.0
I010443_1,O010443,P042,1,0,3641.97,2480.29,0.1
I010444_1,O010444,P040,1,0,2106.35,1719.58,0.0
I010445_1,O010445,P098,1,0,345.79,210.13,0.0
I010445_2,O010445,P066,1,0,562.48,449.79,0.05
I010446_1,O010446,P029,2,0,2986.38,2642.14,0.2
I010447_1,O010447,P041,1,0,1748.53,1272.83,0.05
I010447_2,O010447,P108,2,0,1138.37,757.54,0.05
I010447_3,O010447,P029,1,0,3209.11,2642.14,0.1
I010448_1,O010448,P010,2,0,721.15,468.72,0.2
I010449_1,O010449,P066,1,0,559.33,449.79,0.05
I010449_2,O010449,P116,1,0,2819.95,2344.15,0.1
I010450_1,O010450,P039,1,0,2975.53,1842.48,0.3
I010450_2,O010450,P085,3,3,737.98,482.52,0.1
I010451_1,O010451,P045,1,0,1657.68,1393.5,0.1
I010451_2,O010451,P103,1,0,3623.29,3087.95,0.0
I010452_1,O010452,P012,1,0,3866.75,2599.93,0.05
I010453_1,O010453,P095,3,0,3193.37,2194.24,0.2
I010454_1,O010454,P026,1,0,3103.38,2746.76,0.1
I010455_1,O010455,P020,1,0,3669.88,2726.34,0.05
I010455_2,O010455,P094,1,0,2776.31,1716.82,0.0
I010456_1,O010456,P119,1,1,642.42,550.1,0.05
I010456_2,O010456,P075,2,0,812.89,632.05,0.0
I010457_1,O010457,P022,1,0,1903.25,1361.4,0.05
I010457_2,O010457,P113,1,0,2249.76,1457.19,0.05
I010457_3,O010457,P044,1,0,2311.08,1529.57,0.1
I010458_1,O010458,P116,1,0,3028.88,2344.15,0.0
I010458_2,O010458,P118,1,0,1305.97,778.87,0.05
I010459_1,O010459,P003,1,0,674.36,593.8,0.05
I010459_2,O010459,P103,1,0,3761.34,3087.95,0.2
I010460_1,O010460,P005,2,0,2234.77,1891.99,0.0
I010461_1,O010461,P025,1,0,749.51,526.03,0.1
I010462_1,O010462,P105,1,0,1259.01,1048.44,0.0
I010463_1,O010463,P117,1,0,1500.19,1301.63,0.05
I010463_2,O010463,P010,1,0,728.44,468.72,0.0
I010464_1,O010464,P114,1,0,1076.52,699.07,0.2
I010465_1,O010465,P067,1,0,1200.59,736.87,0.0
I010466_1,O010466,P031,1,0,286.76,221.16,0.0
I010466_2,O010466,P075,1,0,898.55,632.05,0.0
I010466_3,O010466,P104,1,0,824.45,640.45,0.0
I010467_1,O010467,P036,1,0,2540.31,2239.64,0.0
I010468_1,O010468,P035,2,0,2265.23,1657.14,0.0
I010468_2,O010468,P007,1,0,2684.63,2152.99,0.05
I010468_3,O010468,P064,2,0,240.73,140.8,0.0
I010469_1,O010469,P045,2,0,1635.87,1393.5,0.05
I010469_2,O010469,P001,1,1,816.44,503.11,0.05
I010469_3,O010469,P064,1,0,246.0,140.8,0.0
I010470_1,O010470,P030,2,0,2419.67,1879.56,0.1
I010470_2,O010470,P044,1,0,2159.74,1529.57,0.0
I010471_1,O010471,P063,1,0,2370.01,1328.53,0.05
I010471_2,O010471,P065,1,0,2425.39,1840.19,0.05
I010472_1,O010472,P020,1,0,3346.12,2726.34,0.05
I010472_2,O010472,P106,2,0,2595.11,2402.81,0.1
I010473_1,O010473,P080,1,1,847.76,706.47,0.05
I010474_1,O010474,P080,2,0,860.02,706.47,0.2
I010475_1,O010475,P055,1,0,1794.99,1250.56,0.0
I010475_2,O010475,P082,1,0,2339.29,1528.85,0.1
I010476_1,O010476,P087,1,0,1877.92,1487.18,0.0
I010477_1,O010477,P035,1,0,2360.38,1657.14,0.0
I010477_2,O010477,P116,1,0,2897.27,2344.15,0.1
I010478_1,O010478,P059,2,0,2518.81,2284.02,0.0
I010478_2,O010478,P005,1,0,2431.6,1891.99,0.05
I010479_1,O010479,P089,1,0,2657.31,1691.26,0.1
I010480_1,O010480,P026,2,0,3348.28,2746.76,0.0
I010481_1,O010481,P089,1,0,2529.29,1691.26,0.05
I010481_2,O010481,P113,2,0,2147.42,1457.19,0.0
I010482_1,O010482,P052,1,0,2816.72,2232.75,0.05
I010482_2,O010482,P048,1,0,2551.76,2064.58,0.0
I010482_3,O010482,P073,1,0,3291.76,2517.93,0.05
I010483_1,O010483,P022,1,0,1990.9,1361.4,0.05
I010483_2,O010483,P110,3,0,604.64,387.41,0.05
I010484_1,O010484,P065,1,0,2303.9,1840.19,0.0
I010484_2,O010484,P119,1,0,640.51,550.1,0.1
I010485_1,O010485,P069,1,0,3011.04,2596.65,0.1
I010485_2,O010485,P006,1,0,2945.86,2483.13,0.1
I010486_1,O010486,P089,2,0,2729.65,1691.26,0.0
I010486_2,O010486,P107,1,0,832.28,517.21,0.1
I010487_1,O010487,P005,1,0,2456.71,1891.99,0.05
I010488_1,O010488,P049,1,0,2696.41,1767.67,0.1
I010489_1,O010489,P069,2,1,3131.07,2596.65,0.05
I010490_1,O010490,P083,1,1,955.62,674.18,0.1
I010490_2,O010490,P074,1,0,2829.8,2093.66,0.2
I010491_1,O010491,P011,1,0,649.04,470.48,0.0
I010492_1,O010492,P016,1,0,2651.61,2126.82,0.0
I010493_1,O010493,P062,1,0,1128.8,934.97,0.05
I010493_2,O010493,P116,1,0,2856.21,2344.15,0.2
I010494_1,O010494,P030,1,0,2776.34,1879.56,0.0
I010494_2,O010494,P069,1,0,2891.62,2596.65,0.0
I010495_1,O010495,P004,1,0,3050.28,2449.64,0.0
I010495_2,O010495,P104,1,0,885.45,640.45,0.0
I010496_1,O010496,P028,1,0,1447.34,1251.02,0.05
I010497_1,O010497,P067,1,0,1162.52,736.87,0.05
I010497_2,O010497,P120,1,0,3265.45,2258.38,0.0
I010498_1,O010498,P007,2,0,2701.04,2152.99,0.0
I010498_2,O010498,P104,1,1,822.52,640.45,0.3
I010499_1,O010499,P014,1,0,1455.35,956.53,0.0
I010500_1,O010500,P039,1,0,3146.47,1842.48,0.1
I010501_1,O010501,P054,1,1,368.39,290.26,0.0
I010502_1,O010502,P102,1,0,3216.58,2068.63,0.2
I010502_2,O010502,P034,2,0,708.96,551.76,0.05
I010503_1,O010503,P077,1,0,3163.88,2738.96,0.05
I010503_2,O010503,P004,1,0,3167.46,2449.64,0.05
I010503_3,O010503,P102,1,0,3308.98,2068.63,0.05
I010504_1,O010504,P075,1,0,862.68,632.05,0.2
I010504_2,O010504,P018,1,0,2868.19,1861.03,0.1
I010505_1,O010505,P095,1,0,3286.95,2194.24,0.05
I010506_1,O010506,P068,1,0,3298.87,1829.36,0.05
I010507_1,O010507,P002,1,0,2625.65,2136.38,0.0
I010507_2,O010507,P027,1,0,2060.42,1900.67,0.1
I010508_1,O010508,P028,3,0,1565.78,1251.02,0.2
I010509_1,O010509,P041,1,1,1673.35,1272.83,0.0
I010509_2,O010509,P094,1,0,2727.63,1716.82,0.05
I010510_1,O010510,P092,1,0,2446.84,1883.6,0.2
I010511_1,O010511,P103,1,0,3422.46,3087.95,0.0
I010511_2,O010511,P069,1,0,2936.58,2596.65,0.0
I010511_3,O010511,P058,1,1,1142.0,974.82,0.0
I010512_1,O010512,P019,1,0,2385.61,1463.41,0.0
I010512_2,O010512,P041,1,0,1792.87,1272.83,0.0
I010513_1,O010513,P002,1,0,2967.12,2136.38,0.0
I010513_2,O010513,P018,1,0,3101.72,1861.03,0.05
I010514_1,O010514,P117,3,0,1627.11,1301.63,0.05
I010515_1,O010515,P095,1,0,3535.03,2194.24,0.0
I010515_2,O010515,P099,1,0,1021.92,579.06,0.2
I010516_1,O010516,P112,1,0,1538.68,1059.45,0.05
I010517_1,O010517,P054,1,0,355.66,290.26,0.0
I010517_2,O010517,P001,1,0,764.63,503.11,0.1
I010518_1,O010518,P086,2,0,569.66,301.67,0.1
I010519_1,O010519,P085,1,0,741.22,482.52,0.0
I010520_1,O010520,P025,1,0,767.97,526.03,0.05
I010521_1,O010521,P032,1,0,798.79,692.6,0.1
I010521_2,O010521,P086,1,0,551.45,301.67,0.1
I010522_1,O010522,P065,1,0,2303.44,1840.19,0.05
I010522_2,O010522,P031,1,0,304.98,221.16,0.1
I010522_3,O010522,P047,2,0,3489.34,2991.8,0.0
I010523_1,O010523,P116,1,0,2819.42,2344.15,0.05
I010523_2,O010523,P078,1,0,2741.86,1751.62,0.1
I010524_1,O010524,P104,1,0,873.74,640.45,0.1
I010525_1,O010525,P080,1,0,876.56,706.47,0.0
I010526_1,O010526,P064,1,0,243.73,140.8,0.0
I010526_2,O010526,P037,2,0,819.1,604.48,0.3
I010527_1,O010527,P020,1,0,3596.95,2726.34,0.1
I010528_1,O010528,P107,1,0,901.26,517.21,0.0
I010528_2,O010528,P050,1,0,1250.68,748.37,0.05
I010529_1,O010529,P075,1,0,856.16,632.05,0.0
I010530_1,O010530,P029,1,0,3222.93,2642.14,0.0
I010531_1,O010531,P058,2,0,1152.6,974.82,0.1
I010531_2,O010531,P114,2,0,994.38,699.07,0.1
I010532_1,O010532,P065,1,0,2587.86,1840.19,0.1
I010533_1,O010533,P115,1,0,2491.58,1821.73,0.2
I010533_2,O010533,P008,1,0,3076.88,2190.37,0.2
I010534_1,O010534,P116,1,0,2833.16,2344.15,0.1
I010534_2,O010534,P079,1,0,2290.6,1780.27,0.0
I010535_1,O010535,P076,1,0,2420.85,1928.31,0.3
I010536_1,O010536,P017,1,0,1971.46,1079.58,0.1
I010537_1,O010537,P037,1,0,822.52,604.48,0.0
I010537_2,O010537,P101,1,0,399.58,290.92,0.0
I010537_3,O010537,P040,1,0,2312.36,1719.58,0.0
I010538_1,O010538,P032,1,0,774.69,692.6,0.3
I010538_2,O010538,P012,1,0,3841.5,2599.93,0.0
I010539_1,O010539,P002,1,0,2830.21,2136.38,0.0
I010539_2,O010539,P026,1,0,3317.89,2746.76,0.0
I010540_1,O010540,P090,1,0,1795.76,1197.25,0.1
I010541_1,O010541,P099,3,0,976.74,579.06,0.0
I010542_1,O010542,P041,2,0,1657.83,1272.83,0.0
I010543_1,O010543,P089,1,0,2604.67,1691.26,0.0
I010544_1,O010544,P056,1,0,655.47,467.73,0.0
I010545_1,O010545,P083,2,0,937.8,674.18,0.0
I010545_2,O010545,P056,1,0,665.8,467.73,0.0
I010546_1,O010546,P013,1,0,1830.33,1078.11,0.1
I010547_1,O010547,P107,1,0,920.49,517.21,0.0
I010547_2,O010547,P090,1,0,1725.52,1197.25,0.0
I010548_1,O010548,P071,1,0,1954.75,1171.43,0.05
I010549_1,O010549,P085,1,0,722.12,482.52,0.0
I010549_2,O010549,P040,1,0,2140.07,1719.58,0.05
I010549_3,O010549,P019,1,0,2482.07,1463.41,0.1
I010550_1,O010550,P081,1,1,3262.27,2035.71,0.1
I010551_1,O010551,P006,1,0,2865.36,2483.13,0.0
I010551_2,O010551,P084,1,0,1247.97,785.13,0.1
I010552_1,O010552,P054,1,0,340.55,290.26,0.0
I010552_2,O010552,P117,3,0,1516.96,1301.63,0.0
I010553_1,O010553,P013,1,0,1832.32,1078.11,0.3
I010553_2,O010553,P117,1,0,1462.75,1301.63,0.05
I010553_3,O010553,P040,1,0,2208.79,1719.58,0.1
I010554_1,O010554,P016,1,0,2739.68,2126.82,0.2
I010554_2,O010554,P117,1,0,1546.79,1301.63,0.0
I010555_1,O010555,P005,1,0,2317.03,1891.99,0.0
I010555_2,O010555,P011,1,0,665.21,470.48,0.0
I010556_1,O010556,P100,1,0,2969.04,2560.83,0.0
I010557_1,O010557,P079,1,0,2189.14,1780.27,0.05
I010557_2,O010557,P098,1,0,342.49,210.13,0.1
I010557_3,O010557,P071,2,0,2029.33,1171.43,0.0
I010558_1,O010558,P091,1,0,814.96,567.3,0.05
I010559_1,O010559,P104,1,0,808.86,640.45,0.3
I010559_2,O010559,P091,2,0,775.07,567.3,0.0
I010560_1,O010560,P115,1,0,2546.76,1821.73,0.0
I010560_2,O010560,P106,1,0,2641.68,2402.81,0.2
I010561_1,O010561,P110,1,0,603.96,387.41,0.0
I010562_1,O010562,P080,3,0,904.0,706.47,0.1
I010563_1,O010563,P054,1,0,343.6,290.26,0.0
I010563_2,O010563,P012,1,0,3409.92,2599.93,0.05
I010564_1,O010564,P098,1,0,357.43,210.13,0.0
I010564_2,O010564,P006,1,0,3003.26,2483.13,0.0
I010565_1,O010565,P087,1,0,1814.91,1487.18,0.0
I010565_2,O010565,P013,3,0,1821.04,1078.11,0.0
I010566_1,O010566,P102,1,0,3243.74,2068.63,0.1
I010566_2,O010566,P001,1,0,785.09,503.11,0.1
I010567_1,O010567,P050,1,0,1214.27,748.37,0.2
I010568_1,O010568,P022,2,0,2174.77,1361.4,0.0
I010568_2,O010568,P025,1,0,808.65,526.03,0.1
I010569_1,O010569,P087,2,0,1825.11,1487.18,0.05
I010570_1,O010570,P119,2,0,659.46,550.1,0.0
I010571_1,O010571,P025,1,0,725.3,526.03,0.05
I010572_1,O010572,P001,2,0,789.08,503.11,0.0
I010573_1,O010573,P016,1,0,2793.95,2126.82,0.0
I010574_1,O010574,P030,2,0,2724.57,1879.56,0.3
I010574_2,O010574,P019,1,0,2590.99,1463.41,0.0
I010575_1,O010575,P081,1,0,3103.66,2035.71,0.0
I010575_2,O010575,P107,1,0,824.52,517.21,0.05
I010575_3,O010575,P024,2,0,3139.51,2312.84,0.0
I010576_1,O010576,P077,1,0,3128.41,2738.96,0.1
I010577_1,O010577,P089,1,0,2419.0,1691.26,0.05
I010577_2,O010577,P009,1,0,198.17,142.71,0.1
I010578_1,O010578,P097,1,0,533.68,385.34,0.05
I010578_2,O010578,P109,2,0,2264.6,1696.43,0.2
I010579_1,O010579,P092,1,0,2655.29,1883.6,0.0
I010580_1,O010580,P102,3,0,3612.99,2068.63,0.05
I010580_2,O010580,P038,1,0,2495.62,1939.6,0.0
I010581_1,O010581,P098,1,0,333.84,210.13,0.1
I010582_1,O010582,P060,2,0,3449.59,2190.75,0.05
I010583_1,O010583,P089,1,1,2529.47,1691.26,0.1
I010583_2,O010583,P023,1,1,2238.12,1316.59,0.0
I010584_1,O010584,P053,1,0,2886.0,2330.08,0.1
I010585_1,O010585,P080,1,0,875.15,706.47,0.05
I010585_2,O010585,P081,1,0,3044.26,2035.71,0.0
I010586_1,O010586,P027,1,0,2312.84,1900.67,0.0
I010587_1,O010587,P002,2,0,2777.53,2136.38,0.0
I010587_2,O010587,P043,1,0,2445.15,2155.97,0.1
I010587_3,O010587,P108,2,2,1151.47,757.54,0.0
I010588_1,O010588,P076,1,0,2698.86,1928.31,0.1
I010589_1,O010589,P024,1,0,3165.19,2312.84,0.2
I010590_1,O010590,P020,2,0,3332.36,2726.34,0.05
I010591_1,O010591,P024,1,0,3036.48,2312.84,0.05
I010591_2,O010591,P086,2,0,560.02,301.67,0.1
I010592_1,O010592,P064,2,0,264.4,140.8,0.0
I010592_2,O010592,P019,1,0,2373.24,1463.41,0.0
I010593_1,O010593,P076,2,0,2612.25,1928.31,0.05
I010594_1,O010594,P003,1,0,710.45,593.8,0.2
I010594_2,O010594,P041,1,0,1736.46,1272.83,0.0
I010594_3,O010594,P057,1,0,2670.35,1751.13,0.2
I010595_1,O010595,P011,1,0,660.26,470.48,0.0
I010595_2,O010595,P027,1,0,2284.07,1900.67,0.0
I010596_1,O010596,P079,1,0,2319.11,1780.27,0.1
I010596_2,O010596,P100,1,0,3078.69,2560.83,0.05
I010597_1,O010597,P067,1,0,1132.98,736.87,0.0
I010598_1,O010598,P119,2,0,611.33,550.1,0.1
I010598_2,O010598,P065,1,0,2293.26,1840.19,0.0
I010599_1,O010599,P101,1,0,403.57,290.92,0.05
I010599_2,O010599,P103,1,0,3601.39,3087.95,0.05
I010600_1,O010600,P069,1,0,3048.6,2596.65,0.1
I010601_1,O010601,P102,1,0,3386.46,2068.63,0.0
I010602_1,O010602,P067,1,0,1110.56,736.87,0.05
I010602_2,O010602,P029,1,0,3049.55,2642.14,0.1
I010603_1,O010603,P106,2,0,2963.38,2402.81,0.05
I010604_1,O010604,P046,1,1,227.74,119.22,0.1
I010604_2,O010604,P031,1,0,310.67,221.16,0.2
I010605_1,O010605,P048,2,0,2652.31,2064.58,0.0
I010606_1,O010606,P102,3,0,3603.48,2068.63,0.0
I010607_1,O010607,P002,1,0,2616.83,2136.38,0.05
I010607_2,O010607,P061,1,0,2845.96,1810.66,0.0
I010608_1,O010608,P039,1,0,3021.94,1842.48,0.2
I010608_2,O010608,P060,1,0,3394.89,2190.75,0.0
I010609_1,O010609,P118,1,0,1193.05,778.87,0.05
I010610_1,O010610,P014,1,0,1545.88,956.53,0.05
I010610_2,O010610,P008,1,1,3078.99,2190.37,0.3
I010611_1,O010611,P008,1,0,3311.52,2190.37,0.05
I010612_1,O010612,P021,1,0,3139.07,2007.08,0.05
I010613_1,O010613,P110,3,0,593.85,387.41,0.05
I010613_2,O010613,P050,1,0,1223.98,748.37,0.05
I010614_1,O010614,P002,1,0,2947.82,2136.38,0.1
I010614_2,O010614,P021,1,0,3046.68,2007.08,0.0
I010614_3,O010614,P111,1,0,1096.24,738.87,0.0
I010615_1,O010615,P047,1,0,3578.06,2991.8,0.05
I010616_1,O010616,P111,1,0,1081.5,738.87,0.0
I010616_2,O010616,P101,1,0,415.23,290.92,0.05
I010617_1,O010617,P004,1,0,3426.08,2449.64,0.05
I010618_1,O010618,P004,1,0,3393.3,2449.64,0.2
I010618_2,O010618,P073,2,0,3173.31,2517.93,0.2
I010619_1,O010619,P072,1,0,1661.99,1369.26,0.05
I010619_2,O010619,P019,2,0,2666.85,1463.41,0.1
I010620_1,O010620,P076,1,0,2527.83,1928.31,0.0
I010621_1,O010621,P070,1,0,3692.24,2889.93,0.0
I010621_2,O010621,P105,1,0,1327.6,1048.44,0.2
I010622_1,O010622,P030,1,0,2684.89,1879.56,0.0
I010623_1,O010623,P087,1,1,1827.07,1487.18,0.1
I010623_2,O010623,P002,1,0,2917.74,2136.38,0.1
I010623_3,O010623,P041,1,0,1766.14,1272.83,0.0
I010624_1,O010624,P027,1,0,2112.13,1900.67,0.0
I010625_1,O010625,P021,1,0,3267.76,2007.08,0.1
I010625_2,O010625,P013,1,0,1720.49,1078.11,0.0
I010626_1,O010626,P050,1,0,1259.98,748.37,0.1
I010627_1,O010627,P072,1,0,1717.7,1369.26,0.0
I010627_2,O010627,P024,1,0,3092.63,2312.84,0.05
I010627_3,O010627,P118,1,0,1271.2,778.87,0.0
I010628_1,O010628,P034,2,0,663.72,551.76,0.05
I010628_2,O010628,P119,2,0,667.13,550.1,0.1
I010629_1,O010629,P119,1,0,613.98,550.1,0.1
I010629_2,O010629,P053,1,0,3129.94,2330.08,0.1
I010629_3,O010629,P040,1,0,2055.71,1719.58,0.0
I010630_1,O010630,P007,1,0,2764.46,2152.99,0.0
I010631_1,O010631,P071,1,0,2103.12,1171.43,0.05
I010632_1,O010632,P082,2,0,2143.07,1528.85,0.05
I010633_1,O010633,P041,1,0,1717.6,1272.83,0.1
I010634_1,O010634,P036,1,0,2610.08,2239.64,0.05
I010635_1,O010635,P073,1,0,3110.99,2517.93,0.0
I010636_1,O010636,P077,1,0,3406.75,2738.96,0.05
I010637_1,O010637,P018,1,0,3005.95,1861.03,0.0
I010638_1,O010638,P086,1,1,567.98,301.67,0.05
I010638_2,O010638,P031,1,0,278.37,221.16,0.05
I010639_1,O010639,P044,1,0,2278.45,1529.57,0.05
I010639_2,O010639,P081,1,0,3305.97,2035.71,0.0
I010640_1,O010640,P070,1,0,3680.57,2889.93,0.05
I010640_2,O010640,P048,1,0,2487.61,2064.58,0.2
I010641_1,O010641,P071,2,2,1959.45,1171.43,0.2
I010641_2,O010641,P075,1,0,911.23,632.05,0.0
I010642_1,O010642,P111,1,0,1045.22,738.87,0.05
I010642_2,O010642,P086,1,0,570.79,301.67,0.0
I010642_3,O010642,P113,2,0,2273.99,1457.19,0.0
I010643_1,O010643,P032,1,0,859.06,692.6,0.05
I010644_1,O010644,P015,1,0,1985.71,1639.7,0.0
I010645_1,O010645,P024,3,0,3035.13,2312.84,0.0
I010646_1,O010646,P110,1,0,572.16,387.41,0.0
I010647_1,O010647,P098,1,0,348.01,210.13,0.05
I010648_1,O010648,P069,1,0,3129.98,2596.65,0.2
I010649_1,O010649,P002,1,0,2772.26,2136.38,0.0
I010650_1,O010650,P020,1,0,3507.98,2726.34,0.05
I010651_1,O010651,P056,2,0,676.92,467.73,0.3
I010652_1,O010652,P016,1,0,2745.45,2126.82,0.2
I010652_2,O010652,P099,1,0,1003.95,579.06,0.0
I010653_1,O010653,P033,1,0,2905.0,2420.38,0.1
I010654_1,O010654,P067,2,0,1244.23,736.87,0.05
I010655_1,O010655,P081,1,0,3171.02,2035.71,0.2
I010655_2,O010655,P076,1,0,2494.56,1928.31,0.0
I010656_1,O010656,P099,2,0,1073.52,579.06,0.0
I010656_2,O010656,P109,1,0,2209.67,1696.43,0.05
I010657_1,O010657,P056,1,0,656.84,467.73,0.1
I010657_2,O010657,P010,1,0,752.9,468.72,0.0
I010658_1,O010658,P038,2,0,2479.95,1939.6,0.2
I010658_2,O010658,P095,2,0,3192.29,2194.24,0.0
I010659_1,O010659,P106,1,0,2853.62,2402.81,0.05
I010659_2,O010659,P113,1,0,2240.37,1457.19,0.05
I010660_1,O010660,P100,3,0,3097.23,2560.83,0.05
I010660_2,O010660,P047,1,0,3263.94,2991.8,0.3
I010661_1,O010661,P091,2,0,825.07,567.3,0.2
I010661_2,O010661,P083,1,0,973.29,674.18,0.0
I010662_1,O010662,P032,1,0,877.78,692.6,0.0
I010663_1,O010663,P116,1,0,2994.46,2344.15,0.1
I010663_2,O010663,P103,1,0,3698.16,3087.95,0.1
I010664_1,O010664,P023,1,0,2155.89,1316.59,0.05
I010665_1,O010665,P059,1,0,2692.55,2284.02,0.0
I010666_1,O010666,P052,1,0,2813.39,2232.75,0.05
I010667_1,O010667,P043,1,0,2424.92,2155.97,0.2
I010667_2,O010667,P076,1,0,2557.2,1928.31,0.0
I010668_1,O010668,P105,1,0,1366.74,1048.44,0.0
I010669_1,O010669,P032,3,0,831.62,692.6,0.2
I010670_1,O010670,P090,1,0,1701.68,1197.25,0.2
I010670_2,O010670,P004,2,0,3141.64,2449.64,0.0
I010670_3,O010670,P018,2,0,2983.83,1861.03,0.05
I010671_1,O010671,P013,2,0,1877.74,1078.11,0.1
I010672_1,O010672,P084,2,0,1088.72,785.13,0.0
I010673_1,O010673,P012,1,0,3541.74,2599.93,0.0
I010674_1,O010674,P073,1,0,3270.36,2517.93,0.0
I010674_2,O010674,P093,1,0,1019.95,614.67,0.0
I010675_1,O010675,P072,1,0,1680.26,1369.26,0.0
I010676_1,O010676,P112,1,0,1528.37,1059.45,0.05
I010677_1,O010677,P098,1,0,360.71,210.13,0.0
I010677_2,O010677,P046,1,1,220.76,119.22,0.05
I010678_1,O010678,P028,1,0,1539.42,1251.02,0.05
I010678_2,O010678,P080,2,0,859.38,706.47,0.05
I010679_1,O010679,P050,1,0,1216.58,748.37,0.1
I010679_2,O010679,P018,2,0,3013.33,1861.03,0.1
I010680_1,O010680,P110,1,0,585.58,387.41,0.05
I010681_1,O010681,P016,2,0,2748.77,2126.82,0.1
I010682_1,O010682,P057,1,0,2729.44,1751.13,0.1
I010682_2,O010682,P025,2,0,808.5,526.03,0.1
I010683_1,O010683,P057,3,0,2686.91,1751.13,0.0
I010684_1,O010684,P060,1,0,3432.14,2190.75,0.05
I010684_2,O010684,P019,1,0,2379.32,1463.41,0.0
I010685_1,O010685,P052,1,0,2873.89,2232.75,0.1
I010686_1,O010686,P029,1,0,3181.8,2642.14,0.3
I010687_1,O010687,P105,1,0,1278.44,1048.44,0.05
I010688_1,O010688,P039,1,0,3043.29,1842.48,0.0
I010689_1,O010689,P034,1,0,691.53,551.76,0.05
I010690_1,O010690,P019,1,0,2512.95,1463.41,0.2
I010691_1,O010691,P066,1,0,614.48,449.79,0.2
I010692_1,O010692,P032,1,0,829.12,692.6,0.05
I010692_2,O010692,P038,1,0,2652.13,1939.6,0.0
I010693_1,O010693,P110,1,0,580.5,387.41,0.2
I010693_2,O010693,P033,1,1,2757.46,2420.38,0.0
I010694_1,O010694,P117,2,0,1498.12,1301.63,0.0
I010695_1,O010695,P114,1,0,1063.78,699.07,0.2
I010695_2,O010695,P110,1,0,591.24,387.41,0.0
I010696_1,O010696,P046,2,0,215.28,119.22,0.05
I010696_2,O010696,P063,1,0,2345.31,1328.53,0.0
I010696_3,O010696,P022,1,0,1917.49,1361.4,0.0
I010697_1,O010697,P009,1,0,180.54,142.71,0.2
I010697_2,O010697,P119,1,0,634.76,550.1,0.1
I010697_3,O010697,P115,1,0,2690.99,1821.73,0.0
I010698_1,O010698,P080,1,0,900.22,706.47,0.0
I010699_1,O010699,P018,1,0,2703.74,1861.03,0.1
I010700_1,O010700,P049,1,0,2502.39,1767.67,0.0
I010700_2,O010700,P041,1,1,1827.67,1272.83,0.05
I010700_3,O010700,P110,1,0,589.59,387.41,0.0
I010701_1,O010701,P100,1,0,2935.59,2560.83,0.0
I010702_1,O010702,P080,1,1,801.4,706.47,0.2
I010703_1,O010703,P027,1,0,2106.49,1900.67,0.0
I010704_1,O010704,P119,1,0,623.88,550.1,0.1
I010704_2,O010704,P031,1,0,278.77,221.16,0.0
I010705_1,O010705,P010,2,0,780.62,468.72,0.0
I010705_2,O010705,P034,1,0,650.18,551.76,0.05
I010706_1,O010706,P050,1,0,1257.37,748.37,0.1
I010706_2,O010706,P088,1,0,325.38,167.15,0.1
I010707_1,O010707,P084,2,0,1166.21,785.13,0.0
I010707_2,O010707,P064,2,0,230.82,140.8,0.0
I010708_1,O010708,P114,1,0,1102.12,699.07,0.05
I010708_2,O010708,P012,1,0,3434.23,2599.93,0.05
I010709_1,O010709,P085,1,0,740.64,482.52,0.0
I010710_1,O010710,P063,1,0,2204.52,1328.53,0.05
I010711_1,O010711,P098,2,0,367.78,210.13,0.2
I010711_2,O010711,P108,1,0,1196.33,757.54,0.1
I010712_1,O010712,P033,1,0,2671.87,2420.38,0.1
I010712_2,O010712,P083,1,0,930.25,674.18,0.1
I010713_1,O010713,P015,2,0,1934.81,1639.7,0.2
I010714_1,O010714,P014,1,0,1408.73,956.53,0.1
I010715_1,O010715,P007,1,0,2622.51,2152.99,0.1
I010715_2,O010715,P051,1,0,2745.63,1856.67,0.05
I010715_3,O010715,P074,1,0,2668.94,2093.66,0.1
I010716_1,O010716,P014,1,0,1422.86,956.53,0.2
I010717_1,O010717,P080,2,0,853.17,706.47,0.0
I010718_1,O010718,P030,1,0,2671.41,1879.56,0.2
I010718_2,O010718,P071,2,0,2001.93,1171.43,0.0
I010719_1,O010719,P075,1,1,830.4,632.05,0.0
I010720_1,O010720,P043,1,0,2704.94,2155.97,0.3
I010720_2,O010720,P037,1,0,794.49,604.48,0.1
I010721_1,O010721,P098,1,1,322.5,210.13,0.0
I010722_1,O010722,P036,1,0,2466.68,2239.64,0.0
I010722_2,O010722,P037,1,1,805.79,604.48,0.1
I010723_1,O010723,P004,1,1,3090.98,2449.64,0.2
I010723_2,O010723,P028,1,0,1483.6,1251.02,0.1
I010724_1,O010724,P101,2,0,401.02,290.92,0.05
I010725_1,O010725,P012,1,0,3628.23,2599.93,0.2
I010726_1,O010726,P106,1,0,2936.69,2402.81,0.0
I010726_2,O010726,P002,1,0,2874.7,2136.38,0.05
I010727_1,O010727,P005,1,1,2266.95,1891.99,0.05
I010727_2,O010727,P033,1,0,2732.19,2420.38,0.05
I010728_1,O010728,P025,2,0,791.03,526.03,0.2
I010728_2,O010728,P068,1,0,3229.24,1829.36,0.05
I010728_3,O010728,P098,1,0,368.56,210.13,0.05
I010729_1,O010729,P118,1,0,1182.95,778.87,0.1
I010729_2,O010729,P074,1,0,2652.89,2093.66,0.0
I010730_1,O010730,P091,1,0,739.29,567.3,0.1
I010730_2,O010730,P017,1,0,1833.38,1079.58,0.0
I010730_3,O010730,P035,1,0,2334.27,1657.14,0.2
I010731_1,O010731,P029,2,0,2884.2,2642.14,0.2
I010731_2,O010731,P104,2,0,860.57,640.45,0.0
I010732_1,O010732,P072,1,0,1789.48,1369.26,0.1
I010732_2,O010732,P064,1,0,241.91,140.8,0.0
I010733_1,O010733,P105,1,1,1347.45,1048.44,0.05
I010734_1,O010734,P005,1,0,2148.67,1891.99,0.05
I010734_2,O010734,P083,2,0,960.79,674.18,0.0
I010735_1,O010735,P095,1,1,3341.95,2194.24,0.3
I010735_2,O010735,P055,1,0,1779.53,1250.56,0.1
I010736_1,O010736,P081,1,0,3189.9,2035.71,0.05
I010736_2,O010736,P016,1,0,2963.47,2126.82,0.05
I010737_1,O010737,P054,1,0,334.24,290.26,0.1
I010738_1,O010738,P010,1,0,688.92,468.72,0.05
I010738_2,O010738,P095,1,0,3538.86,2194.24,0.2
I010738_3,O010738,P090,2,0,1681.84,1197.25,0.0
I010739_1,O010739,P032,1,0,806.18,692.6,0.0
I010740_1,O010740,P119,3,0,674.17,550.1,0.1
I010741_1,O010741,P043,1,0,2694.42,2155.97,0.05
I010742_1,O010742,P009,1,0,188.67,142.71,0.1
I010743_1,O010743,P077,2,0,3105.24,2738.96,0.0
I010743_2,O010743,P005,1,0,2174.98,1891.99,0.2
I010744_1,O010744,P012,1,0,3670.52,2599.93,0.0
I010744_2,O010744,P060,1,0,3378.96,2190.75,0.3
I010745_1,O010745,P062,1,0,1143.67,934.97,0.2
I010746_1,O010746,P075,1,0,810.87,632.05,0.05
I010747_1,O010747,P103,2,0,3719.26,3087.95,0.05
I010748_1,O010748,P036,1,0,2530.35,2239.64,0.05
I010749_1,O010749,P021,1,0,3231.22,2007.08,0.05
I010749_2,O010749,P001,1,0,767.02,503.11,0.3
I010750_1,O010750,P091,2,0,833.69,567.3,0.05
I010751_1,O010751,P046,1,0,224.18,119.22,0.3
I010752_1,O010752,P118,1,0,1288.71,778.87,0.0
I010753_1,O010753,P045,1,0,1700.28,1393.5,0.2
I010753_2,O010753,P075,1,0,907.23,632.05,0.1
I010753_3,O010753,P106,2,0,2760.79,2402.81,0.0
I010754_1,O010754,P106,3,0,2805.97,2402.81,0.1
I010755_1,O010755,P046,1,1,223.46,119.22,0.0
I010756_1,O010756,P069,1,0,3047.3,2596.65,0.0
I010756_2,O010756,P023,1,0,2286.45,1316.59,0.05
I010757_1,O010757,P018,3,0,2777.51,1861.03,0.0
I010757_2,O010757,P022,2,0,2085.77,1361.4,0.05
I010758_1,O010758,P074,1,0,2695.25,2093.66,0.1
I010759_1,O010759,P112,2,0,1464.57,1059.45,0.2
I010760_1,O010760,P065,1,0,2509.94,1840.19,0.1
I010761_1,O010761,P036,1,0,2584.64,2239.64,0.1
I010761_2,O010761,P072,1,0,1722.04,1369.26,0.1
I010761_3,O010761,P088,1,0,301.52,167.15,0.0
I010762_1,O010762,P005,1,0,2232.17,1891.99,0.2
I010763_1,O010763,P014,1,0,1435.91,956.53,0.1
I010763_2,O010763,P063,1,0,2317.08,1328.53,0.2
I010764_1,O010764,P079,1,0,2428.93,1780.27,0.05
I010765_1,O010765,P057,1,0,2752.68,1751.13,0.0
I010765_2,O010765,P080,1,0,814.14,706.47,0.0
I010766_1,O010766,P102,1,0,3596.14,2068.63,0.1
I010766_2,O010766,P068,1,0,3533.75,1829.36,0.1
I010767_1,O010767,P067,1,0,1106.15,736.87,0.05
I010768_1,O010768,P111,1,0,1169.78,738.87,0.1
I010769_1,O010769,P092,1,0,2441.24,1883.6,0.1
I010770_1,O010770,P002,1,0,2824.25,2136.38,0.0
I010770_2,O010770,P043,1,0,2780.79,2155.97,0.0
I010770_3,O010770,P007,2,0,2666.24,2152.99,0.0
I010771_1,O010771,P054,1,0,346.94,290.26,0.0
I010772_1,O010772,P112,2,0,1413.18,1059.45,0.3
I010773_1,O010773,P003,1,0,741.26,593.8,0.2
I010773_2,O010773,P029,1,0,2881.76,2642.14,0.1
I010774_1,O010774,P073,3,0,2930.84,2517.93,0.1
I010774_2,O010774,P087,1,0,1943.17,1487.18,0.0
I010775_1,O010775,P096,3,0,3007.45,1989.35,0.1
I010775_2,O010775,P108,1,0,1132.64,757.54,0.0
I010775_3,O010775,P110,1,0,604.37,387.41,0.1
I010776_1,O010776,P111,1,1,1086.2,738.87,0.1
I010777_1,O010777,P042,1,0,3400.85,2480.29,0.05
I010777_2,O010777,P095,1,0,3476.58,2194.24,0.0
I010778_1,O010778,P014,1,0,1437.4,956.53,0.0
I010779_1,O010779,P035,1,0,2402.42,1657.14,0.0
I010780_1,O010780,P087,1,0,1923.09,1487.18,0.2
I010780_2,O010780,P015,2,0,2027.81,1639.7,0.0
I010781_1,O010781,P055,2,0,1864.67,1250.56,0.0
I010782_1,O010782,P013,1,0,1655.32,1078.11,0.0
I010782_2,O010782,P079,1,0,2148.48,1780.27,0.0
I010783_1,O010783,P091,3,0,762.58,567.3,0.0
I010783_2,O010783,P097,1,0,506.29,385.34,0.1
I010783_3,O010783,P043,2,0,2756.38,2155.97,0.0
I010784_1,O010784,P037,1,1,825.66,604.48,0.0
I010784_2,O010784,P050,1,0,1207.53,748.37,0.0
I010785_1,O010785,P015,1,0,2050.07,1639.7,0.0
I010786_1,O010786,P101,1,0,396.79,290.92,0.1
I010787_1,O010787,P059,2,0,2635.25,2284.02,0.0
I010788_1,O010788,P064,3,0,238.3,140.8,0.2
I010789_1,O010789,P112,1,0,1498.72,1059.45,0.0
I010789_2,O010789,P092,2,0,2505.62,1883.6,0.05
I010790_1,O010790,P072,1,1,1678.93,1369.26,0.0
I010790_2,O010790,P117,1,0,1622.36,1301.63,0.1
I010791_1,O010791,P029,1,1,2952.96,2642.14,0.0
I010792_1,O010792,P110,1,0,564.48,387.41,0.05
I010792_2,O010792,P015,1,0,1939.42,1639.7,0.0
I010793_1,O010793,P026,1,0,3047.63,2746.76,0.2
I010794_1,O010794,P009,2,2,176.71,142.71,0.2
I010795_1,O010795,P006,1,0,3082.2,2483.13,0.2
I010795_2,O010795,P044,1,0,2296.05,1529.57,0.05
I010795_3,O010795,P091,1,0,801.13,567.3,0.0
I010796_1,O010796,P070,1,0,3561.76,2889.93,0.1
I010796_2,O010796,P039,1,0,2972.63,1842.48,0.1
I010797_1,O010797,P070,2,0,3648.8,2889.93,0.0
I010797_2,O010797,P099,2,0,1073.44,579.06,0.1
I010798_1,O010798,P055,1,0,1791.58,1250.56,0.05
I010798_2,O010798,P067,2,0,1251.83,736.87,0.3
I010799_1,O010799,P026,2,0,3044.2,2746.76,0.05
I010800_1,O010800,P014,2,0,1351.17,956.53,0.2
I010801_1,O010801,P059,1,0,2595.86,2284.02,0.1
I010802_1,O010802,P058,2,0,1038.73,974.82,0.05
I010802_2,O010802,P102,3,0,3207.75,2068.63,0.1
I010803_1,O010803,P015,1,0,2064.56,1639.7,0.1
I010804_1,O010804,P053,2,0,2911.24,2330.08,0.05
I010805_1,O010805,P103,1,0,3772.95,3087.95,0.3
I010806_1,O010806,P120,1,0,3372.98,2258.38,0.05
I010806_2,O010806,P099,1,0,1029.94,579.06,0.05
I010806_3,O010806,P065,1,0,2304.76,1840.19,0.05
I010807_1,O010807,P087,1,0,2064.39,1487.18,0.0
I010808_1,O010808,P049,1,0,2751.49,1767.67,0.0
I010809_1,O010809,P017,2,0,1996.73,1079.58,0.0
I010810_1,O010810,P092,1,0,2500.36,1883.6,0.0
I010811_1,O010811,P101,1,0,421.97,290.92,0.0
I010812_1,O010812,P025,2,0,730.3,526.03,0.0
I010813_1,O010813,P067,2,0,1107.54,736.87,0.0
I010813_2,O010813,P055,1,0,1775.62,1250.56,0.05
I010814_1,O010814,P014,1,0,1347.6,956.53,0.1
I010815_1,O010815,P044,1,0,2113.42,1529.57,0.0
I010816_1,O010816,P068,1,0,3288.41,1829.36,0.05
I010816_2,O010816,P119,1,0,652.23,550.1,0.0
I010817_1,O010817,P018,1,0,2770.06,1861.03,0.0
I010817_2,O010817,P089,1,0,2478.94,1691.26,0.1
I010818_1,O010818,P101,1,0,395.98,290.92,0.0
I010819_1,O010819,P050,3,0,1153.01,748.37,0.0
I010820_1,O010820,P055,1,0,1660.24,1250.56,0.1
I010820_2,O010820,P015,1,0,1873.82,1639.7,0.1
I010821_1,O010821,P048,2,0,2593.37,2064.58,0.0
I010822_1,O010822,P054,1,0,348.15,290.26,0.05
I010822_2,O010822,P002,2,0,2717.5,2136.38,0.05
I010823_1,O010823,P053,1,0,2909.89,2330.08,0.05
I010824_1,O010824,P107,1,0,887.83,517.21,0.0
I010824_2,O010824,P100,1,0,2908.83,2560.83,0.05
I010825_1,O010825,P088,1,0,317.95,167.15,0.0
I010826_1,O010826,P041,1,0,1846.14,1272.83,0.05
I010826_2,O010826,P015,1,0,2103.15,1639.7,0.3
I010827_1,O010827,P082,1,0,2357.26,1528.85,0.2
I010827_2,O010827,P091,1,0,838.48,567.3,0.3
I010828_1,O010828,P117,1,0,1541.82,1301.63,0.2
I010828_2,O010828,P080,1,0,808.46,706.47,0.2
I010829_1,O010829,P069,1,0,3141.8,2596.65,0.1
I010830_1,O010830,P118,1,0,1306.55,778.87,0.05
I010831_1,O010831,P001,1,0,790.43,503.11,0.0
I010832_1,O010832,P036,2,0,2449.97,2239.64,0.0
I010833_1,O010833,P070,1,0,3631.41,2889.93,0.0
I010834_1,O010834,P085,1,0,692.25,482.52,0.05
I010835_1,O010835,P072,1,0,1645.51,1369.26,0.1
I010835_2,O010835,P092,2,0,2469.32,1883.6,0.0
I010836_1,O010836,P033,1,0,2985.03,2420.38,0.2
I010836_2,O010836,P091,1,0,815.36,567.3,0.1
I010836_3,O010836,P073,1,0,3146.41,2517.93,0.05
I010837_1,O010837,P052,1,0,2870.85,2232.75,0.0
I010838_1,O010838,P084,1,0,1199.61,785.13,0.0
I010839_1,O010839,P026,2,0,3189.38,2746.76,0.2
I010839_2,O010839,P083,1,0,915.82,674.18,0.1
I010839_3,O010839,P107,1,0,881.56,517.21,0.05
I010840_1,O010840,P061,1,0,2598.29,1810.66,0.0
I010841_1,O010841,P043,2,0,2517.82,2155.97,0.1
I010841_2,O010841,P101,1,0,412.0,290.92,0.1
I010842_1,O010842,P007,1,0,2552.45,2152.99,0.05
I010843_1,O010843,P023,1,0,2291.69,1316.59,0.1
I010844_1,O010844,P064,2,0,258.46,140.8,0.1
I010844_2,O010844,P096,1,0,3386.21,1989.35,0.2
I010845_1,O010845,P021,1,0,3148.08,2007.08,0.0
I010845_2,O010845,P056,2,0,662.98,467.73,0.3
I010846_1,O010846,P060,1,0,3370.34,2190.75,0.05
I010846_2,O010846,P107,2,0,832.61,517.21,0.1
I010846_3,O010846,P083,1,0,925.08,674.18,0.0
I010847_1,O010847,P089,1,0,2450.59,1691.26,0.1
I010847_2,O010847,P103,1,0,3674.85,3087.95,0.05
I010848_1,O010848,P051,1,0,2586.15,1856.67,0.0
I010849_1,O010849,P102,1,0,3205.56,2068.63,0.2
I010849_2,O010849,P070,1,0,3742.75,2889.93,0.2
I010850_1,O010850,P047,1,0,3312.54,2991.8,0.0
I010850_2,O010850,P063,2,0,2409.43,1328.53,0.0
I010850_3,O010850,P090,1,0,1749.76,1197.25,0.05
I010851_1,O010851,P011,1,0,699.3,470.48,0.0
I010851_2,O010851,P014,1,0,1516.45,956.53,0.1
I010852_1,O010852,P118,1,0,1219.56,778.87,0.05
I010852_2,O010852,P106,1,0,2595.14,2402.81,0.0
I010852_3,O010852,P109,1,0,2436.78,1696.43,0.1
I010853_1,O010853,P043,1,0,2496.34,2155.97,0.0
I010853_2,O010853,P112,2,2,1541.74,1059.45,0.0
I010854_1,O010854,P105,1,0,1327.64,1048.44,0.2
I010855_1,O010855,P038,1,0,2466.06,1939.6,0.0
I010855_2,O010855,P094,1,0,2738.31,1716.82,0.3
I010856_1,O010856,P076,1,1,2426.58,1928.31,0.1
I010856_2,O010856,P090,1,0,1663.87,1197.25,0.1
I010857_1,O010857,P018,1,0,2803.18,1861.03,0.1
I010858_1,O010858,P045,1,0,1625.74,1393.5,0.1
I010859_1,O010859,P070,1,0,3632.41,2889.93,0.1
I010860_1,O010860,P055,1,0,1866.33,1250.56,0.0
I010861_1,O010861,P014,1,0,1448.01,956.53,0.2
I010862_1,O010862,P081,1,0,2975.9,2035.71,0.1
I010862_2,O010862,P052,1,0,2625.7,2232.75,0.0
I010863_1,O010863,P089,2,0,2651.93,1691.26,0.3
I010864_1,O010864,P054,1,0,347.59,290.26,0.0
I010865_1,O010865,P098,1,0,367.52,210.13,0.05
I010865_2,O010865,P040,1,0,2107.94,1719.58,0.05
I010866_1,O010866,P052,1,0,2704.26,2232.75,0.1
I010867_1,O010867,P085,1,0,693.62,482.52,0.0
I010868_1,O010868,P068,2,0,3424.52,1829.36,0.0
I010868_2,O010868,P005,1,0,2467.76,1891.99,0.0
I010869_1,O010869,P077,1,0,3375.05,2738.96,0.0
I010870_1,O010870,P054,1,0,330.09,290.26,0.0
I010871_1,O010871,P095,1,0,3233.68,2194.24,0.05
I010871_2,O010871,P115,1,0,2529.43,1821.73,0.0
I010872_1,O010872,P024,2,0,3141.24,2312.84,0.0
I010873_1,O010873,P016,2,0,2693.98,2126.82,0.1
I010873_2,O010873,P047,1,0,3588.28,2991.8,0.05
I010874_1,O010874,P034,1,0,701.36,551.76,0.2
I010874_2,O010874,P066,2,0,628.35,449.79,0.2
I010875_1,O010875,P055,1,0,1755.5,1250.56,0.3
I010876_1,O010876,P016,1,0,2808.51,2126.82,0.2
I010877_1,O010877,P020,1,0,3521.49,2726.34,0.3
I010877_2,O010877,P030,1,0,2421.9,1879.56,0.0
I010878_1,O010878,P102,1,0,3355.76,2068.63,0.0
I010878_2,O010878,P012,2,1,3449.48,2599.93,0.2
I010879_1,O010879,P030,1,0,2568.14,1879.56,0.0
I010879_2,O010879,P008,1,0,3278.64,2190.37,0.0
I010880_1,O010880,P094,2,0,2873.13,1716.82,0.0
I010881_1,O010881,P102,1,0,3548.81,2068.63,0.05
I010882_1,O010882,P043,1,0,2766.42,2155.97,0.0
I010882_2,O010882,P098,2,1,326.42,210.13,0.0
I010883_1,O010883,P112,1,0,1406.2,1059.45,0.05
I010884_1,O010884,P015,1,0,1980.65,1639.7,0.1
I010884_2,O010884,P095,1,1,3562.16,2194.24,0.1
I010885_1,O010885,P004,1,0,3037.79,2449.64,0.0
I010886_1,O010886,P054,3,0,343.94,290.26,0.3
I010886_2,O010886,P087,1,0,1882.57,1487.18,0.0
I010886_3,O010886,P090,1,0,1626.36,1197.25,0.3
I010887_1,O010887,P026,1,0,3268.91,2746.76,0.0
I010887_2,O010887,P054,1,0,345.06,290.26,0.05
I010888_1,O010888,P019,2,0,2364.97,1463.41,0.0
I010888_2,O010888,P036,1,0,2677.52,2239.64,0.2
I010889_1,O010889,P115,1,0,2548.31,1821.73,0.0
I010889_2,O010889,P103,1,0,3634.27,3087.95,0.0
I010890_1,O010890,P027,2,0,2165.17,1900.67,0.2
I010891_1,O010891,P005,1,0,2400.72,1891.99,0.05
I010892_1,O010892,P029,1,0,2933.3,2642.14,0.0
I010893_1,O010893,P117,1,0,1663.76,1301.63,0.0
I010894_1,O010894,P029,1,0,3123.8,2642.14,0.3
I010895_1,O010895,P094,2,0,2619.43,1716.82,0.0
I010896_1,O010896,P092,1,0,2695.38,1883.6,0.0
I010897_1,O010897,P071,1,0,1992.3,1171.43,0.0
I010898_1,O010898,P118,2,0,1289.61,778.87,0.0
I010898_2,O010898,P010,1,0,726.17,468.72,0.0
I010898_3,O010898,P083,1,0,993.51,674.18,0.0
I010899_1,O010899,P084,2,0,1199.88,785.13,0.0
I010900_1,O010900,P063,1,0,2329.77,1328.53,0.05
I010900_2,O010900,P029,2,0,3216.39,2642.14,0.2
I010900_3,O010900,P040,1,0,2228.67,1719.58,0.0
I010901_1,O010901,P085,1,0,695.13,482.52,0.05
I010901_2,O010901,P108,1,0,1060.0,757.54,0.0
I010902_1,O010902,P096,1,1,3099.65,1989.35,0.05
I010903_1,O010903,P079,1,0,2333.89,1780.27,0.0
I010903_2,O010903,P049,1,0,2740.65,1767.67,0.0
I010904_1,O010904,P038,1,0,2416.17,1939.6,0.1
I010905_1,O010905,P041,1,0,1785.84,1272.83,0.0
I010906_1,O010906,P098,1,0,352.72,210.13,0.0
I010907_1,O010907,P033,1,0,2900.11,2420.38,0.0
I010908_1,O010908,P076,2,0,2715.89,1928.31,0.1
I010908_2,O010908,P043,2,0,2642.76,2155.97,0.0
I010908_3,O010908,P021,2,0,3245.73,2007.08,0.0
I010909_1,O010909,P056,1,0,680.18,467.73,0.05
I010909_2,O010909,P093,1,0,995.81,614.67,0.05
I010910_1,O010910,P036,1,0,2496.59,2239.64,0.0
I010910_2,O010910,P007,3,0,2487.37,2152.99,0.05
I010911_1,O010911,P040,3,0,2170.96,1719.58,0.05
I010911_2,O010911,P071,1,0,2054.09,1171.43,0.05
I010912_1,O010912,P057,1,1,2662.05,1751.13,0.0
I010913_1,O010913,P101,1,0,431.75,290.92,0.1
I010914_1,O010914,P013,1,0,1870.22,1078.11,0.0
I010914_2,O010914,P012,1,0,3603.46,2599.93,0.2
I010915_1,O010915,P031,1,1,290.28,221.16,0.3
I010916_1,O010916,P061,1,0,2744.01,1810.66,0.05
I010916_2,O010916,P056,1,0,652.43,467.73,0.0
I010916_3,O010916,P046,1,0,228.7,119.22,0.0
I010917_1,O010917,P023,1,0,2287.66,1316.59,0.0
I010918_1,O010918,P110,1,0,588.5,387.41,0.2
I010919_1,O010919,P098,1,0,353.94,210.13,0.0
I010920_1,O010920,P067,1,0,1189.49,736.87,0.1
I010920_2,O010920,P115,1,0,2676.4,1821.73,0.0
I010921_1,O010921,P035,1,0,2283.49,1657.14,0.0
I010922_1,O010922,P114,1,0,1038.3,699.07,0.0
I010923_1,O010923,P063,2,0,2130.38,1328.53,0.05
I010924_1,O010924,P025,1,0,768.4,526.03,0.1
I010925_1,O010925,P002,1,0,2619.38,2136.38,0.0
I010926_1,O010926,P082,1,0,2300.11,1528.85,0.0
I010927_1,O010927,P088,1,0,326.3,167.15,0.2
I010928_1,O010928,P111,1,0,1118.83,738.87,0.0
I010929_1,O010929,P081,1,0,3037.73,2035.71,0.0
I010930_1,O010930,P030,1,0,2476.51,1879.56,0.0
I010930_2,O010930,P112,1,0,1492.04,1059.45,0.0
I010931_1,O010931,P069,1,1,3101.15,2596.65,0.1
I010931_2,O010931,P083,1,0,968.09,674.18,0.05
I010932_1,O010932,P050,1,0,1109.67,748.37,0.2
I010933_1,O010933,P066,2,0,569.33,449.79,0.1
I010934_1,O010934,P045,2,0,1647.17,1393.5,0.1
I010934_2,O010934,P096,1,0,3412.66,1989.35,0.1
I010935_1,O010935,P097,1,0,517.57,385.34,0.05
I010936_1,O010936,P068,2,0,3432.67,1829.36,0.2
I010936_2,O010936,P017,2,0,1883.61,1079.58,0.0
I010936_3,O010936,P006,1,0,3050.82,2483.13,0.2
I010937_1,O010937,P113,2,0,2156.1,1457.19,0.0
I010938_1,O010938,P005,1,0,2259.59,1891.99,0.0
I010939_1,O010939,P018,1,0,2960.82,1861.03,0.1
I010940_1,O010940,P061,1,0,2653.06,1810.66,0.1
I010941_1,O010941,P109,1,1,2279.47,1696.43,0.0
I010942_1,O010942,P043,1,0,2664.54,2155.97,0.05
I010943_1,O010943,P054,1,0,334.43,290.26,0.05
I010943_2,O010943,P073,1,0,3137.33,2517.93,0.0
I010943_3,O010943,P041,3,0,1760.64,1272.83,0.1
I010944_1,O010944,P041,1,0,1748.85,1272.83,0.1
I010945_1,O010945,P113,1,0,2330.83,1457.19,0.0
I010946_1,O010946,P031,1,0,289.02,221.16,0.2
I010946_2,O010946,P033,1,1,2721.68,2420.38,0.0
I010947_1,O010947,P010,1,0,759.81,468.72,0.2
I010948_1,O010948,P030,1,0,2426.0,1879.56,0.05
I010949_1,O010949,P038,1,0,2347.63,1939.6,0.1
I010949_2,O010949,P029,2,0,2929.7,2642.14,0.1
I010949_3,O010949,P035,1,0,2329.44,1657.14,0.0
I010950_1,O010950,P065,3,0,2437.59,1840.19,0.0
I010951_1,O010951,P117,1,0,1535.59,1301.63,0.2
I010951_2,O010951,P028,1,0,1480.66,1251.02,0.05
I010952_1,O010952,P117,1,0,1535.03,1301.63,0.2
I010953_1,O010953,P056,1,0,683.22,467.73,0.1
I010953_2,O010953,P102,1,0,3434.11,2068.63,0.05
I010954_1,O010954,P060,1,0,3489.29,2190.75,0.05
I010955_1,O010955,P008,1,0,3136.99,2190.37,0.0
I010955_2,O010955,P118,1,0,1235.01,778.87,0.05
I010956_1,O010956,P107,1,1,811.31,517.21,0.0
I010957_1,O010957,P047,1,0,3646.64,2991.8,0.0
I010957_2,O010957,P102,2,0,3326.2,2068.63,0.1
I010958_1,O010958,P006,1,0,2917.45,2483.13,0.0
I010958_2,O010958,P005,1,0,2186.59,1891.99,0.1
I010959_1,O010959,P009,1,1,184.51,142.71,0.2
I010959_2,O010959,P011,2,0,634.34,470.48,0.3
I010960_1,O010960,P095,1,0,3496.48,2194.24,0.2
I010961_1,O010961,P101,1,0,408.17,290.92,0.2
I010962_1,O010962,P028,1,0,1412.79,1251.02,0.05
I010963_1,O010963,P013,1,0,1662.03,1078.11,0.3
I010963_2,O010963,P016,1,0,2944.46,2126.82,0.05
I010964_1,O010964,P010,1,0,735.38,468.72,0.1
I010965_1,O010965,P078,1,0,2804.85,1751.62,0.1
I010966_1,O010966,P077,1,0,3371.1,2738.96,0.0
I010967_1,O010967,P097,1,0,502.34,385.34,0.1
I010967_2,O010967,P062,2,0,1231.48,934.97,0.0
I010968_1,O010968,P043,1,1,2700.49,2155.97,0.1
I010969_1,O010969,P039,1,0,2750.52,1842.48,0.0
I010970_1,O010970,P065,1,0,2304.06,1840.19,0.0
I010970_2,O010970,P104,1,0,807.62,640.45,0.0
I010971_1,O010971,P115,1,0,2483.88,1821.73,0.1
I010971_2,O010971,P089,1,0,2676.72,1691.26,0.3
I010972_1,O010972,P056,1,0,626.47,467.73,0.0
I010973_1,O010973,P063,1,0,2406.17,1328.53,0.2
I010973_2,O010973,P021,1,0,3026.55,2007.08,0.1
I010974_1,O010974,P109,1,0,2254.06,1696.43,0.1
I010974_2,O010974,P078,1,0,2682.91,1751.62,0.0
I010974_3,O010974,P100,1,0,2915.96,2560.83,0.0
I010975_1,O010975,P035,1,0,2278.2,1657.14,0.05
I010975_2,O010975,P087,1,1,1971.95,1487.18,0.0
I010975_3,O010975,P088,2,0,317.85,167.15,0.05
I010976_1,O010976,P109,2,0,2391.14,1696.43,0.0
I010977_1,O010977,P034,1,0,722.1,551.76,0.05
I010977_2,O010977,P032,2,0,827.25,692.6,0.0
I010978_1,O010978,P059,1,0,2687.42,2284.02,0.1
I010979_1,O010979,P111,1,0,1042.52,738.87,0.05
I010980_1,O010980,P107,1,0,878.94,517.21,0.0
I010981_1,O010981,P060,1,0,3481.68,2190.75,0.0
I010981_2,O010981,P026,1,0,3340.4,2746.76,0.0
I010982_1,O010982,P104,1,0,790.45,640.45,0.0
I010983_1,O010983,P071,1,0,2047.29,1171.43,0.0
I010983_2,O010983,P027,1,0,2239.99,1900.67,0.1
I010984_1,O010984,P030,2,0,2420.02,1879.56,0.05
I010984_2,O010984,P027,1,1,2222.76,1900.67,0.1
I010984_3,O010984,P077,1,0,3208.22,2738.96,0.05
I010985_1,O010985,P054,1,0,328.7,290.26,0.0
I010986_1,O010986,P049,1,0,2828.18,1767.67,0.05
I010987_1,O010987,P031,1,0,281.6,221.16,0.1
I010988_1,O010988,P053,2,0,2906.7,2330.08,0.0
I010988_2,O010988,P098,1,0,329.51,210.13,0.0
I010989_1,O010989,P089,1,0,2607.2,1691.26,0.0
I010989_2,O010989,P090,1,1,1720.48,1197.25,0.0
I010990_1,O010990,P113,1,0,2156.11,1457.19,0.3
I010990_2,O010990,P056,1,0,716.75,467.73,0.0
I010990_3,O010990,P059,1,0,2634.78,2284.02,0.0
I010991_1,O010991,P001,1,0,728.84,503.11,0.0
I010992_1,O010992,P010,1,0,730.82,468.72,0.0
I010992_2,O010992,P069,2,0,2813.22,2596.65,0.05
I010993_1,O010993,P034,1,0,663.33,551.76,0.0
I010994_1,O010994,P112,1,0,1421.3,1059.45,0.2
I010995_1,O010995,P099,1,0,1097.36,579.06,0.0
I010996_1,O010996,P030,1,0,2537.65,1879.56,0.05
I010996_2,O010996,P013,1,0,1693.38,1078.11,0.0
I010997_1,O010997,P009,3,0,180.77,142.71,0.0
I010997_2,O010997,P088,1,0,321.6,167.15,0.05
I010997_3,O010997,P021,1,0,3162.78,2007.08,0.1
I010998_1,O010998,P038,1,0,2648.15,1939.6,0.05
I010999_1,O010999,P119,1,0,601.97,550.1,0.1
I011000_1,O011000,P041,1,0,1702.45,1272.83,0.1
I011000_2,O011000,P011,1,0,689.86,470.48,0.05
I011001_1,O011001,P074,1,0,2507.8,2093.66,0.0
I011001_2,O011001,P087,2,0,2048.79,1487.18,0.05
I011002_1,O011002,P082,1,0,2127.14,1528.85,0.1
I011002_2,O011002,P108,2,0,1066.98,757.54,0.1
I011003_1,O011003,P042,1,0,3344.61,2480.29,0.0
I011003_2,O011003,P041,1,0,1775.3,1272.83,0.1
I011004_1,O011004,P080,1,1,891.62,706.47,0.0
I011005_1,O011005,P067,2,0,1182.75,736.87,0.05
I011006_1,O011006,P013,2,0,1696.84,1078.11,0.05
I011006_2,O011006,P057,1,0,2692.77,1751.13,0.0
I011007_1,O011007,P030,2,0,2769.89,1879.56,0.3
I011008_1,O011008,P091,1,0,810.09,567.3,0.2
I011009_1,O011009,P076,2,0,2458.76,1928.31,0.3
I011009_2,O011009,P103,1,1,3399.3,3087.95,0.1
I011010_1,O011010,P028,2,0,1390.23,1251.02,0.05
I011011_1,O011011,P026,1,0,3092.75,2746.76,0.05
I011011_2,O011011,P093,1,0,1037.38,614.67,0.2
I011011_3,O011011,P113,1,0,2147.19,1457.19,0.1
I011012_1,O011012,P082,1,0,2199.75,1528.85,0.0
I011013_1,O011013,P027,1,0,2128.02,1900.67,0.1
I011014_1,O011014,P083,2,0,880.79,674.18,0.05
I011015_1,O011015,P030,1,0,2647.55,1879.56,0.3
I011015_2,O011015,P057,1,0,2705.17,1751.13,0.1
I011016_1,O011016,P036,1,0,2703.88,2239.64,0.2
I011017_1,O011017,P079,2,0,2340.87,1780.27,0.0
I011018_1,O011018,P035,1,0,2466.85,1657.14,0.0
I011019_1,O011019,P066,1,0,556.21,449.79,0.0
I011019_2,O011019,P069,1,0,3041.0,2596.65,0.1
I011020_1,O011020,P092,2,0,2425.79,1883.6,0.0
I011020_2,O011020,P113,1,0,2307.27,1457.19,0.0
I011021_1,O011021,P101,1,0,407.62,290.92,0.1
I011022_1,O011022,P046,2,0,218.05,119.22,0.1
I011023_1,O011023,P041,1,0,1750.73,1272.83,0.05
I011024_1,O011024,P081,1,0,3349.49,2035.71,0.05
I011024_2,O011024,P107,1,0,828.04,517.21,0.05
I011025_1,O011025,P117,1,0,1502.72,1301.63,0.0
I011026_1,O011026,P038,2,0,2437.26,1939.6,0.0
I011026_2,O011026,P034,1,0,657.23,551.76,0.0
I011027_1,O011027,P085,1,0,749.86,482.52,0.0
I011027_2,O011027,P083,1,1,974.17,674.18,0.0
I011027_3,O011027,P037,1,0,762.92,604.48,0.1
I011028_1,O011028,P028,1,0,1448.2,1251.02,0.0
I011028_2,O011028,P060,1,0,3705.03,2190.75,0.05
I011029_1,O011029,P017,1,0,2000.11,1079.58,0.1
I011030_1,O011030,P042,1,0,3588.58,2480.29,0.2
I011031_1,O011031,P089,1,0,2455.11,1691.26,0.0
I011032_1,O011032,P076,1,0,2713.39,1928.31,0.2
I011032_2,O011032,P009,1,0,183.73,142.71,0.1
I011033_1,O011033,P075,1,0,885.49,632.05,0.0
I011034_1,O011034,P058,1,0,1051.0,974.82,0.05
I011035_1,O011035,P093,1,1,1018.58,614.67,0.3
I011036_1,O011036,P083,1,0,984.43,674.18,0.1
I011036_2,O011036,P024,2,0,3212.29,2312.84,0.0
I011037_1,O011037,P048,2,0,2360.29,2064.58,0.05
I011037_2,O011037,P084,1,0,1175.52,785.13,0.2
I011037_3,O011037,P100,2,0,3081.5,2560.83,0.1
I011038_1,O011038,P086,1,0,540.52,301.67,0.1
I011039_1,O011039,P060,1,0,3268.22,2190.75,0.2
I011040_1,O011040,P030,1,0,2502.17,1879.56,0.0
I011040_2,O011040,P027,1,0,2104.27,1900.67,0.0
I011041_1,O011041,P116,1,0,2845.0,2344.15,0.2
I011042_1,O011042,P011,1,0,698.06,470.48,0.05
I011043_1,O011043,P056,1,0,695.29,467.73,0.0
I011043_2,O011043,P020,1,0,3658.04,2726.34,0.0
I011044_1,O011044,P074,1,0,2836.74,2093.66,0.0
I011045_1,O011045,P118,1,0,1316.68,778.87,0.0
I011046_1,O011046,P026,1,0,3023.32,2746.76,0.0
I011046_2,O011046,P090,1,0,1687.72,1197.25,0.0
I011047_1,O011047,P033,1,0,2678.23,2420.38,0.0
I011047_2,O011047,P050,1,0,1233.2,748.37,0.0
I011048_1,O011048,P063,1,0,2196.71,1328.53,0.05
I011049_1,O011049,P016,2,0,2645.28,2126.82,0.1
I011050_1,O011050,P071,1,0,2031.79,1171.43,0.1
I011051_1,O011051,P068,1,0,3496.69,1829.36,0.1
I011051_2,O011051,P065,1,0,2608.69,1840.19,0.1
I011052_1,O011052,P028,1,0,1465.98,1251.02,0.1
I011053_1,O011053,P087,1,0,2056.94,1487.18,0.1
I011053_2,O011053,P076,2,0,2523.8,1928.31,0.0
I011054_1,O011054,P067,1,0,1189.81,736.87,0.2
I011054_2,O011054,P096,2,0,3276.37,1989.35,0.2
I011055_1,O011055,P069,2,0,3055.03,2596.65,0.0
I011055_2,O011055,P039,2,0,3126.01,1842.48,0.2
I011056_1,O011056,P027,1,0,2134.94,1900.67,0.0
I011057_1,O011057,P074,1,0,2779.03,2093.66,0.0
I011058_1,O011058,P010,1,0,704.78,468.72,0.05
I011059_1,O011059,P081,1,0,3046.08,2035.71,0.0
I011060_1,O011060,P074,1,0,2585.61,2093.66,0.05
I011060_2,O011060,P068,1,0,3232.71,1829.36,0.1
I011061_1,O011061,P093,1,0,1022.46,614.67,0.1
I011062_1,O011062,P084,1,1,1111.51,785.13,0.0
I011063_1,O011063,P049,1,0,2571.24,1767.67,0.05
I011064_1,O011064,P068,1,0,3465.44,1829.36,0.0
I011065_1,O011065,P036,1,0,2756.77,2239.64,0.0
I011066_1,O011066,P105,2,0,1191.87,1048.44,0.3
I011067_1,O011067,P111,1,0,1069.78,738.87,0.0
I011067_2,O011067,P060,1,1,3531.2,2190.75,0.1
I011068_1,O011068,P034,1,0,665.07,551.76,0.0
I011069_1,O011069,P108,1,0,1068.76,757.54,0.0
I011070_1,O011070,P059,1,0,2690.07,2284.02,0.1
I011071_1,O011071,P055,1,0,1670.7,1250.56,0.05
I011072_1,O011072,P042,1,0,3214.37,2480.29,0.05
I011072_2,O011072,P034,1,0,649.03,551.76,0.0
I011073_1,O011073,P038,2,0,2573.38,1939.6,0.05
I011074_1,O011074,P033,2,0,2849.14,2420.38,0.05
I011074_2,O011074,P053,2,2,3182.16,2330.08,0.05
I011075_1,O011075,P012,1,0,3459.05,2599.93,0.1
I011076_1,O011076,P082,1,0,2323.38,1528.85,0.0
I011077_1,O011077,P051,1,0,2559.79,1856.67,0.0
I011078_1,O011078,P053,2,0,3189.14,2330.08,0.0
I011079_1,O011079,P048,1,0,2352.36,2064.58,0.05
I011079_2,O011079,P004,1,0,2995.45,2449.64,0.3
I011080_1,O011080,P040,2,0,2077.92,1719.58,0.2
I011081_1,O011081,P034,2,0,734.66,551.76,0.05
I011081_2,O011081,P050,1,0,1192.35,748.37,0.0
I011082_1,O011082,P008,1,0,3245.15,2190.37,0.2
I011083_1,O011083,P084,1,0,1146.44,785.13,0.05
I011083_2,O011083,P104,2,0,858.58,640.45,0.2
I011084_1,O011084,P086,1,0,551.65,301.67,0.0
I011084_2,O011084,P042,1,0,3530.34,2480.29,0.0
I011085_1,O011085,P106,1,0,2840.4,2402.81,0.05
I011086_1,O011086,P066,1,0,592.08,449.79,0.05
I011086_2,O011086,P114,1,0,1032.51,699.07,0.0
I011087_1,O011087,P028,1,0,1456.15,1251.02,0.05
I011088_1,O011088,P088,2,0,301.68,167.15,0.2
I011088_2,O011088,P093,1,0,992.02,614.67,0.0
I011088_3,O011088,P012,1,0,3401.96,2599.93,0.05
I011089_1,O011089,P101,1,0,431.18,290.92,0.05
I011090_1,O011090,P052,1,0,2643.21,2232.75,0.0
I011091_1,O011091,P001,1,0,750.17,503.11,0.0
I011092_1,O011092,P093,1,0,1009.45,614.67,0.0
I011093_1,O011093,P112,1,0,1569.86,1059.45,0.05
I011093_2,O011093,P073,1,0,3059.92,2517.93,0.05
I011093_3,O011093,P034,1,0,738.99,551.76,0.0
I011094_1,O011094,P115,1,0,2461.16,1821.73,0.0
I011095_1,O011095,P012,1,0,3508.7,2599.93,0.05
I011096_1,O011096,P095,2,0,3502.63,2194.24,0.2
I011097_1,O011097,P105,1,0,1207.19,1048.44,0.05
I011098_1,O011098,P071,1,1,1924.04,1171.43,0.0
I011099_1,O011099,P110,1,0,567.35,387.41,0.05
I011099_2,O011099,P095,1,0,3481.47,2194.24,0.1
I011100_1,O011100,P021,1,0,2944.37,2007.08,0.0
I011100_2,O011100,P032,2,0,838.04,692.6,0.0
I011100_3,O011100,P043,1,0,2502.63,2155.97,0.05
I011101_1,O011101,P093,1,0,990.38,614.67,0.1
I011102_1,O011102,P027,1,0,2112.53,1900.67,0.05
I011102_2,O011102,P109,1,0,2261.36,1696.43,0.0
I011103_1,O011103,P089,1,0,2641.71,1691.26,0.0
I011104_1,O011104,P030,1,0,2540.54,1879.56,0.1
I011104_2,O011104,P109,2,0,2412.02,1696.43,0.0
I011105_1,O011105,P026,3,0,3382.54,2746.76,0.05
I011105_2,O011105,P081,3,0,3022.06,2035.71,0.1
I011106_1,O011106,P081,1,0,3290.26,2035.71,0.2
I011106_2,O011106,P120,2,0,3497.66,2258.38,0.05
I011107_1,O011107,P043,1,0,2756.83,2155.97,0.0
I011108_1,O011108,P113,2,0,2177.68,1457.19,0.05
I011109_1,O011109,P006,1,0,2823.32,2483.13,0.05
I011110_1,O011110,P012,1,0,3772.81,2599.93,0.1
I011110_2,O011110,P018,1,0,2962.17,1861.03,0.1
I011111_1,O011111,P010,1,0,692.18,468.72,0.0
I011112_1,O011112,P017,1,0,1964.28,1079.58,0.0
I011112_2,O011112,P094,1,0,2971.75,1716.82,0.05
I011113_1,O011113,P059,1,0,2458.97,2284.02,0.3
I011114_1,O011114,P111,1,0,1186.12,738.87,0.0
I011114_2,O011114,P049,1,0,2827.61,1767.67,0.1
I011115_1,O011115,P049,1,0,2812.11,1767.67,0.05
I011116_1,O011116,P017,2,0,1824.18,1079.58,0.0
I011117_1,O011117,P114,1,0,1064.5,699.07,0.05
I011118_1,O011118,P050,3,0,1138.68,748.37,0.05
I011118_2,O011118,P014,1,1,1418.02,956.53,0.0
I011119_1,O011119,P095,1,0,3250.24,2194.24,0.1
I011119_2,O011119,P112,1,0,1489.5,1059.45,0.1
I011120_1,O011120,P057,1,0,2837.0,1751.13,0.0
I011120_2,O011120,P079,1,0,2444.52,1780.27,0.0
I011121_1,O011121,P030,1,0,2736.81,1879.56,0.1
I011121_2,O011121,P044,1,0,2071.87,1529.57,0.0
I011122_1,O011122,P103,1,0,3668.48,3087.95,0.2
I011122_2,O011122,P047,3,0,3613.27,2991.8,0.0
I011123_1,O011123,P070,1,0,3413.44,2889.93,0.05
I011123_2,O011123,P018,1,0,2760.99,1861.03,0.0
I011124_1,O011124,P006,3,0,2892.96,2483.13,0.0
I011124_2,O011124,P045,1,0,1717.71,1393.5,0.05
I011125_1,O011125,P102,2,1,3264.47,2068.63,0.0
I011126_1,O011126,P008,1,0,2959.14,2190.37,0.2
I011127_1,O011127,P074,2,0,2795.68,2093.66,0.1
I011128_1,O011128,P032,1,0,865.2,692.6,0.05
I011129_1,O011129,P108,1,0,1138.07,757.54,0.2
I011130_1,O011130,P109,1,1,2471.02,1696.43,0.05
I011131_1,O011131,P085,1,1,666.83,482.52,0.0
I011132_1,O011132,P034,1,0,662.8,551.76,0.05
I011133_1,O011133,P109,2,0,2354.72,1696.43,0.1
I011134_1,O011134,P090,1,0,1724.88,1197.25,0.05
I011134_2,O011134,P006,1,0,2867.65,2483.13,0.0
I011135_1,O011135,P013,2,2,1645.26,1078.11,0.0
I011135_2,O011135,P078,1,0,2633.4,1751.62,0.1
I011136_1,O011136,P027,1,0,2149.32,1900.67,0.0
I011137_1,O011137,P032,1,0,791.67,692.6,0.0
I011138_1,O011138,P078,1,1,2602.77,1751.62,0.3
I011139_1,O011139,P040,2,0,2289.54,1719.58,0.0
I011139_2,O011139,P015,1,0,1990.35,1639.7,0.2
I011139_3,O011139,P058,1,0,1147.29,974.82,0.2
I011140_1,O011140,P118,1,1,1224.83,778.87,0.1
I011140_2,O011140,P116,2,0,2829.49,2344.15,0.05
I011140_3,O011140,P037,1,0,817.59,604.48,0.1
I011141_1,O011141,P048,1,0,2405.14,2064.58,0.1
I011141_2,O011141,P069,1,0,2976.42,2596.65,0.0
I011142_1,O011142,P078,1,0,2560.0,1751.62,0.3
I011142_2,O011142,P093,1,0,1000.72,614.67,0.05
I011142_3,O011142,P065,2,0,2421.2,1840.19,0.2
I011143_1,O011143,P052,1,0,2781.86,2232.75,0.1
I011144_1,O011144,P044,2,0,2177.95,1529.57,0.0
I011144_2,O011144,P053,1,0,3134.12,2330.08,0.2
I011144_3,O011144,P071,2,0,2081.44,1171.43,0.0
I011145_1,O011145,P083,1,0,895.58,674.18,0.1
I011146_1,O011146,P047,2,0,3275.1,2991.8,0.05
I011147_1,O011147,P003,1,0,702.16,593.8,0.0
I011148_1,O011148,P068,3,0,3306.15,1829.36,0.0
I011149_1,O011149,P058,2,0,1063.76,974.82,0.0
I011149_2,O011149,P049,1,0,2470.56,1767.67,0.05
I011150_1,O011150,P040,1,1,2185.38,1719.58,0.0
I011151_1,O011151,P083,1,0,953.57,674.18,0.2
I011151_2,O011151,P001,2,0,722.51,503.11,0.1
I011151_3,O011151,P107,2,0,858.43,517.21,0.0
I011152_1,O011152,P040,1,0,2354.38,1719.58,0.2
I011153_1,O011153,P042,3,0,3309.05,2480.29,0.3
I011154_1,O011154,P025,1,0,759.3,526.03,0.1
I011154_2,O011154,P093,1,0,984.66,614.67,0.05
I011154_3,O011154,P036,1,0,2752.76,2239.64,0.0
I011155_1,O011155,P111,1,0,1086.59,738.87,0.0
I011155_2,O011155,P041,1,0,1837.76,1272.83,0.05
I011156_1,O011156,P017,2,0,1986.21,1079.58,0.0
I011157_1,O011157,P019,1,0,2481.29,1463.41,0.0
I011157_2,O011157,P040,1,0,2082.06,1719.58,0.05
I011158_1,O011158,P024,1,0,3252.9,2312.84,0.0
I011158_2,O011158,P047,2,0,3495.53,2991.8,0.0
I011159_1,O011159,P112,1,0,1561.58,1059.45,0.05
I011160_1,O011160,P093,1,0,981.04,614.67,0.0
I011160_2,O011160,P042,1,0,3320.61,2480.29,0.1
I011161_1,O011161,P015,1,0,1979.78,1639.7,0.05
I011162_1,O011162,P014,1,0,1520.02,956.53,0.05
I011163_1,O011163,P032,1,0,876.8,692.6,0.2
I011163_2,O011163,P066,1,0,562.7,449.79,0.05
I011164_1,O011164,P022,2,0,2151.35,1361.4,0.0
I011165_1,O011165,P083,1,0,958.08,674.18,0.0
I011166_1,O011166,P012,1,0,3630.86,2599.93,0.0
I011166_2,O011166,P096,2,0,3400.01,1989.35,0.1
I011167_1,O011167,P112,1,0,1561.39,1059.45,0.2
I011168_1,O011168,P050,1,0,1134.06,748.37,0.2
I011168_2,O011168,P023,1,0,2190.45,1316.59,0.1
I011168_3,O011168,P052,2,0,2504.19,2232.75,0.0
I011169_1,O011169,P119,2,0,636.59,550.1,0.2
I011169_2,O011169,P052,1,0,2603.64,2232.75,0.0
I011170_1,O011170,P117,1,0,1507.91,1301.63,0.1
I011170_2,O011170,P100,2,0,2989.31,2560.83,0.05
I011171_1,O011171,P115,2,0,2556.89,1821.73,0.2
I011171_2,O011171,P020,1,0,3598.32,2726.34,0.05
I011172_1,O011172,P114,1,0,1007.54,699.07,0.1
I011173_1,O011173,P071,1,0,2084.98,1171.43,0.1
I011173_2,O011173,P024,1,1,3294.83,2312.84,0.0
I011174_1,O011174,P075,1,0,894.37,632.05,0.0
I011174_2,O011174,P014,1,0,1531.95,956.53,0.0
I011175_1,O011175,P064,1,0,255.24,140.8,0.0
I011176_1,O011176,P079,1,0,2347.93,1780.27,0.0
I011176_2,O011176,P065,1,0,2389.55,1840.19,0.05
I011177_1,O011177,P022,1,0,2109.33,1361.4,0.0
I011178_1,O011178,P037,1,1,807.29,604.48,0.1
I011178_2,O011178,P034,2,0,654.79,551.76,0.05
I011179_1,O011179,P078,1,0,2603.1,1751.62,0.2
I011179_2,O011179,P009,1,1,186.31,142.71,0.0
I011179_3,O011179,P001,1,0,751.71,503.11,0.1
I011180_1,O011180,P115,2,0,2562.26,1821.73,0.1
I011180_2,O011180,P012,1,0,3605.87,2599.93,0.3
I011180_3,O011180,P075,1,0,883.21,632.05,0.0
I011181_1,O011181,P085,1,0,667.03,482.52,0.1
I011181_2,O011181,P033,1,0,2788.05,2420.38,0.1
I011182_1,O011182,P029,2,0,3175.24,2642.14,0.1
I011183_1,O011183,P104,1,0,796.43,640.45,0.0
I011184_1,O011184,P065,1,0,2572.85,1840.19,0.0
I011185_1,O011185,P027,1,0,2080.15,1900.67,0.0
I011185_2,O011185,P058,1,0,1036.37,974.82,0.1
I011185_3,O011185,P007,2,0,2584.39,2152.99,0.0
I011186_1,O011186,P005,2,0,2187.5,1891.99,0.1
I011186_2,O011186,P059,1,0,2622.12,2284.02,0.1
I011187_1,O011187,P009,1,0,199.58,142.71,0.0
I011188_1,O011188,P005,1,1,2362.47,1891.99,0.2
I011189_1,O011189,P106,2,0,2785.22,2402.81,0.0
I011189_2,O011189,P040,1,0,2163.7,1719.58,0.0
I011189_3,O011189,P077,1,0,3001.39,2738.96,0.1
I011190_1,O011190,P019,1,0,2415.97,1463.41,0.2
I011190_2,O011190,P116,1,0,2732.43,2344.15,0.3
I011190_3,O011190,P113,1,0,2145.18,1457.19,0.05
I011191_1,O011191,P003,1,0,677.91,593.8,0.0
I011192_1,O011192,P031,1,0,292.87,221.16,0.0
I011193_1,O011193,P066,1,0,586.23,449.79,0.2
I011193_2,O011193,P040,1,0,2067.08,1719.58,0.05
I011194_1,O011194,P037,1,1,834.12,604.48,0.05
I011195_1,O011195,P068,1,0,3210.53,1829.36,0.2
I011195_2,O011195,P006,1,0,2765.19,2483.13,0.1
I011196_1,O011196,P038,1,0,2566.79,1939.6,0.1
I011196_2,O011196,P034,1,0,707.62,551.76,0.05
I011197_1,O011197,P051,1,0,2664.5,1856.67,0.3
I011197_2,O011197,P113,1,0,2307.2,1457.19,0.1
I011198_1,O011198,P098,1,1,338.71,210.13,0.2
I011198_2,O011198,P092,1,0,2663.91,1883.6,0.05
I011199_1,O011199,P001,1,0,818.31,503.11,0.1
I011199_2,O011199,P084,1,0,1135.91,785.13,0.0
I011199_3,O011199,P063,1,0,2343.89,1328.53,0.0
I011200_1,O011200,P026,1,0,3039.25,2746.76,0.2
I011201_1,O011201,P066,1,0,580.39,449.79,0.0
I011201_2,O011201,P078,1,0,2679.17,1751.62,0.05
I011202_1,O011202,P078,1,0,2864.97,1751.62,0.0
I011202_2,O011202,P018,2,0,2988.4,1861.03,0.0
I011203_1,O011203,P070,1,0,3362.16,2889.93,0.05
I011204_1,O011204,P064,1,0,232.51,140.8,0.0
I011205_1,O011205,P011,1,0,690.48,470.48,0.05
I011205_2,O011205,P071,1,0,1852.19,1171.43,0.0
I011206_1,O011206,P093,1,0,1076.66,614.67,0.05
I011206_2,O011206,P072,1,0,1830.93,1369.26,0.05
I011207_1,O011207,P025,1,0,810.13,526.03,0.3
I011207_2,O011207,P062,2,0,1088.13,934.97,0.0
I011207_3,O011207,P020,1,0,3242.15,2726.34,0.0
I011208_1,O011208,P023,1,0,2478.29,1316.59,0.2
I011209_1,O011209,P001,1,0,748.27,503.11,0.0
I011210_1,O011210,P088,2,0,289.07,167.15,0.2
I011211_1,O011211,P083,1,0,873.76,674.18,0.0
I011211_2,O011211,P112,2,0,1568.79,1059.45,0.05
I011212_1,O011212,P010,1,0,759.62,468.72,0.05
I011213_1,O011213,P032,2,0,793.58,692.6,0.3
I011213_2,O011213,P021,1,0,3026.11,2007.08,0.0
I011214_1,O011214,P046,1,0,204.76,119.22,0.1
I011214_2,O011214,P055,1,0,1894.38,1250.56,0.0
I011215_1,O011215,P091,2,0,755.05,567.3,0.0
I011215_2,O011215,P105,1,0,1361.98,1048.44,0.0
I011215_3,O011215,P089,1,0,2484.09,1691.26,0.3
I011216_1,O011216,P103,1,1,3710.92,3087.95,0.1
I011217_1,O011217,P079,1,0,2267.51,1780.27,0.0
I011218_1,O011218,P026,1,0,3430.61,2746.76,0.05
I011218_2,O011218,P051,2,0,2671.94,1856.67,0.3
I011219_1,O011219,P119,1,0,646.88,550.1,0.1
I011219_2,O011219,P117,1,0,1657.18,1301.63,0.0
I011220_1,O011220,P068,1,0,3087.65,1829.36,0.05
I011221_1,O011221,P083,3,0,885.04,674.18,0.05
I011222_1,O011222,P111,1,0,1193.81,738.87,0.0
I011222_2,O011222,P068,1,1,3506.24,1829.36,0.0
I011223_1,O011223,P081,1,0,3040.99,2035.71,0.0
I011224_1,O011224,P037,1,0,805.84,604.48,0.0
I011224_2,O011224,P064,2,0,230.11,140.8,0.0
I011224_3,O011224,P057,1,0,2790.42,1751.13,0.0
I011225_1,O011225,P020,1,1,3228.72,2726.34,0.05
I011225_2,O011225,P060,2,0,3233.54,2190.75,0.0
I011226_1,O011226,P077,1,0,3320.41,2738.96,0.05
I011227_1,O011227,P120,1,0,3607.85,2258.38,0.0
I011227_2,O011227,P061,1,0,2855.56,1810.66,0.0
I011227_3,O011227,P059,2,0,2742.54,2284.02,0.0
I011228_1,O011228,P103,2,0,3504.63,3087.95,0.1
I011229_1,O011229,P069,2,0,3007.22,2596.65,0.2
I011229_2,O011229,P008,1,0,3241.65,2190.37,0.0
I011230_1,O011230,P098,3,0,342.49,210.13,0.2
I011230_2,O011230,P057,1,0,2813.47,1751.13,0.05
I011231_1,O011231,P101,2,0,394.76,290.92,0.1
I011232_1,O011232,P021,1,0,2895.83,2007.08,0.1
I011233_1,O011233,P008,1,0,3207.38,2190.37,0.0
I011234_1,O011234,P100,1,0,3093.24,2560.83,0.0
I011235_1,O011235,P006,2,0,2808.82,2483.13,0.2
I011235_2,O011235,P082,1,0,2271.61,1528.85,0.0
I011235_3,O011235,P054,1,0,345.39,290.26,0.0
I011236_1,O011236,P097,1,0,549.89,385.34,0.1
I011237_1,O011237,P085,2,0,754.63,482.52,0.0
I011238_1,O011238,P053,1,0,2826.32,2330.08,0.05
I011238_2,O011238,P105,3,0,1192.27,1048.44,0.0
I011239_1,O011239,P056,1,0,690.39,467.73,0.2
I011239_2,O011239,P047,1,0,3596.65,2991.8,0.0
I011240_1,O011240,P064,1,0,241.29,140.8,0.05
I011240_2,O011240,P002,2,0,2944.75,2136.38,0.05
I011241_1,O011241,P117,2,0,1523.53,1301.63,0.1
I011241_2,O011241,P101,1,0,444.65,290.92,0.05
I011241_3,O011241,P047,3,0,3331.66,2991.8,0.3
I011242_1,O011242,P036,1,0,2544.35,2239.64,0.0
I011243_1,O011243,P103,1,0,3712.56,3087.95,0.0
I011244_1,O011244,P002,1,0,2886.47,2136.38,0.2
I011244_2,O011244,P088,1,0,323.76,167.15,0.0
I011245_1,O011245,P045,1,0,1682.95,1393.5,0.05
I011246_1,O011246,P043,1,0,2765.0,2155.97,0.0
I011246_2,O011246,P116,1,0,2714.79,2344.15,0.0
I011247_1,O011247,P015,1,0,1943.06,1639.7,0.2
I011247_2,O011247,P014,1,0,1345.79,956.53,0.3
I011247_3,O011247,P084,1,0,1132.79,785.13,0.05
I011248_1,O011248,P067,1,0,1170.45,736.87,0.05
I011249_1,O011249,P089,1,0,2740.97,1691.26,0.2
I011249_2,O011249,P060,2,0,3247.16,2190.75,0.05
I011250_1,O011250,P039,2,0,3104.91,1842.48,0.0
I011250_2,O011250,P071,1,0,1946.62,1171.43,0.0
I011250_3,O011250,P073,1,0,3119.15,2517.93,0.05
I011251_1,O011251,P022,1,0,2172.81,1361.4,0.05
I011251_2,O011251,P020,3,0,3611.51,2726.34,0.1
I011252_1,O011252,P067,1,0,1107.31,736.87,0.0
I011252_2,O011252,P084,1,0,1246.36,785.13,0.0
I011253_1,O011253,P116,1,0,2727.36,2344.15,0.0
I011253_2,O011253,P101,1,0,441.01,290.92,0.0
I011254_1,O011254,P044,1,0,2243.63,1529.57,0.0
I011255_1,O011255,P115,3,0,2452.2,1821.73,0.0
I011255_2,O011255,P003,1,0,663.6,593.8,0.05
I011256_1,O011256,P025,1,0,751.63,526.03,0.0
I011257_1,O011257,P021,1,0,3155.37,2007.08,0.0
I011258_1,O011258,P033,2,0,2863.59,2420.38,0.1
I011259_1,O011259,P009,1,0,190.35,142.71,0.05
I011260_1,O011260,P030,1,0,2743.05,1879.56,0.1
I011261_1,O011261,P037,2,0,844.29,604.48,0.0
I011262_1,O011262,P024,1,0,2999.41,2312.84,0.05
I011262_2,O011262,P044,1,0,2053.89,1529.57,0.1
I011263_1,O011263,P050,1,0,1111.06,748.37,0.2
I011263_2,O011263,P033,1,0,2722.96,2420.38,0.3
I011264_1,O011264,P083,1,0,911.78,674.18,0.05
I011264_2,O011264,P071,1,0,1894.82,1171.43,0.1
I011265_1,O011265,P034,1,0,659.41,551.76,0.05
I011266_1,O011266,P088,1,1,300.3,167.15,0.1
I011267_1,O011267,P033,2,0,2649.05,2420.38,0.2
I011268_1,O011268,P097,1,0,530.12,385.34,0.1
I011269_1,O011269,P064,1,0,249.64,140.8,0.2
I011270_1,O011270,P048,1,0,2322.43,2064.58,0.0
I011270_2,O011270,P065,1,0,2597.02,1840.19,0.1
I011271_1,O011271,P064,1,0,240.31,140.8,0.0
I011271_2,O011271,P111,1,0,1040.98,738.87,0.1
I011272_1,O011272,P010,1,0,768.9,468.72,0.2
I011273_1,O011273,P109,1,0,2414.42,1696.43,0.2
I011274_1,O011274,P085,1,0,682.55,482.52,0.05
I011275_1,O011275,P068,2,0,3373.15,1829.36,0.0
I011275_2,O011275,P047,1,0,3343.39,2991.8,0.05
I011276_1,O011276,P044,1,0,2354.4,1529.57,0.0
I011276_2,O011276,P036,2,0,2767.6,2239.64,0.05
I011277_1,O011277,P029,1,0,2876.29,2642.14,0.1
I011277_2,O011277,P028,1,0,1526.98,1251.02,0.0
I011277_3,O011277,P112,1,0,1565.89,1059.45,0.0
I011278_1,O011278,P006,1,0,3016.0,2483.13,0.1
I011278_2,O011278,P001,1,1,747.03,503.11,0.0
I011279_1,O011279,P074,1,0,2747.27,2093.66,0.1
I011279_2,O011279,P061,1,0,2563.18,1810.66,0.1
I011280_1,O011280,P083,2,0,923.22,674.18,0.0
I011281_1,O011281,P095,1,0,3374.45,2194.24,0.1
I011281_2,O011281,P046,2,0,217.4,119.22,0.0
I011282_1,O011282,P011,2,0,702.38,470.48,0.0
I011283_1,O011283,P035,1,0,2275.17,1657.14,0.0
I011284_1,O011284,P066,2,0,634.65,449.79,0.1
I011285_1,O011285,P003,1,0,718.31,593.8,0.1
I011286_1,O011286,P064,1,0,264.59,140.8,0.1
I011286_2,O011286,P095,2,0,3279.79,2194.24,0.3
I011286_3,O011286,P085,1,0,708.96,482.52,0.0
I011287_1,O011287,P116,1,0,3008.03,2344.15,0.0
I011288_1,O011288,P113,1,1,2117.64,1457.19,0.1
I011288_2,O011288,P085,1,0,732.89,482.52,0.1
I011289_1,O011289,P073,1,0,3204.53,2517.93,0.2
I011289_2,O011289,P022,2,0,2017.21,1361.4,0.0
I011289_3,O011289,P113,2,0,2122.98,1457.19,0.0
I011290_1,O011290,P051,1,0,2587.59,1856.67,0.2
I011291_1,O011291,P088,1,0,290.44,167.15,0.0
I011291_2,O011291,P069,1,0,3130.85,2596.65,0.0
I011291_3,O011291,P054,1,0,361.81,290.26,0.05
I011292_1,O011292,P004,2,0,3285.71,2449.64,0.1
I011292_2,O011292,P107,1,0,922.43,517.21,0.0
I011293_1,O011293,P057,1,0,2787.8,1751.13,0.1
I011294_1,O011294,P097,2,0,510.46,385.34,0.1
I011294_2,O011294,P034,1,0,707.46,551.76,0.05
I011294_3,O011294,P093,1,0,1034.61,614.67,0.05
I011295_1,O011295,P083,2,0,877.33,674.18,0.3
I011295_2,O011295,P081,1,0,3301.51,2035.71,0.1
I011296_1,O011296,P079,1,0,2375.2,1780.27,0.0
I011297_1,O011297,P003,1,0,722.94,593.8,0.05
I011297_2,O011297,P108,1,0,1097.61,757.54,0.0
I011298_1,O011298,P013,1,0,1658.87,1078.11,0.05
I011298_2,O011298,P054,2,0,354.66,290.26,0.0
I011298_3,O011298,P073,2,0,3286.72,2517.93,0.0
I011299_1,O011299,P050,1,0,1178.2,748.37,0.1
I011299_2,O011299,P028,1,0,1464.95,1251.02,0.1
I011300_1,O011300,P111,1,1,1121.9,738.87,0.0
I011300_2,O011300,P082,1,0,2401.4,1528.85,0.0
I011301_1,O011301,P057,1,0,2672.92,1751.13,0.05
I011302_1,O011302,P050,1,0,1268.13,748.37,0.0
I011303_1,O011303,P037,1,0,761.12,604.48,0.0
I011304_1,O011304,P089,1,0,2483.93,1691.26,0.05
I011305_1,O011305,P028,1,0,1563.86,1251.02,0.1
I011306_1,O011306,P067,1,0,1096.99,736.87,0.0
I011307_1,O011307,P022,1,0,2147.09,1361.4,0.1
I011308_1,O011308,P120,1,0,3454.1,2258.38,0.1
I011308_2,O011308,P095,1,0,3479.55,2194.24,0.05
I011309_1,O011309,P033,1,0,2876.69,2420.38,0.0
I011309_2,O011309,P044,2,0,2234.82,1529.57,0.1
I011310_1,O011310,P103,1,0,3843.36,3087.95,0.3
I011311_1,O011311,P013,1,0,1648.04,1078.11,0.0
I011311_2,O011311,P080,1,0,866.1,706.47,0.05
I011312_1,O011312,P029,1,0,2871.86,2642.14,0.2
I011313_1,O011313,P007,1,0,2806.04,2152.99,0.0
I011313_2,O011313,P086,1,0,553.35,301.67,0.0
I011314_1,O011314,P020,2,0,3627.63,2726.34,0.0
I011315_1,O011315,P092,1,0,2480.82,1883.6,0.1
I011315_2,O011315,P067,2,0,1212.04,736.87,0.05
I011316_1,O011316,P002,1,0,2840.62,2136.38,0.05
I011316_2,O011316,P118,1,0,1292.67,778.87,0.0
I011317_1,O011317,P071,1,0,2069.48,1171.43,0.0
I011318_1,O011318,P082,1,0,2127.18,1528.85,0.0
I011319_1,O011319,P082,1,0,2255.44,1528.85,0.1
I011320_1,O011320,P002,2,0,2696.42,2136.38,0.05
I011320_2,O011320,P055,1,0,1774.86,1250.56,0.2
I011321_1,O011321,P104,1,0,869.4,640.45,0.0
I011321_2,O011321,P019,1,0,2331.88,1463.41,0.1
I011321_3,O011321,P029,1,0,3150.24,2642.14,0.2
I011322_1,O011322,P007,1,0,2670.32,2152.99,0.0
I011323_1,O011323,P005,2,0,2181.91,1891.99,0.05
I011324_1,O011324,P038,2,0,2468.98,1939.6,0.1
I011324_2,O011324,P088,1,1,301.61,167.15,0.1
I011325_1,O011325,P073,2,0,3002.93,2517.93,0.0
I011326_1,O011326,P070,1,0,3744.41,2889.93,0.1
I011327_1,O011327,P081,1,1,3357.35,2035.71,0.05
I011327_2,O011327,P052,1,0,2807.29,2232.75,0.0
I011328_1,O011328,P013,1,0,1743.95,1078.11,0.0
I011328_2,O011328,P003,1,0,721.13,593.8,0.0
I011329_1,O011329,P107,1,0,897.74,517.21,0.1
I011329_2,O011329,P087,1,0,1823.51,1487.18,0.05
I011330_1,O011330,P095,1,0,3308.31,2194.24,0.2
I011331_1,O011331,P068,2,0,3191.34,1829.36,0.05
I011332_1,O011332,P087,1,0,1814.4,1487.18,0.05
I011332_2,O011332,P033,1,0,2887.81,2420.38,0.0
I011332_3,O011332,P044,1,0,2213.39,1529.57,0.2
I011333_1,O011333,P031,2,0,295.38,221.16,0.0
I011333_2,O011333,P115,1,0,2657.89,1821.73,0.1
I011334_1,O011334,P016,1,0,2605.13,2126.82,0.0
I011335_1,O011335,P053,1,0,2916.11,2330.08,0.05
I011336_1,O011336,P048,1,0,2476.85,2064.58,0.05
I011337_1,O011337,P034,1,0,689.31,551.76,0.1
I011338_1,O011338,P026,1,1,3089.14,2746.76,0.1
I011338_2,O011338,P011,1,0,683.34,470.48,0.1
I011339_1,O011339,P105,1,0,1231.1,1048.44,0.2
I011340_1,O011340,P103,1,0,3479.76,3087.95,0.0
I011341_1,O011341,P050,2,0,1271.36,748.37,0.0
I011341_2,O011341,P111,1,0,1133.31,738.87,0.05
I011342_1,O011342,P015,1,0,2032.44,1639.7,0.1
I011343_1,O011343,P055,1,0,1825.91,1250.56,0.0
I011343_2,O011343,P095,1,0,3287.44,2194.24,0.0
I011344_1,O011344,P062,1,0,1207.33,934.97,0.05
I011344_2,O011344,P085,1,0,677.26,482.52,0.0
I011345_1,O011345,P047,1,0,3311.96,2991.8,0.0
I011346_1,O011346,P114,2,0,1022.35,699.07,0.0
I011347_1,O011347,P102,1,0,3449.84,2068.63,0.0
I011347_2,O011347,P031,1,0,284.45,221.16,0.05
I011347_3,O011347,P096,2,0,3170.08,1989.35,0.1
I011348_1,O011348,P106,1,0,2879.24,2402.81,0.0
I011349_1,O011349,P012,1,0,3389.16,2599.93,0.0
I011349_2,O011349,P076,1,0,2514.12,1928.31,0.2
I011350_1,O011350,P104,1,0,881.82,640.45,0.1
I011350_2,O011350,P085,1,0,682.27,482.52,0.1
I011351_1,O011351,P115,1,0,2484.82,1821.73,0.1
I011352_1,O011352,P080,1,0,843.61,706.47,0.1
I011353_1,O011353,P109,1,0,2346.87,1696.43,0.0
I011353_2,O011353,P108,1,0,1098.76,757.54,0.2
I011354_1,O011354,P059,1,0,2746.12,2284.02,0.2
I011354_2,O011354,P095,1,0,3107.75,2194.24,0.0
I011354_3,O011354,P082,2,0,2213.41,1528.85,0.0
I011355_1,O011355,P057,1,0,2893.23,1751.13,0.1
I011356_1,O011356,P035,1,0,2312.21,1657.14,0.0
I011357_1,O011357,P018,1,0,2862.72,1861.03,0.2
I011358_1,O011358,P068,1,0,3374.57,1829.36,0.05
I011358_2,O011358,P072,1,1,1735.83,1369.26,0.05
I011359_1,O011359,P055,1,1,1707.03,1250.56,0.0
I011360_1,O011360,P012,1,0,3783.05,2599.93,0.05
I011361_1,O011361,P026,1,0,3127.39,2746.76,0.2
I011362_1,O011362,P042,1,1,3484.35,2480.29,0.0
I011363_1,O011363,P002,1,0,2813.87,2136.38,0.1
I011364_1,O011364,P103,2,0,3762.76,3087.95,0.0
I011365_1,O011365,P108,2,0,1161.27,757.54,0.0
I011365_2,O011365,P021,1,0,3231.5,2007.08,0.1
I011366_1,O011366,P108,1,0,1185.6,757.54,0.1
I011367_1,O011367,P024,1,0,3149.77,2312.84,0.0
I011367_2,O011367,P089,3,0,2752.59,1691.26,0.0
I011368_1,O011368,P100,1,0,3100.26,2560.83,0.05
I011369_1,O011369,P040,1,0,2249.65,1719.58,0.0
I011370_1,O011370,P100,1,0,3094.25,2560.83,0.0
I011371_1,O011371,P027,2,0,2300.37,1900.67,0.0
I011371_2,O011371,P015,1,0,1957.12,1639.7,0.0
I011371_3,O011371,P105,1,1,1278.71,1048.44,0.05
I011372_1,O011372,P043,1,0,2517.29,2155.97,0.0
I011373_1,O011373,P056,1,0,627.08,467.73,0.0
I011374_1,O011374,P099,1,0,1105.92,579.06,0.0
I011375_1,O011375,P023,1,0,2328.21,1316.59,0.1
I011376_1,O011376,P119,2,0,616.22,550.1,0.2
I011377_1,O011377,P035,3,0,2257.03,1657.14,0.0
I011378_1,O011378,P083,1,0,882.76,674.18,0.05
I011378_2,O011378,P105,1,0,1334.18,1048.44,0.1
I011379_1,O011379,P111,1,0,1128.15,738.87,0.0
I011380_1,O011380,P096,2,0,3137.67,1989.35,0.0
I011381_1,O011381,P107,1,0,872.04,517.21,0.0
I011382_1,O011382,P018,2,0,2843.19,1861.03,0.0
I011382_2,O011382,P026,1,0,3049.58,2746.76,0.05
I011382_3,O011382,P052,1,0,2749.84,2232.75,0.0
I011383_1,O011383,P021,1,0,3307.71,2007.08,0.1
I011384_1,O011384,P085,1,0,668.97,482.52,0.1
I011385_1,O011385,P106,1,0,2900.46,2402.81,0.05
I011386_1,O011386,P010,1,0,725.24,468.72,0.1
I011387_1,O011387,P119,1,0,640.87,550.1,0.05
I011388_1,O011388,P113,1,0,2167.87,1457.19,0.0
I011388_2,O011388,P088,1,0,287.08,167.15,0.05
I011389_1,O011389,P008,1,0,3178.73,2190.37,0.2
I011389_2,O011389,P012,1,0,3632.3,2599.93,0.1
I011390_1,O011390,P076,1,0,2542.16,1928.31,0.0
I011390_2,O011390,P004,1,0,3385.4,2449.64,0.05
I011391_1,O011391,P046,2,2,202.88,119.22,0.1
I011392_1,O011392,P029,1,0,3015.23,2642.14,0.1
I011393_1,O011393,P011,2,0,676.69,470.48,0.1
I011393_2,O011393,P040,2,0,2213.77,1719.58,0.2
I011394_1,O011394,P087,1,0,1985.2,1487.18,0.0
I011394_2,O011394,P054,2,0,328.07,290.26,0.0
I011395_1,O011395,P036,1,0,2702.65,2239.64,0.05
I011395_2,O011395,P116,1,0,2771.49,2344.15,0.1
I011395_3,O011395,P074,1,0,2646.18,2093.66,0.2
I011396_1,O011396,P051,1,0,2674.01,1856.67,0.1
I011396_2,O011396,P085,2,0,698.74,482.52,0.05
I011396_3,O011396,P021,1,0,3017.28,2007.08,0.0
I011397_1,O011397,P004,1,0,3321.44,2449.64,0.0
I011397_2,O011397,P072,1,0,1773.85,1369.26,0.0
I011398_1,O011398,P101,1,0,411.31,290.92,0.05
I011398_2,O011398,P119,1,1,634.43,550.1,0.2
I011399_1,O011399,P097,1,0,547.99,385.34,0.2
I011400_1,O011400,P015,1,0,2096.24,1639.7,0.05
I011400_2,O011400,P093,1,0,1045.13,614.67,0.0
I011401_1,O011401,P108,1,0,1128.2,757.54,0.1
I011402_1,O011402,P011,1,0,637.44,470.48,0.1
I011403_1,O011403,P090,1,0,1654.58,1197.25,0.0
I011403_2,O011403,P059,2,0,2474.22,2284.02,0.0
I011403_3,O011403,P079,1,0,2259.94,1780.27,0.0
I011404_1,O011404,P030,1,0,2664.75,1879.56,0.0
I011404_2,O011404,P033,1,1,2687.0,2420.38,0.2
I011405_1,O011405,P033,1,0,2989.46,2420.38,0.05
I011405_2,O011405,P061,1,0,2702.15,1810.66,0.0
I011406_1,O011406,P005,2,0,2300.25,1891.99,0.2
I011406_2,O011406,P015,1,0,1888.71,1639.7,0.0
I011407_1,O011407,P052,1,0,2675.07,2232.75,0.0
I011407_2,O011407,P015,1,0,2114.36,1639.7,0.0
I011408_1,O011408,P005,1,0,2271.62,1891.99,0.05
I011409_1,O011409,P008,1,0,3367.72,2190.37,0.0
I011409_2,O011409,P117,2,0,1522.45,1301.63,0.2
I011410_1,O011410,P035,1,0,2327.85,1657.14,0.1
I011411_1,O011411,P067,1,0,1240.76,736.87,0.1
I011412_1,O011412,P110,1,0,568.97,387.41,0.0
I011412_2,O011412,P071,1,0,2048.63,1171.43,0.1
I011413_1,O011413,P114,1,0,1103.85,699.07,0.2
I011413_2,O011413,P068,2,0,3270.81,1829.36,0.0
I011414_1,O011414,P070,1,0,3694.71,2889.93,0.0
I011415_1,O011415,P028,2,0,1399.62,1251.02,0.0
I011415_2,O011415,P005,1,1,2419.78,1891.99,0.2
I011416_1,O011416,P114,2,0,1130.7,699.07,0.05
I011416_2,O011416,P113,1,0,2127.22,1457.19,0.0
I011417_1,O011417,P037,2,0,791.12,604.48,0.3
I011417_2,O011417,P001,2,0,810.8,503.11,0.0
I011417_3,O011417,P109,1,0,2262.92,1696.43,0.05
I011418_1,O011418,P016,1,0,2837.37,2126.82,0.0
I011419_1,O011419,P095,1,0,3324.08,2194.24,0.05
I011419_2,O011419,P025,1,0,715.84,526.03,0.05
I011420_1,O011420,P083,1,0,964.12,674.18,0.05
I011420_2,O011420,P095,2,0,3137.82,2194.24,0.0
I011420_3,O011420,P111,1,0,1120.88,738.87,0.0
I011421_1,O011421,P040,1,0,2091.13,1719.58,0.1
I011422_1,O011422,P083,1,0,870.84,674.18,0.2
I011422_2,O011422,P005,1,0,2199.91,1891.99,0.05
I011423_1,O011423,P031,1,0,283.99,221.16,0.05
I011424_1,O011424,P024,1,0,3278.0,2312.84,0.1
I011425_1,O011425,P054,1,0,342.67,290.26,0.05
I011425_2,O011425,P043,1,0,2467.75,2155.97,0.1
I011426_1,O011426,P038,2,0,2553.17,1939.6,0.05
I011427_1,O011427,P056,1,0,714.23,467.73,0.0
I011427_2,O011427,P098,2,0,345.07,210.13,0.0
I011428_1,O011428,P100,1,0,2768.42,2560.83,0.0
I011428_2,O011428,P056,1,0,713.38,467.73,0.2
I011429_1,O011429,P057,1,0,2639.42,1751.13,0.0
I011430_1,O011430,P082,1,0,2313.21,1528.85,0.2
I011431_1,O011431,P068,1,0,3452.18,1829.36,0.0
I011432_1,O011432,P118,1,0,1340.69,778.87,0.0
I011433_1,O011433,P007,1,0,2682.53,2152.99,0.1
I011434_1,O011434,P004,2,0,3042.97,2449.64,0.0
I011434_2,O011434,P093,1,0,1091.18,614.67,0.3
I011435_1,O011435,P066,1,0,586.27,449.79,0.0
I011436_1,O011436,P096,1,0,3209.98,1989.35,0.0
I011437_1,O011437,P116,1,0,2849.21,2344.15,0.2
I011437_2,O011437,P016,1,0,2664.08,2126.82,0.0
I011438_1,O011438,P071,1,0,2079.83,1171.43,0.1
I011439_1,O011439,P078,1,0,2688.49,1751.62,0.05
I011440_1,O011440,P116,2,0,2856.43,2344.15,0.05
I011441_1,O011441,P045,1,0,1548.42,1393.5,0.0
I011441_2,O011441,P004,1,0,3003.51,2449.64,0.1
I011441_3,O011441,P034,1,0,695.31,551.76,0.1
I011442_1,O011442,P012,1,0,3426.71,2599.93,0.0
I011442_2,O011442,P085,1,0,759.7,482.52,0.1
I011443_1,O011443,P087,1,0,1955.56,1487.18,0.0
I011444_1,O011444,P120,2,0,3469.66,2258.38,0.05
I011445_1,O011445,P063,2,0,2300.04,1328.53,0.1
I011445_2,O011445,P012,1,0,3532.67,2599.93,0.05
I011446_1,O011446,P115,1,0,2519.35,1821.73,0.05
I011446_2,O011446,P066,2,0,606.6,449.79,0.0
I011447_1,O011447,P001,2,0,791.7,503.11,0.05
I011448_1,O011448,P103,1,0,3599.21,3087.95,0.1
I011448_2,O011448,P058,1,0,1025.49,974.82,0.0
I011448_3,O011448,P007,1,0,2793.13,2152.99,0.05
I011449_1,O011449,P058,1,0,1031.98,974.82,0.0
I011450_1,O011450,P002,1,0,2783.11,2136.38,0.0
I011450_2,O011450,P064,1,0,245.57,140.8,0.2
I011451_1,O011451,P107,1,0,899.97,517.21,0.3
I011452_1,O011452,P067,1,0,1207.99,736.87,0.1
I011453_1,O011453,P027,1,0,2323.58,1900.67,0.1
I011453_2,O011453,P031,1,0,279.4,221.16,0.2
I011454_1,O011454,P115,1,0,2780.13,1821.73,0.05
I011455_1,O011455,P028,1,0,1385.98,1251.02,0.0
I011456_1,O011456,P022,1,0,2086.29,1361.4,0.0
I011457_1,O011457,P041,1,0,1754.49,1272.83,0.05
I011458_1,O011458,P021,1,0,3145.31,2007.08,0.3
I011459_1,O011459,P102,1,0,3394.99,2068.63,0.1
I011459_2,O011459,P110,1,0,553.23,387.41,0.0
I011460_1,O011460,P079,1,0,2420.05,1780.27,0.0
I011461_1,O011461,P020,2,0,3576.36,2726.34,0.0
I011462_1,O011462,P046,1,0,214.17,119.22,0.2
I011463_1,O011463,P025,1,0,727.96,526.03,0.0
I011463_2,O011463,P074,1,0,2836.65,2093.66,0.05
I011463_3,O011463,P119,1,0,687.23,550.1,0.0
I011464_1,O011464,P060,1,1,3540.52,2190.75,0.3
I011464_2,O011464,P081,1,0,3180.48,2035.71,0.0
I011465_1,O011465,P026,2,1,3394.03,2746.76,0.0
I011465_2,O011465,P104,1,0,801.45,640.45,0.2
I011466_1,O011466,P044,1,0,2342.87,1529.57,0.0
I011467_1,O011467,P075,1,1,840.39,632.05,0.0
I011468_1,O011468,P049,1,0,2787.79,1767.67,0.1
I011469_1,O011469,P038,1,0,2501.62,1939.6,0.1
I011470_1,O011470,P045,1,0,1684.88,1393.5,0.05
I011470_2,O011470,P084,1,0,1196.07,785.13,0.05
I011471_1,O011471,P059,1,0,2677.87,2284.02,0.05
I011472_1,O011472,P002,1,0,2630.94,2136.38,0.0
I011473_1,O011473,P014,2,0,1534.27,956.53,0.2
I011473_2,O011473,P120,1,0,3673.75,2258.38,0.0
I011474_1,O011474,P025,1,0,728.47,526.03,0.2
I011475_1,O011475,P011,1,0,647.28,470.48,0.0
I011476_1,O011476,P079,1,0,2399.28,1780.27,0.1
I011477_1,O011477,P057,1,0,2638.05,1751.13,0.0
I011478_1,O011478,P007,1,0,2847.94,2152.99,0.0
I011478_2,O011478,P021,1,0,3252.38,2007.08,0.0
I011479_1,O011479,P078,2,0,2736.17,1751.62,0.0
I011480_1,O011480,P107,1,0,848.11,517.21,0.0
I011480_2,O011480,P046,1,0,209.47,119.22,0.1
I011481_1,O011481,P063,2,0,2230.39,1328.53,0.05
I011482_1,O011482,P098,2,0,335.4,210.13,0.0
I011483_1,O011483,P064,1,0,248.08,140.8,0.0
I011484_1,O011484,P097,2,0,539.53,385.34,0.0
I011485_1,O011485,P119,1,0,651.52,550.1,0.05
I011486_1,O011486,P069,1,1,2860.27,2596.65,0.1
I011487_1,O011487,P046,1,0,203.43,119.22,0.05
I011488_1,O011488,P067,1,0,1140.51,736.87,0.1
I011488_2,O011488,P012,1,0,3477.27,2599.93,0.05
I011488_3,O011488,P036,1,0,2607.74,2239.64,0.0
I011489_1,O011489,P118,2,0,1256.36,778.87,0.0
I011490_1,O011490,P064,1,0,252.83,140.8,0.05
I011491_1,O011491,P100,2,0,2814.12,2560.83,0.0
I011492_1,O011492,P103,1,0,3810.38,3087.95,0.0
I011492_2,O011492,P035,2,0,2218.49,1657.14,0.05
I011493_1,O011493,P068,2,0,3278.23,1829.36,0.05
I011494_1,O011494,P050,1,0,1206.65,748.37,0.0
I011494_2,O011494,P042,1,0,3429.1,2480.29,0.0
I011495_1,O011495,P080,1,0,827.25,706.47,0.05
I011495_2,O011495,P068,1,0,3166.21,1829.36,0.1
I011495_3,O011495,P033,1,0,2832.83,2420.38,0.0
I011496_1,O011496,P062,2,0,1228.24,934.97,0.1
I011496_2,O011496,P061,1,0,2798.83,1810.66,0.0
I011497_1,O011497,P014,1,0,1350.3,956.53,0.0
I011498_1,O011498,P116,1,0,2710.23,2344.15,0.0
I011498_2,O011498,P091,1,0,741.33,567.3,0.0
I011499_1,O011499,P009,1,0,197.47,142.71,0.3
I011499_2,O011499,P043,1,0,2628.22,2155.97,0.2
I011500_1,O011500,P059,1,0,2777.39,2284.02,0.05
I011501_1,O011501,P101,1,0,396.32,290.92,0.2
I011501_2,O011501,P046,2,0,225.32,119.22,0.1
I011502_1,O011502,P022,2,0,2181.34,1361.4,0.05
I011502_2,O011502,P048,1,1,2665.3,2064.58,0.0
I011503_1,O011503,P053,2,0,2895.74,2330.08,0.0
I011503_2,O011503,P044,1,1,2155.81,1529.57,0.0
I011503_3,O011503,P016,1,0,2801.5,2126.82,0.1
I011504_1,O011504,P019,3,0,2390.93,1463.41,0.0
I011505_1,O011505,P050,2,0,1221.94,748.37,0.05
I011506_1,O011506,P011,1,0,637.97,470.48,0.0
I011506_2,O011506,P081,3,0,3092.78,2035.71,0.05
I011506_3,O011506,P070,2,0,3435.78,2889.93,0.0
I011507_1,O011507,P007,1,0,2723.35,2152.99,0.0
I011508_1,O011508,P083,1,0,936.86,674.18,0.0
I011509_1,O011509,P007,1,0,2580.68,2152.99,0.2
I011509_2,O011509,P084,1,0,1111.32,785.13,0.0
I011510_1,O011510,P063,1,0,2275.77,1328.53,0.2
I011511_1,O011511,P006,1,0,3043.99,2483.13,0.05
I011512_1,O011512,P076,2,0,2602.54,1928.31,0.0
I011512_2,O011512,P059,1,0,2534.47,2284.02,0.05
I011513_1,O011513,P069,1,0,2838.01,2596.65,0.0
I011514_1,O011514,P057,1,0,2916.77,1751.13,0.2
I011515_1,O011515,P068,1,0,3329.95,1829.36,0.1
I011515_2,O011515,P013,1,0,1727.41,1078.11,0.05
I011516_1,O011516,P102,1,0,3366.21,2068.63,0.05
I011517_1,O011517,P036,1,0,2506.47,2239.64,0.0
I011517_2,O011517,P013,2,0,1805.9,1078.11,0.0
I011518_1,O011518,P047,1,0,3268.24,2991.8,0.0
I011519_1,O011519,P028,1,0,1493.58,1251.02,0.0
I011519_2,O011519,P024,2,0,3265.48,2312.84,0.05
I011520_1,O011520,P042,1,0,3580.44,2480.29,0.05
I011521_1,O011521,P023,1,0,2191.15,1316.59,0.0
I011521_2,O011521,P087,2,0,1954.88,1487.18,0.1
I011522_1,O011522,P016,2,0,2767.58,2126.82,0.05
I011523_1,O011523,P115,1,0,2504.81,1821.73,0.05
I011524_1,O011524,P066,1,0,587.89,449.79,0.2
I011524_2,O011524,P101,1,0,434.84,290.92,0.0
I011524_3,O011524,P062,1,0,1179.45,934.97,0.1
I011525_1,O011525,P085,1,0,706.5,482.52,0.05
I011526_1,O011526,P020,1,1,3584.85,2726.34,0.1
I011527_1,O011527,P060,1,0,3568.17,2190.75,0.0
I011527_2,O011527,P035,2,0,2252.51,1657.14,0.05
I011528_1,O011528,P048,1,0,2460.05,2064.58,0.0
I011528_2,O011528,P032,1,1,837.57,692.6,0.0
I011528_3,O011528,P033,1,0,2825.77,2420.38,0.05
I011529_1,O011529,P079,2,0,2276.73,1780.27,0.0
I011529_2,O011529,P091,1,0,841.06,567.3,0.3
I011530_1,O011530,P008,1,0,3236.34,2190.37,0.1
I011530_2,O011530,P092,1,0,2632.32,1883.6,0.0
I011531_1,O011531,P038,1,0,2456.68,1939.6,0.2
I011531_2,O011531,P095,3,1,3335.02,2194.24,0.0
I011532_1,O011532,P120,2,0,3372.04,2258.38,0.0
I011533_1,O011533,P008,3,0,2992.94,2190.37,0.05
I011534_1,O011534,P058,1,0,1067.96,974.82,0.0
I011535_1,O011535,P029,3,0,3212.6,2642.14,0.05
I011536_1,O011536,P104,1,0,869.1,640.45,0.0
I011536_2,O011536,P098,1,0,358.9,210.13,0.05
I011537_1,O011537,P099,1,0,1087.78,579.06,0.0
I011537_2,O011537,P044,1,0,2336.24,1529.57,0.0
I011537_3,O011537,P054,1,0,349.21,290.26,0.1
I011538_1,O011538,P090,2,0,1626.12,1197.25,0.0
I011538_2,O011538,P052,1,0,2653.67,2232.75,0.05
I011539_1,O011539,P081,1,0,2999.09,2035.71,0.1
I011540_1,O011540,P006,1,0,2791.53,2483.13,0.0
I011540_2,O011540,P099,1,0,1111.33,579.06,0.0
I011541_1,O011541,P108,1,0,1068.03,757.54,0.0
I011541_2,O011541,P057,1,0,2866.82,1751.13,0.1
I011542_1,O011542,P062,1,1,1101.04,934.97,0.1
I011543_1,O011543,P049,2,0,2619.99,1767.67,0.05
I011543_2,O011543,P011,1,0,659.43,470.48,0.0
I011544_1,O011544,P019,1,0,2518.85,1463.41,0.05
I011544_2,O011544,P038,1,0,2404.73,1939.6,0.0
I011545_1,O011545,P061,1,0,2842.95,1810.66,0.1
I011545_2,O011545,P065,2,0,2358.92,1840.19,0.0
I011545_3,O011545,P088,1,0,305.05,167.15,0.05
I011546_1,O011546,P001,1,0,805.85,503.11,0.0
I011546_2,O011546,P093,2,0,1108.49,614.67,0.05
I011547_1,O011547,P064,1,0,240.11,140.8,0.05
I011547_2,O011547,P098,1,0,361.6,210.13,0.0
I011547_3,O011547,P043,2,0,2444.13,2155.97,0.0
I011548_1,O011548,P025,1,0,716.96,526.03,0.0
I011548_2,O011548,P103,1,0,3659.04,3087.95,0.1
I011549_1,O011549,P069,1,1,2885.15,2596.65,0.2
I011549_2,O011549,P053,1,0,3111.78,2330.08,0.0
I011549_3,O011549,P060,1,0,3643.79,2190.75,0.2
I011550_1,O011550,P107,1,0,917.81,517.21,0.1
I011550_2,O011550,P041,1,0,1755.39,1272.83,0.1
I011551_1,O011551,P076,1,0,2576.49,1928.31,0.2
I011551_2,O011551,P066,1,0,598.91,449.79,0.0
I011552_1,O011552,P114,1,0,1071.28,699.07,0.0
I011553_1,O011553,P004,1,0,3331.34,2449.64,0.05
I011554_1,O011554,P113,2,0,2148.04,1457.19,0.0
I011554_2,O011554,P096,1,0,3199.77,1989.35,0.0
I011554_3,O011554,P092,1,0,2576.85,1883.6,0.0
I011555_1,O011555,P010,1,0,748.64,468.72,0.0
I011556_1,O011556,P045,2,0,1710.06,1393.5,0.3
I011557_1,O011557,P018,1,0,2764.96,1861.03,0.05
I011557_2,O011557,P029,1,0,2880.69,2642.14,0.2
I011558_1,O011558,P090,1,0,1805.58,1197.25,0.2
I011559_1,O011559,P046,1,0,209.56,119.22,0.2
I011560_1,O011560,P115,1,0,2756.12,1821.73,0.05
I011561_1,O011561,P026,2,0,3177.42,2746.76,0.2
I011561_2,O011561,P103,3,0,3583.93,3087.95,0.0
I011561_3,O011561,P030,1,0,2502.47,1879.56,0.05
I011562_1,O011562,P028,1,0,1495.29,1251.02,0.1
I011562_2,O011562,P091,1,1,807.73,567.3,0.0
I011563_1,O011563,P026,1,0,3406.43,2746.76,0.0
I011564_1,O011564,P005,1,0,2466.6,1891.99,0.2
I011565_1,O011565,P118,1,0,1337.05,778.87,0.05
I011565_2,O011565,P050,2,0,1230.1,748.37,0.0
I011566_1,O011566,P007,1,0,2728.02,2152.99,0.2
I011567_1,O011567,P099,2,1,1086.61,579.06,0.0
I011568_1,O011568,P084,1,0,1218.45,785.13,0.0
I011568_2,O011568,P067,1,0,1101.37,736.87,0.05
I011569_1,O011569,P090,1,0,1795.4,1197.25,0.3
I011570_1,O011570,P058,1,0,1040.42,974.82,0.05
I011570_2,O011570,P083,1,0,918.93,674.18,0.0
I011571_1,O011571,P079,1,0,2420.74,1780.27,0.0
I011571_2,O011571,P040,2,0,2363.67,1719.58,0.0
I011572_1,O011572,P046,1,1,225.04,119.22,0.05
I011573_1,O011573,P007,1,0,2594.07,2152.99,0.1
I011574_1,O011574,P097,2,0,560.88,385.34,0.1
I011575_1,O011575,P068,2,0,3515.44,1829.36,0.0
I011576_1,O011576,P034,2,0,696.17,551.76,0.05
I011576_2,O011576,P118,2,0,1317.45,778.87,0.05
I011577_1,O011577,P037,1,0,790.49,604.48,0.05
I011578_1,O011578,P067,1,0,1191.06,736.87,0.1
I011578_2,O011578,P009,1,0,193.13,142.71,0.1
I011578_3,O011578,P042,1,0,3266.78,2480.29,0.0
I011579_1,O011579,P075,1,0,810.53,632.05,0.05
I011580_1,O011580,P019,1,0,2531.27,1463.41,0.0
I011581_1,O011581,P009,2,0,175.8,142.71,0.0
I011582_1,O011582,P029,2,1,3102.0,2642.14,0.0
I011583_1,O011583,P058,1,0,1105.3,974.82,0.05
I011584_1,O011584,P056,2,0,665.53,467.73,0.0
I011585_1,O011585,P028,1,0,1445.17,1251.02,0.05
I011585_2,O011585,P010,2,0,697.91,468.72,0.05
I011586_1,O011586,P071,1,0,2055.06,1171.43,0.0
I011587_1,O011587,P055,1,0,1829.25,1250.56,0.05
I011587_2,O011587,P035,1,0,2385.09,1657.14,0.0
I011587_3,O011587,P075,1,0,916.07,632.05,0.0
I011588_1,O011588,P001,1,0,805.81,503.11,0.1
I011588_2,O011588,P043,3,0,2676.2,2155.97,0.1
I011588_3,O011588,P060,1,0,3539.1,2190.75,0.1
I011589_1,O011589,P048,2,0,2347.24,2064.58,0.05
I011589_2,O011589,P094,1,0,2823.02,1716.82,0.1
I011590_1,O011590,P058,1,0,1132.97,974.82,0.0
I011591_1,O011591,P120,1,0,3601.31,2258.38,0.0
I011592_1,O011592,P035,2,0,2488.51,1657.14,0.1
I011593_1,O011593,P105,1,0,1345.73,1048.44,0.05
I011593_2,O011593,P117,3,0,1472.69,1301.63,0.0
I011594_1,O011594,P038,1,0,2368.23,1939.6,0.0
I011595_1,O011595,P022,1,0,2180.99,1361.4,0.2
I011596_1,O011596,P044,1,0,2144.44,1529.57,0.2
I011596_2,O011596,P075,2,2,871.87,632.05,0.2
I011597_1,O011597,P077,1,0,3428.78,2738.96,0.05
I011597_2,O011597,P103,1,0,3635.86,3087.95,0.0
I011598_1,O011598,P070,1,0,3349.73,2889.93,0.0
I011599_1,O011599,P105,1,0,1343.47,1048.44,0.1
I011600_1,O011600,P013,1,0,1859.15,1078.11,0.05
I011600_2,O011600,P103,1,1,3449.53,3087.95,0.0
I011601_1,O011601,P034,1,0,729.58,551.76,0.05
I011602_1,O011602,P071,1,0,1960.77,1171.43,0.05
I011602_2,O011602,P036,1,0,2598.83,2239.64,0.0
I011603_1,O011603,P043,1,0,2679.37,2155.97,0.0
I011603_2,O011603,P053,1,0,3176.43,2330.08,0.0
I011603_3,O011603,P006,2,0,2779.18,2483.13,0.05
I011604_1,O011604,P059,1,0,2445.33,2284.02,0.0
I011604_2,O011604,P076,1,1,2627.6,1928.31,0.0
I011605_1,O011605,P083,3,0,880.57,674.18,0.0
I011606_1,O011606,P113,1,0,2389.42,1457.19,0.0
I011606_2,O011606,P054,1,0,322.15,290.26,0.1
I011607_1,O011607,P061,1,0,2636.26,1810.66,0.0
I011608_1,O011608,P078,2,0,2568.77,1751.62,0.05
I011609_1,O011609,P035,1,0,2347.51,1657.14,0.1
I011610_1,O011610,P082,1,0,2173.33,1528.85,0.0
I011610_2,O011610,P001,1,0,821.55,503.11,0.0
I011611_1,O011611,P017,1,0,1842.55,1079.58,0.1
I011612_1,O011612,P044,1,0,2196.0,1529.57,0.0
I011613_1,O011613,P076,1,0,2698.89,1928.31,0.1
I011613_2,O011613,P071,1,1,1945.9,1171.43,0.2
I011614_1,O011614,P017,1,0,1969.37,1079.58,0.0
I011615_1,O011615,P107,3,0,821.5,517.21,0.0
I011615_2,O011615,P073,1,0,3112.84,2517.93,0.0
I011616_1,O011616,P092,2,0,2419.38,1883.6,0.0
I011616_2,O011616,P002,1,0,2809.51,2136.38,0.1
I011616_3,O011616,P018,2,0,2735.41,1861.03,0.2
I011617_1,O011617,P074,1,0,2642.09,2093.66,0.0
I011618_1,O011618,P055,2,0,1749.36,1250.56,0.0
I011618_2,O011618,P047,1,0,3452.73,2991.8,0.0
I011619_1,O011619,P019,1,0,2362.47,1463.41,0.0
I011619_2,O011619,P030,1,0,2432.41,1879.56,0.2
I011619_3,O011619,P113,1,0,2333.25,1457.19,0.0
I011620_1,O011620,P027,1,1,2324.59,1900.67,0.05
I011621_1,O011621,P079,2,0,2347.96,1780.27,0.05
I011621_2,O011621,P080,1,1,918.42,706.47,0.3
I011622_1,O011622,P027,1,0,2306.26,1900.67,0.0
I011622_2,O011622,P003,1,0,664.78,593.8,0.05
I011622_3,O011622,P093,2,0,1010.81,614.67,0.0
I011623_1,O011623,P044,1,0,2132.91,1529.57,0.05
I011623_2,O011623,P094,1,0,2724.35,1716.82,0.0
I011624_1,O011624,P045,1,0,1648.66,1393.5,0.2
I011624_2,O011624,P109,1,0,2299.08,1696.43,0.05
I011625_1,O011625,P012,1,0,3742.69,2599.93,0.05
I011625_2,O011625,P007,1,0,2757.19,2152.99,0.0
I011626_1,O011626,P018,1,0,2930.71,1861.03,0.2
I011627_1,O011627,P003,1,0,722.34,593.8,0.1
I011627_2,O011627,P018,2,0,2888.93,1861.03,0.0
I011628_1,O011628,P039,1,0,3050.76,1842.48,0.1
I011629_1,O011629,P003,1,0,735.15,593.8,0.0
I011629_2,O011629,P111,2,0,1058.93,738.87,0.1
I011629_3,O011629,P112,1,0,1531.05,1059.45,0.1
I011630_1,O011630,P028,2,2,1542.79,1251.02,0.0
I011631_1,O011631,P100,1,0,2746.41,2560.83,0.0
I011631_2,O011631,P011,1,0,626.78,470.48,0.3
I011632_1,O011632,P083,1,0,939.13,674.18,0.2
I011633_1,O011633,P031,1,0,317.71,221.16,0.05
I011634_1,O011634,P096,1,0,3265.0,1989.35,0.0
I011634_2,O011634,P074,2,0,2814.96,2093.66,0.05
I011635_1,O011635,P021,1,0,3263.03,2007.08,0.05
I011635_2,O011635,P006,1,0,3099.53,2483.13,0.0
I011636_1,O011636,P069,2,0,2929.14,2596.65,0.05
I011636_2,O011636,P115,1,0,2518.85,1821.73,0.1
I011637_1,O011637,P039,2,0,2776.32,1842.48,0.2
I011638_1,O011638,P013,1,0,1684.82,1078.11,0.05
I011639_1,O011639,P021,2,0,3287.99,2007.08,0.0
I011640_1,O011640,P055,1,0,1684.52,1250.56,0.05
I011641_1,O011641,P018,2,0,2908.54,1861.03,0.1
I011642_1,O011642,P016,1,0,2846.55,2126.82,0.1
I011642_2,O011642,P095,1,0,3474.33,2194.24,0.1
I011643_1,O011643,P031,3,0,289.92,221.16,0.05
I011644_1,O011644,P033,2,1,2805.25,2420.38,0.1
I011645_1,O011645,P105,1,1,1312.71,1048.44,0.1
I011645_2,O011645,P003,2,0,709.66,593.8,0.0
I011645_3,O011645,P073,1,0,3235.28,2517.93,0.2
I011646_1,O011646,P065,1,0,2364.87,1840.19,0.2
I011646_2,O011646,P088,1,1,293.79,167.15,0.0
I011646_3,O011646,P010,1,0,778.78,468.72,0.05
I011647_1,O011647,P054,1,0,325.12,290.26,0.0
I011647_2,O011647,P051,1,0,2656.65,1856.67,0.1
I011648_1,O011648,P083,1,0,887.53,674.18,0.0
I011648_2,O011648,P021,1,0,3175.77,2007.08,0.05
I011649_1,O011649,P073,1,0,3089.23,2517.93,0.0
I011649_2,O011649,P077,2,0,3267.22,2738.96,0.2
I011649_3,O011649,P033,1,0,2973.18,2420.38,0.0
I011650_1,O011650,P119,1,0,686.5,550.1,0.0
I011650_2,O011650,P050,1,0,1185.56,748.37,0.0
I011650_3,O011650,P087,1,0,2001.92,1487.18,0.0
I011651_1,O011651,P034,1,1,668.84,551.76,0.3
I011652_1,O011652,P047,1,0,3539.54,2991.8,0.0
I011653_1,O011653,P063,2,1,2102.03,1328.53,0.05
I011654_1,O011654,P080,1,0,856.68,706.47,0.05
I011654_2,O011654,P058,1,0,1171.88,974.82,0.0
I011655_1,O011655,P028,1,0,1523.63,1251.02,0.2
I011656_1,O011656,P094,1,0,2630.99,1716.82,0.05
I011657_1,O011657,P071,1,0,1910.55,1171.43,0.0
I011657_2,O011657,P019,1,0,2381.78,1463.41,0.1
I011658_1,O011658,P043,1,0,2632.29,2155.97,0.0
I011658_2,O011658,P038,2,0,2340.14,1939.6,0.05
I011658_3,O011658,P114,1,0,1059.5,699.07,0.05
I011659_1,O011659,P071,2,0,1883.7,1171.43,0.0
I011659_2,O011659,P013,1,0,1834.83,1078.11,0.0
I011660_1,O011660,P001,1,0,794.81,503.11,0.1
I011660_2,O011660,P075,1,0,866.27,632.05,0.05
I011661_1,O011661,P024,1,0,3154.94,2312.84,0.0
I011662_1,O011662,P001,1,0,777.53,503.11,0.0
I011663_1,O011663,P105,1,0,1297.89,1048.44,0.0
I011664_1,O011664,P050,1,0,1243.46,748.37,0.0
I011665_1,O011665,P026,1,0,3011.44,2746.76,0.1
I011665_2,O011665,P044,2,0,2116.85,1529.57,0.3
I011666_1,O011666,P104,2,0,821.96,640.45,0.1
I011667_1,O011667,P037,1,0,818.7,604.48,0.0
I011667_2,O011667,P024,2,0,3120.41,2312.84,0.0
I011667_3,O011667,P112,1,0,1600.17,1059.45,0.0
I011668_1,O011668,P050,1,0,1271.15,748.37,0.05
I011668_2,O011668,P002,1,0,2678.01,2136.38,0.1
I011669_1,O011669,P069,2,0,3137.92,2596.65,0.0
I011669_2,O011669,P089,1,0,2721.98,1691.26,0.0
I011670_1,O011670,P104,1,0,814.79,640.45,0.0
I011670_2,O011670,P010,2,0,741.01,468.72,0.0
I011671_1,O011671,P062,1,0,1134.28,934.97,0.0
I011671_2,O011671,P023,1,0,2335.7,1316.59,0.3
I011672_1,O011672,P044,1,0,2212.47,1529.57,0.05
I011673_1,O011673,P040,1,0,2339.44,1719.58,0.0
I011674_1,O011674,P014,2,0,1449.64,956.53,0.0
I011674_2,O011674,P001,1,0,756.39,503.11,0.1
I011675_1,O011675,P005,1,0,2431.49,1891.99,0.0
I011676_1,O011676,P077,1,0,3257.19,2738.96,0.1
I011676_2,O011676,P071,2,0,1987.26,1171.43,0.0
I011676_3,O011676,P075,1,0,810.72,632.05,0.0
I011677_1,O011677,P019,1,1,2498.48,1463.41,0.0
I011678_1,O011678,P035,1,0,2250.78,1657.14,0.0
I011679_1,O011679,P010,1,0,757.92,468.72,0.0
I011679_2,O011679,P064,2,0,255.41,140.8,0.1
I011679_3,O011679,P093,1,1,1056.98,614.67,0.0
I011680_1,O011680,P118,1,0,1242.16,778.87,0.2
I011680_2,O011680,P090,2,0,1685.96,1197.25,0.2
I011681_1,O011681,P069,1,0,2792.69,2596.65,0.2
I011681_2,O011681,P104,1,0,865.38,640.45,0.05
I011682_1,O011682,P091,2,2,813.59,567.3,0.1
I011683_1,O011683,P092,1,0,2362.3,1883.6,0.0
I011683_2,O011683,P095,1,0,3128.93,2194.24,0.05
I011684_1,O011684,P027,2,0,2242.19,1900.67,0.0
I011685_1,O011685,P080,1,0,906.05,706.47,0.05
I011685_2,O011685,P017,1,0,1809.07,1079.58,0.3
I011686_1,O011686,P014,2,0,1381.35,956.53,0.05
I011687_1,O011687,P049,2,0,2607.24,1767.67,0.2
I011688_1,O011688,P046,2,0,205.97,119.22,0.05
I011689_1,O011689,P038,1,0,2401.39,1939.6,0.0
I011689_2,O011689,P103,1,1,3711.13,3087.95,0.05
I011690_1,O011690,P048,1,0,2564.97,2064.58,0.05
I011691_1,O011691,P064,2,0,251.63,140.8,0.3
I011692_1,O011692,P094,1,0,2854.35,1716.82,0.05
I011693_1,O011693,P063,1,0,2272.33,1328.53,0.0
I011693_2,O011693,P109,1,0,2394.95,1696.43,0.0
I011694_1,O011694,P021,1,0,3085.58,2007.08,0.1
I011695_1,O011695,P069,1,0,3121.79,2596.65,0.1
I011696_1,O011696,P091,1,0,799.28,567.3,0.1
I011697_1,O011697,P018,2,0,2800.58,1861.03,0.3
I011698_1,O011698,P116,2,0,2887.66,2344.15,0.1
I011699_1,O011699,P113,2,0,2389.34,1457.19,0.0
I011700_1,O011700,P066,2,0,608.33,449.79,0.05
I011701_1,O011701,P049,2,0,2733.48,1767.67,0.05
I011701_2,O011701,P092,1,0,2486.49,1883.6,0.05
I011701_3,O011701,P076,1,0,2426.8,1928.31,0.1
I011702_1,O011702,P063,2,0,2152.38,1328.53,0.0
I011702_2,O011702,P108,1,0,1083.91,757.54,0.0
I011703_1,O011703,P082,1,0,2389.31,1528.85,0.0
I011703_2,O011703,P017,1,0,1808.21,1079.58,0.05
I011703_3,O011703,P063,1,0,2256.51,1328.53,0.1
I011704_1,O011704,P041,1,0,1778.8,1272.83,0.0
I011704_2,O011704,P055,1,0,1819.65,1250.56,0.05
I011705_1,O011705,P109,1,0,2349.89,1696.43,0.2
I011706_1,O011706,P087,1,0,2023.29,1487.18,0.0
I011706_2,O011706,P093,1,0,1049.63,614.67,0.0
I011706_3,O011706,P073,1,0,2990.89,2517.93,0.2
I011707_1,O011707,P084,1,0,1211.32,785.13,0.0
I011708_1,O011708,P076,1,0,2721.16,1928.31,0.05
I011709_1,O011709,P070,2,0,3643.59,2889.93,0.1
I011709_2,O011709,P007,1,0,2737.01,2152.99,0.0
I011709_3,O011709,P079,1,0,2429.57,1780.27,0.0
I011710_1,O011710,P004,1,0,3176.66,2449.64,0.0
I011710_2,O011710,P035,1,0,2475.29,1657.14,0.0
I011711_1,O011711,P110,2,0,564.77,387.41,0.1
I011712_1,O011712,P049,1,0,2794.88,1767.67,0.05
I011712_2,O011712,P066,1,0,589.53,449.79,0.05
I011712_3,O011712,P082,1,0,2247.61,1528.85,0.0
I011713_1,O011713,P078,2,0,2721.89,1751.62,0.05
I011714_1,O011714,P071,2,0,1949.42,1171.43,0.0
I011714_2,O011714,P061,2,0,2875.85,1810.66,0.0
I011715_1,O011715,P108,1,0,1071.27,757.54,0.1
I011715_2,O011715,P041,1,0,1816.34,1272.83,0.3
I011715_3,O011715,P079,1,0,2441.73,1780.27,0.05
I011716_1,O011716,P047,1,0,3524.08,2991.8,0.05
I011716_2,O011716,P082,1,0,2247.91,1528.85,0.0
I011717_1,O011717,P031,1,0,313.35,221.16,0.1
I011717_2,O011717,P119,1,0,612.77,550.1,0.3
I011718_1,O011718,P063,1,0,2180.5,1328.53,0.0
I011718_2,O011718,P090,1,0,1734.28,1197.25,0.3
I011719_1,O011719,P095,2,0,3144.75,2194.24,0.0
I011719_2,O011719,P108,1,0,1098.48,757.54,0.0
I011720_1,O011720,P019,3,0,2606.12,1463.41,0.05
I011720_2,O011720,P098,1,0,350.2,210.13,0.0
I011721_1,O011721,P109,1,0,2206.24,1696.43,0.3
I011721_2,O011721,P096,1,0,3104.39,1989.35,0.1
I011721_3,O011721,P060,1,0,3629.87,2190.75,0.1
I011722_1,O011722,P079,1,0,2267.7,1780.27,0.3
I011722_2,O011722,P033,1,0,2972.32,2420.38,0.0
I011722_3,O011722,P028,1,0,1399.32,1251.02,0.05
I011723_1,O011723,P096,1,0,3245.27,1989.35,0.0
I011724_1,O011724,P013,1,1,1697.54,1078.11,0.05
I011725_1,O011725,P085,1,0,710.96,482.52,0.2
I011726_1,O011726,P074,1,0,2807.42,2093.66,0.2
I011727_1,O011727,P053,1,0,2858.02,2330.08,0.05
I011728_1,O011728,P118,1,0,1212.13,778.87,0.2
I011729_1,O011729,P095,1,0,3257.59,2194.24,0.2
I011729_2,O011729,P113,1,0,2327.25,1457.19,0.0
I011729_3,O011729,P096,1,1,3092.08,1989.35,0.0
I011730_1,O011730,P114,1,0,1077.02,699.07,0.05
I011731_1,O011731,P066,1,0,574.35,449.79,0.0
I011732_1,O011732,P099,1,0,1075.45,579.06,0.2
I011732_2,O011732,P049,1,0,2584.84,1767.67,0.0
I011732_3,O011732,P008,1,0,3181.01,2190.37,0.05
I011733_1,O011733,P034,1,0,692.66,551.76,0.2
I011734_1,O011734,P044,1,0,2075.25,1529.57,0.1
I011734_2,O011734,P106,1,1,2683.66,2402.81,0.0
I011735_1,O011735,P001,1,0,748.81,503.11,0.05
I011736_1,O011736,P026,1,0,3438.23,2746.76,0.0
I011737_1,O011737,P010,1,0,742.03,468.72,0.1
I011737_2,O011737,P009,1,0,183.02,142.71,0.05
I011737_3,O011737,P062,1,1,1102.57,934.97,0.0
I011738_1,O011738,P065,3,0,2379.63,1840.19,0.05
I011739_1,O011739,P020,2,0,3635.82,2726.34,0.0
I011739_2,O011739,P074,1,0,2603.64,2093.66,0.2
I011739_3,O011739,P001,2,0,727.82,503.11,0.0
I011740_1,O011740,P100,1,0,2978.51,2560.83,0.0
I011740_2,O011740,P072,1,0,1714.68,1369.26,0.0
I011741_1,O011741,P118,1,0,1229.48,778.87,0.0
I011741_2,O011741,P017,1,0,1799.67,1079.58,0.0
I011742_1,O011742,P029,1,0,3143.06,2642.14,0.1
I011743_1,O011743,P116,1,0,2849.0,2344.15,0.1
I011744_1,O011744,P088,1,0,292.5,167.15,0.05
I011744_2,O011744,P064,1,0,230.03,140.8,0.05
I011745_1,O011745,P088,1,0,316.95,167.15,0.1
I011746_1,O011746,P080,3,3,807.43,706.47,0.0
I011747_1,O011747,P036,1,0,2578.58,2239.64,0.05
I011748_1,O011748,P079,1,0,2278.82,1780.27,0.0
I011749_1,O011749,P004,1,0,3060.65,2449.64,0.0
I011750_1,O011750,P003,1,0,647.16,593.8,0.1
I011751_1,O011751,P063,1,0,2101.77,1328.53,0.05
I011752_1,O011752,P108,1,0,1096.12,757.54,0.0
I011753_1,O011753,P074,1,0,2776.5,2093.66,0.1
I011754_1,O011754,P045,1,0,1770.67,1393.5,0.0
I011755_1,O011755,P062,1,0,1220.3,934.97,0.0
I011756_1,O011756,P076,1,0,2754.94,1928.31,0.05
I011757_1,O011757,P084,3,0,1142.32,785.13,0.05
I011758_1,O011758,P058,1,1,1088.92,974.82,0.1
I011758_2,O011758,P070,1,0,3508.36,2889.93,0.0
I011759_1,O011759,P098,1,0,343.41,210.13,0.0
I011759_2,O011759,P100,2,0,3027.61,2560.83,0.0
I011760_1,O011760,P051,1,1,2711.96,1856.67,0.2
I011760_2,O011760,P060,1,0,3671.09,2190.75,0.0
I011761_1,O011761,P028,1,0,1496.58,1251.02,0.2
I011762_1,O011762,P074,1,0,2542.78,2093.66,0.2
I011763_1,O011763,P044,2,0,2219.83,1529.57,0.0
I011764_1,O011764,P100,2,0,3096.05,2560.83,0.05
I011764_2,O011764,P074,1,1,2612.36,2093.66,0.0
I011765_1,O011765,P039,1,0,2990.86,1842.48,0.0
I011766_1,O011766,P036,2,0,2794.79,2239.64,0.1
I011767_1,O011767,P021,1,0,3215.13,2007.08,0.0
I011767_2,O011767,P020,1,0,3633.6,2726.34,0.05
I011768_1,O011768,P096,1,0,3224.78,1989.35,0.1
I011768_2,O011768,P015,1,0,2007.99,1639.7,0.05
I011769_1,O011769,P096,1,0,3116.67,1989.35,0.1
I011769_2,O011769,P014,1,0,1536.68,956.53,0.0
I011770_1,O011770,P106,1,0,2730.39,2402.81,0.0
I011771_1,O011771,P026,1,1,3152.84,2746.76,0.0
I011771_2,O011771,P017,1,0,1769.95,1079.58,0.1
I011771_3,O011771,P108,1,0,1162.04,757.54,0.2
I011772_1,O011772,P027,2,0,2282.31,1900.67,0.0
I011773_1,O011773,P062,1,0,1185.58,934.97,0.0
I011774_1,O011774,P060,3,0,3561.87,2190.75,0.1
I011774_2,O011774,P114,1,0,1000.55,699.07,0.05
I011775_1,O011775,P096,1,0,3336.63,1989.35,0.0
I011775_2,O011775,P051,1,0,2778.99,1856.67,0.0
I011776_1,O011776,P061,1,0,2711.5,1810.66,0.0
I011776_2,O011776,P099,1,0,980.19,579.06,0.0
I011777_1,O011777,P029,2,0,3214.68,2642.14,0.0
I011777_2,O011777,P077,1,0,3358.2,2738.96,0.1
I011778_1,O011778,P042,1,0,3652.06,2480.29,0.1
I011778_2,O011778,P023,1,0,2470.45,1316.59,0.05
I011779_1,O011779,P032,1,0,843.41,692.6,0.0
I011780_1,O011780,P116,2,0,2877.53,2344.15,0.2
I011780_2,O011780,P074,1,0,2659.89,2093.66,0.05
I011781_1,O011781,P063,1,0,2365.13,1328.53,0.0
I011782_1,O011782,P035,1,0,2197.27,1657.14,0.0
I011783_1,O011783,P110,1,0,607.14,387.41,0.1
I011783_2,O011783,P035,3,0,2267.12,1657.14,0.1
I011783_3,O011783,P039,1,0,2750.9,1842.48,0.05
I011784_1,O011784,P006,1,0,2827.06,2483.13,0.2
I011785_1,O011785,P093,2,0,970.99,614.67,0.3
I011786_1,O011786,P082,1,0,2284.42,1528.85,0.0
I011787_1,O011787,P109,1,0,2214.86,1696.43,0.1
I011788_1,O011788,P029,1,0,2875.5,2642.14,0.0
I011789_1,O011789,P044,1,0,2361.11,1529.57,0.0
I011790_1,O011790,P097,2,0,512.4,385.34,0.1
I011791_1,O011791,P029,1,0,3109.76,2642.14,0.3
I011791_2,O011791,P083,1,0,968.97,674.18,0.1
I011791_3,O011791,P087,2,0,1963.45,1487.18,0.1
I011792_1,O011792,P120,1,0,3311.1,2258.38,0.05
I011792_2,O011792,P003,2,0,730.44,593.8,0.0
I011793_1,O011793,P013,1,0,1787.05,1078.11,0.1
I011793_2,O011793,P103,1,0,3849.73,3087.95,0.05
I011794_1,O011794,P082,2,0,2119.21,1528.85,0.0
I011794_2,O011794,P046,1,0,231.96,119.22,0.0
I011794_3,O011794,P062,1,0,1224.43,934.97,0.0
I011795_1,O011795,P023,1,0,2184.49,1316.59,0.1
I011796_1,O011796,P099,1,0,1046.37,579.06,0.1
I011797_1,O011797,P011,1,0,626.11,470.48,0.0
I011797_2,O011797,P008,1,0,3085.3,2190.37,0.0
I011798_1,O011798,P067,3,0,1213.73,736.87,0.05
I011799_1,O011799,P069,2,0,3004.6,2596.65,0.0
I011799_2,O011799,P098,1,0,340.06,210.13,0.2
I011800_1,O011800,P003,2,0,734.89,593.8,0.0
I011801_1,O011801,P080,1,0,812.26,706.47,0.1
I011802_1,O011802,P087,1,0,2042.1,1487.18,0.2
I011802_2,O011802,P028,2,2,1543.44,1251.02,0.1
I011803_1,O011803,P086,1,0,520.48,301.67,0.05
I011804_1,O011804,P113,1,0,2425.64,1457.19,0.0
I011805_1,O011805,P078,1,0,2571.93,1751.62,0.05
I011806_1,O011806,P012,1,0,3482.81,2599.93,0.0
I011807_1,O011807,P062,1,0,1230.26,934.97,0.0
I011807_2,O011807,P010,2,0,688.86,468.72,0.05
I011808_1,O011808,P120,2,0,3599.42,2258.38,0.1
I011809_1,O011809,P052,1,0,2854.86,2232.75,0.05
I011810_1,O011810,P076,1,0,2745.41,1928.31,0.1
I011810_2,O011810,P060,1,0,3452.73,2190.75,0.0
I011811_1,O011811,P118,1,0,1239.01,778.87,0.0
I011811_2,O011811,P035,1,0,2334.81,1657.14,0.0
I011812_1,O011812,P039,2,0,2853.51,1842.48,0.1
I011813_1,O011813,P108,1,0,1157.16,757.54,0.2
I011814_1,O011814,P095,3,0,3156.63,2194.24,0.05
I011815_1,O011815,P031,1,0,306.24,221.16,0.05
I011816_1,O011816,P022,1,0,2167.76,1361.4,0.05
I011816_2,O011816,P070,2,0,3797.62,2889.93,0.2
I011817_1,O011817,P041,1,1,1824.07,1272.83,0.0
I011818_1,O011818,P014,1,0,1484.62,956.53,0.05
I011819_1,O011819,P094,1,0,2926.1,1716.82,0.1
I011820_1,O011820,P076,1,0,2614.31,1928.31,0.05
I011821_1,O011821,P107,1,0,916.44,517.21,0.1
I011821_2,O011821,P009,2,0,175.94,142.71,0.1
I011822_1,O011822,P001,1,0,721.44,503.11,0.0
I011822_2,O011822,P099,1,0,997.83,579.06,0.1
I011822_3,O011822,P118,1,0,1326.36,778.87,0.0
I011823_1,O011823,P069,1,0,2950.14,2596.65,0.05
I011823_2,O011823,P087,1,0,1940.46,1487.18,0.05
I011824_1,O011824,P043,1,0,2703.26,2155.97,0.3
I011825_1,O011825,P110,1,0,601.77,387.41,0.2
I011825_2,O011825,P093,1,0,994.14,614.67,0.0
I011826_1,O011826,P036,2,0,2728.09,2239.64,0.1
I011827_1,O011827,P042,1,0,3444.03,2480.29,0.1
I011828_1,O011828,P030,2,0,2553.51,1879.56,0.0
I011828_2,O011828,P049,1,0,2762.2,1767.67,0.0
I011829_1,O011829,P093,1,0,1085.11,614.67,0.05
I011830_1,O011830,P005,1,0,2199.05,1891.99,0.0
I011830_2,O011830,P060,1,0,3269.08,2190.75,0.05
I011831_1,O011831,P072,1,0,1728.92,1369.26,0.0
I011832_1,O011832,P025,2,0,805.08,526.03,0.05
I011832_2,O011832,P040,1,0,2131.47,1719.58,0.0
I011833_1,O011833,P076,1,0,2402.75,1928.31,0.0
I011834_1,O011834,P118,1,0,1190.93,778.87,0.0
I011835_1,O011835,P113,1,0,2355.39,1457.19,0.2
I011835_2,O011835,P039,1,0,2938.5,1842.48,0.0
I011836_1,O011836,P039,2,0,2964.89,1842.48,0.0
I011837_1,O011837,P008,1,0,2988.84,2190.37,0.05
I011838_1,O011838,P068,2,0,3515.46,1829.36,0.2
I011838_2,O011838,P085,1,0,665.83,482.52,0.2
I011839_1,O011839,P020,3,0,3436.54,2726.34,0.05
I011839_2,O011839,P060,1,0,3361.76,2190.75,0.05
I011839_3,O011839,P115,1,0,2730.71,1821.73,0.0
I011840_1,O011840,P067,1,0,1192.53,736.87,0.05
I011840_2,O011840,P098,1,1,358.5,210.13,0.1
I011841_1,O011841,P060,2,0,3283.25,2190.75,0.0
I011842_1,O011842,P015,1,0,1875.96,1639.7,0.2
I011842_2,O011842,P084,2,0,1092.38,785.13,0.2
I011843_1,O011843,P103,1,0,3761.79,3087.95,0.05
I011844_1,O011844,P103,2,0,3384.22,3087.95,0.0
I011845_1,O011845,P011,1,0,664.24,470.48,0.05
I011845_2,O011845,P106,1,0,2660.07,2402.81,0.0
I011846_1,O011846,P063,1,0,2242.87,1328.53,0.05
I011847_1,O011847,P120,1,0,3282.37,2258.38,0.0
I011847_2,O011847,P035,1,0,2465.24,1657.14,0.0
I011848_1,O011848,P056,1,0,714.29,467.73,0.1
I011848_2,O011848,P110,1,0,540.82,387.41,0.1
I011849_1,O011849,P004,1,0,3142.78,2449.64,0.05
I011850_1,O011850,P083,2,0,869.45,674.18,0.05
I011851_1,O011851,P011,1,0,676.07,470.48,0.2
I011851_2,O011851,P117,1,1,1646.82,1301.63,0.0
I011852_1,O011852,P057,2,0,2933.97,1751.13,0.05
I011853_1,O011853,P106,1,1,2731.75,2402.81,0.05
I011853_2,O011853,P057,1,0,2836.54,1751.13,0.0
I011854_1,O011854,P003,1,0,661.42,593.8,0.0
I011854_2,O011854,P092,1,0,2448.9,1883.6,0.05
I011854_3,O011854,P064,1,0,249.67,140.8,0.0
I011855_1,O011855,P113,1,0,2374.91,1457.19,0.2
I011856_1,O011856,P071,1,0,1909.2,1171.43,0.0
I011857_1,O011857,P044,1,0,2338.18,1529.57,0.05
I011858_1,O011858,P045,1,0,1740.64,1393.5,0.0
I011858_2,O011858,P005,1,0,2384.8,1891.99,0.2
I011859_1,O011859,P093,1,0,1079.2,614.67,0.0
I011859_2,O011859,P025,1,0,735.84,526.03,0.1
I011860_1,O011860,P067,2,0,1155.5,736.87,0.05
I011861_1,O011861,P037,1,0,750.7,604.48,0.05
I011862_1,O011862,P088,2,0,311.99,167.15,0.2
I011863_1,O011863,P058,1,0,1139.26,974.82,0.05
I011863_2,O011863,P055,1,0,1703.14,1250.56,0.05
I011864_1,O011864,P094,1,0,2796.21,1716.82,0.0
I011865_1,O011865,P117,1,0,1588.86,1301.63,0.05
I011865_2,O011865,P013,1,0,1782.33,1078.11,0.05
I011866_1,O011866,P043,1,0,2716.24,2155.97,0.0
I011866_2,O011866,P023,1,1,2265.79,1316.59,0.0
I011867_1,O011867,P092,1,0,2574.15,1883.6,0.0
I011867_2,O011867,P060,1,0,3659.88,2190.75,0.05
I011868_1,O011868,P118,2,1,1324.31,778.87,0.1
I011869_1,O011869,P006,1,0,3012.32,2483.13,0.1
I011869_2,O011869,P028,1,0,1563.27,1251.02,0.0
I011870_1,O011870,P004,1,0,3286.28,2449.64,0.0
I011871_1,O011871,P034,1,1,727.65,551.76,0.0
I011871_2,O011871,P025,1,0,717.36,526.03,0.0
I011871_3,O011871,P084,1,0,1122.83,785.13,0.05
I011872_1,O011872,P035,1,0,2238.85,1657.14,0.1
I011872_2,O011872,P080,2,1,872.61,706.47,0.0
I011873_1,O011873,P023,1,0,2217.23,1316.59,0.3
I011873_2,O011873,P030,1,0,2430.8,1879.56,0.0
I011874_1,O011874,P045,2,0,1749.55,1393.5,0.0
I011874_2,O011874,P062,1,0,1160.96,934.97,0.05
I011875_1,O011875,P080,1,0,832.95,706.47,0.0
I011875_2,O011875,P005,1,0,2169.58,1891.99,0.0
I011876_1,O011876,P107,1,1,921.44,517.21,0.0
I011876_2,O011876,P057,1,0,2845.56,1751.13,0.05
I011876_3,O011876,P042,1,0,3286.22,2480.29,0.05
I011877_1,O011877,P030,1,0,2682.63,1879.56,0.1
I011877_2,O011877,P068,1,0,3514.98,1829.36,0.2
I011878_1,O011878,P019,1,0,2326.38,1463.41,0.3
I011879_1,O011879,P037,1,0,831.05,604.48,0.05
I011880_1,O011880,P060,1,0,3260.7,2190.75,0.05
I011881_1,O011881,P086,2,0,528.81,301.67,0.0
I011881_2,O011881,P012,1,0,3500.68,2599.93,0.0
I011882_1,O011882,P040,2,2,2202.99,1719.58,0.0
I011882_2,O011882,P065,1,0,2575.53,1840.19,0.1
I011882_3,O011882,P010,1,0,704.38,468.72,0.1
I011883_1,O011883,P061,1,0,2695.23,1810.66,0.2
I011883_2,O011883,P108,1,0,1164.65,757.54,0.3
I011884_1,O011884,P019,1,0,2399.39,1463.41,0.05
I011885_1,O011885,P057,1,0,2797.59,1751.13,0.05
I011885_2,O011885,P029,1,0,3085.75,2642.14,0.1
I011886_1,O011886,P104,1,0,789.66,640.45,0.3
I011886_2,O011886,P064,1,0,259.03,140.8,0.1
I011887_1,O011887,P079,1,0,2136.03,1780.27,0.0
I011887_2,O011887,P023,1,1,2226.34,1316.59,0.05
I011888_1,O011888,P055,3,0,1680.12,1250.56,0.05
I011889_1,O011889,P091,1,0,743.24,567.3,0.1
I011890_1,O011890,P105,1,0,1224.38,1048.44,0.0
I011890_2,O011890,P009,1,0,186.24,142.71,0.0
I011891_1,O011891,P027,1,0,2287.7,1900.67,0.0
I011892_1,O011892,P007,2,0,2775.92,2152.99,0.05
I011892_2,O011892,P099,1,0,1059.48,579.06,0.05
I011893_1,O011893,P103,1,0,3765.71,3087.95,0.1
I011893_2,O011893,P067,1,0,1258.12,736.87,0.0
I011894_1,O011894,P094,2,0,2641.42,1716.82,0.2
I011895_1,O011895,P090,2,0,1818.99,1197.25,0.3
I011896_1,O011896,P077,1,1,3224.65,2738.96,0.2
I011896_2,O011896,P107,2,0,932.04,517.21,0.1
I011897_1,O011897,P120,1,0,3574.92,2258.38,0.0
I011898_1,O011898,P113,1,0,2194.83,1457.19,0.0
I011899_1,O011899,P041,1,0,1711.11,1272.83,0.0
I011899_2,O011899,P011,1,0,673.98,470.48,0.0
I011899_3,O011899,P095,1,0,3410.31,2194.24,0.0
I011900_1,O011900,P037,1,0,842.67,604.48,0.3
I011900_2,O011900,P070,1,0,3377.17,2889.93,0.2
I011901_1,O011901,P090,1,1,1752.9,1197.25,0.0
I011901_2,O011901,P058,1,0,1127.66,974.82,0.1
I011901_3,O011901,P075,1,0,837.05,632.05,0.1
I011902_1,O011902,P049,1,0,2794.56,1767.67,0.2
I011903_1,O011903,P120,1,1,3607.23,2258.38,0.05
I011903_2,O011903,P110,1,0,553.41,387.41,0.0
I011904_1,O011904,P077,1,0,3413.87,2738.96,0.05
I011904_2,O011904,P113,1,0,2378.9,1457.19,0.0
I011904_3,O011904,P052,1,0,2551.74,2232.75,0.0
I011905_1,O011905,P001,1,0,733.89,503.11,0.0
I011905_2,O011905,P007,1,0,2621.77,2152.99,0.1
I011906_1,O011906,P064,2,0,248.35,140.8,0.1
I011906_2,O011906,P017,1,0,1955.04,1079.58,0.05
I011907_1,O011907,P021,1,0,3201.4,2007.08,0.1
I011907_2,O011907,P027,2,0,2097.57,1900.67,0.0
I011908_1,O011908,P057,1,0,2646.6,1751.13,0.0
I011909_1,O011909,P094,1,0,2800.69,1716.82,0.1
I011910_1,O011910,P114,1,1,1004.02,699.07,0.1
I011911_1,O011911,P064,2,0,240.15,140.8,0.1
I011912_1,O011912,P098,1,0,336.78,210.13,0.05
I011912_2,O011912,P021,1,0,3116.61,2007.08,0.0
I011913_1,O011913,P107,1,0,872.31,517.21,0.05
I011914_1,O011914,P078,1,0,2596.93,1751.62,0.1
I011915_1,O011915,P019,1,0,2520.74,1463.41,0.0
I011916_1,O011916,P040,2,0,2286.1,1719.58,0.2
I011917_1,O011917,P084,1,0,1244.93,785.13,0.0
I011917_2,O011917,P046,1,0,209.9,119.22,0.0
I011918_1,O011918,P028,2,0,1521.96,1251.02,0.1
I011918_2,O011918,P114,2,0,1010.47,699.07,0.2
I011919_1,O011919,P061,1,0,2732.68,1810.66,0.3
I011919_2,O011919,P046,1,0,212.63,119.22,0.05
I011920_1,O011920,P081,1,0,3089.07,2035.71,0.0
I011921_1,O011921,P023,1,0,2219.99,1316.59,0.2
I011921_2,O011921,P090,2,0,1733.3,1197.25,0.05
I011922_1,O011922,P097,1,0,554.13,385.34,0.0
I011923_1,O011923,P044,1,0,2132.98,1529.57,0.0
I011923_2,O011923,P013,2,0,1828.82,1078.11,0.0
I011923_3,O011923,P096,1,0,3111.95,1989.35,0.1
I011924_1,O011924,P054,1,0,342.13,290.26,0.1
I011925_1,O011925,P058,1,0,1148.28,974.82,0.0
I011926_1,O011926,P039,1,0,2929.33,1842.48,0.2
I011927_1,O011927,P019,1,0,2396.7,1463.41,0.1
I011928_1,O011928,P020,1,0,3472.78,2726.34,0.05
I011929_1,O011929,P079,1,0,2172.51,1780.27,0.0
I011930_1,O011930,P025,1,0,745.38,526.03,0.0
I011930_2,O011930,P027,1,0,2225.26,1900.67,0.0
I011931_1,O011931,P082,1,0,2316.44,1528.85,0.1
I011931_2,O011931,P031,1,1,294.8,221.16,0.1
I011932_1,O011932,P073,1,0,3032.12,2517.93,0.2
I011933_1,O011933,P090,2,0,1627.28,1197.25,0.3
I011933_2,O011933,P075,2,0,901.54,632.05,0.0
I011933_3,O011933,P031,1,0,313.92,221.16,0.1
I011934_1,O011934,P022,1,0,2044.05,1361.4,0.0
I011934_2,O011934,P106,3,0,2874.84,2402.81,0.1
I011935_1,O011935,P069,2,0,2963.9,2596.65,0.0
I011935_2,O011935,P005,2,0,2383.44,1891.99,0.0
I011936_1,O011936,P118,1,0,1264.89,778.87,0.0
I011937_1,O011937,P037,1,0,752.36,604.48,0.0
I011937_2,O011937,P051,2,0,2770.42,1856.67,0.0
I011938_1,O011938,P106,2,0,2927.09,2402.81,0.0
I011939_1,O011939,P061,1,0,2844.51,1810.66,0.05
I011940_1,O011940,P108,1,0,1075.51,757.54,0.0
I011941_1,O011941,P052,1,0,2746.1,2232.75,0.2
I011942_1,O011942,P103,1,0,3786.92,3087.95,0.0
I011942_2,O011942,P077,1,1,3281.5,2738.96,0.0
I011943_1,O011943,P111,3,0,1136.75,738.87,0.1
I011943_2,O011943,P023,1,0,2227.88,1316.59,0.0
I011944_1,O011944,P046,1,0,233.2,119.22,0.2
I011945_1,O011945,P062,1,0,1133.36,934.97,0.2
I011945_2,O011945,P037,1,0,843.52,604.48,0.3
I011946_1,O011946,P099,1,0,1045.85,579.06,0.05
I011946_2,O011946,P064,1,0,235.6,140.8,0.1
I011947_1,O011947,P052,1,0,2720.35,2232.75,0.05
I011947_2,O011947,P009,1,0,186.39,142.71,0.05
I011947_3,O011947,P030,1,0,2710.15,1879.56,0.0
I011948_1,O011948,P058,1,0,1091.65,974.82,0.05
I011949_1,O011949,P075,2,0,825.33,632.05,0.0
I011949_2,O011949,P089,1,0,2591.15,1691.26,0.0
I011950_1,O011950,P026,1,0,3184.26,2746.76,0.2
I011950_2,O011950,P005,3,0,2372.02,1891.99,0.3
I011951_1,O011951,P089,1,0,2507.45,1691.26,0.0
I011952_1,O011952,P075,2,0,868.12,632.05,0.05
I011952_2,O011952,P018,1,0,2899.67,1861.03,0.05
I011953_1,O011953,P104,1,0,787.01,640.45,0.05
I011953_2,O011953,P054,1,0,370.96,290.26,0.2
I011954_1,O011954,P118,1,0,1245.18,778.87,0.1
I011955_1,O011955,P049,1,0,2517.11,1767.67,0.0
I011955_2,O011955,P020,2,0,3514.49,2726.34,0.05
I011956_1,O011956,P039,2,0,3094.36,1842.48,0.0
I011956_2,O011956,P075,2,0,892.39,632.05,0.05
I011956_3,O011956,P038,1,0,2511.55,1939.6,0.0
I011957_1,O011957,P070,1,0,3467.61,2889.93,0.0
I011957_2,O011957,P018,2,0,3021.4,1861.03,0.05
I011958_1,O011958,P068,1,0,3331.34,1829.36,0.2
I011958_2,O011958,P109,1,0,2218.85,1696.43,0.0
I011959_1,O011959,P060,2,0,3651.87,2190.75,0.05
I011960_1,O011960,P020,1,0,3537.07,2726.34,0.05
I011960_2,O011960,P103,1,0,3831.75,3087.95,0.0
I011960_3,O011960,P068,1,0,3214.05,1829.36,0.0
I011961_1,O011961,P032,1,0,876.5,692.6,0.3
I011962_1,O011962,P069,1,0,2996.26,2596.65,0.3
I011962_2,O011962,P094,1,0,2678.22,1716.82,0.05
I011963_1,O011963,P085,3,0,708.2,482.52,0.0
I011963_2,O011963,P063,1,0,2407.35,1328.53,0.0
I011964_1,O011964,P082,1,1,2392.5,1528.85,0.05
I011964_2,O011964,P034,1,0,681.75,551.76,0.05
I011965_1,O011965,P105,1,0,1300.54,1048.44,0.1
I011966_1,O011966,P022,1,0,1981.68,1361.4,0.0
I011967_1,O011967,P065,1,0,2612.91,1840.19,0.05
I011968_1,O011968,P107,1,0,863.09,517.21,0.2
I011969_1,O011969,P078,1,0,2807.48,1751.62,0.0
I011970_1,O011970,P005,1,0,2419.91,1891.99,0.0
I011971_1,O011971,P100,1,0,3096.45,2560.83,0.0
I011971_2,O011971,P060,1,0,3283.55,2190.75,0.2
I011972_1,O011972,P073,1,0,2902.67,2517.93,0.05
I011973_1,O011973,P112,1,0,1594.57,1059.45,0.0
I011974_1,O011974,P108,2,0,1077.3,757.54,0.0
I011974_2,O011974,P093,1,0,1040.7,614.67,0.1
I011975_1,O011975,P059,1,0,2701.1,2284.02,0.05
I011976_1,O011976,P029,3,0,2945.51,2642.14,0.1
I011976_2,O011976,P102,2,0,3488.41,2068.63,0.05
I011977_1,O011977,P095,1,0,3100.58,2194.24,0.3
I011978_1,O011978,P054,2,0,367.77,290.26,0.1
I011979_1,O011979,P101,2,0,434.8,290.92,0.0
I011979_2,O011979,P026,1,0,3364.79,2746.76,0.0
I011979_3,O011979,P072,1,0,1770.75,1369.26,0.1
I011980_1,O011980,P077,1,0,3424.26,2738.96,0.2
I011981_1,O011981,P010,1,0,771.93,468.72,0.05
I011981_2,O011981,P095,1,0,3210.65,2194.24,0.0
I011982_1,O011982,P002,1,0,2692.12,2136.38,0.0
I011983_1,O011983,P057,1,0,2602.94,1751.13,0.3
I011984_1,O011984,P006,1,0,2869.89,2483.13,0.1
I011985_1,O011985,P012,1,0,3588.96,2599.93,0.1
I011986_1,O011986,P106,1,0,2826.36,2402.81,0.05
I011986_2,O011986,P036,1,0,2779.04,2239.64,0.1
I011987_1,O011987,P095,1,0,3162.77,2194.24,0.1
I011987_2,O011987,P057,2,0,2950.9,1751.13,0.1
I011988_1,O011988,P070,2,0,3689.98,2889.93,0.05
I011989_1,O011989,P008,1,0,2959.55,2190.37,0.05
I011990_1,O011990,P075,1,0,917.81,632.05,0.2
I011991_1,O011991,P004,1,0,3270.96,2449.64,0.1
I011992_1,O011992,P098,1,0,329.2,210.13,0.0
I011993_1,O011993,P085,1,0,718.05,482.52,0.0
I011994_1,O011994,P071,1,0,1997.73,1171.43,0.2
I011995_1,O011995,P069,1,0,2996.74,2596.65,0.1
I011995_2,O011995,P004,1,0,3293.21,2449.64,0.1
I011996_1,O011996,P045,1,0,1582.26,1393.5,0.05
I011997_1,O011997,P063,1,1,2248.55,1328.53,0.0
I011997_2,O011997,P040,2,0,2132.05,1719.58,0.0
I011998_1,O011998,P022,2,0,1964.16,1361.4,0.2
I011999_1,O011999,P056,2,0,633.93,467.73,0.0
I011999_2,O011999,P055,1,0,1847.35,1250.56,0.1
I012000_1,O012000,P071,2,0,1964.78,1171.43,0.1
I012000_2,O012000,P115,1,1,2639.5,1821.73,0.1
